date,year,week,event,description,percentage
2020-02,2020,2,"Затрудняюсь ответить, нет ответа",[],52.0
2020-02,2020,2,Гибель украинского самолета над Ираном,"['«Катастрофа украинского лайнера в Иране»', '«сбитый пассажирский “Боинг“ над Тегераном»', '«украинский самолёт сбили ракетой иранцы»', '«Иран признал свое участие в крушении украинского “Боинга”»']",20.0
2020-02,2020,2,"Обмен ударами между США и Ираном, сложная ситуация на Ближнем Востоке","['«Иран, США, Сирия, Ливия – события там»', '«США уничтожили в Ираке иранского лидера»', '«Трамп напал на Иран и генерала приказал убить»', '«убили иранского генерала Сулеймани, Иран разгромил американские военные базы, которые в Ираке»', '«ответный удар Ирана по американским базам»']",17.0
2020-02,2020,2,Пожары в Австралии,"['«Австралия горит»', '«массовые пожары в Австралии»', '«горит Австралия – леса, бедные животные»']",3.0
2020-02,2020,2,"Празднование Нового года, Рождества","['«Новогодние праздники»', '«Рождество»', '«фестиваль в Рождество»', '«елка»', '«новогодняя площадь»']",2.0
2020-02,2020,2,Социальные проблемы россиян,"['«Цены растут»', '«размеры пенсий и заработной платы не соответствуют жизненным потребностям»', '«пенсионерам долго работать: пенсия поздно»', '«программы для многодетных семей, которые совершенно не работают, – ими воспользоваться невозможно»', '«собирают деньги на помощь больным детям через телевидение – позор для страны с бесплатным здравоохранением»']",2.0
2020-02,2020,2,Открытие «Турецкого потока»,"['«Трубопровод в Турцию»', '«поток газа через Турцию»', '«газопровод “Турецкий поток” открыли»', '«заработал “Турецкий поток”»']",2.0
2020-02,2020,2,"Встречи, поездки, действия В. Путина","['«Новогоднее поздравление Путина»', '«президент решает вопросы Ливии»', '«поездка Путина на Черное море»', '«пресс-конференция Путина»']",2.0
2020-02,2020,2,Работа властных структур,"['«Медведев выдвинул предложение: охранные организации передать в частное ведомство»', '«о росте НДФЛ»', '«очередные льготы для крупного бизнеса»', '«увеличили на предпринимателей налоги»', '«электронные трудовые книжки вводят»', '«депутат Милонов предлагает женщинам служить в армии»']",2.0
2020-02,2020,2,Другие события в России,"['«Смерть Андрея Павленко»', '«перестрелка в Перми»', '«снегопад в центральной России»', '«сиротам выдали ключи»']",2.0
2020-02,2020,2,"Предстоящее повышение зарплат, пенсий, пособий","['«Ожидание повышения зарплаты бюджетникам»', '«повышение зарплаты у бюджетников»', '«повышение детского пособия»', '«увеличение пособия до трёх лет»', '«нам пенсию добавили на 6,6%»']",1.0
2020-02,2020,2,События на Украине,"['«Стрельба на Украине»', '«с Украиной беседуют наши»', '«новогоднее обращение Зеленского»']",1.0
2020-02,2020,2,Спортивные события,"['«Хоккей, биатлон»', '«биатлон»', '«чемпионат мира по хоккею»', '«чемпионат по фигурному катанию»', '«молодежная команда хоккейная не заняла 1-е место на чемпионате мира»']",1.0
2020-02,2020,2,"Аварии, пожары","['«Автокатастрофа»', '«авария в Томске на Коларовском тракте»', '«в Ухте пожар»']",1.0
2020-02,2020,2,Учения Северного и Черноморского флотов в акватории Черного моря,"['«Учения наших моряков»', '«учения на Черном море»', '«военные учения в Черноморье»']",1.0
2020-02,2020,2,Другие события в мире,"['«Напряжение в мире»', '«сближение президентов против развязывания войны»', '«в Абхазии события»', '«крушение самолета в Казахстане»', '«вирус неизвестный в Китае»']",1.0
2020-03,2020,3,"Затрудняюсь ответить, нет ответа",[],40.0
2020-03,2020,3,Послание В. Путина Федеральному собранию,"['Послание Путина Федеральному собранию', 'отчет Путина Федеральному собранию', 'послание путинское революционное', 'Путин придумал изменить Конституцию', 'прослушала Путина полностью и поддерживаю все, что он сказал', 'Путин выступал, отчитывался, маткапитал повышен. Пособия до 7 лет', 'выступление Путина 15 числа, забота о детях']",26.0
2020-03,2020,3,"Отставка правительства, назначение М. Мишустина новым премьер-министром","['Кабинет министров убрали', 'неожиданная смена премьер-министра', 'отставка правительства, слава тебе, господи!', 'утверждение премьер-министра сегодня в Думе', 'избрание Мишустина', 'Медведева перевели – жаль, что не выкинули совсем']",26.0
2020-03,2020,3,"Обмен ударами между США и Ираном, сложная ситуация на Ближнем Востоке","['Американцы генерала в Иране взорвали', 'убийство Сулеймани', 'Иран и США – обострение отношений', 'иранские новости, Ближний Восток']",4.0
2020-03,2020,3,Гибель украинского самолета над Ираном,"['Сбитый украинский “Боинг” над Ираном', '“Боинг” подстрелили', 'Иран признал, что он сбил украинский самолет, а украинцы уже хотели приписать нас туда']",4.0
2020-03,2020,3,"Повышение зарплат, пенсий","['Повышение зарплаты', 'добавка к пенсии', 'индексация пенсий']",1.0
2020-03,2020,3,Пожары в Австралии,"['Австралия горит', 'Австралия, пожары']",1.0
2020-03,2020,3,Социальные проблемы россиян,"['Скажу коротко: пенсию не повышают, коммуналка растет, денег не хватает', 'о повышении цен в разных сферах жизни', 'гречка и хлеб подорожали', 'все налоги повышают да новые добавляют']",1.0
2020-03,2020,3,Работа властных структур,"['Принятие закона о защите животных', 'закон о насилии', 'ПДД без площадки']",1.0
2020-03,2020,3,Спортивные события,"['Баскетбол', 'бокс', 'смотрю биатлон', 'хоккейная команда “Сибирь” выиграла']",1.0
2020-03,2020,3,События на Украине,"['Про Украину', 'конфликт с Украиной', 'события на Украине', 'Украина, переписывание истории']",1.0
2020-03,2020,3,Другие события в России,"['Рождество. Крещение', 'строительство ЦБК', 'взрыв в Уфе', 'вырубка леса в Сузунском районе', 'забастовки', 'коррупция замначальника таможни, у которого нашли 17 тонн золота и 30 миллионов']",1.0
2020-03,2020,3,Другие события в мире,"['Позиция польского парламента по поводу освобождения Польши. Они приравняли Россию к фашистской Германии, возложили вину', 'США объявили о гиперзвуковом оружии', 'сделка США с Китаем', 'китайские эпидемии']",1.0
2020-04,2020,4,"Затрудняюсь ответить, нет ответа",[],39.0
2020-04,2020,4,"Отставка правительства, назначение М. Мишустина новым премьер-министром","['Правительство разогнали', 'выборы нового премьера и министров', 'формирование правительства', 'поменяли местами правительство', 'новое правительство назначили и не посадили прошлое']",23.0
2020-04,2020,4,Послание В. Путина Федеральному собранию,"['Послание президента', 'то, что предложил Путин', 'новые предложения Путина в социальной сфере', 'материнский капитал ввели за первого ребенка', 'Путин внес предложение выплачивать пособия на детей от 3 до 7 лет', 'Путин выступил, нам понравилось']",17.0
2020-04,2020,4,Эпидемия короновируса в Китае,"['В Китае новый короновирус', 'вирус из Китая', 'зараза в Китае', 'Китай – инфекция']",13.0
2020-04,2020,4,Предстоящие изменения в Конституции,"['Ну, разумеется, в Конституцию поправки', 'о том, что собираются менять Конституцию', 'преобразование Конституции', 'что Конституцию будут менять']",3.0
2020-04,2020,4,"Мероприятия, посвященные памяти жертвам фашизма","['Израиль, форум против геноцида', 'Путин посещал в Израиле мероприятия, посвященные Холокосту', 'годовщина прорыва блокады', 'открытие памятника в Израиле жертвам блокады']",3.0
2020-04,2020,4,Напряженная обстановка на Ближнем Востоке,"['Везде война в Сирии', 'убийство иранского генерала', 'атака Ирана на базу США в Ираке', 'в Сирии все бомбят, обстановка в Иране, Ираке']",2.0
2020-04,2020,4,"Аварии, несчастные случаи","['Бытовые аварии', 'много автомобильных аварий', 'в Перми прорыв теплосетей', 'катастрофа: “Сапсан” сбил человека', 'женщина упала с девятого этажа, осталась жива']",1.0
2020-04,2020,4,Работа властных структур,"['Самоотвод губернатора Решетникова', 'отставка губернатора', 'выступление Жириновского: не платить за электроэнергию']",1.0
2020-04,2020,4,Повышение пенсий,"['Индексация пенсии', 'пенсионерам обещают добавку']",1.0
2020-04,2020,4,Землетрясение в Турции,"['В Турции землетрясение', 'землетрясение в Турции']",1.0
2020-04,2020,4,Гибель украинского самолета над Ираном,"['Гибель самолета в Иране', 'самолет в Иране сбили']",1.0
2020-04,2020,4,События на Украине,"['Украина начинает отношения с Россией', 'с Украиной ладить начали', 'свинство президента Украины']",1.0
2020-04,2020,4,Спортивные события,"['Фигурное катание, победа наших спортсменов', 'победа в лыжных гонках', 'смотрю КХЛ', 'чемпионат по биатлону']",1.0
2020-04,2020,4,Криминальные события,"['Много убийств', 'избили учительницу в Москве ученики', 'начали расследовать дело об убийстве молодого человека, которого зарезали']",1.0
2020-04,2020,4,"Рост цен, тарифов","['Повышение коммунальных услуг', 'повышение цен на продукты и ЖКХ', 'табак повышают на 25 процентов']",1.0
2020-04,2020,4,Другие события в России,"['Кизляр, эпидемия из-за воды', 'митинг в Ревде по вопросу сноса памятника', 'снега много выпало', 'высказывания против Алены Водонаевой']",1.0
2020-04,2020,4,Другие события в мире,"['Английская королева подписала документ о выходе из “Брексита”', 'обратные интерпретации Великой Отечественной войны', 'наладились отношения с Белоруссией по поводу газа', 'горят леса в Австралии']",1.0
2020-05,2020,5,"Эпидемия коронавируса в Китае, защитные меры в России против распространения заболевания","['«В Китае пошла какая-то болезнь, вирус какой-то»', '«про Китай – люди умирают от болезни»', '«в Китае за неделю построили больницу для больных коронавирусом»', '«на основных федеральных каналах тема коронавируса – номер один»', '«закрытие границ с Китаем из-за вируса»', '«коронавирус и методы борьбы, чтобы не пустить в Россию»']",41.0
2020-05,2020,5,"Затрудняюсь ответить, нет ответа",[],36.0
2020-05,2020,5,Смена правительства,"['«Перемена правительства»', '«правительство ушло в отставку»', '«убежало правительство»', '«смена правительства, и остались все те же люди при власти»']",10.0
2020-05,2020,5,Предстоящие изменения в социальной политике,"['«Выступление Путина о повышении социальных выплат»', '«выплаты материнского капитала на первого ребенка, увеличение выплат матерям детей до 7 лет»', '«за первого ребенка дали маткапитал»', '«доплата детям»', '«питание в школе»', '«учителям повысят зарплату и 5 тысяч рублей добавят за классное руководство»']",3.0
2020-05,2020,5,Предстоящее изменение Конституции,"['«Изменения в Конституции»', '«новости про Конституцию»', '«обновления в Конституции»', '«обсуждение изменений в Конституции»', '«поправки к Конституции»']",2.0
2020-05,2020,5,Послание В. Путина Федеральному собранию,"['«Обращение к Федеральному собранию»', '«послание президента»', '«речь Путина»']",2.0
2020-05,2020,5,События на Украине,"['«На Украине»', '«на Украине возбудили уголовное дело против Порошенко»', '«похороны эсэсовца в Украине»']",2.0
2020-05,2020,5,"Аварии, несчастные случаи","['«В Петербурге обрушилась крыша спортивно-концертного комплекса»', '«аварии, ДТП по местным каналам»', '«в Перми авария ЖКХ, подвальное помещение, погибли люди»', '«прорвало трубы в гостинице»']",2.0
2020-05,2020,5,"Рост цен, тарифов, снижение величины прожиточного минимума","['«В Москве подорожал проезд в общественном транспорте»', '«повышение цен, штрафов»', '«рост цен на услуги ЖКХ»', '«понижение минимального прожиточного минимума»', '«прожиточный минимум снизили на тысячу»']",1.0
2020-05,2020,5,Напряженная обстановка на Ближнем Востоке,"['«Вокруг Ирана»', '«ситуация с Палестиной, Йемен»', '«Сирия»', '«США исключили скорый вывод войск из Сирии»', '«то, что США убили в Иране главаря военного и чуть не произошла война»']",1.0
2020-05,2020,5,Работа властных структур,"['«Путин помиловал израильтянку Нааму Иссахар»', '«совещание в Красногорске про муниципальные власти»', '«отказ Кадырова Рамзана от поста»', '«переход на электронные трудовые книжки»', '«вступили в силу новые правила увольнения»', '«в Чувашии глава администрации издевался над майором»']",1.0
2020-05,2020,5,"Повышение зарплат, пенсий","['«Увеличение зарплаты»', '«силовикам повысили зарплату»', '«добавка к пенсии»', '«на тысячу пенсию добавили»']",1.0
2020-05,2020,5,"Мероприятия в Израиле, посвященные памяти жертв фашизма","['«Встреча по случаю освобождения Освенцима»', '«поездка Путина в Израиль, празднование снятия блокады Ленинграда»', '«в память о Холокосте открытие стелы блокадникам»', '«открытие памятника в Израиле»']",1.0
2020-05,2020,5,Криминальные события,"['«Завели уголовные дела на сотрудников полиции»', '«в Шереметьево отец бросил двух малолетних детей»', '«как мальчик избил учителя»']",1.0
2020-05,2020,5,Брексит,"['«Брексит в Лондоне»', '«Британия вышла из Евросоюза»', '«выход Великобритании из Евросоюза»']",1.0
2020-05,2020,5,Другие события в России,"['«Выступление главы православной церкви о семье»', '«названа зарплата Медведева на новой должности»', '«митинг на Урале»', '«рост акций “Детского мира” и “Магнита”»']",1.0
2020-05,2020,5,Другие события в мире,"['«Насильственные действия против мусульман в Китае»', '«о пожаре в Австралии»', '«погиб Коби Брайант»']",1.0
2020-06,2020,6,"Затрудняюсь ответить, нет ответа",[],46.0
2020-06,2020,6,Эпидемия коронавируса в Китае,"['«Болезнь в Китае»', '«коронавирус, люди заражаются и гибнут»', '«инфекция – коронавирус»', '«смертельный грипп – вирус»', '«коронавирус, паника среди людей»', '«коронавирус. Мне кажется, что вранье, что нет заболеваемости у нас»']",40.0
2020-06,2020,6,Смена правительства,"['«Замена правительства»', '«Мишустин. Ничего по сути не поменялось»', '«министр образования новый»', '«паника от последствий смены правительства»', '«работа нового правительства»']",3.0
2020-06,2020,6,Предстоящие изменения в социальной политике,"['«Будут платить за детей до 7 лет»', '«деньги за первого и второго ребенка»', '«повышение размера пособий на детей»', '«материнский капитал»', '«Путин даст деньги на первого»']",2.0
2020-06,2020,6,Предстоящие изменения в политическом устройстве по Конституции,"['«Изменения в Конституции»', '«поправки к Конституции»', '«обсуждение поправок в Конституцию»', '«игры с нашей Конституцией»']",2.0
2020-06,2020,6,Работа властных структур,"['«Заседание Совбеза и правительства»', '«совет по вопросам образования»', '«главу Чувашии сместили»', '«бесплатные лекарства одобрили»', '«запрет весенней охоты на водоплавающую дичь»']",2.0
2020-06,2020,6,"Напряженная обстановка в Ливии, на Ближнем Востоке","['«Ливия»', '«вывезли детей из Сирии»', '«падение самолета Украины»', '«отношения Ирана и США»', '«события в Иране»']",1.0
2020-06,2020,6,"Встречи, поездки, выступления В. Путина","['«Обращение Путина к Федеральному собранию»', '«Путин в Череповец приезжал»', '«выступления президента и решения, принятые им»', '«Путин о Трампе»']",1.0
2020-06,2020,6,"Аварии, несчастные случаи","['«Авария на дороге с летальным исходом в Тушино»', '«Хайруллин погиб в аварии вертолета»', '«обрушение спортивного комплекса и гибель рабочего»', '«мальчик пропал в Смоленской области»']",1.0
2020-06,2020,6,"Криминальные события, их последствия","['«Орудует маньяк в Южном микрорайоне Хабаровска»', '«убийство педофила в Уфе»', '«человеку дали 15 лет за то, что он убил педофила»']",1.0
2020-06,2020,6,Встреча В. Путина и А. Лукашенко в Сочи,"['«Переговоры Путина и Лукашенко»', '«в Сочи встреча Путина с Лукашенко»', '«Путин с Лукашенко играли в хоккей в Сочи»', '«Лукашенко выпрашивал на нефть скидку»']",1.0
2020-06,2020,6,События на Украине,"['«Тревожное в Украине»', '«про Украину: президент ведет себя неадекватно»', '«на Украине землю делят»', '«до безобразия гипертрофированное обсуждение проблем Украины»']",1.0
2020-06,2020,6,"Рост цен, тарифов, социальные проблемы","['«Налоги повышают»', '«повышение тарифов»', '«повышение цен на овощи»', '«инвалидам не помогают»', '«медицина для ОМС, а не для людей»']",1.0
2020-06,2020,6,"Вспышка гриппа и ОРВИ в России, закрытие школ на карантин","['«Вспышка гриппа»', '«вирус, в Иваново школы все закрыли, эпидемия»', '«закрытие школ на карантин в Челябинске и Кургане»']",1.0
2020-06,2020,6,"Повышение выплат, уровня жизни","['«Повышение уровня жизни»', '«повышение пенсии»', '«прибавка к пенсии»']",1.0
2020-06,2020,6,Другие события в России,"['«Выставка Дали»', '«фигурное катание»', '«проверка аптек»', '«закрытие разрезов, предприятий в Кузбассе»', '«нашествие волков в области»']",1.0
2020-06,2020,6,Другие события в мире,"['«Белоруссия теперь нефть будет покупать у Америки»', '«бойня в Казахстане межнациональная»', '«массовая стрельба в Таиланде»', '«смерть Коби Брайанта»']",1.0
2020-07,2020,7,"Затрудняюсь ответить, нет ответа",[],52.0
2020-07,2020,7,Эпидемия коронавируса в Китае,"['«Про коронавирус, борьба с ним»', '«Китай – грипп окаянный или пневмония»', '«тестирование вакцины против коронавируса»', '«лайнер в Японии задержан на карантин»', '«коронавирус – что треть населения заболеет»', '«коронавирус – бактериологическая война»']",28.0
2020-07,2020,7,Обсуждение поправок в Конституцию,"['«Вопросы, касающиеся поправок в Конституцию»', '«про Конституцию, обсуждение, что можно добавить»', '«перемены в Конституции»', '«поправки в Конституцию обсуждаются, но не в пользу народа»']",3.0
2020-07,2020,7,Смена правительства,"['«Кабинет министров сменился»', '«перевыборы правительства»', '«реформы в правительстве»']",3.0
2020-07,2020,7,Предстоящие изменения в социальной политике,"['«Выплаты будут детям от Путина»', '«деньги дают за первого ребенка»', '«детские пособия для детей до 7 лет обещали ввести»', '«для семей программы путинские»', '«материнский капитал подняли»']",3.0
2020-07,2020,7,"Напряженная обстановка в Сирии, Ливии, на Ближнем Востоке","['«Война в Сирии»', '«наша военные в Сирии»', '«Сирию Израиль бомбит»', '«события в Ливии»', '«упал украинский самолет»']",2.0
2020-07,2020,7,Работа властных структур,"['«Покупка Сбербанка правительством»', '«приезд министра здравоохранения в Новгород»', '«выпущен указ о поступлении импортных ле- карств»', '«налоги хотят отслеживать»', '«нововведение по техническому обслуживанию на автомашины»']",2.0
2020-07,2020,7,Обострение отношений между Россией и Турцией,"['«Доверились Турции, а Турция нас подставит в любой момент»', '«турки на нас бочки катят»', '«угроза нашему послу в Турции»']",1.0
2020-07,2020,7,События на Украине,"['«Про Украину»', '«Украина, Зеленский и все, что с этим связано»', '«Украина трогает Донбасс»']",1.0
2020-07,2020,7,"Криминальные события, их последствия","['«Пензенское дело»', '«застрелился какой-то полковник в суде в Москве»', '«в Уфе осуждают педофила»', '«убийца педофила»', '«убили чело- века возле ТЭЦ в Тюмени»']",1.0
2020-07,2020,7,"Вспышка гриппа и ОРВИ в России, закрытие школ на карантин","['«Грипп»', '«эпидемия гриппа»', '«карантин»', '«карантин во всех школах города от гриппа»']",1.0
2020-07,2020,7,"Аварии, несчастные случаи","['«Авария под Тамбовом»', '«много аварий в Кемерово»', '«в бассейне утонула женщина»', '«сбили женщину в Серпове»']",1.0
2020-07,2020,7,Спортивные события,"['«Новости спорта»', '«бега лыжные»', '«биатлон, плохо наши стреляют»', '«лишили медалей олимпийцев после Олимпиады в Сочи»', '«бой Хабиба будет»']",1.0
2020-07,2020,7,"Повышение пенсий, выплат","['«В феврале добавили очень небольшие деньги пенсионерам»', '«пенсионные добавки»', '«повышение пенсий»', '«теперь платят празднич- ные и ночные в детском саду»']",1.0
2020-07,2020,7,"Встречи, поездки В. Путина","['«Путин постоянно проводит какие-то совещания»', '«Путин старается для государства, много работает, везде успевает»', '«с белорусским Лукашенко встречался Путин»']",1.0
2020-07,2020,7,Социальные проблемы,"['«Жизнь народа ниже плинтуса»', '«работу не найти»', '«подняли налоги»', '«скоро на пенсию, а буду получать минимум»']",1.0
2020-07,2020,7,Отношения между Россией и США,"['«США гадости на Россию говорят»', '«освободили американцы от фашистов Россию, переделывают историю»']",1.0
2020-07,2020,7,Другие события в России,"['«День влюбленных»', '«религиозный праздник – Сретенье»', '«расширяют парковки»', '«в Череповце скульптуры изо льда»']",1.0
2020-07,2020,7,Другие события в мире,"['«Беларусь согласилось с мировыми ценами на нефть»', '«напряжение обстановки на постсоветском пространстве, например с Белорус- сией»', '«расстрел в Таиланде»', '«в Австралии очень много пожаров»']",1.0
2020-08,2020,8,"Затрудняюсь ответить, нет ответа",[],51.0
2020-08,2020,8,Эпидемия коронавируса,"['«Китай болеет»', '«коронавирус, жалко китайцев»', '«закрыли границу с Китаем»', '«коронавирус распространяется в другие страны»', '«распространение короновируса в мире, появление случаев повторных заражений коронавирусом»', '«коронавирус, потому что у нас халатно к этому относятся»']",26.0
2020-08,2020,8,События на Украине,"['«Война на Украине»', '«Украина – бои начались»', '«украинцы закидывают своих же приезжающих из Китая камнями»']",4.0
2020-08,2020,8,Обсуждение поправок в Конституцию,"['«Конституцию менять собираются»', '«запущенная конституционная реформа»', '«голосование по поводу поправок в Конституцию»', '«сообщение СМИ о том, что голосование за поправки в Конституцию будет пакетным»', '«изменение Конституции, я против»']",3.0
2020-08,2020,8,"Напряженная обстановка в Сирии, Ливии, на Ближнем Востоке","['«Ближний Восток»', '«в Сирии ситуация»', '«гибель сотрудников центра спецназначения в Сирии»', '«Ливия с Сирией»', '«Америка и Иран»']",3.0
2020-08,2020,8,Работа властных структур,"['«Государство выкупает акции у ""Сбербанка""»', '«Игнатьева сняли с должности»', '«министр посещал школу»', '«министерство здравоохранения объявило, что нет бюджетных денег на закупку лекарств»', '«приезд губернатора»']",2.0
2020-08,2020,8,"Поездки, действия В. Путина","['«Визит Путина в Санкт-Петербург»', '«вопросы и ответы Путина»', '«Путин и его мероприятия»', '«Путин, что-то было»']",2.0
2020-08,2020,8,Смена правительства,"['«Замена правительства»', '«отставка правительства»', '«новое правительство России»']",2.0
2020-08,2020,8,Социальные проблемы,"['«Повышение цен, в том числе на вывоз мусора, зарплата не повышается»', '«про то, что подорожали продукты, подорожали бензин, ЖКХ»', '«налог повысили»', '«уровень жизни низкий»']",2.0
2020-08,2020,8,Предстоящие изменения в социальной политике,"['«Бесплатное питание детям в школах, выплаты за первого ребенка»', '«за первого ребенка обещают капитал»', '«материнский капитал увеличили»', '«детские пособия до семи лет»', '«повышение маткапитала, за классное руководство»']",2.0
2020-08,2020,8,Спортивные события,"['«Биатлон смотрю»', '«в биатлоне наших спортсменов лишили медалей за Сочи-2014»', '«Логинов взял золото в биатлоне»', '«соревнования по футболу»', '«спорт – футбол и хоккей»']",2.0
2020-08,2020,8,Обострение отношений между Россией и Турцией из-за ситуации в Сирии,"['«Отношения Турции и России»', '«разногласия между Россией и Турцией»', '«Сирия, Турция – конфликт»', '«Эрдоган, президент Турции, ведет двойную политику в Сирии: события в Идлибе»', '«как Россия разрулит вопрос с Эрдоганом»']",1.0
2020-08,2020,8,"Криминальные события, их последствия","['«Застрелился в зале суда»', '«Керчь, мальчики хотели взорвать школу»', '«по интернету мне прислали информацию, как мать избила своего ребенка»']",1.0
2020-08,2020,8,"Аварии, несчастные случаи","['«Катастрофы»', '«в Атамановке кто-то сгорел»', '«человека поездом сбило на Элеваторной»']",1.0
2020-08,2020,8,"Вспышка гриппа и ОРВИ в России, закрытие школ на карантин","['«Грипп»', '«школы на карантине»', '«снятие карантина»']",1.0
2020-08,2020,8,Суд по делу «Сети»,"['«Дело ""Сети""»', '«суд над ребятами из Пензы – ""Сеть""»']",1.0
2020-08,2020,8,"Повышение зарплат, пенсий, выплат","['«Повышение зарплат»', '«индексация пенсий»', '«я слышала, что индексируют социальную пенсию»', '«социальные выплаты нищим, одиноким»']",1.0
2020-08,2020,8,"Катаклизмы, природные явления","['«Катаклизмы, аномалия с погодой»', '«наводнения»', '«погода в Иркутской области и Ленинградской области»']",1.0
2020-08,2020,8,Другие события в России,"['«Присвоение звания генерала, это возмутило»', '«новые дороги в моем городе»', '«праздник черемши»']",1.0
2020-08,2020,8,Другие события в мире,"['«Решение арбитражного суда по делу о незаконном отъеме ЮКОСа в пользу государства»', '«скандал с Павленским во Франции»', '«ситуация в Новой Гвинее»']",1.0
2020-09,2020,9,"Затрудняюсь ответить, нет ответа",[],50.0
2020-09,2020,9,Эпидемия коронавируса,"['«Коронавирусная инфекция»', '«коронавирус, его распространение»', '«болезнь в Китае»', '«болеют за границей вирусом»', '«болезнь корона- вирус в России»', '«коронавирус сейчас самое интересное»', '«коронавирус ожидаю. Только не пойму: то ли на самом деле или раздули в СМИ?»']",30.0
2020-09,2020,9,"Военные действия в Сирии, напряженная обстановка на Ближнем Востоке","['«Ближний Восток»', '«бойня в Сирии»', '«про Сирию: Турция с Сирией воевать начала»', '«Турция в Сирии помогает радикалам»', '«Турция: война на сирийской территории»']",5.0
2020-09,2020,9,"Обсуждение поправок в Конституцию, назначение дня проведения голосования","['«Дополнения к Конституции»', '«изменение Конституции, внесение поправок»', '«обсуждение Конституции»', '«голосование по поправкам в Конституцию»', '«22 апреля состоится референдум»']",4.0
2020-09,2020,9,Обострение отношений между Россией и Турцией из-за ситуации в Сирии,"['«Отношения с Турцией»', '«конфликт России с Турцией»', '«противостояние России и Турции в сирийском Идлибе»', '«наши беспилотники в Турции»', '«я вроде слышала, что Турция собирается напасть на Россию»']",2.0
2020-09,2020,9,События на Украине,"['«Про Украину больше интересует»', '«ситуация на Украине»', '«когда на Украине хотели жечь автобусы»', '«отказ Зеленского от празднова- ния Дня Победы»']",2.0
2020-09,2020,9,Предстоящие изменения в социальной политике,"['«Денежные пособия на детей»', '«соцдоплата на детей»', '«детей бесплатно кормить с 1-го по 4-й класс»', '«материнский капитал за перво- го, за второго повысили»', '«новые законы о материнском капитале, о пособиях»', '«соцдобавки пенсионерам»']",2.0
2020-09,2020,9,Другие события в России,"['«Суд над ""Сетью""»', '«акции протеста»', '«смерть Дмитрия Язова»', '«Красноярск стал самым грязным городом в мире»', '«икона в Сочи, кото- рую выбросило на берег»', '«много свадеб»']",2.0
2020-09,2020,9,Работа властных структур,"['«Мишустин хочет снизить ипотеку»', '«новый закон в ГАИ»', '«Хабиров посещал медучреждения»', '«только хвастаются власти, а ничего не делается»']",1.0
2020-09,2020,9,Социальные проблемы,"['«Плохо живут люди»', '«как прожить на 10 тысяч?»', '«подорожали продукты»', '«плохая медицина: не могут поставить диагноз год»', '«про детские сказали, что прибавили: итог – на 100 рублей»']",1.0
2020-09,2020,9,"Аварии, несчастные случаи","['«Авария в Крылово»', '«в Самаре трамвай сошел с рельсов»', '«ДТП в Иркутске: машину на части разорвало»', '«в Сочи детей унесло в море»']",1.0
2020-09,2020,9,Спортивные события,"['«Про спорт»', '«спорт – биатлон»', '«скандал с биатлонистами»', '«вольная борьба: победа»', '«чемпионат мира по фристайлу»']",1.0
2020-09,2020,9,"Встречи, выступления В. Путина","['«""20 вопросов Путину""»', '«Путин на вопросы отвечал»', '«что интересное рассказывал Путин»']",1.0
2020-09,2020,9,Смена правительства,"['«Смена правительства страны»', '«новое правительство»', '«назначение Мишустина»', '«назначение нового премьер-министра»']",1.0
2020-09,2020,9,Праздники,"['«23 февраля»', '«Масленица»', '«начало поста»']",1.0
2020-09,2020,9,Криминальные события,"['«Мальчики в школе в Саратове планировали пострелять своих сверстников»', '«про маньяка»', '«убийство»']",1.0
2020-09,2020,9,Другие события в мире,"['«Продажа золота в Англию»', '«продажа нашей земли китайцам»', '«события в Казахстане»']",1.0
2020-10,2020,10,"Затрудняюсь ответить, нет ответа",[],50.0
2020-10,2020,10,Эпидемия коронавируса,"['«За коронавирусом следили»', '«вирус из Китая»', '«коронавирус уже гуляет по Европе и в Белоруссии»', '«коронавирус задолбал искусственно созданный»']",33.0
2020-10,2020,10,"Российско-турецкие отношения, встреча В. Путина с В. Эрдоганом по вопросу о ситуации в Сирии","['«Какие-то терки с Турцией»', '«обострение отношений с Турцией»', '«проблемы с Турцией»', '«встреча Путина с турецким лидером»', '«переговоры Эрдогана с Путиным»', '«Эрдоган приехал сдаваться на милость к Путину»']",6.0
2020-10,2020,10,"Обсуждение поправок в Конституцию, назначение дня проведения голосования","['«Конституция, поправки»', '«насчет Конституции»', '«изменение Конституции, которое уже напечатано»', '«вмешательство в Конституцию»', '«голосование по Конституции»']",4.0
2020-10,2020,10,Военные действия в Сирии,"['«Активность в Сирии»', '«в Сирии что-то»', '«война в Сирии»', '«обстановка в Сирии»']",3.0
2020-10,2020,10,"Аварии, несчастные случаи","['«ДТП в основном»', '«самолет почти разбился, но сделал аварийную посадку»', '«что у нас в Самаре трамвай упал»', '«мальчишки утонули в волнах в Лазаревском»']",2.0
2020-10,2020,10,События на Украине,"['«Последние события на Украине»', '«про Украину»', '«Украина людей не принимала из-за вируса»']",2.0
2020-10,2020,10,"Поездки, выступления В. Путина","['«Все время Путина слушаем»', '«""20 вопросов Путину""»', '«беседа Путина с журналистом»', '«Путин обещает что-то»', '«Путин вчера приезжал в Иваново»']",1.0
2020-10,2020,10,Предстоящие изменения в социальной политике,"['«Бесплатное питание в школе»', '«декретные продлят до семи лет»', '«за первого ребенка стали давать маткапитал»', '«повышение выплаты за первенца»']",1.0
2020-10,2020,10,Спортивные события,"['«Биатлон»', '«биатлонистов оправдали»', '«футбол, чемпионат России»', '«""Спартак"" выиграл»', '«наши барнаульские хоккеисты вышли в полуфинал»']",1.0
2020-10,2020,10,"Рост цен, снижение курса рубля","['«Рост цен»', '«повышение цен на хлеб»', '«цены на бензин»', '«повышение курса доллара»']",1.0
2020-10,2020,10,Работа властных структур,"['«Мишустин вместо Медведева работает, это мне нравится»', '«выступление Сергея Иванова»', '«что работающим пенсионерам не будут индексировать пенсию»', '«налог на собак»']",1.0
2020-10,2020,10,Праздники,"['«8 Марта»', '«Масленица»', '«подготовка к праздникам»']",1.0
2020-10,2020,10,"Повышение пенсий, дополнительные выплаты","['«Пенсионерам добавка будет»', '«что в апреле пенсию добавят»', '«участники войны по 50 тысяч получат, а кто воевал – 75 тысяч»']",1.0
2020-10,2020,10,Другие события в России,"['«Открытие парка в Москве»', '«в Удмуртии выдаются деньги на бизнес»', '«подростки, организовывавшие теракт, то есть хотели организовать»', '«убили младенца»']",1.0
2020-10,2020,10,Другие события в мире,"['«Падение цен на нефть»', '«БМВ сменил логотип»', '«споры между арабскими странами»']",
2020-11,2020,11,Эпидемия коронавируса,"['«Эпидемия коронавируса»', '«коронавирус, пандемия»', '«болезнь страшная, коронавирус»', '«угроза заболевания коронавирусом»', '«коронавирус, страх болезни»', '«вирус этот. Что-то боюсь, что до нас дойдет»', '«коронавирус: везде будут карантины»', '«коронавирус и меры предосторожности для общепита, ужесточение САНПИНов»', '«коронавирус в Италии: больше 1000 погибло людей»', '«коронавирус, Америку закрыли от вируса»', '«коронавирус, распространен в России»', '«коронавирус на Кубани»', '«в Питере обнаружили вирус»', '«первый случай коронавируса в Кирове»']",43.0
2020-11,2020,11,"Затрудняюсь ответить, нет ответа",[],39.0
2020-11,2020,11,"Обсуждение поправок в Конституцию, назначение дня проведения голосования","['«Реформа Конституции»', '«Госдума приняла изменения Конституции»', '«Конституция и ее поправки»', '«добавки в Конституцию»', '«изменения и дополнения в Конституцию»', '«новая Конституция»', '«голосование за Конституцию»', '«голосование 22 апреля»']",10.0
2020-11,2020,11,"Снижение курса рубля, рост цен","['«Падение курса нашей валюты»', '«снижение курса рубля»', '«рубль упал»', '«чёрный понедельник: упал рубль»', '«доллар вырос»', '«растёт доллар, и вырастут цены»', '«доллар существенно подскочил, и цены начали поднимать»', '«доллар поднялся, и цены скаканули»', '«обвал курса рубля»', '«доллар повысился до 75 рублей»']",5.0
2020-11,2020,11,Поправка Терешковой о президентских сроках,"['«Выступление Терешковой»', '«нечто непонятное от Валентины Терешковой»', '«о сроке Путина»', '«о продлении президентского срока»', '«обнуление срока президента»', '«перевыборы президента»', '«продлят срок Путину»', '«выдвижение Путина на новый срок»', '«Путин продлевает свой срок службы до 2036»', '«Терешкова то сказала, что ей подсунули»']",4.0
2020-11,2020,11,Падение цен на нефть,"['«Нефть снизилась»', '«нефть подешевела»', '«падение котировок нефти»', '«дешевая нефть»', '«цена на нефть снизилась»']",3.0
2020-11,2020,11,"Поездки, выступления В. Путина","['«Работа Путина»', '«выступление Путина»', '«Путин разговаривает с Мишустиным»', '«ответы Путина на вопросы»', '«приезд Путина в Иваново»']",1.0
2020-11,2020,11,Работа властных структур,"['«Забота правительства о нашем здоровье»', '«реформы»', '«деятельность Мишустина»', '«приезд Мишустина»', '«штрафы на машину повысить хотят»']",1.0
2020-11,2020,11,"Повышение пенсий, дополнительные выплаты","['«Детские выплаты»', '«о детских пособиях»', '«повышение денег на ребенка от трех до семи лет»', '«материнский капитал»']",1.0
2020-11,2020,11,"Военные действия в Сирии, встреча В. Путина с Р. Эрдоганом по вопросу о ситуации в Сирии","['«Сирия»', '«конфликт с Сирией»', '«встреча Путина с Эрдоганом и события в Сирии»', '«переговоры Путина и Эрдогана»', '«беседа Путина с Эрдоганом»']",1.0
2020-11,2020,11,События на Украине,"['«Украина»', '«Украина бесит»', '«Донбасс»']",1.0
2020-11,2020,11,Спортивные события,"['«Спортивные»', '«полуфинальные игры чемпионата России»', '«отменили футбол»', '«отмена матча Лиги чемпионов»', '«единоборства отменили из-за коронавируса»', '«Емельяненко и Кадыров: бой должен быть, а его не было»']",1.0
2020-11,2020,11,Другие события в России,"['«О нищете России»', '«задолженность по заработной плате в Кузбассе, снижение поставки и добычи кузбасского угля»', '«8 Марта»', '«суд над Харви Вайнштейном»', '«Мистер студенчество – 2020»', '«погодные аномалии в Москве: сильный ветер»']",1.0
2020-11,2020,11,Другие события в мире,"['«Международный кризис»', '«обвал рынков»', '«отказ стран ОПЕК сохранить сделку»', '«увеличение добычи сырой нефти в Саудовской Аравии»', '«митинг во Франции»']",1.0
2020-12,2020,12,Пандемия коронавируса,"['«Эпидемия»', '«коронавирус в Европе и России»', '«вирус – паника»', '«закрытие границ»', '«карантины в школах»', '«отмена футбольных матчей – коронавирус»', '«скрытие инфо, что коронавирус распространился по России»']",55.0
2020-12,2020,12,"Затрудняюсь ответить, нет ответа",[],32.0
2020-12,2020,12,"Обсуждение поправок в Конституцию, назначение дня проведения голосования","['«Обсуждение поправок в Конституцию России»', '«Конституционный суд признал законными инициированные президентом поправки в Конституцию»', '«голосование за поправки в Конституцию»', '«поправки Конституции, все поправки делаются не в нашу пользу»', '«конституционный переворот»']",9.0
2020-12,2020,12,"Рост цен, снижение курса рубля","['«Рост доллара, падение рубля, рост цен на товары в России»', '«подъем доллара и падение рубля»', '«доллар растет»', '«повышение цен на все»', '«цены в магазинах»']",4.0
2020-12,2020,12,"Падение цен на нефть, обвал фондовых рынков","['«Нефть – падение»', '«падение нефти»', '«нефтяные котировки»', '«падение фондового рынка»', '«обвал рынка»', '«срыв сделки с ОПЕК»', '«Саудовская Аравия – ситуация с нефтью»']",3.0
2020-12,2020,12,"Поездки, выступления В. Путина","['«""20 вопросов Путину""»', '«диалог Путина с корреспондентом»', '«поездка Путина в Крым»', '«Путин приезжал в Иваново»']",1.0
2020-12,2020,12,Работа властных структур,"['«Мусорная реформа»', '«национальные проекты»']",1.0
2020-12,2020,12,События на Украине,"['«Обстановка на Украине»', '«продолжение военных действий на Донбассе»', '«Украина»']",1.0
2020-12,2020,12,Дефицит продуктов,"['«Ажиотаж подняли, в магазинах крупу скупают»', '«отсутствие крупы и муки в магазинах»', '«почему-то в магазинах расхватывают продукты»', '«в городе нет стерильных масок в аптеках»']",1.0
2020-12,2020,12,Военные действия в Сирии,"['«Сирия – конфликт»', '«положение в Сирии»', '«Сирия»']",1.0
2020-12,2020,12,Предстоящие изменения в социальной политике,"['«Изменения в маткапитале»', '«материнский капитал за второго ребенка повышается, и будут платить пособия на детей с трех до семи лет»', '«президентские детские»', '«питание в школах»']",1.0
2020-12,2020,12,Другие события в России,"['«Военные учения в Воронеже»', '«Орловский форум»', '«попытка рейдерского захвата совхоза им. Ленина, председатель Грудинин»', '«пожары, сгорели дети в нашем городе»', '«уменьшение популяции желтобрюхих лягушек в Южном Зауралье»']",1.0
2020-12,2020,12,Другие события в мире,"['«В Америке и Англии хорошие выплаты, пособия»', '«с Турцией договорились по-мирному»']",0.5
2020-13,2020,13,Пандемия коронавируса,"['«Коронавирус: о нем больше всего разговоров по телевидению и интернету»', '«одно событие – эпидемия коронавируса»', '«это коронавирус: кругом по Европе и везде борьба с ним»', '«уровень заболеваемости коронавирусом в России и в мире в целом»', '«неправильная оценка ситуации о коронавирусе, искусственное создание паники телеканалами новостей»', '«психоз нагнетается из-за коронавируса»']",68.0
2020-13,2020,13,"Затрудняюсь ответить, нет ответа",[],16.0
2020-13,2020,13,"Карантин, нерабочая неделя, другие ограничительные меры в России в связи с коронавирусом","['«Ограничительные меры в связи с коронавирусом»', '«необходимость перейти на работу дома»', '«сидим на карантине»', '«нерабочая неделя»', '«люди работать не будут, стараемся дома сидеть»', '«рабочим пенсионерам отменили льготный проезд»', '«нельзя выходить пенсионерам, маму мою задержали в автобусе»', '«закрытие курортов и всех развлечений»', '«то, что закрывают города»']",12.0
2020-13,2020,13,"Внесение поправок в Конституцию, отмена дня голосования","['«Поправки в Конституцию»', '«изменения в Конституции»', '«наверное, об изменении Конституции»', '«обнуление срока президентства»', '«изменение дня голосования за конституционные поправки»']",8.0
2020-13,2020,13,Обращение В. Путина к гражданам в связи с пандемией коронавируса,"['«Обращение Путина к народу»', '«обращение Путина к нации»', '«выступление президента»', '«указ Путина о мерах коронавируса»', '«Путин выступил и пообщался с людьми, поддержал всех. Молодец»', '«последняя речь Путина мне понравилась очень. И вообще мне нравятся все его речи»']",6.0
2020-13,2020,13,Предстоящие изменения в социальной политике,"['«Повышение зарплаты»', '«повышение пенсии»', '«пособие пенсионерам увеличили, увеличение пособий в целом»', '«повернулись лицом к детям и женщинам по поводу доплат»', '«социальные вопросы о помощи многодетным и бедным»', '«закон о детских от 3 до 7 лет»', '«материнский капитал за первого ребёнка»', '«поддержка семей – выплаты семьям через материнский капитал»']",4.0
2020-13,2020,13,"Рост цен, снижение курса рубля","['«Поднялись цены на продукты»', '«цены на продукты: ажиотаж, паника»', '«бензин дорожает»', '«финансовый кризис»', '«падение рубля»', '«доллар растет»', '«проблема с валютой»']",3.0
2020-13,2020,13,Помощь Италии в борьбе с коронавирусом,"['«Отправка помощи в Италию»', '«гуманитарная помощь Италии»', '«наших военврачей послали в Италию»', '«о том, что гуманитарная помощь, предоставленная Россией Италии, оказалась на 80% ненужная»']",2.0
2020-13,2020,13,Введение налога на банковские вклады,"['«Налог, если вклады составляют больше миллиона, и на проценты будет 13% налога»', '«подоходный налог со вкладов свыше миллиона рублей ввели с 2021 года»', '«дополнительное обложение банковских средств»', '«вклады обложили налогами – несовершенная налоговая система»']",2.0
2020-13,2020,13,Падение цен на нефть,"['«Обесценилась нефть»', '«цены на нефть»', '«резко подешевела нефть»', '«нефть дешевеет»']",1.0
2020-13,2020,13,События на Украине,"['«Ситуация на Украине»', '«война на Украине, печалит очень эта неразбериха»', '«Украина – их скатывание вниз, теряют свое лицо»']",1.0
2020-13,2020,13,Другие события в России,"['«Демонстрация в пользу Немцова»', '«освобождение Юлии Цветковой из-под домашнего ареста»', '«недоплачивают пенсионерам»']",1.0
2020-13,2020,13,Другие события в мире,"['«Соревнования, место проведения Олимпиады»', '«что происходит в Сирии»']",1.0
2020-14,2020,14,"Пандемия коронавируса, реакция людей на нее","['«Эпидемия, пандемия – все новости про нее»', '«инфекция, которая поразила нас всех»', '«коронавирус привлек внимание, волнуемся за людей, детей»', '«неблагоприятная обстановка по заболеванию, радует, что многое делается по преодолению заболевания»', '«этот коронавирус, мне как-то страшновато»', '«коронавирус на психику действует»', '«психоз по поводу эпидемии»']",58.0
2020-14,2020,14,"Карантин, продление нерабочих дней, другие ограничительные меры в России в связи с коронавирусом","['«Введено положение самоизоляции»', '«о коронавирусе, о нерабочем оплачиваемом отпуске до 30 апреля»', '«выплаты социальной помощи и оплата труда на карантине»', '«продление выходных на месяц, ограничение передвижения»', '«выходные, из-за которых люди не могут работать»', '«всю страну посадили на целый месяц практически в тюрьму»']",22.0
2020-14,2020,14,"Затрудняюсь ответить, нет ответа",[],16.0
2020-14,2020,14,Обращение В. Путина к гражданам в связи с эпидемией коронавируса,"['«Два обращения Путина к народу»', '«выступление президента вчера»', '«обращение президента»', '«то, что Владимир Путин переживает за всех за нас»']",4.0
2020-14,2020,14,"Тяжелое положение людей, их материальные проблемы в связи с продлением нерабочих дней","['«Обнищание страны»', '«нищета народа»', '«отсутствие работы у людей»', '«нет соцподдержки от государства»', '«введение карантина, но не введение ЧС. Как кормить людям детей?»', '«в связи с коронавирусом нет денег у людей»', '«для всех большой шок – сидеть дома без работы, без денег. У среднего класса накоплений нет, очень трудно выживать в таких условиях»']",4.0
2020-14,2020,14,"Внесение поправок в Конституцию, отмена дня голосования","['«Обновление в Конституцию»', '«поправки к Конституции»', '«новые поправки, голосование за новые поправки»', '«незаконные изменения в Конституции»', '«перенос голосования по изменению в Конституции»', '«перенесение голосования по внесению изменений в Конституцию»']",3.0
2020-14,2020,14,Помощь России другим странам в борьбе с коронавирусом,"['«Мы помогаем Италии и США»', '«что самолеты улетели у нас – 15 самолетов улетели в Италию с медикаментами, помогать итальянцам»', '«самолет улетел у нас в Америку, помощь им сделали, Путин помог. Великодушный человек»', '«не нравится, что помогают зарубежным странам»']",3.0
2020-14,2020,14,Работа властных структур,"['«Выступления Мишустина»', '«смена нашего главы Республики Коми»', '«Илюхин подал в отставку»', '«снятие с поста губернатора Архангельской области»', '«Воробьев уделил внимание пенсионерам»', '«принятие закона о налоге с вклада свыше миллиона»']",3.0
2020-14,2020,14,Падение цен на нефть,"['«Скачки нефти на биржах»', '«падение нефти»', '«упала цена на нефть»', '«цены на нефть»']",2.0
2020-14,2020,14,Другие события в России,"['«Взрыв в Подмосковье»', '«день рождения Первого канала»', '«повышение социальных выплат»']",2.0
2020-14,2020,14,"Рост цен, снижение курса рубля","['«О ценах, которые поднимаются»', '«про цены. Все говорят “будем следить”, но никто не следит»', '«падение рубля»', '«доллар растет»']",1.0
2020-14,2020,14,Другие события в мире,"['«Мировой экономический кризис»', '«Лукашенко выступал»', '«перенос “Евровидения”»']",
2020-15,2020,15,"Пандемия коронавируса, реакция людей на нее","['«Это пандемия коронавируса»', '«коронавирус и статистика по всему миру и в России»', '«вирус по стране»', '«в основном про коронавирус говорят»', '«коронавирус: где, кто, сколько заболели и что делать, какие меры предосторожности надо соблюдать»', '«сейчас одна тема – коронавирус»']",58.0
2020-15,2020,15,"Затрудняюсь ответить, нет ответа",,18.0
2020-15,2020,15,"Карантин, продление нерабочих дней, другие ограничительные меры в России в связи с коронавирусом","['«Карантин продлили до 30 апреля»', '«каникулы до 30 числа, QR-коды, пропуска»', '«людей не выпускают из дома из-за вируса»', '«ограничения на работу, передвижение, усиление нарядов полиции»', '«карантин, то, что закрыли все города и невозможно въехать в город»', '«пропускной режим с понедельника»', '«введение пропусков в Москве»']",12.0
2020-15,2020,15,Недовольство ситуацией в стране в связи с карантином,"['«Отсутствие внимания к населению Российской Федерации»', '«никакой поддержки граждан»', '«малый бизнес как будет выживать?»', '«остановка работы, людям негде работать»', '«маски по 70 рублей, а в аптеках их нет»', '«почему бесплатно не делают тест на коронавирус и не выдают бесплатно маски?»', '«в Москве ученикам дают пайки, а другим регионам не дают»']",5.0
2020-15,2020,15,"Падение цен на нефть, переговоры России со странами ОПЕК+","['«Низкая цена на нефть»', '«провал ОПЕК по сокращению добычи, провал с нефтью»', '«ОПЕК+ заседала, согласование о добыче нефти»', '«переговоры России и Саудовской Аравии о нефти»']",5.0
2020-15,2020,15,"Выплаты, льготы социально незащищенным группам населения","['«По поводу коронавируса: помощь населению»', '«поддержка людей правительством»', '«соцпособия, выплаты»', '«врачей поддерживают, ветеранов войны и стариков поддерживают»', '«выплаты, надбавки семьям, людям, которые потеряли работу»', '«радует, что оказывается помощь безработным, малоимущим, детям и всем, кто нуждается в ней»', '«насчет выплат за первого ребенка»', '«пособие многодетным»', '«пособие на детей до 7 лет»']",4.0
2020-15,2020,15,"Рост цен, снижение курса рубля","['«Доллар поднялся, цены выросли»', '«стоимость доллара, позиция рубля, повышение стоимости продуктов»', '«продукты подрастают на 10–20%, бензин тоже»']",4.0
2020-15,2020,15,Обращения В. Путина к гражданам в связи с эпидемией коронавируса,"['«Выступление Владимира Путина в связи с коронавирусом»', '«обращение Путина к народу»', '«обращение Путина о продлении самоизоляции до 30 апреля, видеоконференция с главами регионов»', '«царь-батюшка пытался внедрить элементы земства»']",4.0
2020-15,2020,15,Работа властных структур,"['«Меры по стабилизации экономики»', '«покупка государством акций Сбербанка»', '«увольнение нашего губернатора, главы Минздрава»']",3.0
2020-15,2020,15,"Проблемы образования, дистанционного обучения в связи с карантином","['«Проблема с дистанционным обучением»', '«дети бедные, особенно начальная школа, при дистанционном обучении»', '«как в дальнейшем заканчивать школу будут наши дети в связи с карантином?»', '«дистанционное обучение: как пройдут экзамены, как и куда поступит ребенок?»']",2.0
2020-15,2020,15,"Внесение поправок в Конституцию, отмена дня голосования","['«Изменение Конституции»', '«поправки в Конституцию»', '«незаконное изменение Конституции»', '«что не будут выборы 22 апреля о поправках в Конституцию»']",2.0
2020-15,2020,15,Другие события в России,"['«Болезнь Бабкиной»', '«Лещенко выздоровел»', '«пожар в Москве в доме престарелых»']",2.0
2020-15,2020,15,Помощь России другим странам в борьбе с коронавирусом,"['«Помощь, которую он оказывает другим государствам»', '«помощь другим странам, когда нашим людям нужна помощь»', '«от Трампа большое спасибо: он принял помощь с медмасками и препаратами»']",1.0
2020-15,2020,15,Другие события в мире,"['«Борис Джонсон заболел»', '«в Белоруссии не ввели карантин»', '«спад экономики общемировой»']",1.0
2020-16,2020,16,"Пандемия коронавируса, реакция людей на нее","['Коронавирус: сколько людей заболело, сколько умерло', 'пандемия коронавирусная, готовность к коронавирусу', 'распространение пандемии, болезни', 'рост заболеваемости коронавирусом в России', 'в связи с коронавирусом нагнетание паники']",57.0
2020-16,2020,16,"Затрудняюсь ответить, нет ответа",[],20.0
2020-16,2020,16,"Карантин, продление нерабочих дней, другие ограничительные меры в России в связи с коронавирусом","['Ограничения по передвижению и выходу из дома', 'самоизоляция и карантинные меры', 'ввели карантин на неограниченный срок', 'в Москве ввели пропускной режим', 'ужесточение мер в Москве с выходом на улицу']",14.0
2020-16,2020,16,"Выплаты, льготы социально незащищенным группам населения","['Поддержка всех слоев населения. Тем, кто потерял работу, – выплаты', 'правительство говорит об оказании помощи нуждающимся', 'выплаты, компенсации безработным, помощь детям до трех лет', 'детские единовременные пособия: 5 тысяч обещают', 'социальные льготы малоимущим, и многодетным, и пенсионерам']",6.0
2020-16,2020,16,Обращения В. Путина к гражданам в связи с эпидемией коронавируса,"['Выступление Путина по поводу действий в отношении эпидемии коронавируса. Ненагнетание паники по поводу эпидемии, освещение работы врачей', 'обращение президента к гражданам', 'последнее выступление Владимира Путина', 'выступление Путина, где он не сказал ни слова, что поможет простым людям']",3.0
2020-16,2020,16,Недовольство действиями властей в связи с эпидемией коронавируса,"['Введение самоизоляции без введения карантина', 'введение штрафов за нарушение карантина, который не введен', 'новости о бес- правном введении штрафов', 'негодование по самоизоляции', 'возмущение поведением власти', 'когда закончится ограничение прав граждан?', 'в связи с распространением коронавируса правительство отказывается вводить режим ЧС']",3.0
2020-16,2020,16,Бедственное положение людей из-за мер по борьбе с эпидемией коронавируса,"['О том, что нет средств существования на время самоизоляции', 'посадили на изоляцию, а деньги никто не хочет платить', 'ввели са- моизоляцию, не дают работать людям. Жить на что?', 'люди сидят, не работают, кормить детей нечем', 'о выплате заработных средств людям, которые работают неофициально. Предприятия их закрыты – и что им делать?', 'остались без работы']",2.0
2020-16,2020,16,"Внесение поправок в Конституцию, отмена дня голосования","['Внесение поправок в Конституцию', 'голосование будет по поводу Конституции, но из-за вируса отложили', 'зачем переписали Конституцию?']",2.0
2020-16,2020,16,Работа властных структур,"['Мишутин пришел к власти', 'работа в условиях именно сейчас правительства РФ', 'выделенные деньги на дополнительные заявки от губернаторов']",1.0
2020-16,2020,16,Поддержка малого и среднего бизнеса,"['Решение правительства по поводу малого и среднего бизнеса', 'то, что правительство поддерживает малый бизнес', 'социальная под- держка малого и среднего бизнеса', 'действия относительно предпринимателей']",1.0
2020-16,2020,16,"Ситуация в экономике, рост цен","['Цены поднимаются на продукты, на газ и свет', 'кризис экономический', 'об экономической ситуации в стране, о курсе доллара. Эко- номика очень тревожит', 'экономика – как выходим из этой ситуации']",1.0
2020-16,2020,16,"Проблемы образования, дистанционного обучения в связи с карантином","['Ситуация в школе', 'дистанционное обучение', 'то, что дети не учатся, то что образование проходит безобразно и заставляют сда- вать ЕГЭ', 'дистанционное обучение в школах и вузах продляют']",1.0
2020-16,2020,16,"Падение цен на нефть, договоренность России со странами ОПЕК+ о выходе из этой ситуации","['Ситуация на нефтяном рынке', 'вопрос по нефти, что мы заключили сделку с Саудовской Аравией, договорились', 'сделка с ОПЕК', 'договоренность по добыче нефти']",1.0
2020-16,2020,16,Снижение ставки по ипотеке,"['6% ставка по ипотеке', 'ипотека под 6%', 'снижение ипотеки, квартиры не заморозятся', 'о снижении процента ипотеки']",1.0
2020-16,2020,16,Перенос празднования Дня Победы и праздничного парада,"['Дня Победы праздника не будет', 'перенос Дня Победы', 'отмена парада к 75-летию Победы', 'перенесли парад 9 Мая']",1.0
2020-16,2020,16,Строительство больниц,"['То, что сейчас на территории нашей страны строится 16 медицинских центров в короткие сроки', 'строительство больницы', 'строи- тельство клиники в Москве']",1.0
2020-16,2020,16,Другие события в мире,"['Информация по Сирии и по Украине', 'чернобыльская зона горела', 'вулкан в Индонезии', 'Трамп решил Луну присоединить к США']",1.0
2020-16,2020,16,Другие события в России,"['О компенсации потребительских кредитов граждан', 'перевернулся бензовоз в районе рядом с моим хозяйством. Думал, что все сгорит, но не сгорело']",0.0
2020-17,2020,17,"Пандемия коронавируса, реакция людей на нее","['«Быстрое распространение коронавируса»', '«все события в связи с пандемией, ее развитие в России, за рубежом»', '«математические модели сроков окончания эпидемии»', '«мы скоро победим коронавирус»', '«нагнетание про коронавирус»', '«надуманный или не надуманный коронавирус»', '«ситуация с коронавирусом, показатель пошел вниз в целом мире»', '«что болезнь прогрессирует и не спадает»', '«что растет заболеваемость и смертность, пика еще нет»']",50.0
2020-17,2020,17,"Затрудняюсь ответить, нет ответа",[],27.0
2020-17,2020,17,"Карантин, продление нерабочих дней, другие ограничительные меры в России в связи с коронавирусом","['«В Москве ввели пропускную систему»', '«введение цифровых пропусков»', '«карантин будут продлять»', '«карантин, запрет на свободное перемещение»', '«продление карантина. Закрыли въезд и выезд в Москву и Московскую область»', '«то, что мы сидим на самоизоляции, и неизвестно, когда это все закончится»']",9.0
2020-17,2020,17,"Падение цен на нефть, договоренность России со странами ОПЕК+ о выходе из этой ситуации","['«Изменения с нефтью»', '«падение цен на нефть»', '«нефть стала вниз расти, это, с одной стороны, хорошо»', '«падение стоимости нефти»', '«цены на нефть, нефтяная война»']",4.0
2020-17,2020,17,Недовольство действиями властей в связи с эпидемией коронавируса,"['«Волнение на Кавказе»', '«штрафами пугают, полицией – долой полицейское государство»', '«забастовки в связи с потерей работы»', '«незаконная самоизоляция»', '«полицейским разрешили стрелять по любому поводу»', '«штрафы ни за что людям»']",3.0
2020-17,2020,17,Бедственное положение людей из-за мер по борьбе с эпидемией коронавируса,"['«Безработица и финансовые проблемы людей»', '«люди не работают, денег нет. У людей планка достатка понизится»', '«нет возможности зарабатывать»', '«люди без работы»', '«безработица из-за коронавируса»', '«у людей нет работы и средств к существованию»']",3.0
2020-17,2020,17,"Ситуация в экономике, рост цен","['«Доллар подскочил»', '«акции упали, рубль падает, рынок обвалился»', '«бензин дорожает»', '«экономика – что будет дальше, как мы будем жить»', '«падение доллара»', '«экономика разваливается»', '«проблемы в экономике»']",3.0
2020-17,2020,17,"Выплаты, льготы социально незащищенным группам населения","['«Благотворительность для малоимущих»', '«помощь народу России от президента, премьера и всего правительства»', '«детям до 5 лет выделяется помощь, пайки»', '«добавили выплаты на детей»', '«помогают людям, старикам, деньги одиноким, многодетным»', '«помощь населению России от правительства и государства»']",3.0
2020-17,2020,17,Работа властных структур,"['«Исполнение губернаторами своих обязанностей»', '«нововведения о действиях полиции»', '«по пенсионному фонду неправильное решение правительства»', '«связанные с работой нашего правительства»', '«закон о расширении прав полиции»']",2.0
2020-17,2020,17,Обращения В. Путина к гражданам в связи с эпидемией коронавируса,"['«Выступление В. Путина о невыполнении его постановлений»', '«выступление президента о режиме самоизоляции, его действия»', '«из Ново-Огарева Путина показывают целый день»', '«реформы, которые создает Путин»', '«указы президента»']",1.0
2020-17,2020,17,"Проблемы образования, дистанционного обучения в связи с карантином","['«Вопрос с дистанционным обучением»', '«об образовании детей дистанционном, у меня волосы дыбом»', '«онлайн-обучение меня не устраивает»', '«учебный год закончить раньше»', '«в 11 классе ребенок – что по экзаменам, по ЕГЭ?»']",1.0
2020-17,2020,17,События на Украине,"['«Обсуждают Украину»', '«пожар в Чернобыле»', '«положение на Украине»', '«ситуация с Украиной»', '«Украина пустила ракеты»', '«что происходит в Украине, и что хотят идти на Крым»']",1.0
2020-17,2020,17,"Внесение поправок в Конституцию, отмена дня голосования","['«Поправки в Конституцию»', '«поправки в Конституции переносят»', '«поправки в Конституцию ужасные»', '«принятие Конституции, ее поправки»', '«про Конституцию»']",1.0
2020-17,2020,17,Отсутствие помощи людям в связи с самоизоляцией,"['«Беспокоит то, что ни одно обещание президента, озвученное в СМИ, никем не выполняется»', '«было обещано освободить граждан от оплаты ЖКХ, но граждане Башкирии не освобождаются»', '«отказ банков помогать гражданам»', '«помощь от Путина не оказана как многодетной маме»', '«сказали, будут оказывать помощь, но по факту ее нет»']",1.0
2020-17,2020,17,Поддержка малого и среднего бизнеса,"['«Второй пакет мер о поддержке бизнеса»', '«касаемо того, что помочь малому бизнесу»', '«послабления бизнесу»', '«поддержка бизнеса»', '«поддержка бизнеса формальная»']",1.0
2020-17,2020,17,Лесные пожары в России,"['«Пожары в лесу»', '«пожар, горят леса в Сибири, в Забайкалье»', '«пожары страшные, везде там на Дальнем Востоке»', '«события, связанные с лесными пожарами»', '«пожар в Сибири, леса горят»']",1.0
2020-17,2020,17,Неготовность медучреждений к эпидемии,"['«Все говорят, что больницы готовы к приему для больных коронавирусом, хотя я сама с ребенком лежу там, и нет никаких условий, ребенка заразили коронавирусом, никто не готов к эпидемии, в больнице инфекционной нет отделения, отсутствие врачей»', '«нехватка больничных мест»', '«в регионах стационары находятся в крайне плохом состоянии»', '«отсутствие у медперсонала средств защиты»']",1.0
2020-17,2020,17,Снижение ставки по ипотеке,"['«Ипотека 6%»', '«про ипотеку»', '«снижение процента по ипотеке»', '«условия по отсрочке выплат по ипотеке»']",1.0
2020-17,2020,17,Другие события в России,"['«Возмутило, что 9 Мая перенесли на 3 сентября»', '«люди не соблюдают карантин и ходят без масок, это ни к чему хорошему не приведет»', '«несоответствие информации в СМИ с реальностью»', '«о приютах, где собаки, от том, что тяжело, надо помогать, голодают животные»', '«повышение зарплаты медицинским работникам, которые работают с пациентами, которые болеют коронавирусом»', '«повышение пенсии»', '«повышение преступности»', '«то, что строят больницы для людей, пострадавших от вируса»', '«у нас благоустраивается, высаживаются деревья, стал чистый город»']",1.0
2020-17,2020,17,Другие события в мире,"['«Информация про семью Ротшильдов и их взаимосвязь с Путиным. Путин планирует отойти от их владычества в мире»', '«события в Северной Корее»', '«у американцев еда заканчивается»']",0.0
2020-19,2020,19,"Пандемия коронавируса, реакция людей на нее","['Пандемия', 'о коронавирусе, который распространяется с большой скоростью', 'эпидемия, ухудшение ситуации, возросло число заболевших', 'об ужасном положении с коронавирусом', 'много погибает народу от коронавируса', 'коронавирусом замучили', 'с вирусом выдуманное событие, и уже надоело']",41.0
2020-19,2020,19,"Карантин, продление нерабочих дней, другие ограничительные меры в России в связи с коронавирусом","['В связи с коронавирусом введена самоизоляция', 'пропускной режим', 'введение обязательного ношения масок', 'продление режима самоизоляции, штрафы за неношение перчаток', 'штраф без маски 5 тысяч рублей', 'продлена самоизоляция до конца мая']",13.0
2020-19,2020,19,"Празднование Дня Победы, перенос празднования","['День Победы', 'организация праздника 9 Мая в этом году', '9 Мая отменили', 'парада не было', 'что будут красиво лететь самолеты в честь праздника, хоть и не будет парада', 'салют, “Бессмертный полк”, песни, домашнее празднование 9 Мая']",9.0
2020-19,2020,19,"Выплаты, льготы социально незащищенным группам населения","['Выплаты, которые обещают по потере работы', 'забота о людях, врачах, выплаты семьям с детьми', 'о доплатах пенсионерам и детям-инвалидам', 'выплата 5 тысяч рублей малоимущим детям', 'социальное обслуживание населения']",3.0
2020-19,2020,19,Обращения В. Путина к гражданам в связи с эпидемией коронавируса,"['Все выступления президента, обращение к народу', 'совещание у Путина', 'конференция Путина 6 мая', 'последнее выступление Путина']",2.0
2020-19,2020,19,"Бедственное положение людей из-за мер по борьбе с эпидемией коронавируса, безработица","['Безработица из-за коронавируса, она нас уничтожает', 'остановлена работа, люди обеднели', 'нет рабочих мест. Как быть, на что жить? Долги растут – работы нет', 'все плохо, и все мы живем на одну мою пенсию. Двое моих сыновей остались без работы', 'как жить, на что жить нам дальше?']",2.0
2020-19,2020,19,Отсутствие помощи людям в связи с самоизоляцией,"['Денежной нет поддержки населения', 'государство людям не помогает', 'никакой помощи нет', 'медикам не выплачивают обещанные выплаты', 'не выплачиваются пособия в связи с коронавирусом', 'обещают 2 тысячи выплатить и никак не выплачивают', 'обещают отсрочку ипотеки, а по факту ничего нет, никому ничего не платят']",2.0
2020-19,2020,19,"Ситуация в экономике, рост цен","['Экономика в плачевном состоянии', 'экономическое падение', 'повышение цен', 'цены растут']",2.0
2020-19,2020,19,Другие события в мире,"['Парад Победы в Белоруссии', 'Лукашенко попросил поляков, чтобы они предоставили им нефть', 'возобновление чемпионата по футболу в Германии', 'снос памятника Коневу', 'наши военные моют улицы в других странах']",2.0
2020-19,2020,19,Работа властных структур,"['О введении налогов на наши денежные средства, выступления Грефа', 'высказывания МИД, Захаровой о том, что людям, у которых нет денег для выезда за рубеж, нечего там делать', 'отставка мэра Нижнего Новгорода']",1.0
2020-19,2020,19,Внесение поправок в Конституцию,"['Изменения в Конституции', 'поправки в Конституции', 'голосовать за изменения и поправки в Конституцию', 'голосование за Конституцию']",1.0
2020-19,2020,19,Заболевание премьер-министра М. Мишустина,"['Болезнь главы правительства', 'заболел Михаил Мишустин', 'у премьера обнаружили коронавирус']",1.0
2020-19,2020,19,"Введение дистанционного обучения в связи с карантином, проблемы в образовании","['Вопросы образования и учебы на удалёнке', 'образование: система дает сбои, некачественное', 'досрочное окончание учебного года', 'информация об экзаменах и окончании учебного года']",1.0
2020-19,2020,19,Падение цен на нефть,"['События, связанные с новостями о нефти', 'ситуация с нефтью', 'упадок нефти', 'то, что рухнула нефть']",1.0
2020-19,2020,19,Подготовка больниц к приему больных коронавирусом,"['Вопросы о том, что открываются новые больницы', 'об обеспечении медиков средствами индивидуальной защиты', 'развитие медицины – строительство новых медицинских учреждений, развитие “скорых”, до деревни даже дошло']",1.0
2020-19,2020,19,Недовольство действиями властей в связи с эпидемией коронавируса,"['Полиция выписывает незаконные штрафы людям, не соблюдающим меры самоизоляции', 'лишили нас права на труд']",1.0
2020-19,2020,19,Лесные пожары,"['Пожары', 'пожары в Забайкальском крае', 'пожары на востоке']",1.0
2020-19,2020,19,Другие события в России,"['Арест Анатолия Быкова', 'помощь бизнесу', 'сняли с эфира программу “Бесогон” на канале “Россия”']",1.0
2020-20,2020,20,"Пандемия коронавируса, реакция людей на нее","['Одна тема – коронавирус', 'про обстановку с вирусом', 'новости про коронавирус', 'в основном про коронавирус – статистику, сколько выздоровело и сколько заразилось', 'коронавирус. Смотрим, сколько заболело и сколько выздоровело, надеемся, что закончится', 'новости о пандемии и о том, что выздоровевших много, а заболевших мало', 'с коронавирусом не очень ясно, кому это выгодно. Насколько я в курсе, коронавируса вообще нет', 'это сделано искусственным путем, чтобы опустить экономику России']",29.0
2020-20,2020,20,"Выплаты, льготы социально незащищенным группам населения","['Выплаты из-за пандемии', 'выплаты новых пособий', 'выплаты социальные, помощь от государства', 'государственная поддержка для семей, детей', 'поддержка для детей: компенсация и матподдержка для населения', 'поддержка детей в такой обстановке, семьи малообеспеченные поддерживают', 'выплаты для детей', 'выплата детям от 3 до 16 лет', 'можно будет оформить для ребенка выплату 10 000 до 16 лет']",15.0
2020-20,2020,20,Постепенная отмена ограничительных мер в связи с коронавирусом,"['О частичной отмене изоляции', 'разрешили выходить из дома – первый этап выхода из карантина', 'заканчивается карантин', 'завершение карантина', 'отмена карантина и меры выхода из карантина, восстановление транспортного сообщения', 'закончился период неработы предприятий', 'выход на работу с 12 мая', 'то, что сейчас всё открывается после коронавируса', 'о снятии карантина в Московской области']",8.0
2020-20,2020,20,Обращения В. Путина к гражданам в связи с эпидемией коронавируса,"['Путин заботится о своем народе', 'работа президента в данный момент, его совещания с правительством, его указания, его контроль – мне нравится', 'Путин выступает, его люблю', 'речь Путина 11 числа', 'обращение президента от 11 мая', 'обращение к людям Путина, уважение к людям – всё для народа он делает', 'интервью Путина, где одно вранье, не соответствующее действительности']",6.0
2020-20,2020,20,"Карантин, продление нерабочих дней, другие ограничительные меры в России в связи с коронавирусом","['Нерабочие дни, самоизоляция', 'продление карантина', 'запрет на перемещение в связи с коронавирусом', 'ситуация с пропусками и продление нерабочих дней', 'коронавирус: маски надо одевать и перчатки', 'всё заточено на карантине и штрафах', 'штрафы, которые за перчатки и за маски', 'то, что не снимают карантин с Москвы']",6.0
2020-20,2020,20,"Назначение выплат медикам, работающим с коронавирусом, скандал в связи с их невыплатами","['Пособия медикам', 'оплата медицинским работникам', 'о зарплате медикам, которые работают с больными коронавирусом', 'медикам затянули с выплатой', 'невыплаты врачам', 'скандал с выплатой медицинским работникам, работающими с COVID-19', 'что медиками обещали выплатить денежку и не выплатили. Я возмущена!', 'муж работает в скорой помощи. Должны были заплатить, но никто ничего не заплатил. И не будут платить', 'то, что не выплатили деньги врачам, которые борются с эпидемией. Врач получил в Мурманской области 130 рублей']",5.0
2020-20,2020,20,"Празднование Дня Победы, перенос празднования","['Празднование 9 Мая, Дня Победы', 'День Победы и трансляция', 'насчет 9 Мая: будет переноситься, обязательно будет парад', 'огорчило, что не было празднования Дня Победы', 'празднование Дня Победы: авиационный пролет, песни с балконов, “Бессмертный полк” в интернете, салют, общение с людьми, у которых кто-то погиб на войне', 'участники Великой Отечественной войны должны быть в “Бессмертном полку”']",3.0
2020-20,2020,20,Недовольство действиями властей в связи с эпидемией коронавируса,"['Скорее не совсем удачная борьба с нынешней эпидемией', 'проблемы с воплощением центральных директив на местах', 'решения, которые принимаются, на местах не исполняются', 'региональное решение по ситуации с коронавирусом. Некомпетентность местных властей в обстановке коронавируса', 'не будут помогать гражданам, которые на изоляции', 'пособие на ребенка нельзя получить, удаленно сдав документы, хотя обещали удаленно']",3.0
2020-20,2020,20,Работа властных структур,"['С финансовой помощью для экономики', 'национализировать рубль – программа Белоусова', 'смена Мишутина Белоусовым – хороший мужчина', 'запреты на охоту']",2.0
2020-20,2020,20,Другие события в России,"['Заболевание ковидом всего правительства', 'оказание финансовой помощи предприятиям', 'забастовки', 'сроки начала курортного сезона в Сочи', 'нечем прокормить семью и что будет дальше', 'то, что погибли люди при использовании некачественных аппаратов вентиляции легких в больнице Святого Георгия в Петербурге']",2.0
2020-20,2020,20,Другие события в мире,"['Китай отправил ракету в Индию, Трамп ввел санкции против Китая, Европа активно снимает ограничения по самоизоляции', 'открытие границ с Турцией на лечение', 'начало футбола в Германии', 'что Беларусь купила нефть у Америки', 'в Америке китайцев стали избивать']",2.0
2020-20,2020,20,"Введение дистанционного обучения в связи с карантином, проблемы в образовании","['Вопросы, касающиеся ЕГЭ', 'информация об ОГЭ и ЕГЭ и об окончании учебного года', 'окончание учебного года школ и в целом образование', 'отмена ЕГЭ и экзаменов, образование', 'досрочное окончание учебного года', 'отмена экзаменов для 9-го класса']",1.0
2020-20,2020,20,Подготовка больниц к приему больных коронавирусом,"['Строительство инфекционных больниц', 'постройка новых госпиталей по коронавирусу', 'госпитали построили', 'молодцы наши военные, которые помогают со строительством госпиталей']",1.0
2020-20,2020,20,"Ситуация в экономике, рост цен","['Экономика – растет безработица', 'экономический кризис', 'падение цен на нефть', 'о ценах – рост']",1.0
2020-20,2020,20,Внесение поправок в Конституцию,"['Про Конституцию', 'о том, что надо голосовать за изменения в Конституции', 'референдум по Конституции', 'про поправки, срок сидеть до пожизненного – про Путина']",1.0
2020-20,2020,20,Высказывание Д. Трампа о победе во Второй мировой войне,"['Трамп о Победе', 'заявления Трампа о победе в войне', 'разговоры о роли Советского Союза в победе над Германией, и не нравится позиция США', 'американцы фейки делают насчет Великой Отечественной войны – изменить историю хотят, всех возмущают']",1.0
2020-20,2020,20,Стихийные бедствия,"['Пожары и наводнения', 'события с природными аномалиями или поджогами, наводнения, какие принимаются меры', 'лес поджигали', 'горят леса на Дальнем Востоке, Сибири', 'затопление в Якутии, паводок']",1.0
2020-21,2020,21,"Затрудняюсь ответить, нет ответа",[],40.0
2020-21,2020,21,"Пандемия коронавируса, реакция людей на нее","['Вирус: сколько заболевших, сколько выздоровевших', 'коронавирус и рост числа заболевших, вакцина от него', 'коронавирус, очаговые проявления коронавируса', 'погибло от коронавируса много людей. Это волнует, жалко людей', 'недостоверная информация о заболевших коронавирусом', 'вирус: есть он или он не существует?']",34.0
2020-21,2020,21,"Выплаты, льготы социально незащищенным группам населения","['Мероприятия помощи населению', 'про помощь населению', 'выплаты материальные, поддержка', 'о денежных выплатах в связи с карантином', 'детям помогут, дали денег', 'о помощи многодетным семьям, помощь детям', 'соцвыплаты педагогам']",10.0
2020-21,2020,21,"Карантин, ограничительные меры в России в связи с коронавирусом, постепенное снятие этих мер","['Введение масочно-перчаточного режима', 'продление карантина до 1 июня', 'введение штрафов за несоблюдение самоизоляции', 'выход из самоизоляции', 'то, что сняли пропуска в Московской области. Мы вчера кричали “ура!”', 'снятие пропускного режима в нашем регионе']",8.0
2020-21,2020,21,"Выплаты медикам, нарушения, связанные с выплатами","['Выплаты медработникам', 'много говорили об оплате врачам', 'врачам выплатили деньги', 'проблемы с выплатами врачам', 'злоупотребление денежными средствами, выделенными медработникам', 'медработникам не выплатили обещанные премиальные']",4.0
2020-21,2020,21,Обращения В. Путина к гражданам в связи с эпидемией коронавируса,"['Выступление президента', 'как Путин обратился к народу о том, какие действия предприняты', 'обращение президента последнее', 'Путин дает указания, а никто ничего не исполняет']",2.0
2020-21,2020,21,Работа властных структур,"['Изменения в избирательном законодательстве', 'поправки в законы', 'выступление нашего губернатора Краснодарского края', 'хотят принять закон о поведении чиновников']",2.0
2020-21,2020,21,"Внесение поправок в Конституцию, предстоящее всенародное голосование по этим поправкам","['Не забывают о поправках в Конституцию', 'смена Конституции', 'голосование о поправках']",2.0
2020-21,2020,21,"Дистанционное обучение в связи с карантином, вопрос о сдаче экзаменов","['О конце учебного года, образование', 'больше всего онлайн-обучение', 'про дистанционное образование. Склоняют к тому, что это заменит очное образование', 'объявили о начале ЕГЭ', 'перенос ЕГЭ, отмена ОГЭ']",2.0
2020-21,2020,21,Другие события в России,"['“Бесогон"" Михалкова', 'арест Быкова', 'суд по делу пилота “Суперджета”', 'возросшее количество недовольств', 'бунт в колонии. Криминал больше всего волнует', 'взрываются аппараты ИВЛ', 'объявления о премиях “Книга.Ру” и премия “Лицей”', 'пожары в больницах Зеленодольска', 'будут строить приемники для бродячих собак']",2.0
2020-21,2020,21,События на Украине,"['События на Донбассе – обстрелы по мирным жителям', 'Донецк, Луганск – политика', 'о предательстве Порошенко, разговор Порошенко с Байденом']",1.0
2020-21,2020,21,"Отсутствие помощи людям в связи с самоизоляцией, невыполнение обязательств","['Бездействие в области улучшения жизни населения', 'ничего не исполняется, нет выплат', 'поддержка, не дошедшая до предпринимательского сообщества', 'пенсионеры не получают пенсии два месяца']",1.0
2020-21,2020,21,"Ситуация в экономике, рост цен","['Обрушение экономики', 'о кризисе финансовом', 'падение рубля', 'цены повышаются', 'ЖКХ – больше цены']",1.0
2020-21,2020,21,"Празднование Дня Победы, перенос парада","['Самое большое – День Победы', '9 Мая – уважение', 'про “Бессмертный полк”', 'не было парада на 9 Мая']",1.0
2020-21,2020,21,"Бедственное положение людей из-за мер по борьбе с эпидемией коронавируса, безработица","['Безработица, безденежье', 'у людей проблемы с деньгами и работой', 'безработица большая']",1.0
2020-21,2020,21,Помощь бизнесу,"['Средний бизнес – помогают', 'поддержка предпринимательства', 'о поддержке предпринимательства и бизнеса, о выделении 25 млрд АвтоВАЗу – вот это запомнилось', 'помощь компании “Роснефть”']",1.0
2020-21,2020,21,Природные катаклизмы в России,"['Ситуация в стране – пожары, наводнения', 'вулкан на Дальнем Востоке', 'вот эти пожары, наводнения']",1.0
2020-21,2020,21,Другие события в мире,"['Трамп вышел из договора по открытому небу', 'восстановление положительных балансов по нефти в Америке', 'самолет в Пакистане с жертвами', 'то, что собираются хоккей в 2023 году перенести в Швецию']",1.0
2020-22,2020,22,"Пандемия коронавируса, реакция людей на нее","['«Люди умирают от коронавируса»', '«опять идет рост заболеваемости»', '«коронавирус: что это, как это, откуда он взялся?»', '«как обычно, этот чертов вирус. Когда он кончится?»', '«борьба с короной, вакцину изобрели»', '«разговоры о коронавирусе уже надоели, скорее бы кончалась эта тема».']",33.0
2020-22,2020,22,"Ограничительные меры в России в связи с коронавирусом, постепенное снятие этих мер","['«Домосидение»', '«ходить постоянно в масках»', '«бесконечное продление карантина в Москве»', '«послабления некоторые»', '«можно выйти на улицу, и открываются магазины»', '«введение режима прогулок в Москве».']",12.0
2020-22,2020,22,"Выплаты, льготы социально незащищенным группам населения","['«Социальные выплаты»', '«поддержка семей во время пандемии»', '«помощь населению в связи с потерей доходов и работы»', '«кто не работает, подняли по безработице пособие»', '«выплата пособий семьям с детьми»', '«дают деньги на детей в связи с карантином»', '«информация о единовременных выплатах пенсионерам»', '«о соцподдержке пенсионеров».']",8.0
2020-22,2020,22,Перенос парада в честь 75-летия Победы и акции «Бессмертный полк»,"['«Парад – отмена и перенос»', '«наверное, то, что объявили дату проведения парада 24 июня, дату проведения “Бессмертного полка” 26 июля»', '«очень понравилось, что парад Победы будет 24 июня, 26 июля будет “Бессмертный полк”».']",4.0
2020-22,2020,22,Работа властных структур,"['«Мишустин выздоровел и вернулся к работе»', '«без выборов назначили губернатора Брянской области»', '«объединение НАО и Архангельска».']",2.0
2020-22,2020,22,"Внесение поправок в Конституцию, предстоящее голосование по этим поправкам","['«Поправки к Конституции, дата проведения»', '«голосование за изменения в Конституции»', '«объявили голосование за поправки к Конституции - отношусь к этому отрицательно».']",2.0
2020-22,2020,22,Волнения в США после убийства афроамериканца полицейским,"['«Что было в Миннеаполисе, США – взрывоопасная ситуация»', '«события в Америке, связанные с убийством чернокожего»', '«беспорядки в Америке».']",2.0
2020-22,2020,22,Выступления и распоряжения В. Путина в связи с эпидемией коронавируса,"['«Заявления Путина по проблеме коронавируса»', '«совещание у Путина»', '«приказы и постановления Путина»', '«Путин беспокоится обо всех»', '«вся Россия обсуждает, как Путин психанул и бросался ручкой».']",2.0
2020-22,2020,22,"Бедственное положение людей из-за мер по борьбе с эпидемией коронавируса, безработица","['«Народ остался без работы и без денег»', '«возмутило, что люди сидят без денег, и с этим никак не борются»', '«безработица»', '«я нищая, я с голода умираю».']",2.0
2020-22,2020,22,Другие события в России,"['«Арест журналиста в одиночном пикете»', '«мэра Владивостока перевели в СИЗО Владивостока».']",2.0
2020-22,2020,22,"Выплаты медикам, нарушения, связанные с выплатами","['«О повышении зарплат медикам, которые занимаются лечением коронавируса»', '«врачам повысили пособие»', '«медики столько стоят на посту, гибнут за идею, а им мало доплачивают»', '«врачей обделили зарплатами, деньгами».']",1.0
2020-22,2020,22,Запуск в США космического корабля,"['«Вчера Илон Маск запустил ракету в космос»', '«запуск космического корабля американцами»', '«в США запуск космического корабля с астронавтами».']",1.0
2020-22,2020,22,Природные катаклизмы в России,"['«Паводки и пожары»', '«неблагополучие в стране – погода»', '«наводнение в России, Приморский край»', '«в Кузбассе ураган большой, люди погибли»', '«ветер был очень сильный в Екатеринбурге»', '«снег пошел в Москве».']",1.0
2020-22,2020,22,События на Украине,"['«События на Украине – политические»', '«на Украине, в Донбассе продолжаются военные действия»', '«на Украине хотят перекрыть воду и свет Донецку».']",1.0
2020-22,2020,22,Другие события в мире,"['«Удивил Эрдоган, который не хочет брать нашу нефть из “Южного потока”, а берет, покупает в Америке»', '«суждения Трампа о том, что в болезни заразной виноват Китай».']",1.0
2020-23,2020,23,"Пандемия коронавируса, реакция людей на нее","['«Пандемия»', '«о коронавирусе: текущее состояние»', '«международная ситуация, связанная с коронавирусом»', '«пока коронавирус – самый главный вопрос в России»', '«коронавирус – как за рубежом, как у нас лечат»', '«цифры о коронавирусе»', '«коронавирус: когда он закончит- ся?»', '«коронавирус – непонятная ситуация»', '«снизился рост смертности от коронавируса»', '«увеличение заболеваемости коронавирусом в моём городе»']",23.0
2020-23,2020,23,Экологическая катастрофа в Норильске,"['«Катастрофа в Норильске»', '«авария с нефтепродуктами»', '«экологическая катастрофа, где разлилась нефть или топливо в тундре»', '«ка- тастрофа на севере: 21 тысяча тонн соляры вытекла»', '«катастрофа на Севере: разлив экология – нефтяной коллапс»', '«разлив солярки и нефти. Была поражена, что богатое предприятие халатно отнеслось к этому»']",16.0
2020-23,2020,23,Волнения в США после убийства афроамериканца полицейским,"['«Ситуация с убитым парнем в Америке, которого задушил полицейский»', '«волнения в Америке»', '«протест в США»', '«демонстрации в Америке»', '«в Америке страшные разбои»']",9.0
2020-23,2020,23,"Ограничительные меры в России в связи с коронавирусом, постепенное снятие этих мер","['«Карантин и его окончание»', '«про продление карантина»', '«прогулки по районам: спецграфик составили»', '«о смягчении самоизоляции»', '«ослабление ограничений в Москве и Московской области»', '«о снятии ограничений»', '«не дают выезжать за границу»']",9.0
2020-23,2020,23,"Предстоящее голосование по поправкам в Конституцию, порядок голосования","['«Назначено голосование о поправке»', '«голосование 1 июля»', '«порядок голосования за изменения в Конституцию»', '«про поправку Кон- ституции: скорее будут голосовать против»', '«Конституция принята без мнения граждан»']",7.0
2020-23,2020,23,"Выплаты, льготы социально незащищенным группам населения","['«О социальных выплатах»', '«повышение пособий, выдача пособий, забота о человеке»', '«помощь родителям детей 3–16 лет и до 3 лет»', '«недавно всем детям раздали 10 тысяч. Это было необходимо»', '«указ, чтобы работающим пенсионерам была индексация»']",5.0
2020-23,2020,23,Природные катаклизмы в России,"['«Аномальные погодные явления»', '«пожары в стране»', '«наводнения, последние дожди»', '«наводнение на Камчатке, в Сибири»', '«ураган на Урале»', '«торнадо в Чечне»', '«смерч над нашей страной. Людей жалко. Что там творилось – крыши посрывало...»']",2.0
2020-23,2020,23,Перенос на 24 июня парада Победы,"['«Парад Победы назначили на 24 июня»', '«будем справлять День Победы»', '«великая война: парад Победы»', '«то, что будет парад»', '«на- значен парад»', '«подготовка к параду Победы»']",2.0
2020-23,2020,23,Другие события в России,"['«ОГЭ отменили»', '«футбол: возобновление чемпионата»', '«смерть жены Андрея Норкина Юлии»']",2.0
2020-23,2020,23,Работа властных структур,"['«Рассмотрение законов по налогам»', '«будет новый налог с зарплаты на безработицу»', '«в связи с тем, что 1% зарплаты отчислять на без- работицу, очень возмущен»', '«газ будут подключать бесплатно»', '«алкоголь всегда будут продавать до 19 часов»', '«лимит скорости 20 км в час убирают»']",1.0
2020-23,2020,23,"Изобретение вакцины от коронавируса, обсуждение обязательности вакцинации","['«Изобретают вакцину против вируса»', '«создание вакцины»', '«вакцинация от ковида»', '«принудительная вакцинация от КОВИД-19»', '«об- суждение в Госдуме закона об обязательной вакцинации»']",1.0
2020-23,2020,23,"Преступления, аресты","['«Арест Платошкина»', '«про екатеринбуржца, которого убили за рулон обоев»', '«убийство мальчика 8 лет»', '«арест бизнесмена Быкова»']",1.0
2020-23,2020,23,Выплаты медикам,"['«Оплата медикам»', '«про выплаты медработникам»', '«выплаты медикам, которые работают на передовой»']",1.0
2020-23,2020,23,Выступления и распоряжения В. Путина в связи с эпидемией коронавируса,"['«Что Путин народу помогает»', '«изменения, про которые Путин рассказывал: помощь детям, помощь России»', '«выступление Путина о вы- платах»', '«против открытия внешних границ с другими государствами – Путин»']",1.0
2020-23,2020,23,"Бедственное положение людей из-за мер по борьбе с эпидемией коронавируса, безработица","['«Связанная с коронавирусом обстановка, при которой многие не могут найти работу»', '«бедные люди страдают»', '«рост цен из-за эпиде- мии»', '«безработица»']",1.0
2020-23,2020,23,Запуск в США спускаемого космического корабля с космонавтами,"['«Старт нового американского корабля»', '«запуск космического корабля в США»', '«ракету Dragon в США запустили»', '«запуск многоразово- го корабля Илона Маска»']",1.0
2020-23,2020,23,Другие события в мире,"['«Трамп ищет виновных в вирусе»', '«освещение событий в Сирии, гуманитарная помощь»', '«события в Белоруссии»']",1.0
2020-24,2020,24,"Затрудняюсь ответить, нет ответа",[],34.0
2020-24,2020,24,"Пандемия коронавируса, связанные с ней новости","['«Связанное с КОВИД-19, с пандемией»', '«про коронавирус, откуда он взялся»', '«о коронавирусе и борьбе с ним»', '«про коронавирус – всё время информация льется потоком бесконечно»', '«новости, связанные с коронавирусом. Вторая волна в Китае»', '«идет на спад коронавирус»', '«коронавирус: цифры уменьшаются, это радует – идет к завершению»']",18.0
2020-24,2020,24,"ДТП с участием М. Ефремова, отклики на это событие","['«Смертельное ДТП, Садовое кольцо»', '«Ефремов с убийством – сбил на машине насмерть мужчину. Как реагируют на это звезды, власть, что всё это останется безнаказанным»', '«Ефремов сбил человека на Садовом кольце в нетрезвом виде»', '«Ефремов на первом плане. Он сбил человека в пьяном виде, под наркотиками»']",13.0
2020-24,2020,24,"Ограничительные меры в России в связи с коронавирусом, постепенное снятие этих мер","['«Отмена пропусков: можно без пропуска выходить»', '«закончилась самоизоляция для пенсионеров»', '«открытие торговых центров»', '«у нас начинают работать предприятия, бары, рестораны»', '«об открытии курортных сезонов, снятии ограничения»', '«отмена карантина в принципе в Москве. Это решение преждевременно – можешь нарваться на вторую, более тяжелую волну заболевания»', '«что продлевается у нас режим самоизоляции до конца месяца по Санкт-Петербургу»', '«карантин – продлевание – который не нужен»']",12.0
2020-24,2020,24,"Предстоящее голосование по поправкам в Конституцию, материалы об этом в СМИ","['«О будущем голосовании»', '«выборы по изменению Конституции»', '«про дату голосования за Конституцию»', '«реклама про поправки выходит за все рамки»', '«слишком назойливая агитация по поправкам, уже тошнит»', '«выпуск государственных роликов о поправках в Конституцию – антипропаганда, высмеивающая ЛГБТ-сообщество»']",11.0
2020-24,2020,24,Экологическая катастрофа в Норильске,"['«Экологическая катастрофа в Норильске»', '«катастрофа в Норильске, разлив нефти»', '«авария на Севере под Норильском – утечка нефтепродуктов»', '«трагедия в Норильске»', '«разлив нефти у Потанина»']",7.0
2020-24,2020,24,Волнения в США после убийства афроамериканца полицейским,"['«Беспорядки в Штатах»', '«события в Америке: те беспорядки, которые там происходят, и суть расовая»', '«события в США, связанные с убийством негра»', '«американские события: захват кварталов, бомбы»', '«революция в Америке»']",6.0
2020-24,2020,24,"Выплаты, льготы социально незащищенным группам населения","['«Выплаты пенсионерам и детям»', '«пособия на детей и пособия безработным»', '«выплаты детям, выплаты пенсионерам, увеличение минималки»', '«выплаты детям до 16 лет – считаю, что это хорошая была помощь семьям, где есть дети»', '«отношение к людям в процессе пандемии, меры поддержки населения»', '«выплаты детские в связи коронавирусом»']",5.0
2020-24,2020,24,Работа властных структур,"['«Когда Мишустин заболел коронавирусом и вернулся загорелый»', '«законы в связи с коронавирусом»', '«по налогам и по перестановке руководителей»', '«постановления губернатора Воробьёва»']",2.0
2020-24,2020,24,"Перенос на 24 июня парада в честь 75-летия Победы, подготовка к параду","['«Второй День Победы скоро будет, парад»', '«подготовка к параду»', '«ситуация радостная, потому что скоро приближается парад и люди смогут в нем все-таки поучаствовать. Это очень радует, потому что это святое дело для нашего государства»']",2.0
2020-24,2020,24,Природные катаклизмы в России,"['«Наводнения и пожары»', '«наводнения и град на нашей территории»', '«затопило Краснодарский край»', '«наводнение в Сибири»', '«потоп в Ульяновске, пожары»', '«затопило Ленинград, а у нас нет дождей – мы молим»', '«ураган на Ставрополье»']",2.0
2020-24,2020,24,Другие события в России,"['«День города Севастополя; День России»', '«вопрос по сдаче экзаменов»', '«проценты ипотеки стали меньше»', '«забастовка шахтеров на шахте Комсомольска»']",2.0
2020-24,2020,24,Другие события в мире,"['«События в Ливии и Сирии»', '«рост и падение рынка акций, биржи»', '«расследование Нидерландов по поводу подрыва самолета»']",2.0
2020-24,2020,24,Выступления и распоряжения В. Путина,"['«Путин руководит хорошо, все указания нравятся»', '«борьба Путина с вирусом, помощь Путина людям без работы»', '«Путин говорил, давал приказы платить медикам»', '«Путин отчитывал за розлив нефти»']",1.0
2020-24,2020,24,Криминальные события,"['«Криминальная хроника»', '«у нас в городе: расстрел подозреваемого в краже обоев. Это показывает работу властей»', '«полицейский беспредел»']",1.0
2020-24,2020,24,"Выплаты медикам, проблемы с их выдачей","['«Повернулись лицом к медицине»', '«по выплатам медработникам»', '«доплата медработникам»', '«невыплаты врачам»', '«медикам добавляли, и не выдали деньги медикам»']",1.0
2020-24,2020,24,Освящение главного храма Вооруженных сил России в подмосковном военно-патриотическом парке «Патриот»,"['«Открытие храма в Подмосковье: военный храм, связанный с Победой»', '«освящение храма»']",1.0
2020-24,2020,24,"Изобретение вакцины от коронавируса, обсуждение обязательности вакцинации","['«Нашли вакцину от коронавируса»', '«насчет коронавируса: вакцинация будет»', '«обязательная вакцинация. Не хотим этого»']",1.0
2020-25,2020,25,"Пандемия коронавируса, связанные с ней новости","['О КОВИД-19', 'ситуация с коронавирусом', 'эпидемия коронавируса', 'коронавирус: численность заболевших работников растет на предприятии и в нашем районе', 'люди начали выздоравливать от вируса, болезнь заканчивается', 'о том, что будет вторая пандемия, опять всё закроют', 'то, что в Китае опять коронавирус начался, повторно']",20.0
2020-25,2020,25,"Предстоящее голосование по поправкам в Конституцию, порядок голосования","['Вся история с поправками в Конституцию', 'Конституция и голосование за нее', 'привлекает внимание шум о голосовании по поводу поправок в Конституцию', 'интересует вопрос голосования о поправках: когда он будет и как будет проходить голосование', 'выборы по Конституции, которую уже выбрали', 'о Конституции: затронуты права пенсионеров, детей, учебы, работы', 'касаемо выборов по Конституции, где говорится об обнулении сроков президента']",14.0
2020-25,2020,25,"Ограничительные меры в России в связи с коронавирусом, постепенное снятие этих мер","['Эпидемия: транспорт не ходит, маски продают', 'продление самоизоляции и карантина', 'продление в Красноярском крае самоизоляции', 'заканчивается карантин, и жизнь приходит в нормальное русло, к человеческим отношениям', 'закрывают режим самоизоляции: это плохо – умалчивают', 'поэтапное снятие ограничений по пандемии, с увеличением числа зараженных', 'открытие курортов в России']",6.0
2020-25,2020,25,Волнения в США после убийства афроамериканца полицейским,"['Неспокойно в США', 'протесты в Америке', 'митинги в Америке', 'ситуация в США в Сиэтле', 'что в Америке поджигают и жгут', 'что сейчас творится в Америке, что избивают чернокожих']",5.0
2020-25,2020,25,Экологическая катастрофа в Норильске,"['Разлитие нефтепродуктов в Норильске', 'разлив нефти меня поразил: как могли люди недосмотреть – на Севере, на ТЭЦ!', 'разлив топлива: ущерб природе, никого не наказывают', 'о Норильске, когда 20 тысяч тонн солярки убежало в речку. Это нельзя такое делать!']",5.0
2020-25,2020,25,Предстоящий парад в честь 75-летия Победы,"['То, что парад состоится', 'что не забывают наших дедов и прадедов, то, что они воевали, что они за нас жизнь отдали', 'парад будет. Молодец, не забыл отцов и дедов', 'парад хочется посмотреть', 'перенесли парад. Зачем его перенесли?']",4.0
2020-25,2020,25,"ДТП с участием М. Ефремова, отклики на это событие","['Новость про Ефремова: сбил человека', 'о Ефремове – в состоянии алкогольного и наркотического опьянения сшиб машину так, что человек погиб', 'джип Ефремова сбил человека, убил, а сейчас находится дома', 'не нравится, как оскорбляют Ефремова']",3.0
2020-25,2020,25,"Выплаты, льготы социально незащищенным группам населения","['Выплата пособий', 'индексация пенсии и выплат', 'пенсионерам обещали выплаты по три тысячи рублей', 'выдали деньги многодетным в связи с коронавирусом', 'помощь детям до 16 лет', 'выплаты на ребенка по 10 тысяч – спасибо Мишустину и Путину']",3.0
2020-25,2020,25,"Выступления и распоряжения В. Путина, интервью и публикация статьи о начале войны","['Выступления Путина во всех сферах', 'то, что Путин ругал за нефть', 'когда Путин говорил о Победе', 'интервью с Путиным', 'статья Путина о войне для американского журнала', 'вышла статья Путина об итогах Второй мировой войны']",2.0
2020-25,2020,25,Природные катаклизмы в России,"['Погодные аномалии, всевозможные потопы и пожары', 'выбило градом весь урожай в Карачаево-Черкесии', 'шквальные наводнения в Москве и Санкт-Петербурге, град']",2.0
2020-25,2020,25,Криминальные события,"['Человек застрелил бывшую жену, ее ребенка и тёщу, и сам застрелился. В Москве', 'в Москве вырезали семью', 'мужчина ушёл из дома, взяв детей. Потом нашли детей в реке, а его нет', 'криминальная обстановка в Татарстане']",2.0
2020-25,2020,25,Другие события в России,"['Возбуждение уголовного дела на Навального', 'скончался от коронавируса глава Чувашии, который подавал заявление в Верховный суд на Путина', '85 лет Юрию Соломину', 'бензин подорожал', 'выдача аттестатов детям']",2.0
2020-25,2020,25,Другие события в мире,"['Выборы президента Белоруссии', 'самолеты НАТО на границах наших', 'конфликт между Индией и Китаем', 'возобновление чемпионата Англии по футболу']",2.0
2020-25,2020,25,"Выплаты медикам, проблемы с их выдачей","['Медицина: заработные платы', 'давали премии медикам, а по факту им не дали', 'местная власть творит с пособиями от Путина: медики не получили пособия']",1.0
2020-25,2020,25,"Изобретение вакцины от коронавируса, обсуждение обязательности вакцинации","['Вакцина от коронавируса', 'вакцина от ковида уже практически готова в России', 'прививки от коронавируса. Обязательная вакцинация от коронавируса', 'будут ли введены обязательные прививки? Я противник этого']",1.0
2020-25,2020,25,"Снижение ключевой ставки ЦБ РФ до 4,5% годовых","['Снижение ключевой ставки Центробанка', 'снижение ключевой ставки процента', 'ставка Центробанка: снизили процент от 5,5 до 4,5%']",1.0
2020-26,2020,26,"Затрудняюсь ответить, нет ответа",[],37.0
2020-26,2020,26,"Подготовка к голосованию по поправкам в Конституцию, голосование","['«Агитация насчет поправок в Конституцию»', '«вовремя поправка в Конституцию происходит»', '«голосование за поправки к Конституции»', '«изменения ряда пунктов в Конституции»', '«оперативность в голосовании по поправкам в Конституцию»', '«электронное голосование по Конституции»', '«про Конституцию голосование, пытаются склонить всех на положительный ответ»']",21.0
2020-26,2020,26,Парад Победы 24 июня,"['«Парад в честь Победы»', '«парад Победы порадовал»', '«парад Победы, гордость за Россию»', '«парад Победы, несмотря на пандемию»', '«парад, который показал нашу всю технику»', '«празднование 24 числа взамен Дня Победы»', '«мне понравилось, как провели праздник 75-летия в Москве: были салюты, все хорошо подготовились»']",14.0
2020-26,2020,26,"Пандемия коронавируса, связанные с ней новости","['«Коронавирус пошел на спад»', '«коронавирус уходит постепенно, я считаю, Россия достойно вышла из вируса»', '«события о пандемии: она продолжается, заражений намного больше»', '«коронавирус. Нет вспышки, но она идет, всё скрывается»']",13.0
2020-26,2020,26,"Выплаты, льготы социально незащищенным группам населения","['«Помощь и выплаты гражданам»', '«выплаты в связи с коронавирусом»', '«вопросы выплат для неработающих граждан, у которых есть дети»', '«выплата детям, семьям, которые без работы»', '«помощь детям, семьям выплачивают пособия»']",10.0
2020-26,2020,26,"Выступления В. Путина, интервью и публикация статьи о начале войны","['«Выступал Путин, всё подробно описывал»', '«обращение президента к нации»', '«последнее обращение Путина»', '«интервью Путина о войне, о попытках исказить правду»', '«статья Путина про войну и мировой порядок»']",5.0
2020-26,2020,26,"Ограничительные меры в России в связи с коронавирусом, постепенное снятие этих мер","['«Самоизоляция и ограничение»', '«окончание карантина»', '«карантин отменяют, садики открывают»', '«снятие ограничений, открытие магазинов»', '«резкое снятие ограничений по коронавирусу. Давно пора это сделать»']",3.0
2020-26,2020,26,"Волнения в США, начавшиеся после убийства афроамериканца полицейским","['«Американский полицейский при задержании задушил черного, а потом началось забастовки, ломай-круши, демократия на коне»', '«беспорядки в США»', '«события в США, демократия, пример подражания»', '«то, что в Америке бунт черных, настораживает»']",3.0
2020-26,2020,26,Экологическая катастрофа в Норильске,"['«В Норильске разлили нефть»', '«разлив нефтепродуктов в Норильске»', '«катастрофа на Севере»', '«утечка топлива, загрязнение окружающей среды»', '«нефть пролилась, не помню где»']",2.0
2020-26,2020,26,Другие события в России,"['«Умер Игнатьев»', '«дело по режиссеру Серебренникову»', '«Собчак избили»', '«перестрелка на шоссе, которая была с полицией. Это только в Москве»', '«затопляет Дальний Восток»']",2.0
2020-26,2020,26,Работа властных структур,"['«Все, что делал Мишустин со своей командой»', '«снижение ключевой ставки»', '«драка в саратовской Думе»']",1.0
2020-26,2020,26,ДТП с участием М. Ефремова,"['«События с Михаилом Ефремовым»', '«Ефремов сбил человека»', '«артист пьяный сбил машину»', '«артист человека убил в пьяном виде и под наркотиками, Ефремов Михаил»']",1.0
2020-26,2020,26,Повышение пенсии,"['«Будет индексироваться пенсия»', '«добавка к пенсии с 1 августа»', '«должны увеличивать пенсии»']",1.0
2020-26,2020,26,Рост тарифов на коммунальные услуги,"['«Подъем цен в ЖКХ»', '«с июля поднимаются коммунальные услуги»', '«цены на ЖКХ поднимают»', '«цены на свет повышаются»', '«повышение цен с 1 июля»']",1.0
2020-26,2020,26,События на Украине,"['«Международное положение – про Украину»', '«события на Донбассе»', '«события на Украине: обстрел Донбасса»']",1.0
2020-26,2020,26,Другие события в мире,"['«События в Белоруссии»', '«наводнение в Турции»']",1.0
2020-27,2020,27,"Голосование по поправкам в Конституцию, подведение итогов голосования","['«Выборы по Конституции и результаты голосования»', '«итоги референдума, процент “за” и “против”»', '«положительные результаты по поправкам в Конституцию»', '«про выборы – больше проголосовало за поправки»', '«общероссийское голосование по одобрению поправок в Конституцию»', '«поправки в Конституцию, фальсификация в голосовании»', '«голосование и радость жителей Нарьян-Мара о результате голосования».']",46.0
2020-27,2020,27,"Затрудняюсь ответить, нет ответа",[],34.0
2020-27,2020,27,"Пандемия коронавируса, связанные с ней новости","['«Обстановка с коронавирусом»', '«борьба с пандемией»', '«информация о коронавирусе»', '«обстановка в стране и крае по коронавирусу»', '«про коронавирус: что его остановили»', '«вторая волна коронавируса».']",9.0
2020-27,2020,27,"Выплаты, льготы социально незащищенным группам населения","['«Финансовая помощь населению»', '«помощь незащищенным, малообеспеченным людям»', '«помощь детям, социальные выплаты»', '«начисляют детские пособия, помощь многодетным»', '«добавляют детские пособия»', '«вторая выплата детям до 16 лет»', '«детям выплатили по 10 тысяч – спасибо правительству».']",7.0
2020-27,2020,27,"Волнения в США, связанные с расовой проблемой","['«Америка взбунтовалась»', '«ситуация в Америке, связанная с расовыми волнениями, погромами»', '«бунт в Америке»', '«в США – снос памятников, целование ног у негров»', '«прекращение существования “свободной зоны Сиэтла”».']",3.0
2020-27,2020,27,Парад Победы 24 июня,"['«День Победы – парад»', '«парад на Красной площади».']",2.0
2020-27,2020,27,"Ограничительные меры в России в связи с коронавирусом, постепенное снятие этих мер","['«Продолжение карантина»', '«продление карантина в Волгоградской области»', '«на 12 дней карантин опять продлили»', '«закрытые границы пока на выезд»', '«окончание коронавируса: открытие магазинов, открытие предприятий»', '«карантин с понедельника снимают, Крым открывают, кафе, торговые центры открывают».']",2.0
2020-27,2020,27,Выступления и действия В. Путина,"['«Помощь Путина»', '«обращение президента»', '«выступление Путина»', '«выступление Путина про коронавирус»', '«заявление Путина о войне»', '«Путин обещал, что скоро будет вакцина»', '«Путин приезжал на открытие памятника».']",2.0
2020-27,2020,27,Другие события в России,"['«Сдача ЕГЭ»', '«о забастовках в Москве в день выборов»', '«смерть отца Хабиба Нурмагомедова»', '«перевод времени в Волгограде назад».']",2.0
2020-27,2020,27,Другие события в мире,"['«Разрушение памятника в Бристоле»', '«на границе с Монголией обнаружена чума»', '«в Африке 350 слонов погибли почему-то».']",2.0
2020-27,2020,27,Работа властных структур,"['«Прямая трансляция с регионами в новостях, со всеми главами регионов. Это очень правильно»', '«очередные налоги, которых раньше не было – например, на воду»', '«снижение НДС по налоговым ставкам»', '«присвоение городам звания “Трудовой славы”».']",1.0
2020-27,2020,27,Рост тарифов на коммунальные услуги,"['«Подорожание ЖКХ»', '«повышение коммунальных услуг»', '«повышение с 1 июля цен на ЖКХ».']",1.0
2020-27,2020,27,Открытие мемориала под Ржевом,"['«Поставили мемориал “Солдат” в городе Ржеве в честь 75-летия ко Дню Победы»', '«открытие памятника под Ржевом»', '«открылся памятник солдату – с пятиэтажный дом, подсветка».']",1.0
2020-27,2020,27,Повышение пенсии,"['«Индексация пенсии»', '«о повышении пенсии»', '«повышение пенсии в мае, июне, но не для моего возраста».']",1.0
2020-27,2020,27,Природные катаклизмы в России,"['«Катаклизмы погодные»', '«шторм, крушения кругом, пожары и наводнения»', '«пожары в Сибири, на Дальнем Востоке»', '«о пожарах на Камчатке».']",1.0
2020-27,2020,27,ДТП с участием М. Ефремова,"['«Авария с Ефремовым»', '«сложная ситуация с актером Михаилом Ефремовым»', '«Ефремов был пьян, и из-за него погиб Захаров. Родные Захарова не берут от него помощь».']",1.0
2020-28,2020,28,"Затрудняюсь ответить, нет ответа",[],44.0
2020-28,2020,28,"Голосование по поправкам в Конституцию, подведение итогов голосования","['«Были конституционные выборы»', '«выборы по Конституции»', '«голосование за Конституцию»', '«смена Конституции»', '«вступление в силу поправок в Конституцию»', '«Путин обнулился»', '«голосование по поправкам провели грамотно»', '«поправки к Конституции нечестные»', '«всё вранье, что проголосовали 78%, – народ устал»']",18.0
2020-28,2020,28,"Арест губернатора Хабаровского края С. Фургала, митинги в его защиту","['«Губернатор, которого обвиняют в убийстве в 90-е годы»', '«губернатор Хабаровской области оказался причастен к убийству»', '«посадка Фургала»', '«задержание Фургала, митинг в Хабаровске»', '«выступления в Хабаровске, история с губернатором Фургалом»', '«Хабаровск: восстание за Фургала – губернатора»', '«в Хабаровске на защиту губернатора народ встал и пошел на митинги. Это самое яркое»']",12.0
2020-28,2020,28,"Пандемия коронавируса, связанные с ней новости","['«Вопросы борьбы с коронавирусом»', '«информация о коронавирусе»', '«сведения оперативного штаба по коронавирусу»', '«коронавирус нас покидает»', '«сокращаются заболевания, сокращается смертность»', '«рост заболеваемости коронавирусом»', '«вторая волна коронавируса»', '«о том, что второй волны коронавируса не будет. Отменили»']",12.0
2020-28,2020,28,Природные катаклизмы в России,"['«Аномальная жара по всей России»', '«наводнения, пожары»', '«жара 40 градусов, ливень»', '«ливень в Геленджике»', '«пожары лесные, затопление, дамбу прорвало»', '«дамбу прорвало в Подмосковье, пожар в Якутии»']",6.0
2020-28,2020,28,"Выплаты, льготы социально незащищенным группам населения","['«Выплаты безработным»', '«выплаты малоимущим»', '«соцвыплаты семьям с детьми и гражданам преклонного возраста»', '«помогают многодетным семьям»', '«помощь ветеранам, отношение к ветеранам»', '«пособие на детей»', '«повторная выплата детям до 16 лет»']",5.0
2020-28,2020,28,"Ограничительные меры в России в связи с коронавирусом, постепенное снятие этих мер","['«Продление карантина»', '«ужесточение масочного режима»', '«отменяют с 13 июля масочный режим»', '«снятие ограничений»', '«возможность введения новых ограничений в связи с ухудшением ситуации с коронавирусом»', '«в Москве открываются детские сады»', '«всё открыли в Москве – стадионы и вузы»']",3.0
2020-28,2020,28,"Аресты российских журналистов, общественных и политических деятелей","['«Политические репрессии»', '«политические аресты»', '«задержание журналистов, давление на них»', '«арест журналиста Сафронова»', '«арест советника Роскосмоса»', '«я переживаю за Ивана Сафронова. Чтобы остался он на свободе»', '«арест Верзилова»', '«Платошкина оставили под домашним арестом»']",3.0
2020-28,2020,28,Работа властных структур,"['«Хорошая работа правительства»', '«работа правительства – отслеживаю»', '«разрешение продажи алкоголя до 23 часов»']",2.0
2020-28,2020,28,Криминальные события,"['«Бывший член партии “Единая Россия” зарезал ножом 44-летнего мужчину»', '«пропала девочка, нашли сегодня мертвой»', '«убили бабушек»', '«перестрелка в городе, убийство и кража – из местных новостей»']",2.0
2020-28,2020,28,Другие события в мире,"['«Бубонная чума в Китае»', '«обвинение России в подкупе талибов, снос памятников по всему миру»', '«индейцам вернули Оклахому»', '«события в Белграде»']",2.0
2020-28,2020,28,"ДТП с участием М. Ефремова, отклики на это событие","['«Ситуация с Ефремовым»', '«авария, которую совершил пьяный Ефремов»', '«авария – нашего артиста защищают»', '«обсуждение Ефремова»']",1.0
2020-28,2020,28,События на Украине,"['«Привлекают события на Украине»', '«волнуют наши люди на востоке Украины, в Донбассе»', '«нарастание действий на Украине негативных»']",1.0
2020-28,2020,28,"Волнения в США, связанные с расовой проблемой","['«Ситуация в США с черными бунтами»', '«про массовые беспорядки в США»', '«негры в Америке»']",1.0
2020-28,2020,28,"Новости, посвященные образованию","['«Сдача ЕГЭ»', '«дистанционное обучение детей»', '«образование: выходим ли в школу или нет»', '«1 сентября не будет линейки»', '«первого звонка в сентябре не будет»']",1.0
2020-28,2020,28,Выступления и действия В. Путина,"['«Деятельность президента»', '«выступления Путина про политику»', '«Путин высказался, что мы ценим человека труда, а зарплата 22 тысячи рублей»']",1.0
2020-28,2020,28,Рост тарифов на коммунальные услуги,"['«Возмущает повышение на ЖКХ без причины»', '«по поводу дорожания отопления»', '«подорожало ЖКХ»']",1.0
2020-28,2020,28,Парад Победы 24 июня,"['«Парад Победы»', '«Парад Победы: душа радуется, и я благодарна всем»']",1.0
2020-28,2020,28,Изменение статуса собора Святой Софии в Стамбуле,"['«Что собор Святой Софии перевели в мечеть»', '«Турция: по поводу Софийского собора»', '«перевод собора Софии»']",1.0
2020-28,2020,28,Другие события в России,"['«Обращение жителей Оренбургской области к Путину»', '«сокращение реализации нефти и газа»', '«Московский экономический форум»', '«обелиск под Ржевом»', '«фестиваль в Крыму»', '«в Брянске прошёл праздник – “Всероссийский день поля”»']",1.0
2020-29,2020,29,"Затрудняюсь ответить, нет ответа",[],47.0
2020-29,2020,29,"Арест губернатора Хабаровского края С. Фургала, митинги в его защиту","['«Весь народ бастует в Хабаровском крае»', '«возбуждение волны в Хабаровском крае, что посадили губернатора»', '«как наши митингуют за Фургала»', '«на Дальнем Востоке восстание»', '«порадовала новость о задержании Фургала»', '«события на востоке нашей страны: забрали губернатора в Москву, арестовали»', '«хабаровская трагедия, забрали несправедливо губернатора»']",16.0
2020-29,2020,29,"Пандемия коронавируса, связанные с ней новости","['«Болезнь, умирают люди от вируса»', '«борьба с пандемией»', '«изобрели вакцину от коронавируса»', '«коронавирус распространяется по всей стране»', '«коронавирус спадает»', '«о второй волне коронавируса»', '«статистика заболеваемости»']",12.0
2020-29,2020,29,Природные катаклизмы в России,"['«Всякие катаклизмы: Ростов заливает, в Поволжье жара»', '«катастрофы в России – пожары, наводнения, смерч, страдают люди»', '«много пожаров в России, много наводнений, с пожарами Россия справляется хорошо»', '«наводнение в Подмосковье»', '«наводнение – Сочи, Краснодар»', '«потоп в Ростове-на-Дону»', '«ЧС в связи с пожарами и наводнениями»']",8.0
2020-29,2020,29,"Голосование по поправкам в Конституцию, подведение итогов голосования","['«Конституция и поправки в нее»', '«по Конституции там хотели что-то обновить»', '«последние выборы о Конституции»', '«проценты по голосованию по внесению поправок в Конституцию»', '«прошедшее голосование о Конституции»', '«результаты голосования»']",5.0
2020-29,2020,29,"Выплаты, льготы социально незащищенным группам населения","['«Выплаты, детские пособия»', '«выплаты денежные»', '«о выплатах»', '«получение пособий для самозанятых»', '«помощь людям, которые потеряли работу, дополнительные выплаты»', '«обещали пенсионерам 4-5 тысяч из-за пандемии»', '«выплата пособий детям и безработным»']",3.0
2020-29,2020,29,Рост тарифов на коммунальные услуги,"['«Повышение цен на газ с 1 августа»', '«цены на газ повышают»', '«цены на продукты питания»', '«цены поднялись на квартиру, газ, воду»']",2.0
2020-29,2020,29,Другие события в России,"['«175 лет праздновали географическому обществу»', '«всеобщая мобилизация»', '«депутата Московской области должны были посадить за кражу»', '«за выслугу лет удерживают у пенсионеров надбавку»', '«закрытие “Ленэкспо”»', '«что первое сентября онлайн, и будет ли учеба как обычно»', '«обещали не арестовывать счета во время пандемии, но у меня арестовали»', '«подступает бубонная чума, очередная пандемия»', '«то, что жестоко избивают людей на улице и сажают в тюрьму за демократический разговор»']",2.0
2020-29,2020,29,"Ограничительные меры в России в связи с коронавирусом, постепенное снятие этих мер","['«В Питере продлили режим закрытия заведений – баров, кафе и т.д.»', '«выход из карантина, третий или второй этап»', '«ковид-19 – что идет на спад, снимают ограничения»', '«отмена коронавирусных мер»', '«продление карантина»', '«снятие масочного режима»']",1.0
2020-29,2020,29,События на Украине,"['«Выход Украины из Минских соглашений: значит, война будет»', '«отношение с Украиной»', '«подготовка к войне на Украине»', '«Украина и Донбасс»', '«Украина интересует»']",1.0
2020-29,2020,29,Конфликт между Арменией и Азербайджаном,"['«Конфликт Азербайджана с Арменией»', '«ситуация между Арменией и Азербайджаном»', '«нападение азербайджанцев на Армению»', '«армяно-азербайджанский конфликт»', '«эскалация конфликта Азербайджан – Армения»']",1.0
2020-29,2020,29,Экологическая катастрофа в Норильске,"['«Авария на “Норникеле” очередная»', '«разлив нефти в реку»', '«разлив топлива в Норильске, заражение окружающей среды»', '«разлив мазута под Норильском»', '«разлив дизтоплива в Сибири в ХМАО»', '«экологическая катастрофа»']",1.0
2020-29,2020,29,Работа властных структур,"['«Вопрос с деноминацией»', '«Набиулина согласилась с мнением Гладьева»', '«ограничили права приставов»', '«упрощенное усыновление детей»', '«штрафы для владельцев автомобилей»']",1.0
2020-29,2020,29,"Волнения в США, связанные с расовой проблемой","['«Беспорядки в США»', '«протесты в США»', '«Америка буянит»', '«обстановка в США – черно-белое взаимодействие, противостояние»', '«события в Америке с притеснением прав черных людей»', '«демонстрации чернокожих в Америке»']",1.0
2020-29,2020,29,Митинги протеста в Москве и Санкт-Петербурге,"['«Митинги в Питере и Москве, против Путина, против обнуления»', '«протесты в Москве и Петербурге»', '«разгон демонстрации в Москве»', '«митинги в Москве»']",1.0
2020-29,2020,29,Подготовка к празднованию Дня ВМФ,"['«Будет парад военно-морской»', '«парад военно-морского флота»', '«подготовка к параду в Питере»', '«предстоящий праздник – День ВМФ»']",1.0
2020-29,2020,29,"Аресты российских журналистов, общественных и политических деятелей","['«Арест журналиста Сафронова»', '«аресты политических противников»', '«задержание журналистов»', '«задержание в Москве»', '«незаконный арест журналиста»']",1.0
2020-29,2020,29,Повышение пенсий,"['«О повышении пенсии»', '«про пенсии»', '«лишь бы мне увеличили индексацию пенсии, обещанную еще полгода назад»']",1.0
2020-29,2020,29,"Аварии, пожары, несчастные случаи","['«Был пожар в Самаре»', '«гибель водителя кормовоза»', '«девочка погибла в Листвянке, шли в поход»', '«Ефремов»', '«пожар на заводе пластика»', '«церковь Петра и Павла горела»']",1.0
2020-29,2020,29,Другие события в мире,"['«В Сирии поймали бандитов»', '«встреча с Лукашенко»', '«выборы в Беларуси»', '«нападки со стороны иностранных государств США, Великобритании по поводу вакцины от коронавируса»', '«не нравится поведение США»', '«о сбитом самолете»', '«попытка открыть границу с Республикой Беларусь»', '«решение президента Турции Эрдогана – собор Святой Софии будет мечетью»', '«самолеты-разведчики летали в небе»', '«санкции против “Северного потока-2”, “Турецкого потока”»']",1.0
2020-30,2020,30,"Арест губернатора Хабаровского края С. Фургала, митинги в его защиту, назначение М. Дегтярева и.о. губернатора","['Про Фургала: его выставили не в лучшем свете, и во всем виновато правительство', 'посадили в тюрьму Фургала', 'Фургал много людям давал, и его захапали', 'что происходит в Хабаровском крае: общественные движения народа на защиту своего губернатора', 'в Хабаровске идут массовые волнения, люди в поддержку избранного губернатора делают демонстрации', 'митинги в Хабаровске. Полностью поддерживаю людей. К сожалению, это не освещает телевидение', 'хабаровские протесты – молодцы', 'Хабаровск – сменили главу края', 'события в Хабаровском крае. Со стороны президента это плевок людям в лицо: назначили глупого губернатора, в его резюме куча глупостей']",19.0
2020-30,2020,30,"Эпидемия коронавируса, связанные с ней новости, защитные меры","['Борьба с коронавирусом', 'информация по ковид-19', 'о количестве заболевших от ковида за день', 'правительство снимает ограничения после пандемии', 'заканчивается самоизоляция', 'снижается количество заболевших и увеличивается количество выздоровевших от коронавируса', 'коронавирус. Разработка вакцины', 'по области продлили ограничительные меры', 'вновь будет карантин', 'опять возвращается коронавирус', 'вторая волна ковида – обсуждения в СМИ']",10.0
2020-30,2020,30,Подготовка и празднование Дня военно-морского флота,"['26 июля будет День военно-морского флота', 'День ВМФ', 'подготовка к параду ВМФ', 'военно-морской парад', 'сегодняшний день привлек внимание – День морского флота, парад замечательный!']",5.0
2020-30,2020,30,Природные катаклизмы в России,"['Аномальные погодные условия', 'пожар в Сибири в лесах', 'пожары в лесах Якутии, Сибири', 'Свердловская область затоплена', 'ливень в Краснодаре', 'затопило на Байкале людей']",4.0
2020-30,2020,30,Работа властных структур,"['В России готовится деноминация и девальвация рубля', 'изменение порядка получения российского гражданства', 'отчет правительства в Думе', 'списание кредита Сбербанку – 150 млрд', 'Мизулина предлагает законодательно закрепить, что брак – это только союз мужчины и женщины', 'штраф для грибников']",3.0
2020-30,2020,30,"Выплаты, льготы социально незащищенным группам населения","['Поддержка семей с детьми', 'помогает многодетным семьям государство', 'детям-инвалидам, пенсионерам хорошо помогает государство', 'дополнительные разовые выплаты детских пособий в связи с пандемией. Это очень разумное предложение', 'о постоянной выплате пособий для детей до 7 лет']",3.0
2020-30,2020,30,Голосование по поправкам в Конституцию,"['Голосование об изменении в Конституции', 'поправки по Конституции и заинтересованность, как это будет в дальнейшем работать', 'голосование за поправки', 'о нечестном голосовании за поправки в Конституцию в некоторых регионах']",2.0
2020-30,2020,30,События на Украине,"['Отношения России с Украиной', 'ужас в Украине. Жалко мне их', 'захват заложников на Украине', 'захват автобуса в Луцке']",2.0
2020-30,2020,30,Открытие авиасообщения с некоторыми странами после эпидемии коронавируса,"['Открывают полеты за границу', 'открытие авиасообщения с зарубежными странами', 'открытие границ международного сообщения с 1 августа', 'открытие границ с тремя странами', 'открытие Турции']",2.0
2020-30,2020,30,Другие события в России,"['Суд над Дмитриевым из Карелии', 'падает процент по вкладам', 'победа “Зенита” в кубке, проигрыш Александра Емельяненко Исмаилу в боях без правил', 'отдых в Краснодарском крае: большой наплыв отдыхающих', 'в Забайкальском крае появилось заболевание, от которого погибают свиньи']",2.0
2020-30,2020,30,Другие события в мире,"['Протесты в Белоруссии', 'храм Софии перешел в Турции в мусульманское владение из христианского', 'попытки американских и немецких самолетов проникнуть на нашу территорию', 'американский самолет очень близко летел к иранскому самолету – это меня обеспокоило']",2.0
2020-30,2020,30,Повышение пенсий,"['О повышении пенсии', 'надбавки пенсионерам обещают', 'повышение с 1 августа пенсии', 'мизерные добавки к пенсии']",1.0
2020-30,2020,30,Армяно-азербайджанский вооруженный конфликт,"['Конфликт Армении и Азербайджана', 'инцидент в Армении, Азербайджане', 'война между Азербайджаном и Арменией', 'армяне с азербайджанцами воюют']",1.0
2020-30,2020,30,"Новости, посвященные образованию","['О работе школ, начиная с сентября', 'по поводу школ. Обрадовало то, что не будет дистанционного образования', 'про учебу: будет или нет 1 сентября', 'информация по поводу ЕГЭ: математика и химия сложные']",1.0
2020-30,2020,30,Напряженная обстановка в США,"['Ситуация в США', 'что в Америке делается', 'в Америке творится что-то плохое', 'в Америке бардак']",1.0
2020-30,2020,30,Действия В. Путина,"['Про Путина', 'хорошая политическая работа Путина', 'президент выдал помощь на детей', 'поездка Путина в Крым', 'на параде у Путина был плохой вид – наверное, болеет']",1.0
2020-30,2020,30,Принятие закона о компенсации за отдых в России,"['Летний отдых: компенсация за отдых', 'указ о возвращении денег, потраченных на турпутевку', 'компенсируют людям отдыхающим отдых', 'будут туристам возвращать 50% – тем, кто будет отдыхать на российских курортах']",1.0
2020-32,2020,32,Взрыв в Бейруте,"['Бейрут – страшные вещи', 'взрыв в порту Ливана', 'катастрофа в Бейруте – взрыв гигантский', 'взрыв аммиачной селитры', 'взрыв селитры русского какого-то бизнесмена. Жалко людей', 'взрыв, по которому оказывали гуманитарную помощь, — наша положительная черта']",19.0
2020-32,2020,32,"Арест С. Фургала, митинги в его защиту, назначение М. Дегтярева и.о. губернатора","['Фургала задержали – люди протестуют, а их не слышат', 'ситуация в Хабаровске, связанная с Михаилом Дегтяревым', 'ситуация в Хабаровске – театр с губернатором', 'события в Хабаровске, митинги в связи с арестом Фургала', 'насчет протестов в Хабаровске – молодцы, стоят, отстаивают своего губернатора', 'Хабаровск, вся Сибирь негодует', 'почему по телевидению не показывают забастовки в Хабаровском крае?']",14.0
2020-32,2020,32,"Эпидемия коронавируса, связанные с ней новости, защитные меры","['Борьба с коронавирусом', 'текущие события с коронавирусом в России и мире', 'ковид беспокоит, радует, что пошло в лучшую сторону', 'информация о пандемии, вторая волна', 'вакцину нашли и вторая волна', 'увеличивающееся количество зараженных в Омской области', 'в Башкирии пик заболеваемости, и это скрывают, больницы переполнены, скорые не едут']",11.0
2020-32,2020,32,Арест российских граждан в Белоруссии,"['Проблемы с нашими гражданами в Беларуси', 'господин Лукашенко: задержаны 33 богатыря', 'в Белоруссии захватили наших российских людей', 'арест российских граждан в Белоруссии', 'задержание представителей частной военной компании на территории Беларуси']",8.0
2020-32,2020,32,Президентские выборы в Белоруссии,"['Ситуация с выборами президента в Белоруссии', 'Беларусь – выборы, энтузиазм народа', 'митинги в Белоруссии', 'протесты в Белоруссии']",4.0
2020-32,2020,32,Природные катаклизмы в России,"['Наводнения в Сибири', 'наводнения в Забайкалье', 'потопы везде, идет помощь всем людям, которые пострадали', 'горит лес в России, тушить некому', 'пожары в Сибири', 'пожары в Якутии медленно ликвидируют', 'засуха в Курганской области меня как жителя волнует больше всего. Лесные пожары от засухи в области']",4.0
2020-32,2020,32,"Выплаты, льготы социально незащищенным группам населения","['Выплаты в связи с коронавирусом', 'выплаты медработникам', 'выплаты детям продолжаются', 'добавки на детей Путин ввел', 'выплаты детям во второй половине августа', 'выплаты детям от 3 до 16 лет', 'о выплатах на ребенка как матери-одиночке', 'выплаты капитала за третьего ребенка']",3.0
2020-32,2020,32,Работа властных структур,"['Очередные законы, которые работают против граждан', 'распределение бюджета на образование и медицину', 'решили бюджет убавить у армии и медицины', 'закон о закрытии кальянов', 'деньги выделяли на госнужды в районах региона']",3.0
2020-32,2020,32,"ДТП с участием М. Ефремова, суд над ним","['Инцидент с Михаилом Ефремовым', 'Ефремов под домашним арестом', 'Ефремов, суд', 'какой будет приговор Михаилу Ефремову? Мы считаем, что должна восторжествовать справедливость, хоть он и известный актер']",2.0
2020-32,2020,32,Другие события в России,"['Отмена статуса озера Байкал', 'закрытие Фонда борьбы с коррупцией', 'много людей отдыхает на Черном море, в Крыму, не соблюдают масочный режим', 'начали делать дороги в Иркутской области, и в самом Иркутске строят торговые центры']",2.0
2020-32,2020,32,Другие события в мире,"['Конфликт Трампа и Китая', 'конфликт в Армении', 'митинги в Германии', 'в Китае открыли новый вирус']",2.0
2020-32,2020,32,Голосование по поправкам в Конституцию,"['Голосование по изменениям в Конституции', 'то, что после голосования сразу начались изменения', 'обман с Конституцией']",1.0
2020-32,2020,32,События на Украине,"['Украина', 'на Украине ничего хорошего', 'Донбасс']",1.0
2020-32,2020,32,Открытие авиасообщения с некоторыми странами после ослабления эпидемии коронавируса,"['Открытие границ с другими странами, авиасообщения отлажены, именно чартерные рейсы', 'открыли границы Турции и Великобритании', 'Турция открылась']",1.0
2020-32,2020,32,Авиакатастрофа в Индии,"['Падение самолета в Индии', 'самолет в Индии упал', 'самолет в Индии сел, вылетел за полосу и развалился']",1.0
2020-32,2020,32,"Новости, посвященные образованию","['Об образовании', 'дистанционка – продление', 'коронавирус – обучение детей в школе']",1.0
2020-32,2020,32,"Рост цен, тарифов на коммунальные услуги, налогов","['Повышение цен', 'различные повышения налогов, повышение НДФЛ', 'рост цен на бензин, на газ', 'то, что цены поднялись на “Платон”. Зажимают и зажимают. Ничего хорошего не слышал пока']",1.0
2020-33,2020,33,"Затрудняюсь ответить, нет ответа",[],39.0
2020-33,2020,33,"Президентские выборы в Белоруссии, акции протеста против фальсификации результатов выборов","['«Беларусь, Минск, выборы»', '«совершенно нечестные выборы в Белоруссии и связанные с этим протесты»', '«события в Белоруссии: много народу выступает против Лукашенко»', '«ситуация в Белоруссии: выборы и митинги, избиение людей»', '«Беларусь – вопиющая фальсификация на выборах, издевательство над людьми, которые вышли против фальсификации»', '«Беларусь: о мирных протестах, как власть проявляет насилие против протестующих»']",36.0
2020-33,2020,33,Митинги в Хабаровске в защиту арестованного губернатора С. Фургала,"['«Хабаровские волнения»', '«в Хабаровске требуют честного суда»', '«Хабаровск – стабильные митинги в поддержку Фургала и против централизации российской власти»', '«Хабаровск – народ больше месяца выходит на улицу, а их не слышат»', '«народ в Хабаровске встает против Путина»']",12.0
2020-33,2020,33,"Эпидемия коронавируса, связанные с ней новости, изобретение вакцины","['«Коронавирус – заболевшие и распространение»', '«ситуация в Москве с коронавирусом, как скоро он закончится»', '«ограничения сняты»', '«о том, что вторая волна коронавируса»', '«лекарство от коронавируса»', '«об эпидемии коронавируса и про прививки против пандемии»']",11.0
2020-33,2020,33,Взрыв в Бейруте,"['«События в Бейруте»', '«за границей взорвался аммиак»', '«большой взрыв в Ливане, много погибших»']",4.0
2020-33,2020,33,Работа властных структур,"['«Отчет в Госдуме Мишустина»', '«Мишустин поехал на Дальний Восток»', '«приезд Володина в Саратов»', '«сказали, что прибавят пенсию, ноне прибавили»']",3.0
2020-33,2020,33,"Выплаты, льготы социально незащищенным группам населения","['«Помощь людям в период коронавируса»', '«детям добавляют выплаты, врачам, которые боролись с вирусом»', '«пособия на детей, выплаты»', '«пособие на детей от 3 до 16 лет»', '«выплата 10 тысяч рублей»']",2.0
2020-33,2020,33,Природные катаклизмы в России,"['«Леса горят»', '«ситуация в стране: пожары, наводнения»', '«наводнения и пожары. Краснодарский край тонет, Новороссийск тонет»', '«Дальний Восток, где произошло наводнение, пожары в стране»', '«пожары на Амуре, на Урале»']",2.0
2020-33,2020,33,Другие события в России,"['«Митинги в Питере, Москве, других городах»', '«митинг в Новосибирске»', '«в Северной Осетии арест некоторых чиновников»', '«в Москве опубликован план переселения по реновации»', '«в Волгограде заправка взорвалась»']",2.0
2020-33,2020,33,Другие события в мире,"['«Крушение японского танкера»', '«погромы в Америке, Чикаго»']",2.0
2020-33,2020,33,"Новости, посвященные образованию","['«Отслеживаю, что пишет пресса о начале учебного года»', '«образование, школа: будет ли дистанционное обучение?»', '«образование: заинтересовало, будут ли дети учиться: во многих семьях нет компьютеров. Поломался ноутбук, и я не в силах его купить»']",1.0
2020-33,2020,33,"Рост цен, тарифов на коммунальные услуги, налогов","['«Вопросы о высоких налогах»', '«повышение тарифов на жилье и цены в магазинах»', '«повышение цен на электронику»']",1.0
2020-33,2020,33,Арест российских граждан в Белоруссии,"['«Захватили в Белоруссии наших людей – 30 с лишним человек»', '«Белоруссия: когда 33 человека российских взяли там, задержали»', '«как попали 33 русских в Белоруссии: заявления Лукашенко разные по смыслу»']",1.0
2020-33,2020,33,Действия В. Путина,"['«Встречи Путина с различными руководителями»', '«встреча Путина с губернатором Камчатки»', '«Путин подписал указ, что сейчас генералы не будут носить каракулевые шапки»']",1.0
2020-33,2020,33,События на Украине,"['«Всё то, что творится на Украине»', '«Украина – беспорядки»']",1.0
2020-33,2020,33,Митинги в защиту горы Куштау в Башкортостане,"['«Ситуация в Башкортостане: гора Куштау»', '«митингуют: события в Башкирии, где хотят уничтожить шиханы»', '«движение в защиту горы Куштау»']",1.0
2020-34,2020,34,"Президентские выборы в Белоруссии, акции протеста против фальсификации результатов выборов","['Беларусь, всё, что ее касается', 'Беларусь: вся ситуация, что там происходит', 'больше слушаем, что делается в Белоруссии, переживаем', 'мы переживаем за Белоруссию: это наш сосед, партнер', 'митинги в Белоруссии по поводу президентских выборов', 'народное восстание в Минске, в Белоруссии, восстание народа', 'в Белоруссии революция', 'в Минске и в Белоруссии не очень хорошо: страшно-вато становится', 'в Белоруссии ситуация, которая напоминает Украину в 2014 году', 'выборы в Белоруссии, мы за Лукашенко']",39.0
2020-34,2020,34,Отравление А. Навального,"['Ситуация с Навальным', 'события в Омске: отравление Навального', 'отравление Навального', 'попытка убийства Навального', 'Навальный в коме', 'как Навального сняли с самолета']",9.0
2020-34,2020,34,Митинги в Хабаровске в защиту арестованного губернатора С. Фургала,"['Ситуация с Фургалом', 'в Хабаровске Фургала посадили', 'митинги в Хабаровске', 'события в Хабаровске: забастовки', 'Дальний Восток: забастовки в Хабаровске']",8.0
2020-34,2020,34,"Эпидемия коронавируса, связанные с ней новости, создание вакцины","['Обстановка с коронавирусом', 'развитие пандемии в стране', 'изоляция заканчивается', 'в связи с ковидом – прививки', 'вакцинация от коронавируса', 'в Челябинске снятие ограничительных мер']",7.0
2020-34,2020,34,Поездка М. Мишустина на Дальний Восток,"['Мишустин ездил по областям с проверками', 'ездил по Северу Мишустин', 'поездки Мишустина по Сибири и дальше', 'поездка Мишустина по Дальнему Востоку', 'премьер проехал на Дальний Восток', 'Мишустин был в Приморском крае', 'Мишустин был на Дальнем Востоке и меры поддержки предпримет']",3.0
2020-34,2020,34,"Новости, посвященные образованию","['Начало нового учебного года', 'обучение 1 сентября', 'как в школе начнется учебный год', 'пойдут ли дети в школу', 'про обучение детей в школе', 'как будут школьники учиться и будут ли учиться', 'карантин могут опять поставить в школе с 15 сентября']",2.0
2020-34,2020,34,Природные катаклизмы в России,"['Глобальное потепление и похолодание, дожди', 'пожары везде в Сибири', 'леса горят', 'пожары в Красноярском крае', 'пожары, наводнения всякие, Алтайский край горит сильно, люди страдают, мучаются', 'город затопило – наш город, Благовещенск']",2.0
2020-34,2020,34,Митинги в защиту горы Куштау в Башкортостане,"['События в Башкирии – насчет горы', 'в Башкирии хотят гору забрать, чтобы добывать известняк', 'в Башкирии разрабатывают производство соды, что привело к митингу', 'бунт в Башкирии', 'в Башкирии защищали гору Куштау, историческая гора. Ее отстояли']",2.0
2020-34,2020,34,Другие события в России,"['В Ярославле взорвался дом, жертвы есть', 'День российского флага', 'деньги медработникам не доходят', 'провели телефонизацию села нашей области', 'смерть Легкоступовой', 'губернатор Архангельской области хорошо начал работать']",2.0
2020-34,2020,34,События на Украине,"['Украина: все разговоры', 'что происходит на Украине', 'плачевная ситуация в Украине', 'Украина: плохо там всё, фашисты пришли к власти почти', 'люди, которые пострадали в Донбассе']",1.0
2020-34,2020,34,Работа властных структур,"['Что будет позволяться налоговой службе', 'решение по поводу отслеживания пенсионеров, кто сдает жильё', 'изменение закона для автовладельцев', 'транспортный налог хотят отменить', 'готовятся выборы, у нас ездит Махонин везде, светится на стройках']",1.0
2020-34,2020,34,"Выплаты, льготы социально незащищенным группам населения","['Выплаты детям', 'обещают выплаты на детей в августе', 'выплаты с 3 до 16 лет', 'десять тысяч на ребенка каждому к 1 сентябрю', 'пенсия: добавку пенсионерам']",1.0
2020-34,2020,34,"ДТП с участием М. Ефремова, суд над ним","['Про Михаила Ефремова', 'когда закончится трёп по поводу Ефремова', 'актер сделал аварию, задавил человека, отмазывают его. Если бы был простой человек, давно бы сидел на нарах. Закон для всех одинаковый должен быть']",1.0
2020-34,2020,34,Взрыв в Бейруте,"['Взрыв в Бейруте', 'взрыв: аммиачная селитра взорвалась']",1.0
2020-34,2020,34,"Рост цен, тарифов на коммунальные услуги","['Цены растут как грибы', 'платеж за квартиру повышается, цены в магазине повышаются', 'цены на услуги ЖКХ', 'нефть дорожает или дешевеет, а бензин дорожает']",1.0
2020-34,2020,34,Другие события в мире,"['Что творится в США', 'события в Иране', 'футбол шел у нас, первенство Европы', 'Илон Маск спросил, чем может помочь Белоруссии', 'смерть российского генерала в Сирии']",1.0
2020-35,2020,35,События в Белоруссии,"['Все события в братской Белоруссии', 'беспорядки в Белоруссии', 'то, что творится в Белоруссии. Лукашенко молодец, что сражается за власть, это происки извне', 'Белоруссия: хотят американцы устроить майдан', 'тема Белоруссии. Если Беларусь добьют, возьмутся за нас', 'беда в Белоруссии', 'новости Белоруссии']",32.0
2020-35,2020,35,"Эпидемия коронавируса, связанные с ней новости, изобретение вакцины","['Информация о коронавирусе', 'масочный режим коронавируса, ограничение передвижения', 'рост заболеваний в нашей области', 'события о коронавирусе. Людей замучили карантином, из мухи сделали слона, еще и штрафы заставляют платить', 'создали вакцину против коронавируса', 'вторая волна эпидемии', 'когда пандемия закончится?']",8.0
2020-35,2020,35,Отравление А. Навального,"['Новости про Навального', 'что происходит с Алексеем Навальным', 'об отравлении Навального – кто, зачем?', 'жалко Навального']",7.0
2020-35,2020,35,Митинги в Хабаровске в защиту арестованного губернатора С. Фургала,"['События в Хабаровске', 'митинги в Хабаровске, равнодушие власти к этому вопросу', 'митинги в Хабаровске проходят уже месяц']",6.0
2020-35,2020,35,Природные катаклизмы в России,"['Природные аномалии в нашей стране – наводнения, пожары. Большие масштабы, и страдают люди', 'пожары в российских лесах', 'тайга горит, всё горит', 'пожаров очень много – это страшно, где-то затопило', 'наводнение на Дальнем Востоке', 'затопило Амур-скую область', 'пожар в Оренбургской области']",4.0
2020-35,2020,35,Действия В. Путина,"['Интервью Путина', 'высказывание Путина о Белоруссии', 'Путин собрался спецназ отправлять на помощь Лукашенко', 'Путин сказал, что зарплаты всем поднимет', 'Путин приехал в Крым на открытие дороги']",3.0
2020-35,2020,35,"Новости, посвященные началу учебного года","['Сведения о школе, как учебный год начнется', 'порядок выхода детей на учебу', 'новости об учебе: дистанционно или не дистанционно?', 'возможность очно с 1 сентября пойти учиться в школу', 'школьники начинают учиться не дистанционно']",3.0
2020-35,2020,35,Работа властных структур,"['Выборы губернатора', 'в нашем регионе выборы в Думу', 'ЛДПР выступает в СМИ']",2.0
2020-35,2020,35,"События, связанные с защитой горы Куштау в Башкортостане","['Гора Куштау в Башкирии, события вокруг нее', 'гора в Башкирии, содовая компания', 'проверка содовой компании', 'надеюсь, что не будут гору пилить в Башкортостане']",2.0
2020-35,2020,35,События на Украине,"['Ситуация в Украине', 'больше всего волнует Украина', 'украинские – обстрел автобуса']",2.0
2020-35,2020,35,"Выплаты, льготы различным группам населения","['Материальные выплаты', 'пособия на детей', 'выплаты на детей, детские пособия', 'поддержка врачей', 'выплаты медикам']",2.0
2020-35,2020,35,Другие события в мире,"['Уход с поста японского правителя', 'турецкое правительство выявило газ', 'о спасении российской туристки в Альпах']",2.0
2020-35,2020,35,События в США,"['Америка: выборы', 'подготовка к выборам президента США', 'США: там Дональд Трамп никак не может разобраться с неграми', 'о митингах в США', 'погромы в штатах', 'пожар в Калифорнии']",1.0
2020-35,2020,35,Социально-экономические проблемы,"['Падение курса рубля', 'выплаты низкие', 'пенсионеры не могут получить денег, цены на бензин всё выше', 'ЖКХ – рост тарифов', 'повышение стоимости коммунальных услуг и всех остальных услуг']",1.0
2020-35,2020,35,"Открытие трассы «Таврида», события в Крыму","['Новости региона Крыма', 'пожар в Крыму', 'открытие дороги в Крыму', 'открыли трассу “Таврида”', 'открытие автомагистрали “Таврида”']",1.0
2020-35,2020,35,Суд над М. Ефремовым,"['Ефремов: суд над ним', 'Ефремов: виноват или не виноват?', 'осуждение Ефремова']",1.0
2020-35,2020,35,Поездка М. Мишустина по Дальнему Востоку,"['Поездка Мишустина на Дальний Восток', 'Мишутин появился на Дальнем Востоке', 'поездка Мишустина по регионам']",1.0
2020-35,2020,35,Другие события в России,"['Благовещенск: перегородили дорогу', 'митинг в Норильске', 'забастовки курьеров в Москве и шахтеров в Сибири', 'авария в Воро-нежской области заинтересовала']",1.0
2020-36,2020,36,"Затрудняюсь ответить, нет ответа",[],46.0
2020-36,2020,36,События в Белоруссии после президентских выборов,"['«Белоруссия – что творится в Белоруссии»', '«митинги в Белоруссии»', '«поддержка Белоруссии»', '«репрессии в Белоруссии»', '«цветная революция в Белоруссии»', '«смотрю про Белоруссию. Хотят сделать как в Украине, Лукашенко молодец»']",24.0
2020-36,2020,36,Отравление А. Навального,"['«Нашего оппозиционера отравили и вывезли его из страны»', '«история с Навальным»', '«разговоры об отравлении Навального»', '«якобы отравление Навального»', '«подтверждение Германией факта отравления Навального»', '«с Алексеем Навальным какие-то проблемы со здоровьем сейчас происходят, обвиняют в этом Путина»']",11.0
2020-36,2020,36,"Эпидемия коронавируса, связанные с ней новости, создание вакцины","['«Закрытие на карантин»', '«закончилась пандемия»', '«о том, что увеличились случаи заражения коронавирусом у нас в России и за границей»', '«информация о новой волне ковида»', '«вакцинация от коронавируса и вопрос второй волны»', '«производится вакцинация. Вакцина российская продвигается»']",8.0
2020-36,2020,36,Природные катаклизмы в России,"['«Аномальная жара»', '«во Владивостоке наводнение»', '«всё горит и полыхает, леса горят»', '«пожары, наводнения, стихийные бедствия, под Анапой сгорел заповедник»', '«наводнение в Приморском крае, пожары в Ростовской области»', '«пожары в лесах, ураган во Владивостоке»', '«Ростовская область полыхает, горят степи, леса»']",5.0
2020-36,2020,36,Суд над М. Ефремовым,"['«По Ефремову судебные тяжбы»', '«Ефремова посадят или не посадят?»', '«процесс с Ефремовым раздражает»', '«Михаил Ефремов как себя ведет»', '«Ефремов – слишком много о нем говорят»']",5.0
2020-36,2020,36,"Следствие по делу С. Фургала, митинги в Хабаровске в его защиту","['«О Фургале»', '«Фургал в Лефортово»', '«акции протеста в Хабаровском крае»', '«митинги в Хабаровске»', '«митинги на Дальнем Востоке»']",4.0
2020-36,2020,36,"Начало учебного года, вопросы дистанционного обучения в школах","['«1 сентября дети вышли в школу»', '«организация работы в школах 1 сентября»', '«начало учебного года. Вопросы школьного образования»', '«школьное образование: как будут учиться дети?»', '«не нравится обучение школьников онлайн»', '«дистанционное обучение»']",3.0
2020-36,2020,36,"Выплаты, льготы различным группам населения","['«Будут выдавать детские пособия»', '«выплата из бюджета на детей»', '«о социальной помощи в 10 тысяч»', '«помощь детям и пенсионерам»', '«помощь малоимущим семьям»']",2.0
2020-36,2020,36,Социально-экономические проблемы,"['«Рост цен, вопрос зарплат»', '«дорожают продукты и ЖКХ»', '«безработица»', '«благосостояние пенсионеров, маленькая пенсия»', '«обещал пенсии прибавить – не прибавил»', '«бедность»']",2.0
2020-36,2020,36,События на Украине,"['«Как ведет себя Украина»', '«на Украине то, что случилось»', '«на Украине не очень хорошо»']",1.0
2020-36,2020,36,Работа властных структур,"['«Вопросы об отмене вменённого налога»', '«отмена транспортного налога»', '«Цыбульский положительно к нам отнесся»']",1.0
2020-36,2020,36,Смерть российских актеров,"['«Ирина Печерникова, артистка – ее смерть»', '«смерть Бориса Клюева»', '«смерть актера Клюева, Андреева, Печерниковой»', '«смерть актера 1 сентября»', '«смерть хорошего актера»']",1.0
2020-36,2020,36,Выборы в России,"['«Предстоящие выборы»', '«выборы скоро»', '«голосование ожидается»']",1.0
2020-36,2020,36,"Праздники, памятные даты","['«Трагическая дата в Беслане»', '«годовщина Беслана, окончание Второй мировой войны»', '«День города – Москва»']",1.0
2020-36,2020,36,События в США,"['«Что в Америке творится»', '«события в Америке»']",1.0
2020-36,2020,36,Поездка М. Мишустина по Дальнему Востоку,"['«Мишустин ездил во Владивосток»', '«Мишустин на Дальнем Востоке»', '«Мишустин полетел на Дальний Восток со своей командой. Мне понравилось»']",1.0
2020-36,2020,36,"Аварии, несчастные случаи","['«Газовый взрыв в Москве»', '«взрыв газа в регионе. Очень часто стали взрываться дома от газа»', '«разлив нефти на Енисее»', '«девочка пропала трех лет»']",1.0
2020-36,2020,36,"События, связанные с защитой горы Куштау в Башкортостане","['«Гора Куштау»', '«башкирские дела по горе»', '«по поводу горы Куштау, где хотели построить завод»']",1.0
2020-36,2020,36,"Открытие трассы «Таврида», события в Крыму","['«Открытие трассы “Таврида” в Крыму»', '«трасса “Таврида”, сделали хорошую дорогу»', '«знаю, что достроили трассу»', '«ситуация в Крыму о воде»']",1.0
2020-36,2020,36,Другие события в России,"['«Форум “Армия-2020”»', '«танковый биатлон»', '«в Челябинской области неизвестными были украдены 38 миллионов из бюджета»']",1.0
2020-36,2020,36,Другие события в мире,"['«Новость о том, что ""Северный поток"" остановили»', '«спортивные события больше – триатлон, футбол»', '«Месси уходит из “Барселоны”»']",1.0
2020-37,2020,37,"Затрудняюсь ответить, нет ответа",[],47.0
2020-37,2020,37,События в Белоруссии после президентских выборов,"['«С Белоруссией: отвергают президента»', '«проблемы в Белоруссии – общественные разногласия»', '«избиение в Белоруссии людей ОМОНом»', '«волнения в Белоруссии»', '«протесты в Белоруссии»', '«нехорошая обстановка в Белоруссии, это все-таки наши западные границы»', '«Белоруссия – очень мягко, надо было не жалеть предателей и расстрелять прилюдно на площади»']",23.0
2020-37,2020,37,Отравление А. Навального,"['«Навального отравили и скрывают данные – от чего Навальный впал в кому, причина»', '«Навального отравили, а в новостях об этом ничего не сказали и уголовное дело не завели»', '«Навальный вышел из комы»']",9.0
2020-37,2020,37,"Эпидемия коронавируса, связанные с ней новости, создание вакцины","['«Все время про ковид говорят»', '«коронавируса вспышки»', '«увеличение роста заболеваемости ковидом в 11 регионах»', '«карантин, который хотят ввести»', '«рассказывали про вакцину от коронавируса»']",8.0
2020-37,2020,37,Суд над М. Ефремовым,"['«Дело Ефремова»', '«Ефремова посадили – 8 лет дали»', '«срок Ефремову – большой слишком»', '«дали 8 лет Ефремову, и правильно сделали»']",5.0
2020-37,2020,37,"Следствие по делу С. Фургала, митинги в Хабаровске в его защиту","['«Хабаровск – демонстрации, требования людей вернуть на пост Фургала»', '«Фургал в суде показал, что на него наседают, что суд был закрытый, не дали прессе на нем присутствовать»', '«волнует то, что люди митингуют в Хабаровске и что их никто не слушает и не решают вопрос. Не зря же сотни тысяч человек выходят»']",4.0
2020-37,2020,37,Выборы в России,"['«13 числа выборы, и всё, что с ними связано»', '«предвыборная кампания»', '«про выборы в основном говорят сейчас»', '«выборы губернатора»', '«пройдут региональные выборы глав местных муниципалитетов»']",3.0
2020-37,2020,37,"Выплаты, льготы различным группам населения","['«Сейчас людям стали помогать»', '«денежные пособия»', '«выплата пособий на детей»', '«выплаты с 3 до 16 лет»', '«доплаты многодетным, поддержка семей»', '«о выплатах детям: когда и сколько»']",3.0
2020-37,2020,37,Природные катаклизмы в России,"['«Как топит Петербург»', '«на Дальнем Востоке тайфун»', '«наводнение в Приморском крае»', '«пожары в Красноярском крае»', '«пожары в Ростовской области»', '«пожары в Сибири и Краснодарском крае, и у нас в районе»', '«пожары, везде всё горит по России всей»']",3.0
2020-37,2020,37,Работа властных структур,"['«Заседание правительства, выступления Собянина, информация о работе правительства»', '«поездка Мишустина на Дальний Восток»']",3.0
2020-37,2020,37,Социально-экономические проблемы,"['«Пенсия маленькая, жить всё хуже, плохо питаюсь, ЖКХ дорожает»', '«повышение тарифов ЖКХ, пенсии маленькие, цены растут»', '«очень много народу потеряло работу, и мало кто получил выплаты»', '«неоплата президентских выплат на детей до трёх лет по Башкирии»']",3.0
2020-37,2020,37,"Начало учебного года, вопросы дистанционного обучения в школах","['«Начало учебного года»', '«что хотят закрыть школы на карантин»', '«что дети должны учиться дистанционно и платно»', '«дистанционное образование в школе»']",2.0
2020-37,2020,37,События на Украине,"['«Про Украину»', '«Украина – больной вопрос»', '«Украина: ДНР, ЛНР»', '«Украина: не могут договориться по Минским соглашениям»']",2.0
2020-37,2020,37,Другие события в России,"['«Госпитализация Платошкина»', '«пост в Фейсбуке Марии Захаровой»', '«прививка от гриппа»', '«регион против того, чтобы везли мусор в наш регион»', '«в Чувашии запустят судоходный транспорт новый»']",2.0
2020-37,2020,37,Другие события в мире,"['«Визит Вучича»', '«военные действия в Сирии»', '«убийство политических активистов в Колумбии»']",2.0
2020-37,2020,37,Действия В. Путина,"['«Общение Путина с Лукашенко»', '«выступления Путина»', '«последняя конференция Путина»', '«разговор Путина и и. о. губернатора Уйбы об обстановке в сфере медицины и о развитии вакцины от ковид-19»']",1.0
2020-37,2020,37,События в США,"['«Пожар в Калифорнии»', '«пожары в Америке»', '«в Америке погромы, у них выборы; новые правила для фильмов, которые претендуют на ""Оскар""»']",1.0
2020-39,2020,39,"Рост эпидемии коронавируса, связанные с ней мероприятия, начало вакцинации","['«Все о коронавирусе»', '«всех волнует ситуация с коронавирусом»', '«про коронавирус: прирост заболеваемости»', '«подъем эпидемии»', '«коронавирус: очень много болеют, это волнует больше всего»', '«с понедельника будет ограничение на выход из дома для пожилых в Москве»', '«вакцина от ковида»', '«о том, что появилась вакцина от коронавируса и проходит вакцинация»']",18.0
2020-39,2020,39,События в Белоруссии после президентских выборов,"['«Связанные с Белоруссией: прошли выборы, и сейчас митинги»', '«обстановка в Белоруссии, хотелось бы, чтобы там не повторилась Украина»', '«события в Белоруссии – это страшно»', '«в Белоруссии безобразия творятся против Лукашенко»', '«что вытворяет Лукашенко»', '«ситуация в Беларуси: в роликах пихают подростков, женщин и детей. Разгонять дубинками неправильно»', '«хотят отжать Белоруссию»']",16.0
2020-39,2020,39,"События, связанные с А. Навальным и его отравлением","['«Информация о Навальном»', '«Навальный о нем везде»', '«отравление Навального»', '«о Навальном: что его якобы отравили»', '«выздоровление Навального»', '«по Навальному странная история о том, что Германия не предоставляет информацию о нём»']",5.0
2020-39,2020,39,Работа властных структур,"['«Конституцию пересматривают – законы хотят внести о семье»', '«отчисление будет отчисляться от олигархов на лечение детей»', '«повышается МРОТ»', '«Минтранс предложил отменить запрет на тонировку боковых стекол»', '«работа нашего губернатора Бабушкина»']",4.0
2020-39,2020,39,"События на Украине, катастрофа самолета под Харьковом","['«Ситуация в Украине»', '«идет война в Украине»', '«разбился самолет под Харьковом. Жалко людей, сколько молодежи погибло»', '«на Украине разбился самолет, погибли люди»', '«под Харьковом самолет с курсантами сгорел»']",3.0
2020-39,2020,39,Социально-экономические проблемы,"['«Обстановка в нашей стране экономическая»', '«инфляция, галопирующая инфляция»', '«падение рубля»', '«цены растут сильно»', '«возмутила цена на препараты от коронавируса»', '«внеплановое поднятие акцизов на табак и топливо с 2023 года»', '«пенсию не поднимают»']",3.0
2020-39,2020,39,Природные катаклизмы в России,"['«Наводнения, пожары, стихия»', '«землетрясение на Байкале, в Иркутской области»', '«потрясло землетрясение на Байкале»', '«наводнение на Дальнем Востоке. Переживали очень»', '«переживаю за пожары, залило Хабаровский край»', '«Хабаровский край – потоп, не справляются»', '«пожар в Краснодаре»']",3.0
2020-39,2020,39,Высказывания и действия В. Путина,"['«Прямая связь с регионами»', '«Путин выделит на дороги 6 триллионов»', '«Путин выступал с речью по поводу выплат на детей»', '«разговор Макрона с Путиным об отравлении Навального»']",2.0
2020-39,2020,39,"Выплаты, льготы различным группам населения","['«Выплаты детских пособий»', '«выплаты на детей: 5 тысяч и 10 тысяч идут своевременно»', '«выплаты по пособию в связи с карантином»', '«правительство поможет родителям детей с 3 до 16 лет пособием в размере 10 тысяч рублей»', '«продление ковидных выплат работникам, работающим с коронавирусом»']",2.0
2020-39,2020,39,Выступление В. Путина на Генеральной ассамблее ООН,"['«Выступление президента в ООН»', '«выступление Путина на Ассамблее»']",2.0
2020-39,2020,39,"Следствие по делу С. Фургала, митинги в его защиту в Хабаровске","['«В Хабаровске: как отстаивают свою точку зрения, свои интересы»', '«нравится поведение хабаровчан»', '«митинги в Хабаровске»', '«поддерживаю Хабаровск, митинги, что они требуют»', '«Хабаровск: народ бастует за своего губернатора и против Путина»']",2.0
2020-39,2020,39,Выборы в России,"['«Выборы в губернаторы»', '«выборы в областную думу»', '«были выборы мэра»', '«в какой-то глубинке на выборах победила барышня, которая работала уборщицей, а не глава»', '«выборы глав муниципальных образований Костромской области»', '«выборы губернатора в Краснодаре – Кондратьева»']",2.0
2020-39,2020,39,Другие события в России,"['«Изменение названия Сбербанка, продажа “Тинькофф” Яндексу»', '«смерть Максима “Тесака”»', '«“Формула-1” в России»', '«конкурс “Воспитатель года”»', '«московский марафон»', '«на Смоленщине день города»', '«отопление дали нам в Сибири»']",2.0
2020-39,2020,39,Военные учения в Астраханской области «Кавказ-2020»,"['«Учения “Кавказ-2020”»', '«последние военные учения в Капустином Яре Астраханской области»', '«учения-2020 нашей армии»']",1.0
2020-39,2020,39,"Начало учебного года, перевод школьников на дистанционное обучение","['«Детей начали сажать на дистанционное обучение, они тупеют от этого»', '«открыли школы и садики. Дети стали учиться. В интернете им тяжело учиться, а родители помочь не могут»', '«учёба детей: о переводе детей на дистанционное обучение»']",1.0
2020-39,2020,39,"События, связанные с «Северным потоком – 2»",['«“Северный поток – 2”»'],1.0
2020-39,2020,39,Криминальные события,"['«События, связанные с насилием над детьми»', '«убил ненормальный жену и ребёнка»', '«в поселке Неклюдовке найдено тело девятилетней девочки»']",1.0
2020-39,2020,39,Суд над М. Ефремовым,"['«Ефремов: суд»', '«про Ефремова»', '«Ефремов загремел в тюрьму»', '«Ефремов: раздули, позорище, сделали шоу»']",1.0
2020-39,2020,39,События в США,"['«Про США, что там происходит»', '«акции американских компаний упали»', '«Америка напирает на Россию и на Китай»']",1.0
2020-39,2020,39,Другие события в мире,"['«Устав ООН менялся: реформировали»', '«презентация Илона Маска»']",1.0
2020-40,2020,40,"Затрудняюсь ответить, нет ответа",[],36.0
2020-40,2020,40,Вооруженный армяно-азербайджанский конфликт,"['«Столкновение между Арменией и Азербайджаном в Нагорном Карабахе»', '«война наших братьев азербайджанцев и армян»', '«разжигание войны в Карабахе»', '«беспокоят карабахские события, я против войны»', '«война в Карабахе, потому что России очень тяжело выбирать между Арменией и Азербайджаном».']",30.0
2020-40,2020,40,"Рост эпидемии коронавируса, информация о ней, связанные с ней мероприятия","['«Ковидные новости»', '«ухудшение эпидемиологической обстановки в мире и в России»', '«коронавирус активизировался»', '«про пандемию, о количестве заболевших»', '«сейчас извечная проблема – коронавирус»', '«вирус проклятый, всё время о нем передачи»', '«хотят закрыть всех на карантин»', '«введение мер по самоизоляции»', '«вакцинация против коронавируса»', '«насчет коронавируса, вакцину выпустили».']",22.0
2020-40,2020,40,События в Белоруссии после президентских выборов,"['«В Белоруссии протестные выступления оппозиции»', '«в Белоруссии заваруха»', '«протесты в Беларуси»', '«судьба Белоруссии».']",11.0
2020-40,2020,40,Природные катаклизмы в России,"['«Дальний Восток залит водой»', '«Воронеж горит, Ростов песчаные бури»', '«пожар в Воронежской области, горят леса, трагедия»', '«пожары в Сибири и наводнение на Амуре»', '«пожары и потопы в Сибири»', '«пожары ужасные, тайга горит, Ростовская и Воронежская область».']",6.0
2020-40,2020,40,"События, связанные с А. Навальным, его отравлением","['«Навальный, его отравление»', '«Навальный поправляется от отравления»', '«реакция Запада на отравление Навального»', '«заявление Навального о том, что его отравил Путин»', '«про Навального, то, что про него говорят».']",3.0
2020-40,2020,40,Работа властных структур,"['«Бюджет новый на три года»', '«понравилось, что Мишустин взялся за Дальний Восток»', '«закон о вольерной охоте»', '«законопроект отклонила Дума о бесплатной газификации»', '«компенсация за отдых в России».']",3.0
2020-40,2020,40,"Рост цен, тарифов","['«Цены скачут»', '«повышение цен на продукты»', '«подорожание на сигареты, газ, электроэнергию»', '«рост курса валют»', '«стоимость рубля».']",3.0
2020-40,2020,40,"Следствие по делу С. Фургала, митинги в его защиту в Хабаровске","['«Про губернатора Хабаровского края»', '«про Фургала, по-моему, он положительный»', '«суд над Фургалом»', '«беспокоит суд над Фургалом, возмущена этим»', '«протесты в Хабаровске»', '«митинги в Хабаровске».']",2.0
2020-40,2020,40,События в США,"['«Дональд Трамп заболел коронавирусом»', '«предвыборная кампания в США»', '«дебаты в США проходят».']",2.0
2020-40,2020,40,Запрет на продажу и вывоз леса,"['«Занялись лесом, перестали разбазаривать ресурсы»', '«вопрос о борьбе с вырубкой незаконной леса»', '«запрет на вывоз леса»', '«запрет на продажу необработанного дерева»', '«изменения в лесной промышленности, запрет экспорта необработанной древесины».']",2.0
2020-40,2020,40,"Школьные каникулы, вероятный перевод школьников на дистанционное обучение","['«Возможное закрытие школ на карантин»', '«каникулы для детей внеплановые»', '«опять детей отправляют на дом на две недели раньше каникул»', '«школа, дистанционное обучение»', '«дистанционное обучение в школе».']",2.0
2020-40,2020,40,Другие события в России,"['«Учения, на которых был Путин, “Кавказ-2020”»', '«“Яндекс” приобрел “Тинькофф Банк”»', '«про Конкина дочь, она утонула»', '«громкие скандалы коррупционные в Минэнерго»', '«день города Тулы»', '«шахтерам в Кузбассе не платят зарплату».']",2.0
2020-40,2020,40,"Выплаты, льготы различным группам населения","['«Социальная поддержка населения»', '«большая поддержка многодетным семьям»', '«выплаты, детские пособия»', '«помощь детям»', '«поддержка граждан от коронавируса».']",1.0
2020-40,2020,40,"События на Украине, катастрофа самолета под Харьковом","['«Не прекращается война на Украине»', '«ситуация в Донбассе»', '«на Украине упал военный самолет»', '«крушение самолета под Харьковом».']",1.0
2020-40,2020,40,Рост зарплат и пенсий,"['«Повышение заработной платы»', '«повышение зарплаты некоторым сферам»', '«добавление к зарплате»', '«увеличение бюджетной зарплаты и пенсии военнослужащим»', '«пенсия повысится».']",1.0
2020-40,2020,40,Самосожжение журналистки И. Славиной,"['«Акт самосожжения журналистки Ирины Славиной»', '«самосожжение главного редактора в Нижнем Новгороде»', '«женщина сожгла себя в Нижнем Новгороде».']",1.0
2020-40,2020,40,Экологическое бедствие на Камчатке,"['«Экологическая катастрофа на Камчатке»', '«загрязнение моря у Камчатки»', '«гибель морских животных».']",1.0
2020-40,2020,40,Другие события в мире,"['«Возможные санкции против нашей страны, попытки остановить “Северный поток – 2”»', '«в Англии какой-то служащий ниже среднего достатка выиграл несколько миллионов»', '«вывели новую породу жирафов».']",1.0
2020-41,2020,41,Вооруженный армяно-азербайджанский конфликт,"['Военный конфликт между Арменией и Азербайджаном в Нагорном Карабахе', 'в Карабахе и Армении военные обстрелы', 'страшно, что происходит в Карабахе', 'Карабах Нагорный, Турция вмешивается в войну между Арменией и Азербайджаном', 'переговоры о перемирии в Карабахе']",34.0
2020-41,2020,41,"Рост эпидемии коронавируса, информация о ней, связанные с ней мероприятия","['Насчет коронавируса, то, что вторая волна пошла, что много людей болеют', 'пандемия, борьба с ней', 'усиление режима в связи коронавирусом, удаленная работа', 'всё, что связано с коронавирусом, что пенсионеров загоняют по домам', 'бесит масочный режим, карантин', 'препарат от коронавируса имеет побочные эффекты, и он дорого стоит', 'о вакцине от коронавируса']",22.0
2020-41,2020,41,События в Белоруссии после президентских выборов,"['В Белоруссии смута против Лукашенко', 'митинги в Белоруссии', 'беспорядки в Белоруссии', 'Белоруссия, хотелось бы, чтобы всё успокоилось', 'в Беларуси – там, по сути дела, назревала цветная революция, но, слава богу, она не получилась']",10.0
2020-41,2020,41,Волнения в Киргизии,"['Революция в Киргизии', 'переворот в Киргизии', 'беспорядки в Киргизии', 'Киргизия, бунты там', 'в Киргизии смена правительства и забастовки']",6.0
2020-41,2020,41,Взрывы на военном складе в Рязанской области,"['Пожар на военных складах в Рязани', 'в Рязанской области жуткий пожар в связи со взрывами боеприпасов, пострадали люди', 'взрывы в Рязанской области складов артиллерийских']",5.0
2020-41,2020,41,Экологическое бедствие на Камчатке,"['Камчатка: проблема с окружающей средой, загрязнение', 'катастрофа экологическая на Камчатке', 'загрязнение моря на Камчатке', 'Камчатка – трагедия', 'экологическая проблема на Камчатке, и не найти крайних']",5.0
2020-41,2020,41,"События, связанные с А. Навальным, его отравлением","['Отравление Навального', 'ситуация с Навальным', 'интервью Навального']",2.0
2020-41,2020,41,Работа властных структур,"['Поменялся глава Дагестана', 'отставка Васильева', 'про лес, чтобы лес круглый, необработанный, не продавали за границу', 'вольерная охота']",2.0
2020-41,2020,41,Природные катаклизмы в России,"['Потопы, пожары', 'пожары, наводнения', 'горят леса', 'пожар в Воронежской области', 'пожары в Ростовской области и в Сибири, леса горят часто']",2.0
2020-41,2020,41,"Следствие по делу С. Фургала, митинги в Хабаровске в его защиту","['События в Хабаровске', 'Хабаровск, люди – и на них никто внимания не обращает', 'в Хабаровске ситуация, которую замалчивают']",1.0
2020-41,2020,41,"Рост цен, тарифов, ослабление рубля","['Повышение цен на всё, всё дорожает', 'проезд подорожал', 'сахар поднялся', 'повышение курса валют и рост цен на горюче-смазочные материалы', 'слабый рубль', 'курс доллара повысился']",1.0
2020-41,2020,41,"Выплаты, льготы различным группам населения","['Если честно, привлекла информация о выплатах', 'какие льготы, какие социальные выплаты положены для пенсионеров, детей до 16 лет', 'детские выплаты', 'финансовые пособия']",1.0
2020-41,2020,41,Испытание ракеты «Циркон»,"['Про “Циркон” слышал, ракету испытали', 'испытания “Циркона” – гиперзвуковой ракеты', 'ракету запустили']",1.0
2020-41,2020,41,События в США,"['США накануне выборов', 'предвыборная обстановка в Америке', 'коронавирусом заболел Трамп']",1.0
2020-41,2020,41,Самосожжение журналистки И. Славиной,"['О журналистке, которая сожгла себя', 'история с журналисткой в Нижнем Новгороде, самосожжение', 'похороны Ирины Славиной']",1.0
2020-41,2020,41,События на Украине,"['Война на Донбассе', 'на Украине опять убили депутата']",1.0
2020-41,2020,41,"Школьные каникулы, проблема перевода школьников на дистанционное обучение","['Школы закрываются, хотя на улице всё равно дети общаются', 'отправление детей на две недели на дистанционное обучение', 'школы переведут на дистанционное обучение']",1.0
2020-41,2020,41,День рождения В. Путина,['День рождения Путина'],1.0
2020-41,2020,41,Рост зарплат и пенсий,"['Оклад повысили с октября', 'индексация работающим пенсионерам', 'что учителям за классное руководство прибавили зарплату', 'индексация пенсий']",1.0
2020-41,2020,41,Другие события в России,"['Сгорел санаторий “Ялта” и пропавший ребенок в Крыму', 'в Челябинской области перестали скорые приезжать по вызову', 'откладывают пуск новых станций метро']",0.0
2020-41,2020,41,Другие события в мире,"['Меня возмущает отрицательное отношение зарубежных стран – Франции, Англии, США, Нидерландов – к России']",0.0
2020-42,2020,42,"Рост эпидемии коронавируса, информация о ней, связанные с ней мероприятия","['Всё, что касается коронавируса', 'эпидемиологическая обстановка в стране', 'введение обязательного масочного режима', 'вводят режим изоляции, масочный режим, будут штрафовать', 'сейчас Москва выходит на самоизоляцию, проблемы с ковидом', 'вакцина против коронавируса', 'зарегистрировали вторую вакцину', 'вакцинация медработников', 'враньё с ковидом']",31.0
2020-42,2020,42,Вооруженный армяно-азербайджанский конфликт,"['Конфликт Азербайджана с Арменией', 'армяне воюют с азербайджанцами, и Турция там же', 'война в Нагорном Карабахе', 'Карабах – военный конфликт']",23.0
2020-42,2020,42,События в Белоруссии после президентских выборов,"['Положение в Беларуси', 'то, что творится в Беларуси', 'за Белоруссию переживаю', 'митинги – Беларусь', 'события в Белоруссии – не удался переворот']",9.0
2020-42,2020,42,Волнения в Киргизии,"['События в Киргизии', 'беспорядки в Киргизии', 'Киргизия – начинается недопонимание между людьми', 'путч в Киргизии']",4.0
2020-42,2020,42,Экологическое бедствие на Камчатке,"['На Камчатке погибли животные', 'события на Камчатке, отравление воды', 'в океане, с животными', 'разлив химикатов в океан', 'Камчатка и замалчивание']",3.0
2020-42,2020,42,Работа властных структур,"['Мишустин приезжал в Чебоксары', 'повышение налогов', 'с 2021 года запретят вывоз леса-кругляка', 'что люди, не имеющие детей, будут платить налоги по 500 рублей. Было в обсуждении']",3.0
2020-42,2020,42,"События, связанные с А. Навальным, его отравлением","['Отравление Навального и последующие действия по отношению к нему', 'Навальный – интервью Дудю', 'санкции Евросоюза']",3.0
2020-42,2020,42,"События вокруг С. Фургала, массовые выступления в Хабаровске в его защиту","['За Фургала выступление в Хабаровске людей', 'в Хабаровске стали применять силу против мирных жителей', 'Хабаровск – разгон демонстрации']",3.0
2020-42,2020,42,События на Украине,"['Война на Донбассе', 'события на Донбассе']",2.0
2020-42,2020,42,"Преступления, криминальные события","['Снимают руководителей районов из-за мошенничества', 'мальчик расстрелял людей и застрелился', 'девочку 15 лет убили', 'в Волгограде задержали террористов']",2.0
2020-42,2020,42,Другие события в России,"['Испытание новых систем вооружения, строительство крупных судов, о развитии нефтяной промышленности', 'Куштау: разрешили не разрабатывать', 'ледокол “Арктика” спустили на воду', 'продажа Тинькофф-банка', 'сгорел ресторан “Засека”', 'тигрица-альбинос родила тигренка', 'юбилей Андрея Тихонова']",2.0
2020-42,2020,42,Другие события в мире,"['В Париже убийство учителя', 'то, что творится в Абхазии, Грузии, у наших границ']",2.0
2020-42,2020,42,"Школьные каникулы, перевод школьников на дистанционное обучение в связи с эпидемией коронавируса","['Изоляция школьников – каникулы', 'карантин в школе', 'в связи с состоянием по ковиду обучение стало дистанционным', 'перевод школ на дистанционное обучение']",1.0
2020-42,2020,42,Природные катаклизмы в России,"['Пожары идут, наводнения', 'пожары в Воронежской области', 'Кубанское водохранилище пересохло']",1.0
2020-42,2020,42,"Выплаты, льготы отдельным группам населения","['Забота о населении – помощь', 'выделение пособий для детей', 'выплаты детям до 16 лет', 'выплаты семьям, имеющим детей, социальная поддержка']",1.0
2020-42,2020,42,"Рост цен, тарифов, ослабление рубля","['Налоги, повышение цен', 'рост тарифов ЖКХ', 'падение курса рубля', 'курс евро более 91 рубля']",1.0
2020-42,2020,42,События в США,"['Выборы в США', 'продление договора про вооружение']",1.0
2020-42,2020,42,Действия В. Путина,"['Забота Путина о нашей безопасности', 'переговоры Путина и Пашиняна', 'Путин борется против вируса']",1.0
2020-42,2020,42,Самосожжение журналистки И. Славиной,"['В Нижнем Новгороде самосожжение журналиста-блогерши', 'гибель журналистки', 'самосожжение журналистки']",1.0
2020-43,2020,43,"Затрудняюсь ответить, нет ответа",[],40.0
2020-43,2020,43,"Рост эпидемии коронавируса, информация о ней, связанные с ней мероприятия","['«Ситуация по коронавирусу: что мы вышли на пик; такие же показатели, как весной»', '«процент эпидемии: жалко детей, заболевание сильнейшее»', '«коронавирус на первом месте: что нет ни лекарств, ни помощи, все говорят про тесты, а в больнице нет такого»', '«люди болеют коронавирусом и не могут попасть в больницу: говорят, всё заполнено, не хватает врачей»', '«про ковид: что в области долго ждать результат, это платно и приходится в очереди по 5-6 часов стоять»', '«масочный режим»', '«не будут вводиться дополнительные ограничения по коронавирусу»', '«регистрация новой вакцины от вируса»']",30.0
2020-43,2020,43,Вооруженный армяно-азербайджанский конфликт,"['«Ситуация в Карабахе»', '«война в Нагорном Карабахе и Армении»', '«война на Кавказе в Карабахе»', '«конфликт Армении и Азербайджана»', '«продолжающиеся бои в Нагорном Карабахе»']",18.0
2020-43,2020,43,События в Белоруссии после президентских выборов,"['«Ситуация в Беларуси»', '«забастовки в Белоруссии»', '«восстание в Белоруссии»', '«то, что в Белоруссии может быть переворот: как Украина будет Белоруссия»', '«очень беспокоит Белоруссия. Я не понимаю Лукашенко в том плане, что давно уже пора было обратиться к России и стать единым целым»']",6.0
2020-43,2020,43,Работа властных структур,"['«Поездка Мишустина на открытие новой больницы»', '«выступление Матвиенко в отношении “Норильского никеля”»', '«сократить армию на 10% предложил финансово-экономический блок правительства»', '«заморозка накопительной части пенсии»', '«принятие 15-процентной ставки НДФЛ после дохода 5 млн рублей»', '«новые штрафы вводятся»']",4.0
2020-43,2020,43,События на Украине,"['«Беспокойно, что война идет недалеко от нас: что происходит на Украине, на Донбассе»', '«выборы на Украине»', '«события в Украине: как будет обстоять ситуация с Донбассом и Крымом?»']",3.0
2020-43,2020,43,Действия В. Путина,"['«Было очень много информации по встречам Путина с разными политическими и общественными деятелями»', '«выступление Путина перед зарубежными журналистами»', '«Путин на “Валдае”»']",3.0
2020-43,2020,43,Валдайский форум – 2020,"['«Валдайская встреча»', '«Валдайский форум»']",3.0
2020-43,2020,43,"Рост цен, тарифов, ослабление рубля, снижение уровня жизни людей","['«Бензин дорогой, зарплаты низкие, цены высокие»', '«цены на хлебобулочные изделия»', '«состояние экономики: ослабление рубля, падение роста ВВП, намечаемый рост цен»', '«выросло в России число безработных»', '«тяжело стало жить, особенно пенсионерам»']",2.0
2020-43,2020,43,События в США,"['«Президентские выборы в Соединенных Штатах Америки – Дональд Трамп и Джо Байден»', '«дебаты кандидатов в президенты в США»', '«США уничтожили отправленные Путиным ИВЛ»']",2.0
2020-43,2020,43,Экологическое бедствие на Камчатке,"['«Экологическая катастрофа на Камчатке»', '«загрязнение побережья Камчатки: много флоры, фауны погибло, много животных. И назывались причины этого»', '«позиция неясная Следственного комитета по Камчатке: какие-то водоросли»']",2.0
2020-43,2020,43,"Выплаты, льготы отдельным группам населения","['«Выплаты на детей»', '«выплаты по 10 тысяч возобновят»', '«детские деньги продлят до марта месяца»', '«по поводу детских: до 7 лет выплачивают, а потом нет»', '«выплаты медикам, которые работают с ковидом»']",2.0
2020-43,2020,43,"События, связанные с А. Навальным, его отравлением","['«Всё, что связано с Навальным»', '«попытка убийства Навального»', '«ситуация с Навальным, с эвакуацией в Германию»', '«санкции из-за Навального»', '«Навальный – увезли в Германию. Нечего его было отпускать: придумали отравление и увезли его»']",2.0
2020-43,2020,43,Другие события в России,"['«Запустили новый атомный ледокол “Арктика”»', '«смерть протоиерея Смирнова»', '«мост открыли на полуострове Ямал»', '«чемпионат России по футболу»']",2.0
2020-43,2020,43,Другие события в мире,"['«События во Франции с убийством учителя»', '«продление договора об ограничении ядерных вооружений»', '«разгром бандформирований ИГИЛ в Сирии»']",2.0
2020-43,2020,43,"События вокруг С. Фургала, массовые выступления в Хабаровске в его защиту","['«Хабаровский край поднялся за своего губернатора»', '«митинги за Фургала»', '«рукоприкладство ОМОНа к жителям Хабаровского края»', '«Хабаровск: то, что там происходит, и что сделал Фургал для людей. Преступник сделал для народа больше хорошего, чем правительство»']",1.0
2020-43,2020,43,Волнения в Киргизии,"['«Беспокоит Кыргызстан»', '«в Киргизии волнения»', '«революция в Киргизии очередная»', '«недовольство в Киргизии»']",1.0
2020-43,2020,43,"Преступления, криминальные события","['«Министр Абызов: изъяли 32 миллиарда рублей в доход государства»', '«судят доцента Соколова за убийство и расчленение»', '«в Барнауле полный подвал трупов»', '«про девочку, которую нашли в шкафу»']",1.0
2020-44,2020,44,"Затрудняюсь ответить, нет ответа",[],42.0
2020-44,2020,44,"Рост эпидемии коронавируса, информация о ней, связанные с ней мероприятия","['«Коронавирус, который ходит по миру»', '«сильно возросло количество зараженных коронавирусом»', '«борьба с коронавирусом, как его преодолеть»', '«изобретение вакцины от коронавируса»', '«ковид, не хватает ИВЛ и не хватает врачей»', '«новые ограничения в связи с коронавирусом»', '«про коронавирус, про лекарства от него»']",28.0
2020-44,2020,44,Вооруженный армяно-азербайджанский конфликт,"['«Нагорный Карабах, что там военные действия»', '«идет война Армении и Азербайджана»', '«насчет Нагорного Карабаха, когда закончится война»', '«участие Турции в карабахском конфликте»']",11.0
2020-44,2020,44,"Убийство учителя во Франции, последствия этого","['«События во Франции, связанные с убийством преподавателя»', '«террористические выходки во Франции»', '«происходящее во Франции с мусульманами»', '«конфликт между Эрдоганом и Макроном»']",9.0
2020-44,2020,44,События в Белоруссии после президентских выборов,"['«То, что делается в Белоруссии»', '«беспорядки в Беларуси»', '«в Белоруссии идут выступления против Лукашенко»', '«демонстрации против президента Белоруссии»', '«белорусов жалко»']",7.0
2020-44,2020,44,Работа властных структур,"['«Пленум партии КПРФ в Москве»', '«увольнения чиновников в Ростовской области»']",2.0
2020-44,2020,44,Землетрясение в Турции,"['«В Турции гремело землетрясение, погибли люди»', '«землетрясение, которое случилось в Турции»']",2.0
2020-44,2020,44,"Выплаты, льготы отдельным группам населения","['«Помощь населению, выплаты при вирусе»', '«продление детских пособий, субсидий на ЖКХ»', '«выплаты матерям на детей»', '«о выплате детских пособий детям до трех лет в период пандемии»', '«поддержка малоимущим семьям»']",2.0
2020-44,2020,44,Валдайский форум-2020,"['«“Валдай”, форум»', '«выступление Путина в клубе “Валдай”»']",2.0
2020-44,2020,44,События в США,"['«Ситуация в Америке»', '«ситуация предвыборная в США»', '«выборы в США президента»']",2.0
2020-44,2020,44,"Рост цен, тарифов, ослабление рубля","['«Повышение цен»', '«цены на сахар растут»', '«повышение тарифов ЖКХ»', '«все дорожает»', '«падение курса рубля»']",1.0
2020-44,2020,44,"События вокруг С. Фургала, массовые выступления в Хабаровске в его защиту","['«Протесты в Хабаровске»', '«действия в Хабаровске относительно их губернатора»', '«то, что происходит в Хабаровске»']",1.0
2020-44,2020,44,Волнения в Киргизии,"['«Сильно беспокоит Киргизия»', '«Киргизия – забастовки»']",1.0
2020-44,2020,44,События на Украине,"['«События на Украине, тема очень беспокойная»', '«Украина, ситуация на Донбассе»', '«Донбассу отправили гуманитарную помощь»']",1.0
2020-44,2020,44,Экологическое бедствие на Камчатке,"['«Экологическая катастрофа на Камчатке»', '«засоряют окружающую среду на Камчатке»', '«экологический случай на Камчатке, Дальнем Востоке»']",1.0
2020-44,2020,44,Укрепление обороноспособности России,"['«Идет хорошее вооружение в армии»', '«испытание новой ракеты»', '«ракету “Посейдон” придумали»', '«военные исследования»']",1.0
2020-44,2020,44,Повышение пенсии,"['«Про пенсию»', '«индексация пенсии работающим пенсионерам»', '«что будут помогать пенсионерам, в следующем году прибавят пенсии»']",1.0
2020-44,2020,44,"Школьные каникулы, перевод школьников на дистанционное обучение","['«Школьное образование»', '«о школе карантин»', '«каникулы объявили, дистанционное обучение»']",1.0
2020-44,2020,44,"События, связанные с А. Навальным, его отравлением","['«Про Навального»', '«отравление Алексея Навального»', '«отношение России к ситуации с Навальным, то, что равнодушно отнеслись к ситуации с ним»']",1.0
2020-44,2020,44,Другие события в России,"['«С 1 января 2021 года будут выделяться деньги на больных детей»', '«мы идем хорошо по цифровым технологиям, экономика держится достаточно хорошо»', '«мужчина лежал в больнице 5 часов, и никто к нему не подходил в Севастополе»']",1.0
2020-44,2020,44,Другие события в мире,"['«Установление дипломатических отношений между Суданом и Израилем»', '«протесты в Польше»']",1.0
2020-45,2020,45,"Рост эпидемии коронавируса, информация о ней, о принимаемых мерах","['Вот эта болезнь, всё это. Везде все болеют, и ничего не могут сделать', 'информация о заболеваемости коронавирусом, о том, что медицина не справляется с контролем над ситуацией', 'недостоверность данных по ковид-19', 'ковид: не хватает лекарств, мест в больнице', 'коронавирус мутирует', 'об испытании третьего этапа вакцины от коронавируса', 'вакцина скоро будет']",32.0
2020-45,2020,45,Президентские выборы в США,"['Американские выборы', 'всё слушаю, как в Америке идут выборы', 'выборы в Америке, показывали подготовку, дебаты показывают в Америке', 'смешные выборы в США']",18.0
2020-45,2020,45,Вооруженный армяно-азербайджанский конфликт,"['Война Армении с Азербайджаном', 'события в Нагорном Карабахе', 'война в Карабахе', 'Карабах, не могут договориться, чтобы остановить войну']",6.0
2020-45,2020,45,"Теракты во Франции, выступление Э. Макрона на эту тему, теракт в Австрии","['Отрубили голову во Франции учителю', 'высказывание президента Франции, которое разрешило печатать в газетах карикатуры на тему ислама. О теракте в Вене', 'французский президент высказывался не очень корректно', 'серия терактов в Европе – во Франции и в Австрии', 'теракты исламистов в Европе']",5.0
2020-45,2020,45,Работа властных структур,"['Указ о неприкосновенности сенаторов, президента', 'закон, что Путин – неприкосновенная личность', 'действия правительства', 'новый закон о лишении родительских прав']",3.0
2020-45,2020,45,События в Белоруссии после президентских выборов,"['Что творится в Белоруссии', 'протесты в Белоруссии', 'бунт в Белоруссии', 'против Лукашенко ввели санкции другие страны']",3.0
2020-45,2020,45,"Рост цен, тарифов, ослабление рубля","['Обстановка с рублем в России', 'курс доллара, цены', 'о подорожании тарифов и цен', 'повышение цен на продукты, на услуги ЖКХ и на всё остальное', 'финансовые: рубль падает, доллар повышается']",3.0
2020-45,2020,45,Другие события в России,"['Жванецкий умер', 'присвоение Хабибу Нурмагомедову звания “Герой России”', 'Уральскому университету 100 лет', 'концерт в День народного единства мне понравился', 'сжигание фермы индеек в Татарии']",2.0
2020-45,2020,45,"Действия, выступления В. Путина","['Как Путин проводит беседы с губернаторами на удаленке', 'заседание Совета безопасности, который возглавляет президент', 'Путин наградил орденом Скворцову']",1.0
2020-45,2020,45,"Школьные каникулы, перевод школьников на дистанционное обучение","['Закрытие школ', 'про онлайн-учебу', 'вопросы обучения детей на дистанционном обучении', 'дистанционное обучение']",1.0
2020-45,2020,45,"Аварии, несчастные случаи","['Аварии и любые происшествия', 'авария в городе, погибли люди, в университет врезался автобус', 'авария, автобус съехал', 'взрыв кислорода в Челябинске', 'в Подмосковье что-то горело']",1.0
2020-45,2020,45,"Выплаты, льготы отдельным группам населения","['Выплаты на детей до трех лет', 'помогают молодым семьям, выделили средства от трех до семи лет', 'детям добавили денег', 'выплаты многодетным семьям', 'дают много привилегий семьям с детьми', 'пособия']",1.0
2020-45,2020,45,Землетрясение в Турции,"['Землетрясение в Турции', 'землетрясение в Турции, в Эгейском море']",1.0
2020-45,2020,45,Повышение пенсии,"['Надбавки пенсионерам', 'о пенсиях', 'пенсию на тысячу поднимут']",1.0
2020-45,2020,45,События на Украине,"['Новости об Украине', 'события в Украине – выборы были местного самоуправления по партиям']",1.0
2020-45,2020,45,Массовые выступления в Хабаровске в защиту С. Фургала,"['Митинг в Хабаровске', 'хабаровские протесты', 'Хабаровск: на людей не обращают внимания']",1.0
2020-45,2020,45,Другие события в мире,['Забастовки в Польше из-за введения запрета на аборт'],0.0
2020-46,2020,46,"Затрудняюсь ответить, нет ответа",[],38.0
2020-46,2020,46,"Прекращение армяно-азербайджанского вооруженного конфликта, ввод российских миротворцев","['«Армения, карабахский результат, определились с этим делом»', '«заключили мирное соглашение на Карабахе»', '«остановка войны в Нагорном Карабахе»', '«Россия мирный коридор создает в Азербайджане и Армении»', '«введение миротворческих сил в Нагорном Карабахе»']",33.0
2020-46,2020,46,"Рост эпидемии коронавируса, информация о ней, о принимаемых мерах","['«Коронавирус – рост заболеваемости и смертность»', '«масочный режим, пенсионеры дома»', '«о ковиде, отсутствие лекарственных препаратов и отсутствие коечных мест в стационарах для больных ковидом»', '«всем, кто болеет на дому, будут давать лекарство бесплатно»', '«новости о вакцине и о коронавирусе»', '«халатное отношение к больным в связи с эпидемией»']",23.0
2020-46,2020,46,Президентские выборы в США,"['«Выборы американского президента»', '«итоги выборов в США»', '«победа Байдена»', '«Трамп: нечестные выборы. Хотелось бы, чтобы остался Трамп»', '«выборы в США. Интересует, выгодно это России или нет»']",6.0
2020-46,2020,46,Работа властных структур,"['«Хорошо выступает Мишустин»', '«перестановка в правительстве»', '«кабинет министров. Назначил Мишустин кучу замов»', '«отставка министра транспорта»', '«Государственная дума начала решать вопросы»']",3.0
2020-46,2020,46,События в Белоруссии после президентских выборов,"['«То, что связано с Белоруссией»', '«обстановка в Беларуси»', '«минские протесты»', '«события в Белоруссии, про митинги, которые не заканчиваются»']",3.0
2020-46,2020,46,Перевод школьников на дистанционное обучение,"['«Выход на дистанционное обучение детей»', '«переход на дистанционное обучение»', '«школы закрывают на дистанционку»']",2.0
2020-46,2020,46,"Рост цен, тарифов, ослабление рубля","['«Повышение цен на всё»', '«рост цен на продукты питания»', '«падение курса рубля»', '«повышение тарифов ЖКХ»', '«понижение курса рубля»']",2.0
2020-46,2020,46,"Выплаты, льготы отдельным группам населения","['«Путин дает детям пособия»', '«помощь многодетным во время ковида»', '«пособие на детей»', '«поддержка населения»', '«это выплаты, компенсация»']",1.0
2020-46,2020,46,Массовые выступления в Хабаровске в защиту С. Фургала,"['«Положение в Хабаровске»', '«митинги в Хабаровске»', '«протесты в Хабаровске»', '«почему не реагируют на хабаровских граждан? Их игнорируют»']",1.0
2020-46,2020,46,Помощь Сирии,"['«О Сирии»', '«то, что мы помогли Сирии»', '«выделение денег Сирии»', '«трата миллиарда долларов в Сирию»']",1.0
2020-46,2020,46,"Преступления, криминальные события","['«Убегают солдаты из воинских частей с автоматами. Если человек психически нестабилен, на каком основании ему доверяют оружие?»', '«события в Воронеже со стрельбой и убийством офицеров и сослуживцев»', '«избиение мальчика сверстниками»']",1.0
2020-46,2020,46,Смерть М. Жванецкого,"['«Жванецкий»', '«смерть артиста»', '«похороны Жванецкого»']",1.0
2020-46,2020,46,"События, связанные с А. Навальным, его отравлением","['«Ситуация с Навальным»', '«об отравлении Навального»', '«Навальный – выписали, выздоровел»', '«заявление по отравлению Навального»']",1.0
2020-46,2020,46,События на Украине,"['«События на Украине»', '«о Донбассе, о ситуации, что там происходит»', '«закрытие торгпредставительства на Украине»']",1.0
2020-46,2020,46,Другие события в России,"['«Индексация пенсий работающим пенсионерам и предстоящий брифинг президента»', '«суд над Николаем Николаевичем Платошкиным»', '«скандал вокруг Дзюбы»', '«пожар в Рязани»']",1.0
2020-46,2020,46,Другие события в мире,"['«Теракт в Австрии»', '«отношения с бывшими союзными республиками»']",1.0
2020-47,2020,47,"Прекращение армяно-азербайджанского вооруженного конфликта, ввод российских миротворцев в Нагорный Карабах","['«Армения и Азербайджан»', '«Карабах, проблемы с ним»', '«приостановили войну в Армении, это очень большое событие. Ни за что пострадало много людей»', '«ввод миротворцев в Карабах, прекращение там войны»', '«миротворцев послали в Карабах, хоть людей не убивают сейчас».']",27.0
2020-47,2020,47,"Рост эпидемии коронавируса, информация о ней, о принимаемых мерах","['«Ковид – вакцина, лечение, количество зараженных и больных»', '«ограничения в связи с коронавирусом»', '«ситуация с пандемией: лекарств не хватает, платные тесты в больницах»', '«коронавирус, на местах ужас что творится, бардак в здравоохранении»', '«про ковид, что в регионах бросили людей на произвол судьбы»', '«новости насчет карантинных мер и занижение официальной статистики смертности и заболеваемости ковидом».']",24.0
2020-47,2020,47,Президентские выборы в США,"['«Выборы в Америке»', '«выборы президента США»', '«выборы в США, победил Байден».']",3.0
2020-47,2020,47,Работа властных структур,"['«Что происходит в Государственной думе: законы все против народа»', '«больше цензуры вводят, неприкосновенность президентов, законы под себя принимают»', '«неприкосновенность Путина»', '«Путин с Медведевым пытаются сделать себя сенаторами пожизненно»', '«смена главы Республики Мордовия».']",3.0
2020-47,2020,47,События в Белоруссии после президентских выборов,"['«Белоруссия»', '«в Белоруссии непонятно что творится»', '«митинги в Белоруссии»', '«Белоруссия – оппозиция выступала»', '«Белоруссия. Смотрю, как Лукашенко и нашим, и вашим».']",2.0
2020-47,2020,47,Перевод школьников и студентов на дистанционное обучение,"['«Дети не получают образование, дистанционное обучение не устраивает»', '«дистанционное обучение. Что это за обучение?»', '«о переходе на дистанционное обучение старшеклассников»', '«то, что ввели дистанционку в школах и высших учебных заведениях»', '«закрылись вузы из-за коронавируса, ушли на дистанционное обучение».']",2.0
2020-47,2020,47,"Погода в России, стихийные бедствия на Дальнем Востоке","['«Гололед»', '«двойной снегопад»', '«прогноз погоды плохой»', '«о непогоде в Приморском крае»', '«циклон во Владивостоке»', '«ураган на Дальнем Востоке».']",1.0
2020-47,2020,47,"Смерть М. Жванецкого, А. Джигарханяна, Р. Виктюка","['«Сообщения об уходе из жизни деятелей культуры»', '«умирают артисты»', '«смерть актера Джигарханяна»', '«смерть Жванецкого и Джигарханяна»', '«смерть Жванецкого, Джигарханяна, Виктюка»', '«смерть режиссера Романа Виктюка».']",1.0
2020-47,2020,47,Спортивные события,"['«Артем Дзюба»', '«как наши проиграли сербам в футбол»', '«фигурное катание»', '«Хабиб выиграл чемпионат».']",1.0
2020-47,2020,47,Выступления В. Путина,"['«Проведение Путиным заседания Совета безопасности»', '«интервью Путина о коронавирусе и обстановке в регионах»', '«совместное телевидение с другими странами, где Путин ведет переговоры».']",1.0
2020-47,2020,47,Массовые выступления в Хабаровске в защиту С. Фургала,"['«Хабаровск»', '«митинги в Хабаровске»', '«чтобы выпустили губернатора Хабаровского края Фургала»', '«новости про Фургала».']",1.0
2020-47,2020,47,"Выплаты, льготы отдельным группам населения","['«Мероприятия по поддержке населения в сложной эпидемиологической обстановке»', '«детям помогают с выплатами»', '«повышение льгот, детские пособия».']",1.0
2020-47,2020,47,"Преступления, криминальные события","['«Нашли мальчика семилетнего, которого искали два месяца»', '«убийство за отсутствие маски в Коломенском»', '«убийство из-за чата, из-за переписки»', '«убили девушку в нашем крае».']",1.0
2020-47,2020,47,"Коррупция, борьба с ней","['«Хищения с госбюджета»', '«арест Меня»', '«коррупционный скандал, связанный с Менем»', '«мэр Томска»', '«мэра посадили».']",1.0
2020-47,2020,47,Выборы в Молдавии,"['«Молдова, политика»', '«интересные новости о выборах в Молдавии»', '«выборы в Молдове».']",1.0
2020-47,2020,47,"Рост цен, тарифов, инфляция","['«Увеличение налогов и растут цены»', '«инфляция рубля».']",1.0
2020-47,2020,47,События на Украине,"['«Украина, новости сейчас смотрю»', '«события на Украине».']",1.0
2020-47,2020,47,Другие события в России,"['«Газпром и Роснефть подали минусовые декларации»', '«отмена выплаты медперсоналу в связи с ковидом»', '«повышение пенсии»', '«день рождения города Миасс».']",1.0
2020-47,2020,47,Другие события в мире,"['«Илон Маск оправил на МКС частный корабль»', '«возобновление авиасообщения между Россией и Грецией».']",1.0
2020-48,2020,48,"Рост эпидемии коронавируса, информация о ней, о принимаемых мерах","['«Вспышка ковида самая сильная»', '«ковид не останавливается, рост числа заболевших»', '«о коронавирусе – что нет койкомест, лекарств»', '«ковидникам стали давать бесплатные лекарства»', '«о продлении масочного режима, карантина и общей ситуации по поводу пандемии»', '«лишение массовых новогодних мероприятий»', '«Европа ослабляет ограничения в связи с ковидом»', '«искусственное раздувание опасно- сти коронавируса»']",21.0
2020-48,2020,48,"Прекращение армяно-азербайджанского вооруженного конфликта, ввод российских миротворцев в Нагорный Карабах","['«Нагорный Карабах, Путин остановил войну»', '«Нагорный Карабах, за счет России прекратилась война»', '«завершение конфликта в Кара- бахе»', '«мирный процесс в Нагорном Карабахе»', '«то, что миротворцы вошли в Карабах и установили нормальный образ жизни»']",14.0
2020-48,2020,48,Работа властных структур,"['«Мишустин предлагал сократить штат служащих»', '«закон о пожизненной неприкосновенности для Медведева и Путина»', '«200 милли- ардов премии депутатам Госдумы»', '«отказ Госдумы рассматривать пособия для участников боевых действий»', '«указ о замораживании пенсионного фонда»', '«разговоры о законе об иностранных агентах»']",4.0
2020-48,2020,48,"Стихийные бедствия на Дальнем Востоке, их последствия","['«Что произошло во Владивостоке – ураган, обледенение»', '«события во Владивостоке – тайфун, снег, всё обледенело. XXI век, а люди сидят без света. Страна не готова к катаклизмам»', '«Дальний Восток сидит без воды и света»']",3.0
2020-48,2020,48,Смерть Д. Марадоны,"['«Смерть Диего Марадоны, футболист скончался позавчера»', '«смерть легендарного футболиста»', '«смерть Марадоны»', '«похороны Марадоны»']",3.0
2020-48,2020,48,Президентские выборы в США,"['«Самое заметное событие – это выборы американского президента»', '«Трамп – что проиграл, согласился»', '«выборы президента США – обсуждения»', '«выборы в Америке, этот цирк, который у них. Они показали, что демократии у них нет в принципе»']",3.0
2020-48,2020,48,"Выплаты, льготы отдельным группам населения","['«Государственные выплаты»', '«деньги распределяют из-за ковида медикам»', '«выплаты на детей»', '«о новых выплатах семьям с детьми»']",2.0
2020-48,2020,48,События в Белоруссии после президентских выборов,"['«Новости из Беларуси»', '«о положении в Белоруссии»', '«события в Белоруссии, протесты»', '«беспорядки в Минске, Белоруссии»']",2.0
2020-48,2020,48,Перевод школьников на дистанционное обучение,"['«Дистанционное обучение»', '«информация о дистанционном обучении детей»', '«учеба детей, беспокоит дистанционка»', '«митинг против дистанционного обучения»']",2.0
2020-48,2020,48,"Рост цен, тарифов, инфляция","['«Экономические вопросы: падение рубля, рост курса доллара, рушится экономика»', '«удорожание всего»', '«бензин дорожает, хлеб доро- жает»', '«повышение цен на лекарства»', '«рост цен, повышение налогообложения»', '«повышение налогов до 15%»']",1.0
2020-48,2020,48,Нарушение российской границы эсминцем США,"['«Заход американского корабля в территориальные воды России»', '«заход эсминца в залив Петра Великого»', '«когда катер прошел нашу границу, а мы ничем не ответили»', '«про американский эсминец, мне это не нравится»']",1.0
2020-48,2020,48,Помощь Сирии,"['«Восстановление Сирии на бюджетные деньги России»', '«об оказании помощи Сирии»']",1.0
2020-48,2020,48,События на Украине,"['«То, что происходит на Украине сейчас»', '«Донбасс»', '«обстановка какая в Украине»']",1.0
2020-48,2020,48,"Выступления, поездки В. Путина","['«Конференция, к которой готовится президент»', '«о поездке Путина в Нижегородскую область»', '«Путин приезжал в маленький городок Саров»']",1.0
2020-48,2020,48,"Аварии, катастрофы, несчастные случаи","['«Проблемы с Усольским химпромом»', '«у нас авария произошла автомобильная здесь, под Екатеринбургом»', '«ребенка сбили на автомобиле»']",1.0
2020-48,2020,48,Спортивные события,"['«Лига чемпионов»', '«фигурное катание»', '«футбольный клуб ЦСКА в очередной раз не выиграл кубка»', '«скоро бокс с Тайсоном»']",1.0
2020-48,2020,48,"Преступления, криминальные события","['«В Петербурге на просьбу надеть маску зарезали»', '«отец взял шестерых детей в заложники, военнослужащий расстрелял солдат»', '«тад- жик зарезал двух узбеков на рынке, таксиста зарезали в Подольске»', '«теракт готовился во Владимирской области»']",1.0
2020-48,2020,48,"Коррупция, борьба с ней","['«Коррупция – это ужас. Раньше были миллионы, а теперь миллиарды. Куда смотрят?»', '«коррупция Меня»', '«задерживают за взятки, естественно, губернаторов»']",1.0
2020-48,2020,48,Открытие промышленных предприятий,"['«Мы вышли на второе место в мире по судостроению»', '«завод по выпуску турбин показывали по телевизору, это было интересно»', '«от- крытие завода по производству лекарств в Иркутской области»']",1.0
2020-48,2020,48,"Продление срока ареста С. Фургала, массовые выступления в Хабаровске в его защиту","['«То, что продлили срок ареста Фургала»', '«Хабаровск: там же забастовка, за мэра народ восстал»', '«митинги в Хабаровске и отсутствие реакции властей на них»', '«впервые за три месяца показали Хабаровск, а то все молчали»']",1.0
2020-48,2020,48,Другие события в России,"['«Начинают наезды на артистов, которые жалуются, что нет денег на питание»', '«положение на дорогах, гололед, не обработали дороги»', '«стали убирать свалки во Владивостоке»']",1.0
2020-48,2020,48,Другие события в мире,"['«Навальный в Европарламенте призвал ввести санкции против российских олигархов»', '«убили иранского физика-ядерщика»', '«рост цен на нефть»', '«Молдавия, убирают президента»', '«китайская ракета – освоение космоса»']",1.0
2020-49,2020,49,"Затрудняюсь ответить, нет ответа",[],50.0
2020-49,2020,49,"Эпидемия коронавируса, информация о ней, о принимаемых мерах","['«О ковиде: статистика»', '«информация о состоянии медицины в связи с пандемией»', '«новые ограничения из-за коронавируса»', '«новогодние праздники как будем проводить с ограничительными мероприятиями»', '«открытие ковидного центра на ВДНХ»', '«проблема вируса, особенно для пожилых»', '«коронавирус: тестов нет, анализы не берут»', '«с коронавирусом: лекарств нет, лечат плохо»', '«будут выделять бесплатное лекарство людям, которые болеют ковидом»']",20.0
2020-49,2020,49,"Прекращение армяно-азербайджанского вооруженного конфликта, ввод российских миротворцев в Нагорный Карабах","['«Информация о Нагорном Карабахе»', '«прекратилась в Нагорном Карабахе война благодаря Путину»', '«что закончилась война в Карабахе, ввод российских миротворцев, что Россия прекратила войну»', '«помощь в Нагорном Карабахе»', '«поставили миротворцев в Карабах»']",10.0
2020-49,2020,49,Начало вакцинации в России,"['«О том, что будет вакцинация массовая»', '«вакцинация поголовная с понедельника»', '«прививки от ковида запустили в ход. Большое дело делают»', '«началась вакцинация среди учителей, медработников и соцработников»', '«вакцинация не принудительна, а по факту принудительна – нас не допускают к работе»', '«о принудительном вакцинировании людей от коронавируса»']",7.0
2020-49,2020,49,Работа властных структур,"['«Множество законов пытается принять Госдума, которые ограничивают свободы и права граждан»', '«о внесении изменений в федеральный закон о физической культуре и спорте и федеральный закон об образовании»', '«переход Волгоградской области на московское время, подписание закона о повышенном налоге на доход физлиц свыше 5 млн рублей»', '«приезд министра просвещения в область нашу»']",5.0
2020-49,2020,49,Новое назначение А. Чубайса,"['«Об отставке Чубайса»', '«Чубайс поменял работу»', '«Чубайса с одного места поставили на другое»', '«Чубайса сняли с управления в ""Роснано” и поставили представителем президента в международных делах»']",3.0
2020-49,2020,49,Президентские выборы в США,"['«Выборы президента в США»', '«про борьбу президентов Америки»', '«надоела Америка, и выборы у них надоели»']",2.0
2020-49,2020,49,"Выплаты, льготы отдельным группам населения","['«О выплатах»', '«выплаты государством помощи на детей»', '«выплаты детских пособий и пособий малоимущим»', '«про выплаты детям в связи с коронавирусом»', '«что пособие на следующий год изменится детское»']",2.0
2020-49,2020,49,"Выступления, поездки В. Путина","['«Различные заявления Владимира Путина по улучшению жизни россиян»', '«совещание президента о нефтехимической отрасли в России»', '«Путин выступал и отвечал на вопросы: прямая линия была с областями»', '«Путин ездил в город Саров»', '«визит Путина в Тобольск»', '«встреча Путина с волонтерами. Очень хорошая работа, хорошо диалог прошел»', '«17 декабря будет прямая линия»']",2.0
2020-49,2020,49,Другие события в России,"['«Отключение электроснабжения в Приморском крае в течение 9 часов»', '«Хабаровск: разгоняли демонстрацию»', '«концерт Басты»', '«транспортная реформа в Кемеровской области»']",2.0
2020-49,2020,49,Другие события в мире,"['«Выступление Навального в Европарламенте»', '«физика иранского убили»', '«радиотелескоп упал в Пуэрто-Рико»', '«курс биткоина»']",2.0
2020-49,2020,49,Стихийные бедствия,"['«На Дальнем Востоке прошел дождь ледяной»', '«Владивосток: обледенение моста»', '«уборка снега после ледового дождя»', '«черная пурга в Норильске»']",1.0
2020-49,2020,49,"Рост цен, тарифов, экономические проблемы","['«Общий спад экономики»', '«плачевная ситуация с бизнесом»', '«очередное поднятие цен»', '«повышение коммунальных услуг»', '«работы нет, и зарплаты нет, цены высокие на продукты»']",1.0
2020-49,2020,49,События на Украине,"['«Плохие дела на Украине»', '«на Украине что творят. Жалко просто людей на Украине и по Донбассу. Наши люди, а сколько лет уже война»', '«события с Донецком: не хотят подписать соглашение»']",1.0
2020-49,2020,49,"Преступления, криминальные события","['«Криминальная хроника»', '«убийства»', '«убийство человека, который ехал в автобусе без маски»', '«ситуация с мальчиком, который в прямом эфире убил девушку в интернете»']",1.0
2020-49,2020,49,"Президентские выборы в Молдавии, события после них","['«Выборы в Молдавии»', '«проблема Приднестровья»', '«когда президент Молдавии попросила, чтобы Россия убрала войска»']",1.0
2020-49,2020,49,Спортивные события,"['«Биатлон: чемпионат мира»', '«чемпионат мира по боксу»', '«плохо наши сыграли на футболе»', '«“Зенит” проиграл»']",1.0
2020-49,2020,49,События в Белоруссии после президентских выборов,"['«События в Белоруссии»', '«протест в Белоруссии»', '«союз с Белоруссией сдвинулся с мертвой точки»']",1.0
2020-49,2020,49,Перевод школьников и студентов на дистанционное обучение,"['«Дистант детей»', '«по поводу учебы интересует, сколько будет дистанционное обучение»']",1.0
2020-49,2020,49,Смерть Д. Марадоны,"['«Марадона умер»', '«смерть Диего Марадоны»']",1.0
2020-49,2020,49,Нарушение российской границы эсминцем США,"['«Американский корабль переехал нашу границу»', '«американский корабль вошел в наши воды»', '«заход американского судна в Чёрное море»']",1.0
2020-50,2020,50,"Затрудняюсь ответить, нет ответа",[],49.0
2020-50,2020,50,"Эпидемия коронавируса, информация о ней, принимаемые меры","['«Информация о том, сколько людей умирает от коронавируса, и достоверна ли эта информация»', '«говорят о коронавирусе: нет лекарств, лечить нечем, скорая не приезжает»', '«коронавирус, переполнены больницы по факту, а говорят, что есть свободные места»', '«бесплатная выдача лекарств от коронавируса»', '«о продлении карантина»', '«рост заболеваний в Петербурге и усиление мер по коронавирусу»']",18.0
2020-50,2020,50,"Рост цен, тарифов, меры по сдерживанию цен на продовольствие","['«О повышении цен на продукты первой необходимости»', '«рост цен на сахар и масло»', '«борьба с подорожанием продуктов»', '«решение вопроса об исключении самопроизвольного поднятия цен нашими производителями»', '«когда разбирали, что продукты подорожали»', '«ценами на продовольствие занялись»']",10.0
2020-50,2020,50,Начало вакцинации россиян,"['«Массовая вакцинация самое актуальное, что запомнилось»', '«вакцинация от ковида в России»', '«прививка от коронавируса, что на-чалась вакцинация»', '«вакцинация, как она будет проходить в регионах»']",6.0
2020-50,2020,50,Предстоящая прямая линия с В. Путиным,"['«Будет проводиться прямая линия с президентом Путиным»', '«ждем конференцию с Путиным»', '«пресс-конференция с Путиным, которая будет 17 декабря»', '«прямой эфир с Путиным»']",4.0
2020-50,2020,50,"Прекращение армяно-азербайджанского вооруженного конфликта, ввод российских миротворцев","['«Обстановка между Арменией и Азербайджаном узаконилась»', '«Нагорный Карабах, что вошли наши войска, помогают»', '«что люди на-чали возвращаться в Нагорный Карабах»', '«парад победы Азербайджана над Арменией»']",4.0
2020-50,2020,50,Работа властных структур,"['«Дума, которая печатает законы, направленные на то, чтобы запретить и ущемить что-то»', '«отмена накопительной пенсии»', '«о свободе действий сотрудников полиции, о расширении их полномочий»', '«о новых законах про мусор»', '«приезд главы здравоохранения в Кали-нинградскую область»', '«увольнение Чубайса»']",4.0
2020-50,2020,50,"Другие выступления, встречи В. Путина","['«Встреча Путина с правозащитниками»', '«встреча с волонтерами»', '«президент не знал, что людям денег не хватает на еду»']",2.0
2020-50,2020,50,"Выплаты, льготы отдельным группам населения","['«Вопрос о дополнительных выплатах медикам»', '«доплата пенсионерам Москвы»', '«льготы пенсионерам»', '«дотационные выплаты на по-гребение»', '«новые выплаты пенсионерам и детям до 18 лет»', '«о выплатах в декабре всем, у кого есть дети»']",2.0
2020-50,2020,50,События на Украине,"['«Нагнетание напряженности на линии Луганск – Днепропетровск – Украина»', '«на Украину США перебросили какую-то военную технику»']",2.0
2020-50,2020,50,Другие события в России,"['«Скончался Валентин Гафт, это грустно»', '«губернатор Михайлов умер»', '«дело Платошкина в суде»', '«отсутствие лекарств в аптеках»', '«по-жар на рынке из-за фейерверка в Таганроге»']",2.0
2020-50,2020,50,"Преступления, криминальные события","['«Преступность, грабеж государства»', '«ограбление Сбербанка»', '«89 эпизодов педофилии православного священника, на которого завели дело»', '«в Петербурге бывший работник МВД поломал руку маленькому мальчику»', '«убийство в Армавире девушки и ее брата»']",1.0
2020-50,2020,50,События в Белоруссии после президентских выборов,"['«События в Белоруссии меня привлекли»', '«Лукашенко делает всё, чтобы остаться у власти»']",1.0
2020-50,2020,50,Перевод школьников и студентов на дистанционное обучение,"['«Об онлайн-обучении»', '«дистанционное обучение детей»', '«то, что собираются закрыть школы на самоизоляцию»']",1.0
2020-50,2020,50,Стихийные бедствия,"['«Землетрясение в республики Бурятия»', '«землетрясение в Сибири – 7 баллов»', '«землетрясение на Байкале»', '«наводнение в Иркутской области»', '«ситуация с ледяным дождем во Владивостоке»']",1.0
2020-50,2020,50,Президентские выборы в США,"['«О выборах в США»', '«победа американского президента»', '«ситуация в США, подтасовка с Байденом»']",1.0
2020-50,2020,50,Помощь Сирии,"['«Мы помогаем Сирии»', '«гуманитарная помощь беженцам в Сирии»', '«Сирия нам ни к чему, лучше бы все затраты делались внутри страны»']",1.0
2020-50,2020,50,Другие события в мире,"['«Начало вакцинации в Европе»', '«выборы в Молдове – последствия»', '«отказ сборной Норвегии от участия в нескольких этапах лыжных соревнований»']",1.0
2020-51,2020,51,"Затрудняюсь ответить, нет ответа",[],41.0
2020-51,2020,51,Прямая линия с В. Путиным,"['Вчерашнее выступление президента', 'телемост Путина с журналистами', '17 декабря – ежегодная пресс-конференция Путина', 'смотрела конференцию 17 декабря', 'вчерашняя пресс-конференция Путина: хорошо выступил. Можно было, конечно, пожёстче чуть-чуть с некоторыми журналистами', 'не понравилась пресс-конференция']",27.0
2020-51,2020,51,"Эпидемия коронавируса, информация о ней, принимаемые меры","['Ситуация с пандемией', 'вопросы о пандемии', 'коронавирус: говорят, что болеют много, умирают люди', 'коронавирус и какие средства от него готовятся', 'ухудшение заболеваемости', 'на 30% выросла смертность', 'сплошная ложь: количество заболевших ковидом людей никто не считает, цифры берут с потолка']",10.0
2020-51,2020,51,"Рост цен, тарифов, меры по сдерживанию цен на продовольствие","['Вопрос роста цен', 'вопрос о повышении цен на продукты', 'о поднятии цен, о ЖКХ', 'о повышении цен в магазинах', 'о снижении цен', 'обещание снижения цен', 'сброс цен на продукты и на зерно']",7.0
2020-51,2020,51,"Льготы, выплаты – прежде всего семьям с детьми","['Помощь на детей', 'увеличение пособия на ребенка', 'выплаты для детей многодетным и вообще', 'помощь молодым семьям', 'выплата на детей на Новый год', 'будут выплаты на детей, но не для всех детей. Это возмутительно']",7.0
2020-51,2020,51,Расследование отравления А. Навального,"['Расследование зарубежных журналистов об отравлении Навального: участие российских спецслужб в отравлении', 'последнее расследование Навального о его отравлении', 'Навальный знает, кто его хотел отравить', 'этапы расследования отравления Навального']",3.0
2020-51,2020,51,Прекращение армяно-азербайджанского вооруженного конфликта,"['В Нагорном Карабахе события', 'в Карабахе войну остановили', 'события в Карабахе, попытки срыва перемирия со стороны Азербайджана', 'в Нагорном Карабахе было столкновение']",3.0
2020-51,2020,51,Работа властных структур,"['Законопроект в первом чтении приняли о применении оружия сотрудниками милиции против гражданского населения', 'налог для предпринимателей', 'о работающих пенсионерах', 'круглый стол КПРФ, который прошел в Госдуме против дистанционного образования', 'о создании вытрезвителей']",3.0
2020-51,2020,51,Начало вакцинации россиян,"['Прививка от ковида', 'запуск вакцины', 'вакцинация от коронавируса', 'объявленная вакцинация полномасштабная']",2.0
2020-51,2020,51,"Испытания российских ракет, другого вооружения","['Испытания стратегические', 'наши ракеты полетели как метеориты', 'запуск “Ангары”', 'испытания: “Авангард"" полетел', 'запуск четырех баллистических ракет, и ИД-114 запустили', 'пуск баллистических ракет “Булава”, подводной лодки “Владимир Мономах”']",2.0
2020-51,2020,51,Проблемы российского здравоохранения,"['Уровень здравоохранения', 'нет лекарств, нет медицины', 'нехватка лекарств, невозможно попасть в медучреждения', 'почему мы должны помогать больным детям, а не государство?', 'в Тверской области в Ржеве в больнице осталось два терапевта']",2.0
2020-51,2020,51,Другие события в России,"['Продление ареста Фургала', 'развитие Западно-Сибирской магистрали', 'в Северобайкальске будут проводить газ', 'дети заблудились под Домодедово в пещере']",2.0
2020-51,2020,51,"Преступления, криминальные события","['Большая коррупция, воруют', 'подростки убивают друг друга и насилуют', 'ограбили Сбербанк в Санкт-Петербурге, большая преступность']",1.0
2020-51,2020,51,События в области спорта,"['Дисквалификация спортсменов с Олимпиады', 'Олимпиада лишила в очередной раз флага российских спортсменов', 'только футбол', 'биатлон, всё, что связано со спортом', 'молодые хоккеисты выиграли']",1.0
2020-51,2020,51,Президентские выборы в США,"['Рассказывают только о том, как выбирают президента в США', 'подтвержденные выборы в США', 'Байден победил', 'утверждение Байдена президентом']",1.0
2020-51,2020,51,События на Украине,"['Одно и то же: Украина, Украина', 'положение на Украине', 'слежу, что происходит на Украине', 'ситуация в ДНР']",1.0
2020-51,2020,51,Перевод школьников и студентов на дистанционное обучение,"['Дистанционное образование', 'дистанционное обучение детей', 'образование: не хотят дома заниматься дети']",1.0
2020-51,2020,51,Смерть В. Гафта,"['Гафт умер', 'смерть Гафта']",1.0
2020-51,2020,51,Другие события в мире,"['Темы, связанные с “Северным потоком 2”', 'с Лавровым не захотел встречаться кто-то из официальных лиц', 'отправлена гуманитарная помощь в Сирию – 476 тонн продуктов', 'Молдова приняла русский язык как общественный']",1.0
2020-52,2020,52,Прямая линия с В. Путиным,"['Прямая линия с президентом', 'прямая трансляция с Путиным 17 декабря', 'выступление Путина – общение с народом', 'встреча Путина с журналистами, ответы на вопросы', 'когда Путин отвечал на вопросы 17 декабря', 'интервью Путина, прямой эфир', 'выступление Путина – впечатление отрицательное']",16.0
2020-52,2020,52,"Эпидемия коронавируса, информация о ней, принимаемые меры","['Информация о распространении коронавируса', 'ситуация с коронавирусом: количество заболевших удручает', 'ковид: большая смертность', 'заниженная статистика о смертности от ковида', 'масочный режим', 'про коронавирус: отмечать Новый год нельзя, половину мероприятий убрали', 'ковид: за границей ужесточается политика', 'Петербург в лидерах по числу заболевших ковидом и умерших, уменьшается количество доступных мест для заболевших в больницах']",15.0
2020-52,2020,52,"Выплаты, льготы семьям с детьми","['Выплата на детей', 'детские пособия выплатил детям', 'материальная помощь больным детям', 'президент выплатил по 5 тысяч рублей детям до 8 лет. Мы получили', 'порадовало, что детям, внучатам дали по 5 тысяч рублей', 'по 5000 дают детям. Только почему ограничили, кому дают?', 'детям до 7 лет по 5 тысяч рублей, но желательно, как летом, до 16 лет']",11.0
2020-52,2020,52,"Изобретение Россией прививки от коронавируса, начало вакцинации","['Наша страна выпустила первой вакцину от ковида', 'про вакцину “Спутник-V”', 'радуюсь, что скоро наша вакцина будет нас вакцинировать', 'есть прививки от ковида', 'прививки для населения бесплатно', 'вакцинация идет повсеместно и скоро до нас дойдет', 'разрешение применять вакцину людям старше 60']",6.0
2020-52,2020,52,События вокруг отравления А. Навального,"['Ситуация с “берлинским пациентом”', 'обсуждение отравления Навального', 'расследование покушения на Навального', 'телефонный разговор Навального с отравителем полковником ФСБ']",6.0
2020-52,2020,52,"Рост цен, тарифов, меры по сдерживанию цен","['Повышение цен на всё: на сахар, на масло', 'повышение цены с 1 января на коммунальные услуги', 'продукты первой необходимости сильно подорожали, повысилась коммуналка', 'разговоры о ценах', 'правительство приступило к регулированию цен', 'удержание цен на сахарный песок и растительное масло', 'снижение цен на сахар и масло']",5.0
2020-52,2020,52,Работа властных структур,"['Госдума слишком много законов приняла за одну неделю', '“бешеный принтер” в Думе, когда принимают много нехороших законов', 'повышение налогов в перспективе', 'отмена накопительной части пенсии, изменение федеральных стандартов бухгалтерского учета', 'перенести часть дней зимних праздников на майские', 'поощрения членов “Единой России""']",5.0
2020-52,2020,52,Объявление 31 декабря выходным днем,"['Рабочий 31 декабря день или нет? Самая наболевшая тема', '31 декабря объявлен выходным днем', '31 декабря – выходной день']",2.0
2020-52,2020,52,"Испытания российских ракет, другого вооружения","['Успехи ВПК', 'пуск четырех ракет с субмарины, запуск “Ангары-5”', 'радует, что появилось оружие, которое сдерживает американцев, ракеты', 'новые образцы вооружений', 'связанные с созданием новых самолетов: они совершили первые полеты с отечественными двигателями']",2.0
2020-52,2020,52,Другие события в России,"['Судьба губернатора Фургала', 'суд Платошкина', 'строительство моста через Амур, фуникулеры', 'строительство в Севастополе культурного кластера: балетная школа', '2 января выходит продолжение фильма “Мажор""']",2.0
2020-52,2020,52,Другие события в мире,"['Белоруссия', 'Великобритания договорилась о нормальном выходе из Евросоюза', '“Северный поток 2"": закончен кусок в немецких водах']",2.0
2020-52,2020,52,"Прекращение армяно-азербайджанского вооруженного конфликта, присутствие в Армении российских миротворческих сил","['Ситуация в Нагорном Карабахе', 'перемирие в Карабахе', 'ввод миротворческих войск в Нагорный Карабах', 'миротворцы в Карабахе']",1.0
2020-52,2020,52,Отправка российской вакцины от коронавируса в Аргентину,"['Поставка вакцины в Аргентину', 'вакцину отправили в Аргентину', 'вакцина в Аргентину прилетела – наконец-то мы помогать стали']",1.0
2020-52,2020,52,Появление в Великобритании нового штамма коронавируса,"['Британские ученые диагностировали новый вирус', 'в Англии появился новый вирус', 'передача данных о коронавирусе из Британии: там новый штамм', 'вспышка коронавируса в Англии нового типа']",1.0
2020-52,2020,52,Президентские выборы в США,"['Выборы в США', 'в Америке выборы', 'выборы Байдена', 'что президент США определился']",1.0
2020-52,2020,52,"Преступления, криминальные события, пресечение преступных действий","['В основном криминал', 'воровство, коррупция', 'арест чиновников', 'в Дагестане задержали террористов']",1.0
2020-52,2020,52,События на Украине,"['Украина: общая ситуация', 'я болею за Донбасс', 'Донбасс: угроза конфликта военного', 'отрицательное отношение Украины к российской вакцине по коронавирусу и в целом к России и к Донбассу']",1.0
2020-52,2020,52,Подготовка к новогодним праздникам,"['С Новым годом!', 'освещение подготовки к Новому году по всей России и по миру', 'украсили город к Новому году']",1.0
2020-52,2020,52,События в области спорта,"['Фигурное катание и вообще спорт', 'победа молодежной сборной России по хоккею', 'все наши футбольные клубы плохо выступили, провалились']",1.0
2021-01,2021,1,"Эпидемия коронавируса, информация о ней, принимаемые меры","['«Коронавирус, изоляция»', '«страшные события о коронавирусе»', '«что люди умирают от коронавируса, болезнь процветает»', '«коронавирус замучил, постоянно только им и пугают пенсионеров»', '«всё, что связано с коронавирусом. Порадовало, что снижение идет хоть небольшое»', '«коронавирус, процесс выздоровления людей»', '«очень много заболело коронавирусом в Ангарске»', '«ослабление ограничений в Петербурге»']",11.0
2021-01,2021,1,События в США после президентских выборов,"['«Капитолий, практически революция в Америке»', '«попытка переворота в США»', '«поразили выборы в США: кровопролития: не ожидали»', '«Америка с Трампом чудит»', '«волнения в Америке в поддержку Трампа»', '«Трамп призвал выходить на протесты»']",10.0
2021-01,2021,1,"Выплаты, льготы, повышение пенсий","['«О социальной поддержке населения»', '«повысили социальные выплаты»', '«детям добавили и пенсионерам социальные выплаты»', '«то, что 6,3% к пенсии добавят»', '«индексация пенсий работающим гражданам, социальные выплаты детям»', '«фонд создадут детям с редкими болезнями, помощь будут выделять. И малоимущим, детям с 3 до 7 лет»', '«надбавки детям и молодым мамам»']",6.0
2021-01,2021,1,Работа властных структур,"['«Выступление Мишустина о помощи малому и среднему бизнесу»', '«было принято много законов, которые против народа»', '«закон о свободе слова»', '«закон об интернете»', '«новые противопожарные правила на личных участках»', '«повышение налогов»']",5.0
2021-01,2021,1,Новогодние праздники и Рождество,"['«Встреча Нового года и Рождества»', '«новогодние праздники»', '«Новый год – празднование Нового года»', '«о Рождестве Христовом»', '«события о Рождестве, которые проходили в разных частях мира, в том числе и в России»', '«эта неделя – праздники, ничего плохого не слышала»']",4.0
2021-01,2021,1,Действия В. Путина,"['«Выступление Путина по поводу бесплатных лекарств от коронавируса»', '«обещание Путина открыть фонд помощи детям-инвалидам»', '«поездка Путина в Тобольск»', '«Путин посетил в Нижегородской области храм»']",4.0
2021-01,2021,1,Начало вакцинации от коронавируса в России,"['«Вакцинирование доходит уже до массовых слоев населения»', '«обрадовала вакцинация от коронавируса»', '«прививки от коронавируса. стараются улучшить, чтобы людей побольше выздоровело»', '«вакцинация: говорят, что она добровольная, на самом деле добровольно-принудительная»', '«вакцинация, непроверенные вакцины»']",3.0
2021-01,2021,1,"Катастрофы, природные катаклизмы в России","['«Разбились два легкомоторных самолета, лавина сошла»', '«ДТП в городе Старый Оскол»', '«сход снежной лавины в Норильске»', '«катастрофы: лавина сошла, рухнул мост в воду»', '«пожар в Якутске»']",3.0
2021-01,2021,1,"Рост цен, тарифов, меры по сдерживанию цен","['«Только повышение цен»', '«повышение цен на продукты после праздника»', '«рост цен, рост услуг на ЖКХ»', '«услуги ЖКХ будут повышены с 1 января»', '«что цены заморозят, не будут повышаться»', '«про цены, что цены будут стабильные, а они нестабильные, сильно поднятые коммунальные услуги»', '«меня интересовали цены: говорили, в течение 90 дней изменят, — не изменили»']",2.0
2021-01,2021,1,Другие события в мире,"['«В Африке выявили новый вирус – более опасный, чем ковид и Эбола»', '«миллиардером стала в 2021 году “Тесла”, первое место в “Форбс""»', '«полет на Луну китайского аппарата»', '«правительство Украины обвиняет Россию в своем тяжелом положении»']",2.0
2021-01,2021,1,События в области спорта,"['«Победа наших лыжников на “Тур де Ски""»', '«спорт – лыжи и биатлон»', '«выиграли наши лыжники, пять побед»', '«на шестом этапе “Дакара"" наши приехали первыми»', '«в спорте проигрыш молодежной хоккейной команды»']",1.0
2021-01,2021,1,События вокруг отравления А. Навального,"['«Отравление Навального»', '«расследование о Навальном»', '«ситуация с отравлением на территории России гражданина России, оппозиционного политика Навального. Опубликованная в “Новой газете” информация об этом»']",1.0
2021-01,2021,1,Другие события в России,"['«В Хабаровске митинги насчет Фургала»', '«водоснабжение в Крыму»', '«о том, что мы беднеем, и вывоз денег»']",1.0
2021-02,2021,2,События в США после президентских выборов,"['Бунт в Капитолии, бан профиля Трампа в Твиттере', 'про Трампа, что в Твиттере его заблокировали и объявили импичмент', 'в США протестные акции против нового президента', 'нарушение демократии в Америке', 'что в Америке сейчас творится: смена власти там идет']",10.0
2021-02,2021,2,"Эпидемия коронавируса, информация о ней, принимаемые меры","['Слежу за информацией о коронавирусе', 'коронавирус в мире, в стране, в области – статистика', 'растет количество заболевших. Новая версия ковида – британская', 'новые мутации коронавируса', 'изоляция']",9.0
2021-02,2021,2,Начало прививок в России от коронавируса,"['Вакцинация в России бесплатная', 'о том, что проводят общую вакцинацию', 'прививки для всех', 'что будут вакцинировать', 'рассказывали о побочных действиях прививок']",5.0
2021-02,2021,2,"Аварии, катастрофы, несчастные случаи","['Авария на шоссе в Москве, с погибшими военнослужащими', 'пожар и гибель обитателей пансионата', 'сухогруз затонул', 'чрезвычайные происшествия', 'люди гибнут под лавинами и при пожарах']",3.0
2021-02,2021,2,"Рост цен, тарифов","['Только повышение цен', 'обвал рубля', 'повышение акцизов', 'повышение цен на топливо', 'рост цен на лекарства, продукты питания', 'цены выросли', 'цены на ЖКХ растут неимоверно']",3.0
2021-02,2021,2,Смерть Б. Грачевского,"['Грачевский умер', 'умер отец “Ералаша” Грачевский', 'от коронавируса умер Грачевский', 'вчера умер Грачевский. Расстроилась до слез, жалко человека, наше поколение уходит']",2.0
2021-02,2021,2,"Повышение пенсий, выплаты, льготы","['О повышении пенсии', 'прибавка к пенсии', 'про индексацию пенсии', 'выплаты детям от трех до семи лет', 'социальные выплаты на детей']",2.0
2021-02,2021,2,"Возвращение А. Навального в Россию, его задержание","['Возвращение Навального', 'Навальный – приезд', 'задержали Навального']",2.0
2021-02,2021,2,"Катастрофы, природные катаклизмы в России","['Аномальные снегопады и морозы в России', 'землетрясение в Красноярске', 'землетрясение на Байкале и в Монголии', 'снегопады', 'кругом непогода, заметает всех', 'непогода в Сочи']",2.0
2021-02,2021,2,Работа властных структур,"['Новый мэр Уфы, надеюсь на лучшее', 'с 1 июля запрет на ввоз спецтехники из-за границы', 'ужесточение штрафов ГИБДД']",2.0
2021-02,2021,2,"Армяно-азербайджанские отношения, присутствие российских миротворцев в Армении","['Армения и Азербайджан, Карабах', 'встреча на высшем уровне Путина, Алиева и Пашиняна', 'уладили карабахский конфликт', 'перемирие на Кавказе, работа наших миротворцев']",1.0
2021-02,2021,2,Новогодние праздники и Рождество,"['Новый год', 'Рождество', 'рождественские колядки', 'старый Новый год', 'праздники']",1.0
2021-02,2021,2,События на Украине,"['Украина', 'Украина отменила русский язык', 'состояние наших с Украиной отношений', 'Украина бастует в связи с подорожанием газа']",1.0
2021-02,2021,2,Действия В. Путина,"['Встречи президента', 'выступление Путина', 'пресс-конференция Путина', 'речь Путина новогодняя ни о чем и никак']",1.0
2021-02,2021,2,Осуждение В. Санкина за убийство педофила,"['История с педофилом. Мужчина помог, а ему дали за это 8 лет', 'мужика посадили, который спас ребенка от педофила', 'Уфа – осуждение человека, который спас ребенка от педофила']",1.0
2021-02,2021,2,Авиакатастрофа в Индонезии,"['Авиакатастрофа “Боинга”', 'пропажа самолета в Индонезии', 'трагедия с самолетом в Индонезии']",1.0
2021-02,2021,2,События в области спорта,"['КАМАЗ победил в Дакаре. Начался сезон в НХЛ', 'чемпионат Европы по санному спорту', 'хоккей – молодежный чемпионат', 'бокс']",1.0
2021-02,2021,2,Другие события в России,"['ЕГЭ', 'Фургал – увольнение, продлили срок', 'публикация о Платошкине', 'рождение в Волгограде четверни']",1.0
2021-02,2021,2,Другие события в мире,"['В Германии Меркель уходит в отставку', 'проблемы строительства “Северного потока 2”', 'выборы в Казахстане', 'высадка на наш сухогруз греческого спецназа']",1.0
2021-03,2021,3,"Затрудняюсь ответить, нет ответа",[],52.0
2021-03,2021,3,"Возвращение А. Навального в Россию, его задержание, митинги в поддержку А. Навального","['«Возвращение Навального в Москву»', '«арест Навального, акции протеста в поддержку Навального»', '«Навальный наговаривает на Пути- на, призывает к митингам»', '«митинг в защиту Навального»', '«митинги и протесты во всех городах России»', '«митинг из-за Навального»', '«митинги против Путина»', '«вчерашние митинги. Включили детей в эти события. Это за гранью»', '«Навальный агитирует детей на разные беспорядки»']",24.0
2021-03,2021,3,"События в США после президентских выборов, инаугурация Д. Байдена","['«Байден стал президентом американским»', '«вступление в должность президента США»', '«гонения на Трампа»', '«политическая обстановка в Соединенных Штатах, попраны демократические принципы»', '«то, что творится в Америке»']",9.0
2021-03,2021,3,"Эпидемия коронавируса, информация о ней, принимаемые меры","['«Всемирное заболевание»', '«да тут у нас в основном про коронавирус все новости»', '«коронавирус, много погибает»', '«новые штаммы коронавируса»', '«эпидемия стала снижаться»']",7.0
2021-03,2021,3,Прививки в России от коронавируса,"['«Началась массовая вакцинация от коронавируса»', '«вакцинация против ковида»', '«вакцинация, теперь всё наладится»', '«удачное при- вивание, ввод и медработникам, и учителям вакцины»', '«навязывание вакцинации»']",4.0
2021-03,2021,3,"Рост цен, тарифов","['«Всё подорожало»', '«рост цен на всё»', '«дорожают продукты и ЖКХ, а налоги растут»', '«повышение ЖКХ»']",1.0
2021-03,2021,3,"Аварии, катастрофы, несчастные случаи","['«Дом инвалидов сгорел»', '«терялся мальчик, но в настоящее время нашелся»']",1.0
2021-03,2021,3,События в области спорта,"['«Спортивные»', '«Кубок мира по биатлону»', '«Логинов занял первое место в биатлоне»']",1.0
2021-03,2021,3,Работа властных структур,"['«Открытие сессии в Госдуме»', '«новые правила охоты»', '«объединение партии “Справедливая Россия” с партией “За правду” и еще одной»', '«сокращения аппарата чиновников»']",1.0
2021-03,2021,3,Повышение пенсий,"['«Добавили пенсию»', '«индексация пенсии»', '«индексация пенсий работающим»', '«увеличение стажа и пенсии медикам»']",1.0
2021-03,2021,3,Действия В. Путина,"['«Выступления Путина»', '«высказывания Путина»']",1.0
2021-03,2021,3,"Катастрофы, природные катаклизмы в России","['«Лавина обрушилась на Домбай»', '«то, что снегу навалило в Краснодаре»', '«якутские морозы»']",1.0
2021-03,2021,3,Другие события в России,"['«Крещенские купания»', '«посадили на 8 лет парня, который убил педофила, заступившись за детей»', '«в Чечне убили главаря террори- стов»', '«умер Борис Грачевский»']",1.0
2021-03,2021,3,Другие события в мире,"['«Взрыв в Мадриде»', '«упал самолет»', '«в Германии акции протеста»', '«умер репортер в США»']",1.0
2021-04,2021,4,"Затрудняюсь ответить, нет ответа",[],46.0
2021-04,2021,4,Митинги в поддержку А. Навального,"['«Скандал вокруг Навального»', '«мирная акция за Навального»', '«несанкционированные акции за Навального»', '«митинги: прессинг и давление со стороны региональной власти на население, противоречащее Конституции»', '«митинги: они мне не нравятся, они раскалывают наше государство»']",38.0
2021-04,2021,4,"Эпидемия коронавируса, информация о ней, принимаемые меры","['«Пандемия»', '«ковид, борьба с вирусом»', '«коронавирус, его последствия»', '«отмена коронавирусных ограничений»', '«снятие ограничений по коронавирусу»']",5.0
2021-04,2021,4,"Появление вакцины от коронавируса, прививки","['«Вакцинация»', '«всё, что связано с вакциной от коронавируса»', '«массовая вакцинация»', '«прививки надо делать, вакцина появилась»', '«три вакцины»']",2.0
2021-04,2021,4,"Смерть В. Ланового, Б. Грачевского","['«Грачевский и Лановой умерли»', '«расстроил уход Ланового»', '«смерть Ланового»', '«умер человек, снимавший “Ералаш”»', '«Лановой»']",2.0
2021-04,2021,4,Выступления В. Путина,"['«Путин выступал»', '«выступление Путина в Давосе»', '«конференция Путина со студентами»', '«выступление Путина в Совбезе»']",2.0
2021-04,2021,4,Смена президента США,"['«Америка – президент поменялся»', '«смена администрации в США»', '«смена президента США»']",1.0
2021-04,2021,4,"Телефонный разговор В. Путина с Д. Байденом, продление договора СНВ-3","['«Переговоры Путина с Америкой»', '«договор с Америкой о сокращении вооружений»', '«продление договора об ограничении вооружений»']",1.0
2021-04,2021,4,"Рост цен, тарифов","['«Повышение цен»', '«подорожание цен»', '«повышение цен на продукты питания»', '«рост цен на ЖКХ»']",1.0
2021-04,2021,4,События в области спорта,"['«Победа наших биатлонистов, лыжных гонщиков»', '«Кубок мира по лыжам»', '«фигурное катание»', '«хоккей»', '«чемпионат Испании по футболу»', '«дисквалификация спортсменов»']",1.0
2021-04,2021,4,"Повышение пенсий, выплаты","['«Добавка пенсии»', '«указ о повышении пенсии работающим пенсионерам»', '«детские выплаты»', '«увеличение материнского капитала»']",1.0
2021-04,2021,4,Работа властных структур,"['«Мишустин – мне нравится, как он командует членами правительства»', '«наше государство начинает действия показывать, свою мощь»', '«дебаты насчет вытрезвителей»']",1.0
2021-04,2021,4,"Аварии, катастрофы, несчастные случаи","['«Аварии из-за погоды»', '«про аварию в Самарской области»', '«взрыв на нефтеперерабатывающем заводе»', '«взрыв на Пермском пороховом заводе, ДТП»', '«девочка пропала, в колодец упала»']",1.0
2021-04,2021,4,Другие события в России,"['«Новое вооружение. Новые арктические торговые корабли»', '«выделение безналоговой зоны для металлургического завода в Красноярске»', '«снегопад в Новосибирске»']",1.0
2021-04,2021,4,Другие события в мире,"['«Участие России в ПАСЕ»', '«хирургическая конференция в Сингапуре»', '«экономический форум в Давосе»']",1.0
2021-05,2021,5,"Затрудняюсь ответить, нет ответа",[],53.0
2021-05,2021,5,"Заключение под стражу А. Навального, митинги в его защиту","['«Навального посадили в тюрьму, это самая обсуждаемая тема – из всех щелей»', '«Навального посадили, это грустно очень»', '«митинги во всей стране»', '«выступление молодежи против правительства, в поддержку Навального»', '«несогласованные митинги, в них молодежь втягивают».']",35.0
2021-05,2021,5,"Эпидемия коронавируса, принимаемые меры","['«Ситуация по коронавирусу»', '«послабление ограничений, связанных с коронавирусом»', '«ситуация с ковидом в лучшую сторону»', '«закрытие ковидных учреждений».']",3.0
2021-05,2021,5,"Международное признание российской вакцины от коронавируса, прививки","['«Нашу вакцину признали в мире»', '«вакцина наша на высшем уровне, считается, что многие государства стали ее принимать»', '«вакцинация против коронавируса»', '«про прививки».']",2.0
2021-05,2021,5,"Рост цен, тарифов","['«В магазинах всё дорожает»', '«подорожание всех продуктов»', '«подорожание овощей»', '«повышение цен на бензин»', '«по поводу цен: президенту докладывают, что цены снижают, а на деле получается всё наоборот».']",2.0
2021-05,2021,5,"Аварии, катастрофы, несчастные случаи","['«Газовый баллон взорвался в Иркутске»', '«пожары, склад горел, и в Ростове что-то горело»', '«пожар в Красноярске»', '«обвал, ребенок с крыши упал».']",1.0
2021-05,2021,5,События на Украине,"['«Положение на Украине»', '«обострение событий на Донбассе»', '«несправедливости на Украине, там закрыли СМИ».']",1.0
2021-05,2021,5,Работа властных структур,"['«Приезд в Россию представителя ОБСЕ и его встреча с Лавровым»', '«в Калмыкию приезд Мишустина»', '«новый законопроект по соцсетям».']",1.0
2021-05,2021,5,Погода в России,"['«Камчатка – погибли люди из-за большого снегопада»', '«Сибирь снегом засыпает»', '«про аномальные холода»', '«холода наступают».']",1.0
2021-05,2021,5,"Повышение пенсий, выплаты","['«Индексация зарплаты»', '«индексация пенсий работающим пенсионерам»', '«пенсию прибавили»', '«пособия повысили»', '«детские выплаты»', '«пенсионные и детские пособия».']",1.0
2021-05,2021,5,События в области спорта,"['«Спортивные: лыжные гонки, биатлон»', '«фигурное катание»', '«чемпионат мира по лыжам, по баскетболу соревнования»', '«футболист Кокорин в Италии».']",1.0
2021-05,2021,5,Продление договора СНВ-3,"['«Договор по сокращению ядерного оружия»', '«что подписали договор о запрете ракет»', '«договор заключили об СНВ»', '«ратификация договора с США».']",1.0
2021-05,2021,5,Другие события в России,"['«Штраф “Норникелю”»', '«похороны Ланового»', '«в Ставрополе убили учительницу»', '«срок парню, который убил педофила».']",1.0
2021-05,2021,5,Другие события в мире,"['«Илон Маск: ужасный запуск Space X»', '«обсуждение “Северного потока 2” между Францией и Германией».']",1.0
2021-06,2021,6,"Затрудняюсь ответить, нет ответа",[],57.0
2021-06,2021,6,"Заключение под стражу А. Навального, суд над А. Навальным, митинги в его защиту","['«Навальному дали срок ни за что»', '«Навальный предатель, против России, оскорбил ветерана»', '«несанкционированные митинги»', '«митинг за Навального, беспредел кто разгонял митинг»', '«задержание митингующих»', '«шумиха по Навальному, народ не за Навального выходил, а против социальных условий нашей жизни»', '«выступления детишек – вытащил их Навальный»']",23.0
2021-06,2021,6,"Эпидемия коронавируса, изобретение российской вакцины от него, вакцинация","['«Одно событие – зараза»', '«коронавирус в мире, в Китае»', '«стали люди больше выздоравливать, чем заражаться коронавирусом»', '«коронавирус, нет уверенности, что не вернется назад»', '«много заболевших коронавирусом в Хабаровске»', '«вакцина “Спутник V”, начало вакцинации»', '«престиж нашей вакцины»', '«пихают за границу вакцину, у своих не делают»', '«вакцинация, посмотришь а от нее люди умирают».']",6.0
2021-06,2021,6,Погода в России,"['«Природные катаклизмы»', '«климатический коллапс, метели»', '«погода, большие снегопады»', '«снегопад в России, нигде не чистят, даже трассы».']",2.0
2021-06,2021,6,Работа властных структур,"['«Контроль учителей и воспитателей»', '«новое положение в Думе о работающих пенсионерах»', '«введение военной ипотеки»', '«правила прохождения техосмотра».']",2.0
2021-06,2021,6,"Повышение зарплат, пенсий, выплаты","['«Бюджетникам повысили зарплату и начали ее проверку»', '«индексация пенсии работающим пенсионерам»', '«выплата денег декретницам»', '«хотят ввести новые пособия для беременных и детей»', '«о зарплате ученых».']",2.0
2021-06,2021,6,"Аварии, катастрофы, несчастные случаи","['«Взрыв во Владикавказе»', '«взрыв газа в Питере»', '«Красноярск – пожар»', '«события в Воронеже: несчастный случай, погибли парень и ребенок»', '«обрушение крыши в ледовом дворце»', '«падение ребенка из окна больницы».']",1.0
2021-06,2021,6,"Рост цен, тарифов","['«Цены в магазине»', '«рост цен на бензин, продукты»', '«рост оплаты за отопление»', '«самый большой рост цен в Саратовской области».']",1.0
2021-06,2021,6,События на Украине,"['«Ситуация на Украине»', '«Донбасс»', '«Украина пускает НАТО, чтобы они летали в Крым, как будто это их территория»', '«украинская армия сократилась».']",1.0
2021-06,2021,6,События в области спорта,"['«Биатлон и лыжные гонки»', '«биатлон проиграли»', '«про финнов, как у них выиграли»', '«спортивные. Чемпионат мира по зимним видам спорта»', '«фигурное катание».']",1.0
2021-06,2021,6,Встреча С. Лаврова с Ж. Боррелем,"['«Лавров, Борель – встреча в Москве»', '«приезд Борреля»', '«заявление Лаврова о возможном отделении от Евросоюза»', '«Лавров сказал, что унижение терпеть не будем».']",1.0
2021-06,2021,6,"События в США, попытка импичмента Д. Трампу","['«Выборы в Америке, должны объявить импичмент»', '«Трамп и импичмент»', '«импичмент Трампу».']",1.0
2021-06,2021,6,"Криминальные события, коррупция","['«Убийство экс-главы села в Дагестане»', '«оставила в лесу трех детей»', '«коррупционера одного задержали, взял взятку».']",1.0
2021-06,2021,6,"Ухудшение отношений с Евросоюзом, США, санкции против России","['«Выступление Байдена по отношению к России»', '«насчет военного положения между Россией и США»', '«как относится к нам Евросоюз»', '«как Запад безответственно ведет себя по отношению к нашей стране, без конца санкции»', '«санкции от Америки».']",1.0
2021-06,2021,6,"Встречи, выступления В. Путина","['«Выступал Путин по телевизору, конференция с научными сотрудниками»', '«Путин встречался с корреспондентами СМИ».']",1.0
2021-06,2021,6,Другие события в России,"['«Мусорный вопрос в Махачкале»', '«прожиточный минимум пенсионеров в Чувашии – 8400, даже на лекарства не хватит»', '«смерть Ланового, артиста»', '«митинги по поводу Фургала».']",1.0
2021-06,2021,6,Другие события в мире,"['«Договор по СНВ»', '«выступление Лукашенко на общенародном собрании»', '«в Мьянме военный переворот»', '«землетрясение в Японии»', '«американец вставил в лоб бриллиант».']",1.0
2021-07,2021,7,"Заключение под стражу А. Навального, суд над А. Навальным, митинги в его защиту","['Арест Навального', 'самое громкое последнее политическое событие – суд Навального', 'подтвердили срок Навальному', 'Навального осудили, надо было больше дать', 'о Навальном, что его посадили', 'акции протеста в поддержку Навального', 'митинги в поддержку Навального', 'о Навальном все каналы, мне это не нравится']",14.0
2021-07,2021,7,"Эпидемия коронавируса, изобретение российских вакцин от него, вакцинация","['Вирус', 'пандемия', 'успехи по ковиду', 'коронавирус пошел на убыль', 'карантин скоро снимут', 'вакцину российскую еще одну запатентовали', 'можно записаться на прививку от ковида на портале госуслуг', 'решение о снятии ковид-ограничений в Татарстане примут в марте']",8.0
2021-07,2021,7,Аномальная погода в России,"['Аномальная природа: природные катаклизмы в стране', 'снегопады, гололед', 'морозы', 'ближайшие дни в Татарстане похолодает до -38', 'Владивосток завалило снегом', 'снегопад на Сахалине', 'угроза ЧС из-за снегопада в Крыму']",4.0
2021-07,2021,7,Работа властных структур,"['Выделение средств на реализацию нацпрограмм', 'Зюганов: “В России готовят почву для новых поборов”', 'Лавров сказал, что мы будем отказываться от доллара', 'Мишустин ездил в Псков', 'пенсионные изменения: реформа 2021', 'принятие новых законов в Госдуме']",2.0
2021-07,2021,7,"Рост цен, тарифов","['Высокие цены на продукты питания', 'цены выросли на сахар, масло подсолнечное и на все остальные продукты', 'повысятся цены на курятину и яйца', 'будут повышаться цены на продукты из-за упаковок', 'ЖКХ: цены растут', 'завышены цены на ЖКХ']",2.0
2021-07,2021,7,"Встречи, выступления В. Путина","['Встреча Путина с членами правительства', 'встреча Путина с Чиханчиным', 'разговор Путина и Рогозина про совершенствование ГЛОНАСС', 'Путин встречался с партиями, с лидерами, их было пять', 'выступление Путина о маткапитале на ремонт квартир', 'девочка обратилась к Путину, и он подарил ей собачку']",2.0
2021-07,2021,7,"Ухудшение отношений с Евросоюзом, США, санкции против России","['Как давят Россию Евросоюз, Америка', 'негативные высказывания в адрес России со стороны США и ЕС', 'Байден угрожал', 'нападки Запада на нас, на Россию. Я считаю, что они необоснованные', 'международные дела: санкции']",2.0
2021-07,2021,7,Смерть А. Мягкова,"['Смерть Мягкова: тронуло', 'траур по Андрею Мягкову', 'что Андрей Мягков умер, жалко: вся наша жизнь, вся молодость! Сколько себя помнишь — столько и его помнишь']",2.0
2021-07,2021,7,Другие события в России,"['Наступающее 23 Февраля', 'афганский вывод войск: юбилей', 'в феврале мало рабочих дней, и доход будет меньше', 'манифест Богомолова', 'памятник на Лубянке', 'флешмоб в поддержку Путина']",2.0
2021-07,2021,7,Другие события в мире,"['Биткоин вырос', 'запуск на Марс', 'события в Сирии', 'события в Италии']",2.0
2021-07,2021,7,События в США,"['Байден предупредил о долгом соперничестве с Китаем', 'Америка мерзнет', 'отключение света в США', 'Америка не нравится: 15 миллионов остались без света, замерзают, их жалко']",1.0
2021-07,2021,7,События на Украине,"['Украина ввела санкции против Медведчука и его жены', 'что часть Украины хочет присоединиться к России']",1.0
2021-07,2021,7,"Повышение зарплат, пенсий, выплаты","['Выплаты детям разовые', 'обещали выплаты безработным', 'индексация пенсий работающим пенсионерам', 'обещали добавить пенсию', 'повышение зарплаты']",1.0
2021-07,2021,7,"Аварии, катастрофы, несчастные случаи","['Аварии на дорогах', 'авария на заводе в Красноярске', 'авария на Севере', 'при пожаре в Кирове погибли четверо детей и женщина']",1.0
2021-07,2021,7,"Криминальные события, коррупция","['Коррупция в органах власти', 'Митино: мужчина застрелил девочку', 'похитили девочку в Арзамасе', 'убийство ребенка']",1.0
2021-07,2021,7,События в области спорта,"['Биатлон: все плохо', 'лыжные гонки', 'спортивные новости: футбольный клуб “Краснодар” начал играть', 'футбольный матч Лиги чемпионов']",1.0
2021-08,2021,8,События вокруг осуждения и отправки в колонию А. Навального,"['Вокруг Навального', 'забастовки в Москве', 'молодежь – пикеты', 'привлечение к суду митингующих', 'суд над Навальным, митинги в Москве', 'Навальный – суд', 'уголовное дело по Навальному', 'Навального посадили', 'наказали виновного Навального: очень рад, что посадили', 'отправка Навального в колонию', 'этапировали Навального, и отказ ему в кассационной жалобе']",8.0
2021-08,2021,8,"Эпидемия коронавируса, вакцинация","['Пандемия', 'улучшается эпидемиологическая обстановка', 'идет спад коронавируса', 'коронавирус снизился, смертность снизилась', 'снятие коронавирусных ограничений', 'стали открываться страны после пандемии', 'вакцинация населения']",8.0
2021-08,2021,8,Аномальная погода в России,"['Аномальные морозы', 'снегопады, оттепель', 'снегопад в Челябинске', 'заморозки во Владивостоке', 'последствия урагана у нас в области', 'погодные катаклизмы: давление у людей']",5.0
2021-08,2021,8,Работа властных структур,"['Работа Мишустина – что вникает во все вопросы. Хороший руководитель', 'закон о запрете продажи несовершеннолетним детям спичек и зажигалок', 'закон о том, что детей нельзя высаживать из транспорта', 'изменение правил техосмотра автомобилей', 'повы- шение налогов и штрафов', 'про упрощение покупки земли', 'вытрезвители вводят']",3.0
2021-08,2021,8,Политический кризис в Армении,"['Армения: протесты против Пашиняна', 'беспорядки в Армении', 'в Армении военный переворот', 'забастовка в Ереване']",3.0
2021-08,2021,8,События на Украине,"['Ситуация на Украине', 'украинский вопрос', 'про Донбасс', 'про Зеленского']",2.0
2021-08,2021,8,Другие события в России,"['Объединение партии Миронова и партии патриотов', 'интервью дочери Пескова Ксении Собчак', 'установление памятника на Лубянке Невскому или Дзержинскому']",2.0
2021-08,2021,8,Другие события в мире,"['Наши дипломаты пересекли границу с Кореей', 'в Бангладеш рухнул дом', 'выпал снег в Сахаре']",2.0
2021-08,2021,8,"Рост цен, тарифов","['Подорожание цен', 'цены растут на масло и сахар', 'повышение цен на бензин', 'высокие цены на ЖКХ', 'высокие цены на услуги ЖКХ, прибавка на продукты', 'повышение тарифов на электроэнергию']",1.0
2021-08,2021,8,"Напряженные отношения с Евросоюзом, США, санкции против России","['“Северный поток 2” блокируют, агрессия со стороны США и Европы', 'очередные санкции', 'санкции против Газпрома, санкции против России, высказывания, что Америка никогда не признает Крым российским и санкции будут продолжаться']",1.0
2021-08,2021,8,Авиаудар США по Сирии,"['Сирия: бомбежка США', 'удар по Сирии', 'Байден Сирию бомбил', 'расстрел арабов американцами']",1.0
2021-08,2021,8,События в США,"['Выступление Байдена', 'новый президент США – выступления', 'мороз в США']",1.0
2021-08,2021,8,"Встречи, выступления В. Путина","['Встреча Путина и Лукашенко в Сочи', 'выступление Путина о политике на международной арене', 'выступление Путина перед ФСБ', 'речь Путина']",1.0
2021-08,2021,8,"Аварии, катастрофы, несчастные случаи","['ДТП', 'взрыв газа в России в жилом доме', 'пожар в Нижнем Новгороде', 'возгорания в Подмосковье – пожары', 'глыбы падают на людей', 'на ВДНХ утонула машина, и об этом сообщали СМИ']",1.0
2021-08,2021,8,"Криминальные события, коррупция","['Воровство, кражи, грабежи', 'чиновников ловят на взятках', 'коррупция на таможне, арестовали таможенника', 'убийство девушки в Кемерово', 'мать троих детей увезла в лес, выкинула']",1.0
2021-08,2021,8,"Выплаты, повышение пенсий","['Всевозможные пособия для детей', 'пособие на детей рассчитываться будет по-другому', 'прибавка к пенсии']",1.0
2021-08,2021,8,События в области спорта,"['Чемпионат мира по лыжам и биатлону', 'победа наших лыжников. Большунов – чемпион мира впервые за свою карьеру', 'наши биат- лонисты проиграли', 'футбол: наши, как обычно, плохо играют']",1.0
2021-08,2021,8,Праздники,"['23 Февраля', 'День защитника Отечества', 'День спецназа: сам в спецназе служил', 'День армии, концерт']",1.0
2021-10,2021,10,"Эпидемия коронавируса, вакцинация","['«Третья волна пандемии»', '«коронавирус усиливается»', '«пандемия: еще обещают новую»', '«коронавирус уменьшился»', '«что ковид отступает»', '«карантин»', '«в других странах испытывают вакцину»', '«вакцинация людей»']",9.0
2021-10,2021,10,Обострение обстановки на Украине,"['«Обстановка на Украине»', '«всегда интересуюсь, что на Украине происходит с Луганском и Донбассом»', '«Донбасс и Луганск: опасность возникновения войны»', '«война на Донбассе»']",5.0
2021-10,2021,10,Работа властных структур,"['«Встреча Мишустина с рабочими в Алтайском крае и Сибири»', '«выступление Бондаренко»', '«об освобождении от ответственности судей за коррупцию»', '«указ об облегчении положения педагогов»']",4.0
2021-10,2021,10,"Отправка А. Навального в исправительную колонию, митинги в его защиту","['«Навального посадили»', '«перевод Навального на зону»', '«митинг Навального»', '«как били бабушек и молодежь на Манежной площади»', '«задержание людей незаконное на митингах»']",2.0
2021-10,2021,10,"Рост цен, тарифов","['«Цены выросли»', '«цены на ЖКХ повышаются, и на продукты, и на лекарства»', '«повышение цен на бензин»', '«электроэнергия: про тарифы»', '«ЖКХ растет»']",2.0
2021-10,2021,10,"Напряженные отношения России с США, антироссийские санкции","['«Дела с Америкой: напряженная обстановка»', '«на Россию Америка отзывается плохо»', '«на Россию нагнетают со стороны США, кибератаки»', '«санкции»', '«санкции экономические по поводу Навального»']",2.0
2021-10,2021,10,"Аномальная погода в России, природные катаклизмы","['«Морозы»', '«похолодание»', '«снег будет»', '«на Камчатке взорвался вулкан»', '«погода плохая»', '«непогода в Дагестане»']",2.0
2021-10,2021,10,Другие события в мире,"['«Скандал в королевстве Англии»', '«интервью Меган Маркл»', '«события в Армении»']",2.0
2021-10,2021,10,"Выплаты, повышение пенсий, детских пособий","['«Про выплаты нуждающимся»', '«выплаты детские»', '«повышение выплат на детей»', '«пособие для детей, льготы учителям»', '«увеличение пенсий»', '«повышение пенсий на 5 тысяч»']",1.0
2021-10,2021,10,События в области спорта,"['«Спорт – биатлон»', '«Большунов выиграл лыжи»', '«лыжные гонки»', '«“Спартак” выиграл у “Краснодара”»', '«фигурное катание: чемпионат»']",1.0
2021-10,2021,10,"Меры по борьбе с коррупцией, аресты","['«Борьба с коррупцией»', '«разоблачение коррупционеров по всей России»', '«арест мэра нашего города»', '«арест мэра Троицка Челябинской области»']",1.0
2021-10,2021,10,"Встречи, выступления В. Путина","['«Встреча Путина с Эрдорганом»', '«выступление президента»', '«новости о плохой работе Путина»']",1.0
2021-10,2021,10,"Аварии, катастрофы, несчастные случаи","['«Авария в Курумоче»', '«ДТП на “Большевичке”»', '«дом горел в Анапе»', '«пожар в торговом центре “Скала”»', '«пожары и ДТП в нашем городе»']",1.0
2021-10,2021,10,Криминальные события,"['«Преступность»', '«про жуликов»', '«в Томске минировали школу»', '«депутат ЛДПР сбил девушку»', '«появились мошенники по продаже вакцины»']",1.0
2021-10,2021,10,Другие события в России,"['«Масленица, 8 Марта»', '«заключение Платошкина Николая Николаевича»', '«маньяка выпустили»', '«африканская чума свиней»']",1.0
2021-11,2021,11,Обвинения Д. Байдена в адрес В. Путина,"['Байден назвал Путина киллером', 'Байден высказался в адрес Путина', 'Байден нашего Путина и всю Россию оскорбил', 'Байден, президент США – его высказывание неприлично', 'пожалуй, хамство Байдена']",14.0
2021-11,2021,11,"Эпидемия коронавируса, вакцинация","['Отслеживаю статистику по ковиду', 'про коронавирус, обнаружили новые штаммы', 'снятие части карантина', 'началась вакцинация от коронавируса', 'отправка вакцины в другие страны']",5.0
2021-11,2021,11,"Напряженные отношения России с США, западными странами, антироссийские санкции","['Политика Америки против России', 'Запад агрессивно настроен', 'отношения с американцами и со всеми странами, где находится НАТО', 'санкции США против России']",3.0
2021-11,2021,11,Празднование Дня воссоединения Крыма с Россией,"['Была годовщина присоединения Крыма', '“крымская весна”, праздник', 'крымский юбилей', 'юбилей присоединения Крыма']",3.0
2021-11,2021,11,"Выступления, действия В. Путина, его ответ Д. Байдену","['Высказывания Путина о взаимоотношениях между Россией и США', '“кто как обзывается, тот так и называется” – ответ Байдену', 'ответ Путина Байдену', 'Путин отправил в отставку главу какого-то ведомства']",2.0
2021-11,2021,11,Работа властных структур,"['Закон о защите населения, территорий от чрезвычайных ситуаций', 'закон о том, что государство имеет доступ к счетам граждан', 'приняли закон о запрещении ЛГБТ пропаганды', 'приняли закон о лицензировании лиц, которые занимаются просветительской деятельностью', 'Валуев внес в Госдуму закон о животных']",2.0
2021-11,2021,11,"Аварии, катастрофы, несчастные случаи","['Пожар в Анапе, две крупных автоаварии', 'ДТП в Краснодаре', 'взрыв газа в жилом доме', 'на хоккейном матче погиб капитан питерской команды', 'семья погибла на джипе под Абинском']",2.0
2021-11,2021,11,Обострение обстановки на Украине,"['Донбасс волнует', 'опять стреляют на Украине', 'возобновление военных действий на Донбассе', 'война не состоялась в Донбассе']",2.0
2021-11,2021,11,"Рост цен, тарифов","['Цены неподъемные', 'повышение цен на все', 'подорожание бензина', 'про тарифы ЖКХ', 'ужесточение налоговой нагрузки']",1.0
2021-11,2021,11,Отправка А. Навального в исправительную колонию,"['Посадили Навального', 'про Навального читаю, мне это интересно', 'незаконно удерживается Навальный']",1.0
2021-11,2021,11,"Аномальная погода в России, природные катаклизмы","['Землетрясение в Туве', 'извержение вулкана', 'много снега', 'погодные условия']",1.0
2021-11,2021,11,"Выплаты, повышение пенсий, детских пособий","['Будут детские давать', 'повысили выплаты для детей', 'инвалидам пособия появились', 'про льготную пенсию', 'работающим пенсионерам повысят пенсию']",1.0
2021-11,2021,11,Криминальные события,"['Адвоката зарезали', 'брат брата сжег у нас', 'педофилия, убийство своей девушки', 'Казань – сожгли памятник дети']",1.0
2021-11,2021,11,"Состояние здоровья Д. Байдена, затруднения при подъеме по трапу самолета","['Состояние здоровья Байдена', 'немощность и бесполезность президента США', 'Байден упал', 'про Байдена, который упал три раза']",1.0
2021-11,2021,11,"Меры по борьбе с коррупцией, аресты","['Арест губернатора Пензенской области', 'арест Ивана Белозерцева', 'Коваленко – коррупция']",1.0
2021-11,2021,11,Другие события в России,"['Учения в Крыму', 'масленица была', 'пост великий начался', 'театральный фестиваль “Золотая маска”', 'ремонт БДТ']",1.0
2021-11,2021,11,Другие события в мире,"['Обвал фондовых рынков', 'рост биткоина']",0.0
2021-12,2021,12,"Затрудняюсь ответить, нет ответа",[],61.0
2021-12,2021,12,"Эпидемия коронавируса, вакцинация","['Борьба с пандемией', 'о коронавирусе всё смотрю', 'про ковид, в Европе – третья волна', 'про ковид, наша прививка хорошая', 'очернение российской вакцины в интернете', 'ковид, как идет вакцинация', 'о ковиде, будут делать прививки принуждая', 'прививки делают, а потом люди болеют']",7.0
2021-12,2021,12,Обвинения Д. Байдена в адрес В. Путина,"['Байден назвал Путина убийцей', 'Байден оклеветал Путина', 'Байден язык свой распустил', 'хамская выходка Байдена', 'когда Байден обозвал Путина, он унизил всю Россию. Это я не терплю, такое прощать нельзя']",7.0
2021-12,2021,12,Работа властных структур,"['Приезд Мишустина в Алтайский край', 'увеличение ставки Центробанка', 'новый закон о депутатах на выборах – “чистый депутат”', 'внесение в Госдуму закона о расстреле бездомных животных', 'приняли много законов пустых', 'отрицательные законы Госдумы']",3.0
2021-12,2021,12,"Напряженные отношения России с США, западными странами, антироссийские санкции","['Евросоюз и Америка против России, высказывания о России', 'не складываются отношения с Америкой. Всех волнует, что будет дальше', 'напряжение нездоровое с США', 'нападки со стороны Америки', 'отношения с Америкой и западными странами, надуманные санкции', 'угрозы и санкции']",3.0
2021-12,2021,12,Вакцинация В. Путина,"['Владимир Путин сделал прививку от коронавируса', 'президентская прививка от ковида', 'Путин сделал прививку вроде как', 'скрытая вакцинация Путина']",2.0
2021-12,2021,12,"Коррупция, меры по борьбе с ней, аресты","['Губернатор Пензы проворовался', 'арест за коррупцию губернатора', 'арест мэра нашего города', 'коррупция экс-президента республики', 'воровство в областях']",2.0
2021-12,2021,12,Спортивные события,"['Всё золото по фигурному катанию наше', 'Россия победила Мальту, фигуристы хорошо выступили', 'начинаются футбол и бои', 'футбол, игра сборной России']",2.0
2021-12,2021,12,Рост цен,"['Повышение цен на всё', 'рост цен на продукты – очень актуально, каждый месяц повышаются', 'повышение цен на продукты и энергоносители', 'проблема повышения цен, регулирование цен правительством']",2.0
2021-12,2021,12,Закрытие танкером прохода через Суэцкий канал,"['Большегруз загородил Суэцкий канал', 'застревание танкера в Суэцком канале', 'затор в Суэцком канале', 'корабль встал в Суэцком канале']",2.0
2021-12,2021,12,Проблемы со здоровьем А. Навального,"['Болезнь Навального', 'ухудшение здоровья Навального', 'Навальный в тяжелом состоянии', 'издевательство над Навальным', 'про Алексея Навального и произвол, который с ним сотворили']",2.0
2021-12,2021,12,"Выплаты, повышение пенсий, детских пособий","['Выплаты на детей с 3 до 7 лет', 'изменение индексации пенсии', 'индексация пенсий', 'повышение пенсии для неработающих', 'увеличилась средняя зарплата']",2.0
2021-12,2021,12,Отдых В. Путина в Туве,"['Отдыхал на Алтае Путин', 'охота Путина и Шойгу', 'рыбалка Путина', 'поездка Путина в тайгу']",1.0
2021-12,2021,12,Ответ В. Путина Д. Байдену,"['Ответ Путина Байдену', 'когда Путин сказал: кто обзывается, тот так и называется', 'предложение Путина Байдену провести беседу']",1.0
2021-12,2021,12,"Другие встречи, выступления В. Путина","['Выступление Путина в Кремле', 'выступление Путина: поздравление Росгвардии', 'Путин поручил продолжать освоение Севера']",1.0
2021-12,2021,12,Обострение обстановки на Украине,"['Беспорядки на Украине', 'угроза войны на Украине', 'обострение в Донбассе']",1.0
2021-12,2021,12,"Состояние здоровья Д. Байдена, затруднения при подъеме по трапу самолета","['У Байдена маразм', 'Байден споткнулся на трапе', 'падение Байдена', 'Байден упал, мне понравилось']",1.0
2021-12,2021,12,"Военные учения, укрепление обороноспособности страны","['Военная техника поднялась хорошо', 'военные новости', 'военные учения подводного флота', 'развитие российской армии', 'учения, вооруженные силы']",1.0
2021-12,2021,12,Криминальные события,"['Жена мужа убила', 'убийство ребенка', 'убийство семьи', 'украли лес из Забайкалья, увезли в Красноярск']",1.0
2021-12,2021,12,"Аварии, катастрофы, несчастные случаи","['Вертолет разбился в Башкирии', 'в Химках взрыв газа был', 'ребенок упал с 8 этажа в Екатеринбурге']",1.0
2021-12,2021,12,Другие события в России,"['Памятник и музей Гагарину открывают', 'интервью Собчак с убийцей девочек', 'выставка роботов в Ижевске']",1.0
2021-12,2021,12,Другие события в мире,"['Байден пригласил Путина и Си Цзиньпина', 'взрыв в Индонезии', 'про Китай']",0.0
2021-13,2021,13,"Эпидемия коронавируса, вакцинация","['«Коронавирус в Европе, сравнение с Россией»', '«заболеваний коронавирусом стало больше»', '«вирус уходит»', '«коронавирус пошел на спад, распространение вакцины»', '«массовая вакцинация населения, выпуск и изготовление новой вакцины»', '«создание нового лекарства против коронавируса»']",8.0
2021-13,2021,13,Обострение обстановки на Украине,"['«Обострение конфликта на Донбассе»', '«войска стягивают к Донбассу»', '«начало войны в Донбассе»', '«Украина подтягивает войска к границам Крыма»']",7.0
2021-13,2021,13,Закрытие танкером прохода через Суэцкий канал,"['«Блокировка танкером Суэцкого канала»', '«застрял сухогруз в Суэцком канале»', '«как грузовой контейнеровоз выдергивали с мели в Суэцком канале»']",3.0
2021-13,2021,13,"Аварии, катастрофы, несчастные случаи","['«ЧП на заводе: корабль упал»', '«действия пьяного блогера за рулем»', '«в Черемхово Иркутской области грузовик в остановку въехал»', '«взорвался жилой дом в Зеленодольске из-за газа»', '«взрыв в Подмосковье»']",3.0
2021-13,2021,13,"А. Навальный в колонии, ухудшение его здоровья","['«Навального посадили»', '«Навальный в колонии плохо себя чувствует»', '«издевательство над Навальным»', '«Навального в тюрьме мучают»', '«Навальный объявил голодовку, к нему врачей вызвали и внимание повышенное»']",2.0
2021-13,2021,13,"Рост цен, тарифов","['«Повышение цен. Ужасное повышение»', '«подорожание цен на всё»', '«подорожание продуктов»', '«рост цен с 1 апреля»', '«наценка на квартиру, коммуналка»']",2.0
2021-13,2021,13,"Выплаты, повышение пенсий, детских пособий","['«Социалку подняли»', '«опять добавка социальная инвалидам»', '«выплаты детям»', '«детские пособия, единовременные выплаты»', '«повышение материнского капитала»', '«прибавка пенсии с апреля»']",2.0
2021-13,2021,13,"Напряженные отношения России с США, западными странами","['«Напряженная политическая обстановка между Америкой и нами»', '«международные отношения с США»', '«несправедливое отношение окружающих стран к России»', '«подступы к границе: поляки и американцы вводят войска»', '«Польша и Америка выступили против России»']",2.0
2021-13,2021,13,"Коррупция, меры по борьбе с ней, аресты","['«Коррупция чиновников в городах России»', '«сажают губернаторов всяких, и нашего в том числе»', '«арест Ивана Белозерцева и его детей»', '«арест чиновников»', '«в Москве арестовали налогового инспектора за крупную взятку»']",2.0
2021-13,2021,13,Обвинения Д. Байдена в адрес В. Путина,"['«Байден обозвал Путина»', '«слова Байдена о том, что Путин убийца»', '«Байден назвал Путина киллером»']",2.0
2021-13,2021,13,Перестрелка в Мытищах,"['«В Мытищах стрелок в доме отстреливался от полиции»', '«стрельба, кого-то хотели арестовать в Подмосковье, а у него оказалось много оружия»', '«то, что в Вешках было. Там 60-летний пенсионер, который начал войну с полицией»']",2.0
2021-13,2021,13,"Выступления, действия В. Путина","['«Видеоконференция Путина со своими министрами»', '«отдых президента»', '«Путин сделал прививку от коронавируса»']",2.0
2021-13,2021,13,Спортивные события,"['«Бокс»', '«победа хоккейного клуба ЦСКА»', '«победа на соревнованиях по рукопашному бою»', '«проигрыш сборной по футболу молодежной»', '«спорт – карате»', '«фигурное катание, наши победители»', '«футбол, хоккей – проигрывают наши»']",1.0
2021-13,2021,13,События вокруг «Северного потока – 2»,"['«Инцидент на “Северном потоке – 2”»', '«атаковали “Северный поток – 2”»', '«строительство “Северного потока – 2” и ЧП там»', '«польское судно ударило наш корабль»']",1.0
2021-13,2021,13,Работа властных структур,"['«Мишустин выступал»', '«изменения в законе об образовании»', '«подписание закона о банковской тайне»', '«прямой эфир губернатора»', '«меняется мэр города Георгиевска»']",1.0
2021-13,2021,13,Природные катаклизмы в России,"['«Наводнение в Иркутске, Сибири»', '«затопило село Хомутово в Иркутской области»', '«снежные заносы с гор, лавины снежные обрушиваются»']",1.0
2021-13,2021,13,Подвиг хирургов в Благовещенске при пожаре,"['«Благовещенск, хирурги-герои»', '«в Благовещенске врачи делали операцию на открытом сердце, а здание горело»', '«врачи проводили операцию при пожаре на Дальнем Востоке»']",1.0
2021-13,2021,13,Другие события в России,"['«1 апреля День смеха и юмора»', '«всплытие трех подводных лодок, пролет МиГов над Северным полюсом»', '«выделяются субсидии на предприятия малого бизнеса»', '«социальные сети развивают у детей склонность к суициду»']",1.0
2021-13,2021,13,Другие события в мире,"['«Военный переворот в Мьянме, участие нашего генерала на параде»', '«Познер покинул Тбилиси из-за наезда на него»']",1.0
2021-14,2021,14,"Затрудняюсь ответить, нет ответа",[],59.0
2021-14,2021,14,Обострение обстановки на Украине,"['«К великому огорчению, положение на Украине»', '«о возможном начале боевых действий на Украине»', '«военные действия на юго-востоке Украины»', '«ВСУ стягивают войска в Донбасс»', '«на Донбассе Зеленский стягивает войска, убивает людей, детей».']",18.0
2021-14,2021,14,"Эпидемия коронавируса, вакцинация","['«Сообщения по поводу пандемии»', '«количество больных с ковид-19 в России растет»', '«возможность третьей волны коронавируса»', '«закрытие границы с Турцией»', '«вакцинация. Отношусь к ней хорошо, мы с мужем месяц назад уже привились»', '«вакцина от ковида, меньше больных стало».']",7.0
2021-14,2021,14,Рост цен,"['«Подорожало всё»', '«цены растут за последний месяц»', '«цены росли быстрее»', '«повышение цен на продукты».']",3.0
2021-14,2021,14,Работа властных структур,"['«Новые поправки к законам»', '«гаражная амнистия»', '«карельский парламент принимает закон о детях войны»', '«отставка Морозова».']",2.0
2021-14,2021,14,Природные катаклизмы в России,"['«Пожары, половодье»', '«в России постоянно горят леса»', '«наводнения в Центральной России»', '«половодье в Иркутской области, на Камчатке лава из вулкана»', '«паводок в Красноярске и в Иркутске, пожары на Дальнем Востоке».']",2.0
2021-14,2021,14,"Напряженные отношения России с США, санкции","['«Взаимоотношения с Америкой»', '«противостояние США и России»', '«новые санкции против России»', '«санкции».']",2.0
2021-14,2021,14,"Выплаты, повышение пенсий, детских пособий","['«Выплаты на детей, были изменения»', '«детям увеличенное пособие»', '«социальные выплаты малоимущим»', '«повысили пенсию»', '«индексация пенсий работающих пенсионеров»', '«прибавление пособий».']",2.0
2021-14,2021,14,"А. Навальный в колонии, ухудшение его здоровья, голодовка","['«Про Навального»', '«болезнь Навального»', '«не оказывают помощь Навальному, не лечат»', '«Навальный голодует»', '«девятый день голодовки Навального».']",1.0
2021-14,2021,14,"Праздники, памятные даты","['«60 лет со дня полета Гагарина»', '«70 лет операции “Север”»', '«Благовещение»', '«праздники».']",1.0
2021-14,2021,14,"Аварии, катастрофы, несчастные случаи","['«Авария в Новосибирске»', '«авария с блогером»', '«грузовики ушли под лед на Байкале»', '«сын чиновника попал в ДТП, но он был прав, а его признали виновным».']",1.0
2021-14,2021,14,Смерть принца Филиппа,"['«Умер муж королевы Великобритании»', '«Филипп умер»', '«только что Филипп, принц английский, муж Елизаветы Второй, помер. Мне кажется, это у всех осталось в памяти».']",1.0
2021-14,2021,14,"Коррупция, меры по борьбе с ней, аресты","['«Коррупция: Пенза»', '«коррупционеров начали трясти – нашего мэра, белгородского мэра»', '«Белозерцев арестован»', '«радуемся, когда арестовывают коррупционеров».']",1.0
2021-14,2021,14,Криминальные события,"['«Арестовали за похищение человека»', '«в Москве в Мытищах стрелял мужчина»', '«мужчина ранил мальчика в Красноярске»', '«специалист соцзащиты украла деньги у детей-сирот в Иркутске».']",1.0
2021-14,2021,14,"Выступления, действия В. Путина","['«Путин в Сибирь с Шойгу поехал»', '«Путин выступал»', '«21 числа будет выступление Путина, послание к правительству».']",1.0
2021-14,2021,14,Другие события в России,"['«Подводные лодки, новые атомоходы, хорошо оснастили армию»', '«усиление проверки Росгвардии».']",1.0
2021-14,2021,14,Другие события в мире,"['«В Турции перевернулись туристы, погибла россиянка»', '«переговоры с Китаем»', '«события в Сирии».']",1.0
2021-15,2021,15,"Затрудняюсь ответить, нет ответа",[],58.0
2021-15,2021,15,Обострение обстановки на Украине,"['«Напряженность на Украине»', '«обострение конфликта на Донбассе»', '«к Донбассу подтягивается военная техника с Украины»', '«военные между Украиной и Донбассом»', '«война в Донбассе»']",16.0
2021-15,2021,15,"Напряженные отношения России с США, санкции","['«Отношения Америки с Россией»', '«США пытаются развязать конфликт с Россией»', '«высылка российских дипломатов из США»', '«Байден выдвинул санкции нам»', '«новые санкции против России»']",7.0
2021-15,2021,15,"Эпидемия коронавируса, вакцинация","['«Пандемия»', '«усиление коронавируса»', '«борьба с ковидом»', '«прививка от коронавируса»', '«вакцинация, масочный режим»', '«оставят маски, не отменят»']",5.0
2021-15,2021,15,Временное прекращение авиаперелетов в Турцию,"['«Закрыли авиасообщение с Турцией»', '«закрыли перелет в Турцию»', '«закрытие Турции для россиян»', '«закрытие Турции для отдыха»']",3.0
2021-15,2021,15,"Аварии, катастрофы, несчастные случаи","['«Пожар в Питере»', '«Невская мануфактура горела»', '«взрыв бытового газа»', '«кран упал»', '«в Ангарске на машине врезались в светофор»']",2.0
2021-15,2021,15,Переговоры Байдена и В. Путина,"['«Звонок Байдена нашему президенту Путину»', '«Байден позвонил Путину договориться о встрече»', '«разговор Байдена с Путиным»', '«Байден с Путиным хотят встретиться»']",2.0
2021-15,2021,15,Работа властных структур,"['«Мишустин выступил по жилфонду»', '«интервью Лаврова телеканалу “Россия”»', '«закон о просвещении»', '«материнский капитал уйдет в пенсионный фонд – это неправильное решение»', '«смена главы республики»']",2.0
2021-15,2021,15,Другие события в России,"['«Аресты чиновников»', '«арест пензенского губернатора»', '«военные учения в Чёрном море»', '«спуск на воду корабля»', '«митинг по ковиду в Казани»', '«педофил в Тольятти»']",2.0
2021-15,2021,15,"Праздники, памятные даты","['«День космонавтики»', '«60 лет первому полету в космос»', '«фестиваль, посвященный космонавтике»', '«годовщина Чернобыля»', '«театру “Современник” 65 лет»']",1.0
2021-15,2021,15,"Рост цен, тарифов","['«Повышение цен на питание, ЖКХ и на всё»', '«подорожание продуктов, яйца 100 рублей»', '«повышение цен на бензин»', '«про рост цен на бензин на 13%»']",1.0
2021-15,2021,15,Пожары и наводнения в России,"['«Паводки, пожары»', '«наводнения и пожары»', '«пожары везде, всё горит – ужас»', '«паводки на Дальнем Востоке»', '«наводнение в Сибири»', '«Амур затопило и Нижний Новгород затопило – половодье»', '«люди в Хабаровске страдают от наводнения»']",1.0
2021-15,2021,15,Спортивные события,"['«“Авангард"" выиграл в хоккее, вышел в финал»', '«“Ак Барс” проиграл»', '«“Краснодар” вничью сыграл»', '«на фигурном катании наши заняли весь пьедестал»']",1.0
2021-15,2021,15,"А. Навальный в колонии, ухудшение его здоровья, голодовка","['«Про Навального»', '«новости о Навальном»', '«болеет Навальный»', '«голодовка Навального»']",1.0
2021-15,2021,15,"Выступления, действия В. Путина","['«Путин поручил Госдуме разработать поддержку одиноким, многодетным семьям»', '«Путин говорил, что денег должно хватить всем на всё»', '«выступление Путина про социальные сети»', '«Путин поставил прививку»']",1.0
2021-15,2021,15,Смерть принца Филиппа,"['«Смерть Филиппа, принца Англии»', '«принц Филипп умер»', '«овдовела Елизавета Георгиевна»']",1.0
2021-15,2021,15,Другие события в мире,"['«Готовилось покушение на Лукашенко»', '«Илон Маск презентовал мобильное устройство – Tesla Phone»', '«Шэрон Стоун выпустила мемуары»']",1.0
2021-18,2021,18,"Эпидемия коронавируса, защитные меры, вакцинация","['Пандемия', 'только про рост и падение коронавируса', 'меры по коронавирусу', 'прививки от коронавируса, масштабность', 'коронавирус и борьба с ним. Мы вакцинировали всех в семье', 'Россия помогает всем с вакцинацией', 'Индия, гибель людей']",7.0
2021-18,2021,18,"Праздники, памятные даты","['День Победы и парад', 'парад Победы', 'Бессмертный полк', 'праздник 1 Мая', 'великая Пасха']",5.0
2021-18,2021,18,"События на Украине, обострение военной напряженности","['Донбасс волнует', 'события в Донецке, я сама оттуда', 'военные действия на Украине', 'поездка американского госсекретаря на Украину']",5.0
2021-18,2021,18,"Выплаты, пособия","['Ветеранам дали по 10 тысяч', 'пособие – повышение', 'денег дадут на детей к школе', 'увеличение пособий на детей, оплата лагерей летних']",4.0
2021-18,2021,18,"Напряженные отношения России с США, странами Запада, санкции","['Отношения России с коллективным Западом, с Америкой, с враньём по отношению к России', 'Европа, США атакуют Россию', 'учения НАТО возле границ России и российских войск возле границ НАТО', 'Европарламент принимает решение о дополнительных санкциях']",3.0
2021-18,2021,18,Работа властных структур,"['Высказывания Мишустина', 'новый губернатор области', 'внесли проект налога на богатство, на роскошь', 'введение нового закона про сбор грибов', 'штрафы за сорняки – не понравилось']",2.0
2021-18,2021,18,"Выступления, действия В. Путина","['Высказывание Путина, что всем будем хорошо', 'конференция Путина', 'Путин выступал по телевизору', 'Путин общался с Эрдоганом']",2.0
2021-18,2021,18,"Аварии, несчастные случаи","['Много аварий', 'авария в Ставропольском крае', 'авария крупная на Тюменском тракте', 'гибель школьников-спортсменов', 'восьмилетнюю девочку разорвали бродячие собаки']",2.0
2021-18,2021,18,"Пожары, наводнения, другие стихийные бедствия в России","['Горим, пожары – лес, дома', 'лесные пожары', 'засыпало снегом в Коми, пожары в Тюмени', 'наводнения по России', 'подтопления в регионе', 'потопы у нас', 'стихийные бедствия в низовьях Амура']",2.0
2021-18,2021,18,Взаимная высылка российских дипломатов за рубежом и иностранных дипломатов из России,"['Высылка дипломатов', 'высылка наших дипломатов из Чехии', 'высылка российских дипломатов из европейских государств', 'события в Чехии, Польше, Болгарии']",2.0
2021-18,2021,18,"А. Навальный в колонии, голодовка, лечение","['Репрессии в отношении Навального', 'голодовка Навального', 'Навального лечат', 'возня возле Алексея, которого посадили']",1.0
2021-18,2021,18,Увеличение числа нерабочих дней на майские праздники,"['Десять дней дома', 'выходные с 1 по 11 мая', 'нерабочие дни между праздниками', 'длинные праздничные дни', 'продление майских праздников']",1.0
2021-18,2021,18,"Митинги, последствия для их участников","['Митинги в Москве, Питере', 'митингуют, но наказывают за это', 'задержание людей, участвующих в митингах', 'события, связанные с прошедшими митингами']",1.0
2021-18,2021,18,"Рост цен, тарифов","['Повышение цен', 'повысили цены на масло, сахар', 'подорожание строительных материалов', 'тарифы', 'у нас бензин дороже, чем в Туркменистане, электроэнергия в Китае дешевле, чем у нас']",1.0
2021-18,2021,18,Спортивные события,"['Спортивные события', 'Зенит выиграл у Локомотива – 6:1', 'скандал на чемпионате мира по шашкам, когда сняли флаг России', 'юношеский чемпионат мира по хоккею', 'второе место по хоккею']",1.0
2021-18,2021,18,Другие события в России,"['Осудили Платошкина, общественного деятеля', 'Россия хочет в Охотском море построить дамбу для получения водорода и производства гелия в России', 'строительство завода в городе Выкса']",1.0
2021-18,2021,18,Другие события в мире,"['Вооруженное столкновение между Киргизией и Таджикистаном', 'обвал сцены в Израиле и гибель людей', 'мост обрушился в Мексике', 'выступление Илона Маска 8 мая, его пресс-конференция']",1.0
2021-19,2021,19,Массовое убийство школьников в казанской школе,"['«Трагедия в Казани, очень сильно переживали»', '«детей убили в Казани»', '«вооруженное нападение в Казани»', '«Татария, жертвы»', '«трагедия в гимназии №175»']",52.0
2021-19,2021,19,"Затрудняюсь ответить, нет ответа",[],35.0
2021-19,2021,19,Обострение палестино-израильского конфликта,"['«Война Палестины и Израиля»', '«Израиль с Палестиной столкнулись в конфликте»', '«Палестина бомбила Израиль»']",4.0
2021-19,2021,19,"Праздники, памятные даты","['«День Победы»', '«9 Мая – празднование»', '«парад в Москве, салют в Москве на Красной площади»', '«праздники: Пасха, 1 Мая, Красная горка, 9 Мая»', '«Ураза-байрам»']",3.0
2021-19,2021,19,События на Украине,"['«События на Украине, агрессивно относится к нам»', '«Донбасс»', '«вопрос Украины стоит очень остро, арестовывают лидеров украинских»', '«на Украине Медведчука собираются арестовывать»']",2.0
2021-19,2021,19,"Эпидемия коронавируса, защитные меры, вакцинация","['«В Индии коронавирус»', '«вакцинация»', '«прививки от ковида»', '«коронавирус уменьшается, создали новую вакцину»', '«рост заболеваемости ковидом в Москве»', '«смертность от ковида»']",2.0
2021-19,2021,19,"Напряженные отношения России с США, странами Запада","['«Отношения с Америкой»', '«конфликт с Чехией»', '«публикация списка недружественных стран – Чехия и США»', '«обозначение врагов России»', '«напряженность витает вокруг России»']",1.0
2021-19,2021,19,"Выступления, действия В. Путина","['«Высказывания Путина»', '«интервью Путина»', '«президент дал распоряжение увеличить охрану в школе и ограничить оборот оружия»']",1.0
2021-19,2021,19,"Выплаты, пособия","['«Денежные выплаты за детей»', '«на детей деньги»', '«прибавка: детские – 10 тысяч рублей»', '«пособия»']",1.0
2021-19,2021,19,Работа властных структур,"['«Отчет Мишустина в Думе»', '«Мишустин, выступления»', '«новые законы»', '«закон о продуктах, выращенных на своих участках»', '«закон новый насчет либералов»']",1.0
2021-19,2021,19,"Пожары, наводнения, погодные катаклизмы в России","['«Наводнения, пожары»', '«пожар в лесах и селах»', '«пожары в Сибири»', '«Аномальная жара в Татарстане»']",1.0
2021-19,2021,19,Рост цен,"['«Рост цен»', '«рост цен на бензин, продукты»', '«цены»']",1.0
2021-19,2021,19,Другие события в России,"['«Водоснабжение Крыма»', '«экзамены в школах»', '«идет война в Аксае, людей выгоняют с рынков»']",1.0
2021-19,2021,19,Другие события в мире,"['«Конфликт между Арменией и Азербайджаном»', '«запуск Илона Маска»', '«обрушение криптовалюты»']",1.0
2021-20,2021,20,"Затрудняюсь ответить, нет ответа",[],51.0
2021-20,2021,20,Массовое убийство школьников в казанской школе,"['«Казань. Вооруженное нападение в школе»', '«расстрел в школе, кошмар, сам мальчишка»', '«резонансное дело со стрельбой в школе в Казани»', '«событие в Казани потрясло сильно»', '«стрельба в Казани – столько людей умерло!»']",25.0
2021-20,2021,20,Обострение палестино-израильского конфликта,"['«Война Израиля с Палестиной»', '«конфликт между Израилем и Палестиной»', '«событие в Израиле и Палестине, война»', '«война в секторе Газа»']",3.0
2021-20,2021,20,"Пожары, наводнения, погодные катаклизмы в России","['«Везде пожары, наводнения в Сибири и на востоке»', '«лесные пожары в Сибири»', '«пожары и наводнения, бури»', '«потоп в Сибири»', '«вихрь в Астрахани, песчаная буря»', '«буран у нас»', '«природные явления»']",3.0
2021-20,2021,20,"Эпидемия коронавируса, защитные меры, вакцинация","['«Коронавирус, больше ничего»', '«коронавирус на земном шаре»', '«началась третья волна больных ковидом»', '«появился новый вид коронавируса»', '«коронавирус в Индии, рост смертей»', '«вакцинация достала, агитация»']",3.0
2021-20,2021,20,События на Украине,"['«Ситуация на Украине»', '«напряженка с Украиной»', '«положение на Украине, в Донбассе»', '«война на Донбассе»', '«позиция Зеленского»']",3.0
2021-20,2021,20,Работа властных структур,"['«Выступление Мишустина»', '«закон о цитировании»', '«закон об ограничении в выборах»', '«обсуждается тема по поводу ужесточения владения огнестрельным оружием»', '«Дегтярев вручил награды»']",3.0
2021-20,2021,20,Напряженные отношения России со странами Запада,"['«Обострение с американцами»', '«дипломатический кризис с чехами»', '«недружественные страны – США, Чехия»', '«высылка дипломатов»']",2.0
2021-20,2021,20,"Выплаты, пособия, пенсии","['«Будут выделять деньги перед 1 сентября»', '«выплаты на детей»', '«пенсия неполным семьям»', '«про пособие для беременных»', '«матерям-одиночкам выплаты»', '«начали заниматься вопросами пенсионеров, повышение пенсий»', '«медики получили деньги»']",2.0
2021-20,2021,20,"Выступления, действия В. Путина","['«Разные выступления Путина»', '«высказывание Путина: кто захочет от нас кусок откусить, выбьем зубы»', '«Путин о “Северном потоке – 2”»', '«разговоры Путина о возврате денег за отдых детей»', '«Путин много общается с учениками, с молодежью»']",2.0
2021-20,2021,20,Другие события в России,"['«Суд над Платошкиным»', '«подготовка учеников к сдаче ЕГЭ»', '«запуск реактора в институте Курчатова»', '«фестиваль в Крыму музыкальный»']",2.0
2021-20,2021,20,Встреча С. Лаврова и Э. Блинкена,"['«Встреча Лаврова с госсекретарем США»', '«встреча Лаврова и Блинкена»', '«встречался Лавров с американцами»']",1.0
2021-20,2021,20,"Аварии, пожары, несчастные случаи","['«Всякие дорожные аварии»', '«куча аварий и сбитые пешеходы в Адлеровском районе»', '«ЧП в Москве, пожар»', '«таксист попал в аварию, женщина пострадала, погибла»', '«ребенка сбили мопедом»', '«девочка пропала в Кемерово»']",1.0
2021-20,2021,20,Конкурс «Евровидение»,"['«“Евровидение” – выступления»', '«конкурс “Евровидение”»', '«по телевидению показывают “Евровидение”»']",1.0
2021-20,2021,20,Предстоящая встреча В. Путина с Д. Байденом,"['«Байден с Путиным – будущая встреча»', '«в июне должны состояться переговоры Путина с президентом США»', '«встреча готовится Путина и Байдена»']",1.0
2021-20,2021,20,Спортивные события,"['«Наши выиграли в хоккей»', '«новости про футбольный клуб “Спартак”»', '«окончание сезона премьер-лиги футбольной»', '«чемпионат мира по хоккею»']",1.0
2021-20,2021,20,Криминальные события,"['«В Пермском крае ученик напал на учителя»', '«напали на учительницу с ножом»', '«Самара – стреляли»', '«врач убил практикантку»']",1.0
2021-20,2021,20,Другие события в мире,"['«Задержание в Минске самолета и задержание главы “Некста”»', '«землетрясение в Китае»', '«в Китае в горах погибли спортсмены»']",1.0
2021-21,2021,21,"Экстренная посадка самолета в Белоруссии, задержание двух пассажиров, последствия этих событий","['Белоруссия чудит, да еще и с этим самолетом, который посадили', 'захват самолета Белоруссией', 'Белоруссия сняла с рейса самолета человека', 'в Белоруссии Лукашенко, красавчик, посадил самолет с оппозиционером', 'перехват Белоруссией самолета и разговоры об этом в мире', 'минские события с самолетом, санкции теперь против Белоруссии']",13.0
2021-21,2021,21,Массовое убийство школьников в казанской школе,"['В Казани расстреляли школьников', 'казанская трагедия', 'казанский стрелок', 'расстрел школьников в Казани', 'террорист в Казани']",7.0
2021-21,2021,21,"Эпидемия коронавируса, защитные меры, вакцинация","['Распространение ковида', 'о вспышке коронавируса. В Индии появилось заболевание от какой-то плесени', 'продление карантинных мер в Бурятии до 31 июля', 'вакцинация в России, обязательность ее', 'хотят прививки делать всем, я против']",3.0
2021-21,2021,21,"Пожары, наводнения, погодные катаклизмы в России","['Катаклизмы в природе', 'жара', 'ураганы', 'наводнения и пожары', 'пожары лесные в Сибири', 'леса горят на севере, а они потушить не могут. В советское время тушили моментально', 'потопы, дожди', 'у нас в Хакасии паводок']",2.0
2021-21,2021,21,Работа властных структур,"['Праймериз ЕР', 'предвыборные выборы', 'новые налоги на животных', 'закон о петрушке; про размер грибов', 'Дума уходит на четыре месяца в отпуск с сохранением зарплаты в полмиллиона']",2.0
2021-21,2021,21,"Выплаты, пособия, пенсии","['По вопросу выплат', 'в августе будут детские пособия с 3 до 18 лет выплачивать', 'введение пособий для одиноких матерей', 'выплаты детям перед школой', 'Путин многодетным заплатит', 'разговоры о пенсии']",2.0
2021-21,2021,21,"Напряженные отношения России со странами Запада, антироссийские санкции","['Ополчение других стран на нас', 'США катят бочку на нас', 'внешняя политика, события в Чехии', 'гнобит нашу Россию загнивающий Запад. Санкционная политика против России', 'санкции против России']",2.0
2021-21,2021,21,События на Украине,"['Донбасс', 'на нас Украина гонит, как обычно', 'неспокойная обстановка на границе с Украиной']",2.0
2021-21,2021,21,"Аварии, катастрофы, несчастные случаи","['Катастрофы на производстве', 'разлив нефтепродуктов на востоке', 'отравление метаном в Ростове', 'смерть сантехников в коллекторе', 'утопление на озерах']",2.0
2021-21,2021,21,"Выступления, действия В. Путина","['Встреча Путина и Лукашенко', 'встреча в Сочи – совещание с Шойгу по оборонным вещам', 'выступление Путина на заседании правительства', 'Путин обещал выбить зубы кому-то']",1.0
2021-21,2021,21,Криминальные события,"['В Перми ученик зарезал учительницу', 'убийство врача в Курске', 'где-то ломбард ограбили и взломали банкомат']",1.0
2021-21,2021,21,Обострение палестино-израильского конфликта,"['Ситуация в Палестине', 'события в секторе Газа', 'Израиль – война']",1.0
2021-21,2021,21,Спортивные события,"['Сборная России проиграла Дании', 'финал Лиги Европы', 'чемпионат мира по хоккею начался', 'хоккей, как играет наша команда']",1.0
2021-21,2021,21,Рост цен,"['Взлет цен', 'повышение цены бензина и рост цен на продукты', 'цены на бензин поднялись и на сметану']",1.0
2021-21,2021,21,Предстоящая встреча В. Путина с Д. Байденом,"['Путин с Байденом готовят встречу', 'ждем встречи Путина и Байдена', 'о встрече Путина с президентом Америки в июне']",1.0
2021-21,2021,21,"Выпускной день в школах, праздники","['Выпускные', 'последние звонки в школах', 'День пограничника']",1.0
2021-21,2021,21,Другие события в России,"['Неправильный суд над Платошкиным', 'уход из жизни актрисы Шацкой', 'заставляют голосовать', 'у бюджетников урезают зарплату']",1.0
2021-21,2021,21,Другие события в мире,"['В Китае запретили криптовалюты', '“Евровидение”', 'что упал фуникулер в Италии', 'наверное, разборки с Турцией, которые сейчас были']",1.0
2021-22,2021,22,"Экстренная посадка самолета в Белоруссии, задержание двух пассажиров, последствия этих событий","['Арест оппозиционера из Белоруссии, посадка самолета в Белоруссии, обсуждение поведения Лукашенко', 'задержан белорусский оппозиционер в самолете', 'самолет посадили в Беларуси, в Европе недовольны', 'посадка самолета в Белоруссии и последствия']",5.0
2021-22,2021,22,Петербургский международный экономический форум,"['Международный экономический форум в Петербурге', 'форум экономический', 'петербургский форум', 'форум ленинградский']",4.0
2021-22,2021,22,Спортивные события,"['Футбольный матч Россия – Болгария', 'проиграли Канаде', 'поражение сборной России по хоккею', 'новый тренер в “Спартаке”']",4.0
2021-22,2021,22,Работа властных структур,"['Мишустин приехал', 'праймериз “Единой России”', 'покидают люди ЛДПР', 'льготная ипотека', 'закон о просветительской деятельности ввели']",3.0
2021-22,2021,22,Предстоящая встреча В. Путина с Д. Байденом,"['Предстоящая встреча президента России и президента США', 'президенты России и Америки встречаются скоро', 'приближается встреча Путина с Байденом']",2.0
2021-22,2021,22,"Выплаты, пособия, пенсии","['Выплаты', 'возврат денег за детские путевки', 'выплата по 10 тысяч рублей на подготовку детей к школе', 'о прибавке пенсии']",2.0
2021-22,2021,22,Массовое убийство школьников в казанской школе,"['Казанская трагедия', 'Казань, что происходит с детьми', 'ребенок в Татарстане расстрелял школу', 'события в Татарстане, стрельба']",2.0
2021-22,2021,22,"Эпидемия коронавируса, защитные меры, вакцинация","['Коронавирус растет, опять будут ограничения', 'куча людей погибает от ковида', 'коронавирус, новый штамм', 'вакцинация', 'о вакцине отрицательное мнение']",2.0
2021-22,2021,22,События на Украине,"['Меня волнует Украина, сама там родилась', 'отношения с Украиной', 'события на Украине']",2.0
2021-22,2021,22,"Рост цен, тарифов","['Цены выросли на всё', 'подорожали песок и хлеб', 'цены на ЖХК подняли в мае, обещали с июля', 'повышение цен на бензин, продукты, повышение на коммунальные услуги', 'поднятие цен меня возмущает']",2.0
2021-22,2021,22,"Выступления, действия В. Путина","['Встреча Путина и Лукашенко', 'выступление Путина на конференции', 'интервью Путина', 'Путин про молодежь']",2.0
2021-22,2021,22,"Пожары, наводнения, погодные катаклизмы в России","['Пожары, климатические изменения', 'наводнение в Красноярске', 'Якутия горит', 'наводнение в Сибири', 'погодные аномалии, в Туве 40 м/с ветер, в Оренбургском крае град']",2.0
2021-22,2021,22,Другие события в России,"['Сдача ЕГЭ у одиннадцатиклассников', 'День химика', 'падение акций Новороссийского порта', 'суд Платошкина']",2.0
2021-22,2021,22,Криминальные события,"['Новосибирск, как застрелили парня', 'девушка пропала в Оренбурге, ее убили', 'екатеринбургский стрелок стрелял с балкона']",1.0
2021-22,2021,22,Завершение строительства первой нитки газопровода «Северный поток – 2»,"['Завершение строительства первой нити газопровода', 'протянули первую ветку газа в Германию', 'то, что достраивают “Северный поток – 2”']",1.0
2021-22,2021,22,Напряженные отношения России со странами Запада,"['Международная политика: отношения США, России и Европы', 'Америка – не нравится, что она на нас нападает', 'американская политика непонятная, шок']",1.0
2021-22,2021,22,"Аварии, катастрофы, несчастные случаи","['Обычно с экологией – опять у нас что-то разлили', 'экологическая катастрофа в Краснодарском крае', 'ДТП на Ленинском проспекте', 'ребенок выскочил, машина едет, попал под машину']",1.0
2021-22,2021,22,Другие события в мире,"['Байден смягчает санкции по отношению к “Северному потоку”', 'упал биткоин', 'погибли бегуны в Китае', 'японцы крабов ловят на территории России']",1.0
2021-23,2021,23,"Затрудняюсь ответить, нет ответа",[],69.0
2021-23,2021,23,"Эпидемия коронавируса, рост числа заболевших, вакцинация","['«Везде один коронавирус»', '«корона опять пошла вверх»', '«в Москве стало больше больных коронавирусом»', '«в Хакасии заболеваемость коронавирусом растет»', '«заставляют прививаться»', '«тотальная вакцинация»']",5.0
2021-23,2021,23,Предстоящая встреча В. Путина с Д. Байденом,"['«16 июня будет встреча Путина и Байдена»', '«подготовка к встрече Путина с Байденом»', '«жду встречи Путина и Байдена»']",5.0
2021-23,2021,23,События на Украине,"['«Положение на Украине»', '«поведение Украины»', '«украинские новости»', '«положение в Донбассе»', '«Украина с футболками»']",4.0
2021-23,2021,23,Спортивные события,"['«Наши в хоккей проиграли»', '«хоккей кончился, футбол начался»', '«Чемпионат Европы по футболу»', '«везде говорят про чемпионат по футболу»', '«проигрыш наших по футболу Бельгии – позор»']",3.0
2021-23,2021,23,Петербургский международный экономический форум,"['«Питерский форум экономический»', '«экономический форум в Питере»', '«наверное, саммит, по-моему, проходил в Питере, там много было очень интересного сказано»']",2.0
2021-23,2021,23,Работа властных структур,"['«Мишустин начал ездить и решать проблемы людей»', '«объединение восьми регионов»', '«ввели закон про машину»', '«заседание в Думе, на котором некоторые депутаты даже не досидели до конца»']",2.0
2021-23,2021,23,"Экстренная посадка самолета в Белоруссии, задержание двух пассажиров","['«Белоруссия, посадка самолета»', '«посадили самолет в Белоруссии»', '«Лукашенко украл самолет, это плохо. Лукашенко занялся пиратством»']",2.0
2021-23,2021,23,"Аварии, катастрофы, несчастные случаи","['«В Подмосковье инцидент с квадроциклом»', '«самокаты людей сбивают»', '«ДТП в Ростове»', '«девочка в Сургуте упала с высоты»', '«детей убило в Воронеже плитой»']",2.0
2021-23,2021,23,"Пожары, наводнения в России","['«Сибирь горит»', '«наводнение в Сибири»', '«Дальний Восток затопило»', '«катаклизмы, наводнение на Камчатке»', '«Кострому затопило от дождя»']",2.0
2021-23,2021,23,Другие события в России,"['«День России»', '«признание ФБК экстремистской организацией»', '«аресты людей, защищающих оппозицию»']",2.0
2021-23,2021,23,"Выступления, действия В. Путина","['«Встреча Путина и Лукашенко в Сочи»', '«выступление президента по поводу украинских отношений»', '«Путин всех поздравлял»', '«Путин награждал людей»']",1.0
2021-23,2021,23,"Выплаты, пособия, повышение зарплаты и пенсий","['«Выплаты к школе»', '«выплаты социальные детям»', '«повышение зарплаты бюджетникам на 10 процентов»', '«с 1 июля добавят 6044 рубля тем, кому за 80»']",1.0
2021-23,2021,23,Криминальные события,"['«В Адлере убили двоих судебных приставов, которые пришли отжимать общественную территорию»', '«Каспийск, девочку нашли, которую убили»', '«Новосибирск, застрелили молодого парня»', '«убийство в Армавире»']",1.0
2021-23,2021,23,Завершение строительства первой нитки газопровода «Северный поток – 2»,"['«Достроили “Северный поток”»', '«окончание строительства “Северного потока”»']",1.0
2021-23,2021,23,Напряженные отношения России со странами Запада,"['«Передряги России с Америкой»', '«воинственные США, НАТО»']",1.0
2021-23,2021,23,"Рост цен, тарифов","['«Резкий рост цен»', '«подорожание»', '«повышение цен на бензин»', '«повышение ЖКХ»']",1.0
2021-23,2021,23,Массовое убийство школьников в казанской школе,"['«В Татарстане расстреляли детей в школе»', '«расстрел в Казани»']",1.0
2021-23,2021,23,Другие события в мире,"['«Как Макрону пощечину дали»', '«различные совещания по Арктике»', '«панда родила в китайском зоопарке»']",1.0
2021-24,2021,24,"Затрудняюсь ответить, нет ответа",[],49.0
2021-24,2021,24,Встреча В. Путина и Д. Байдена,"['«Встреча Владимира Владимировича Путина с президентом США в Женеве»', '«встреча президентов двух ядерных держав»', '«Путин ездил в Женеву, встреча с Байденом»', '«женевская встреча»', '«переговоры в Женеве»', '«встреча Путина и Байдена, это шоу»']",21.0
2021-24,2021,24,"Эпидемия коронавируса, рост числа заболевших, защитные меры","['«В связи с пандемией, что опять волна, рост идет»', '«не нравится, что новый виток вируса»', '«опять карантин»', '«в Москве опять закрыли на карантин, ввели ограничения, коронавирус, прививки»', '«вспышки коронавируса псевдо»']",12.0
2021-24,2021,24,"Пожары, наводнения в России, другие погодные катаклизмы","['«Соболезнуем где засуха, где наводнения, где пожары»', '«наводнения в Забайкальском крае, пожары в Якутии»', '«ливневые дожди, подтопление городов»', '«в Керчи наводнение»', '«наводнение, Крым заливает, Дальний Восток весь плавает»', '«погода, катаклизмы, наводнения, всё побило градом»', '«в Анапе град»']",7.0
2021-24,2021,24,Спортивные события,"['«Чемпионат Европы по футболу»', '«соревнования по волейболу и футбол»', '«футбол евротур, а перед этим хоккей»']",5.0
2021-24,2021,24,Работа властных структур,"['«Открытое письмо Зюганова Путину»', '«Дума приняла закон о сохранении прожиточного минимума должникам»', '«отменили техосмотр»', '«принятие закона об оружии, точнее поправок»']",2.0
2021-24,2021,24,"Аварии, катастрофы, несчастные случаи","['«Взрыв АЗС в Новосибирске»', '«дом сгорел с детьми, пожары»', '«ребенок упал с 14 этажа»']",1.0
2021-24,2021,24,"Выплаты, пособия, повышение зарплат и пенсий","['«Про детские пособия»', '«выплаты детям»', '«обещание повысить зарплату»', '«пенсию будут добавлять»']",1.0
2021-24,2021,24,"Рост цен, тарифов","['«Дорогие цены»', '«цены растут, зарплата – нет»', '«продукты подорожали сильно»', '«повышение цен на продукты. Цена на свеклу достигла 180 рублей»', '«ЖКХ повышается»']",1.0
2021-24,2021,24,"Выступления, действия В. Путина","['«Выступление Путина на съезде “Единой России”»', '«Путин ввел в пятерку лидеров “Единой России” Шойгу, Лаврова, Кузнецову и еще двоих и убрал Медведева из этого списка»']",1.0
2021-24,2021,24,Петербургский международный экономический форум,"['«Съезд в Питере предпринимателей»', '«Петербургский экономический форум»', '«саммит в Санкт-Петербурге»']",1.0
2021-24,2021,24,События на Украине,"['«Нас беспокоит война на Украине»', '«Донбасс»', '«убийство военнослужащих в ЛНР»']",1.0
2021-24,2021,24,Другие события в России,"['«Арест Юрия Хованского»', '«смерть сестры Шойгу»']",1.0
2021-24,2021,24,Другие события в мире,"['«Границу с Турцией открыли»', '«летали натовские самолеты, блок приближается»']",1.0
2021-25,2021,25,"Затрудняюсь ответить, нет ответа",[],48.0
2021-25,2021,25,"Рост эпидемии коронавируса, защитные меры, отношение к прививкам","['«Тяжелая обстановка с коронавирусом»', '«пандемия, третья волна»', '«рост ковида, нехватка больничных коек»', '«указ по поводу QR-кодов»', '«надоели обязательной вакцинацией»', '«насильственная вакцинация граждан»', '«прививки не хотим делать, мы категорически против»', '«шантаж по поводу вакцинации»']",23.0
2021-25,2021,25,"Нарушение государственной границы России в Черном море эсминцем Великобритании, ответные действия","['«Великобритания зашла в Черное море»', '«вторжение англичан в наши воды»', '«провокация в Крыму английского корабля»', '«инцидент с Англией: обнаглели»', '«стрельба в Черном море»', '«британцев выперли с нашей территории»']",9.0
2021-25,2021,25,"Наводнения, пожары в России, другие погодные катаклизмы","['«Ливни затопили Крым, Нижний Новгород»', '«наводнения, ливни в Крыму, Керчь; вода поднимается в Амуре»', '«наводнение в Благовещенске»', '«паводки в Забайкальском крае, и мосты рушатся»', '«пожары в лесах»', '«стихийные бедствия и катаклизмы»']",8.0
2021-25,2021,25,Встреча В. Путина и Д. Байдена,"['«Встреча двух президентов»', '«встреча президентов США и России»', '«встреча Путина и Байдена, пресс-конференция»']",4.0
2021-25,2021,25,Спортивные события,"['«Футбол: выступление нашей и других команд»', '«чемпионат Европы по футболу и вылет сборной России»', '«в футбол продули наши»', '«футбол проиграли наши с треском»', '«бокс смотрю»']",4.0
2021-25,2021,25,"Подготовка к «прямой линии» с В. Путиным, действия В. Путина","['«30 июня состоится “прямая линия” с Путиным»', '«выступление Путина перед телезрителями»', '«вопросы Путину задаем предварительно»', '«Путин поговорил по телефону с президентом Армении Пашиняном»']",2.0
2021-25,2021,25,Другие события в мире,"['«Учения НАТО вблизи наших границ»', '«в Китае сохранили жесткие ограничительные меры по ковиду»', '«в Чехии около 300 человек пострадали от торнадо»', '«крушение дома в США»']",2.0
2021-25,2021,25,Работа властных структур,"['«Новые предложения Мишустина о налогах»', '«деятельность Собянина»', '«съезд политических партий»', '«техосмотр отменили»']",1.0
2021-25,2021,25,"Праздники, памятные даты","['«22 июня - нападение фашистов на Советский Союз»', '«в разных городах прошел день памяти Великой Отечественной войны»', '«“Алые паруса”»', '«Сабантуй»']",1.0
2021-25,2021,25,"Рост цен, тарифов","['«Выросли цены на всё»', '«рост цен на продовольствие»', '«рост цен на свеклу и морковь»', '«поднятие цены на ЖКХ»', '«рост цен на товары и услуги»', '«стройматериалы очень дорожают»']",1.0
2021-25,2021,25,"Выплаты, пособия, повышение пенсий","['«Выплаты единовременные»', '«выплаты детские»', '«детские пособия»', '«пособия детские на новорожденных и на третьего ребенка»', '«о повышении пенсии»']",1.0
2021-25,2021,25,События на Украине,"['«Война на Украине»', '«бесит Зеленский: приглашает президента на встречу в какие-то окопы»', '«выступление Тимошенко»']",1.0
2021-25,2021,25,"Аварии, катастрофы, несчастные случаи","['«Взрыв в Новосибирске на АЗС»', '«горел склад на Лужнецкой набережной»', '«крушение вертолета в Ленинградской области»', '«ребенок упал в колодец в Новосибирске»']",1.0
2021-25,2021,25,Другие события в России,"['«Закрытие ФБК»', '«избиение женщины в МФЦ»', '«уход из жизни: Владимир Балашов, диктор»', '«Бузова выступала во МХАТе»', '«проводились учения войск ВМФ»']",1.0
2021-26,2021,26,"Затрудняюсь ответить, нет ответа",[],51.0
2021-26,2021,26,"Эпидемия коронавируса, усиление защитных мер, отношение к прививкам","['«Вспышка ковида, куаркоды, прививки»', '«вирус, вакцинация, закрытие отдыха»', '«усиленная самоизоляция»', '«введение новых ограничений в Москве»', '«вакцинация идет поголовная»', '«добровольно-принудительная вакцинация»', '«ковид, принудительная вакцинация, на работе будут заставлять»']",19.0
2021-26,2021,26,«Прямая линия» с В. Путиным,"['«Смотрел Путина, “прямую линию”»', '«“горячая линия” с президентом»', '«Путин выступил, освещал вопросы людей»', '«встреча Путина с гражданами в прямом эфире, довольна его выступлением»']",14.0
2021-26,2021,26,"Наводнения, пожары в России, другие погодные катаклизмы","['«Ситуация с наводнениями и пожарами в Якутии»', '«тонет Дальний Восток»', '«жара, наводнение в Хабаровске»', '«наводнение в Крыму, на Амуре»', '«погода в стране, катаклизмы»']",4.0
2021-26,2021,26,Нарушение государственной границы России британским эсминцем,"['«Британский корабль нарушил границу России в районе Крыма»', '«в Крыму нарушил наши воды английский военный корабль»', '«провокации британского флота в Черном море»']",4.0
2021-26,2021,26,Спортивные события,"['«Невыход сборной России по футболу»', '«о футболе, волейболе, баскетболе»', '«хоккей»']",4.0
2021-26,2021,26,"Выплаты, пособия, повышение пенсий","['«Вопрос о пособии на ребенка»', '«детям выдавать с 6 лет будут»', '«выплаты детям до 18 лет»', '«малоимущим матерям-одиночкам и многодетным помощь»', '«о выплатах молодым семьям»', '«повышение пенсии»', '«прибавляют зарплаты медикам и другим в Москве и крупных городах»']",2.0
2021-26,2021,26,События на Украине,"['«Про Украину»', '«о войне на Украине»', '«учения военные на Украине»']",1.0
2021-26,2021,26,"Рост цен, тарифов","['«Повышение цен»', '«повышается квартплата»', '«подорожание ЖКХ»', '«подорожание квартплаты и продуктов питания»']",1.0
2021-26,2021,26,Встреча В. Путина и Д. Байдена,"['«Встреча Путина и Байдена»', '«переговоры с Байденом»', '«Путин и Байден встречались»']",1.0
2021-26,2021,26,"Напряженные отношения России со странами Запада, военные корабли НАТО в Черном море","['«Отношения со странами НАТО, попытки провокации со стороны натовцев»', '«военные учения в Черном море»', '«учения стран НАТО в Черном море»']",1.0
2021-26,2021,26,Работа властных структур,"['«Введение налога на домашних животных»', '«заседание правительства с обещанием о повышении пенсий»', '«поправки на оружие»']",1.0
2021-26,2021,26,Праздники,"['«В Питере “Алые паруса""»', '«День города»']",1.0
2021-26,2021,26,Другие события в России,"['«Умер Сличенко»', '«от Кремля угнали полицейскую машину»', '«Новосибирск, взорвалась заправка»', '«пьяный мужчина стрелял в людей с балкона»']",1.0
2021-26,2021,26,Другие события в мире,"['«100 лет компартии Китая»', '«открытие памятника Диане в Лондоне»', '«разбился военный самолет на Филиппинах»']",0.0
2021-27,2021,27,"Затрудняюсь ответить, нет ответа",[],49.0
2021-27,2021,27,"Эпидемия коронавируса, усиление защитных мер, отношение к прививкам","['Резкий рост коронавируса', 'повышение уровня заболеваемости коронавирусом, новые штаммы', 'корона возобновилась, надо делать прививки', 'прививки от ковида и их последствия', 'введение qr-кодов', 'вакцинация народа добровольно-принудительная, противозаконная', 'всё закрыли для непривитых людей', 'очередное коронавирусное сумасшествие нашего мира']",18.0
2021-27,2021,27,"Наводнения, пожары, ураганы в России, другие погодные катаклизмы","['Затопление, стихийные, природные происшествия', 'ливневые потопы, ураганы. Крым. Пожары лесные. Людей жалко', 'ураган, пожары в Якутии', 'ураган у нас здесь был, повалило много деревьев', 'град на Алтае', 'в Анапе нашествие божьих коровок', 'жара']",15.0
2021-27,2021,27,"Аварии, катастрофы, несчастные случаи","['Авиакатастрофа на Камчатке', 'много аварий на озерах, много несчастных случаев', 'человеку голову переехали – ночью пьяный лежал на дороге']",4.0
2021-27,2021,27,Спортивные события,"['Еврофутбол', 'футбол, проигрыш нашей команды', 'Черчесова отстранили', 'автоспорт', 'предстоящие Олимпийские игры']",4.0
2021-27,2021,27,"Выступления, действия В. Путина","['Выступление Путина, прямая линия', 'выступление президента – четыре часа говорил', 'поездка Путина в Кузбасс', 'приезд в Кемерово Владимира Владимировича Путина']",3.0
2021-27,2021,27,Нарушение государственной границы России британским эсминцем,"['Корабль зашёл в наши воды', 'нарушение наших границ в Чёрном море', 'английский корабль подходил к нашей границе, и его выперли']",2.0
2021-27,2021,27,События на Украине,"['Всё, что происходит вокруг Украины', 'отношения с Украиной', 'политика на Украине', 'военные конфликты на Украине']",2.0
2021-27,2021,27,"Напряжённые отношения России со странами Запада, военные учения у российских границ","['Евросоюз и США против нас козни строят', 'ухудшение международной обстановки вокруг нас', 'учения военные вокруг нас настораживают', 'учения проводят, и лазят они к нашим границам']",1.0
2021-27,2021,27,Вывод войск США из Афганистана,"['Афганистан, американцы вывели свои войска с Афганистана', 'Америка из Афганистана уходит, талибы полезут по всему миру', 'последние события в Афганистане']",1.0
2021-27,2021,27,"Рост цен, тарифов","['Цены выросли, а зарплаты упали', 'удивляют цены', 'цена на картошку', 'повышение цен на морковку', 'управляющие компании завышают цены']",1.0
2021-27,2021,27,"Выплаты, пособия, повышение пенсий","['Выплаты на детей', 'выплаты малоимущим семьям пособий', 'повышение пенсии', 'поднимаются прожиточный минимум и минимальная зарплата']",1.0
2021-27,2021,27,Работа властных структур,"['Выступление Зюганова', 'налоги новые придумывают', 'о работе правительства', 'закон о выгуле домашних животных в Московской области']",1.0
2021-27,2021,27,Смерть В. Меньшова,"['Меньшов умер', 'смерть Меньшова', 'умер Меньшов, режиссёр']",1.0
2021-27,2021,27,"Праздники, фестивали","['300 лет Кемерово', 'праздник в Кузбассе, 300 лет', 'День любви и верности', 'Фольклориада']",1.0
2021-27,2021,27,Криминальные события,"['В Барнауле украли на 6 миллионов золота', 'в Казани убийства', 'разборка с мигрантами в сибирском регионе, где диаспора Азербайджана пыталась навести свои порядки']",1.0
2021-27,2021,27,Убийство президента Гаити,"['Смерть президента Гаити', 'убийство президента Гаити']",1.0
2021-27,2021,27,Другие события в России,"['В Городце открыли памятник Александру II', 'преследование несистемной оппозиции']",1.0
2021-27,2021,27,Другие события в мире,"['Взрыв в Дубае', 'Лукашенко разоблачил террористов', 'Таджикистан – граница']",1.0
2021-28,2021,28,"Затрудняюсь ответить, нет ответа",[],54.0
2021-28,2021,28,"Рост эпидемии коронавируса, защитные меры, отношение к прививкам","['Опять волна пандемии', 'всё про ковид, растет показатель', 'повышение числа болеющих ковидом', 'ограничение для выезда по стране и за пределы страны', 'масочный режим, о вакцинации', 'вакцинация принудительная, экспериментальная и коронавирус', 'принудиловка по вакцинации – решили людей убить окончательно уже?']",17.0
2021-28,2021,28,"Наводнения, пожары, ураганы в России, другие погодные катаклизмы","['Пожары и наводнения, катаклизмы природные', 'пожары в Якутии, наводнение в Краснодарском крае', 'катастрофы, катаклизмы, где пожары, где ливни, засухи', 'затопление в Сочи', 'Москву затопило', 'наводнение в Крыму', 'аномальная жара']",11.0
2021-28,2021,28,События на Украине,"['Об Украине', 'события на Донбассе и Украине', 'отношения нестабильные с Украиной, вообще караул', 'в Украине начальника СБУ обвинили во взятках', 'события в Украине, насчет русского языка']",3.0
2021-28,2021,28,"Выплаты, пособия, повышение пенсий","['Пособия детям', 'выделение средств на покупку школьных принадлежностей', 'по поводу выплачиваемых пособий детям до 16 лет', 'пенсия - повышение', 'повышение пенсий']",3.0
2021-28,2021,28,Наводнение в Европе,"['Наводнение в Европе, дожди', 'Германию затопило', 'наводнение в Нидерландах и в Германии', 'потоп в Германии, Бельгии']",3.0
2021-28,2021,28,"Выступления, действия В. Путина","['Встреча Путина и Лукашенко', 'последняя статья Путина', 'Путин выступал']",3.0
2021-28,2021,28,"Аварии, катастрофы, несчастные случаи","['Выброс хлора в Ижевске', 'крушение поезда на Амуре', 'пожар в Реутове', 'самолет в Томске посадку сделал вынужденную', 'восемнадцатилетняя студентка сбила троих людей в Москве']",3.0
2021-28,2021,28,Спортивные события,"['Чемпионат Европы по футболу', 'футбол, подготовка к Олимпиаде в Токио', 'хоккей – чемпионат']",2.0
2021-28,2021,28,Работа властных структур,"['Мишустин приехал в Томск', 'указ Мишустина понравился о больничных листах', 'выступление Жириновского по Ютубу', 'запретили шампанское называть шампанским']",2.0
2021-28,2021,28,"Рост цен, тарифов","['Удорожание цен на продукты', 'рост цен на стройматериалы', 'повышение цен на бензин', 'повышение цен ЖКХ']",1.0
2021-28,2021,28,Вывод войск США из Афганистана,"['События в Афганистане', 'Америка вышла из Афганистана', 'вывод войск из Афганистана']",1.0
2021-28,2021,28,Нарушение государственной границы России британским эсминцем,"['Нарушение границ в Черном море', 'про корабли Великобритании, что они провоцируют Россию', '“Дефендер”» возле Крыма душили']",1.0
2021-28,2021,28,"Смерть В. Меньшова, П. Мамонова","['Смерть Мамонова Петра', 'умер артист Меньшов', 'смерть актеров']",1.0
2021-28,2021,28,Другие события в России,"['Нападение на пассажиров в Минусинске', 'праздник мусульман']",1.0
2021-28,2021,28,Другие события в мире,"['Визит Меркель в Вашингтон', 'конфликт в Грузии', 'события на Кубе']",1.0
2021-29,2021,29,"Затрудняюсь ответить, нет ответа",[],53.0
2021-29,2021,29,"Наводнения, пожары в России, другие погодные катаклизмы","['«Бесконечные наводнения и прочие стихийные бедствия в стране»', '«наводнение и пожары в Якутии»', '«пожары в Карелии»', '«пожары – Карелия, Якутия, потопы – Хабаровский край, Крым»', '«размыло Транссибирскую магистраль; Кубань, Сибирь затапливает»', '«дождь сильный, город затапливает»', '«стихийные бедствия – и Крым, и Забайкалье»']",12.0
2021-29,2021,29,"Рост эпидемии коронавируса, защитные меры, прививки и отношение к ним","['«Третья волна ковида»', '«усиление тенденции распространения ковида-19»', '«волнует ситуация с коронавирусом»', '«выступления эпидемиологов и вирусологов»', '«отменили QR-коды в Москве»', '«эпидемия и вакцинация»', '«принудительная вакцинация»']",11.0
2021-29,2021,29,Летние Олимпийские игры в Токио,"['«Олимпиада в Токио»', '«новости про Олимпиаду в Токио»', '«открытие Олимпиады в Токио»', '«смотрю Олимпиаду, наших спортсменов-тружеников»']",6.0
2021-29,2021,29,Стихийные бедствия в мире,"['«Катаклизмы на Земле»', '«катаклизмы в Европе»', '«затопления в разных странах»', '«затопило Германию, Китай»', '«наводнение в Европе – Германии, Бельгии»', '«потопы в разных странах, тайфун в Китае»', '«камнепад в Абхазии»']",3.0
2021-29,2021,29,"День Военно-морского флота, парад","['«Подготовка к празднику ВМФ»', '«военно-морской парад»', '«парад кораблей в Санкт-Петербурге»', '«парад военно-морского флота смотрели»']",2.0
2021-29,2021,29,События на Украине,"['«События в Донбассе»', '«проблемы с газом в Украине»', '«на Украине распродают землю»', '«на Украине произошел взрыв и выбросило бром»']",2.0
2021-29,2021,29,Работа властных структур,"['«Отмена в паспорте штампа о регистрации брака»', '«отмена бумажных паспортов»', '«предвыборная гонка»', '«снятие с выборов Грудинина»']",2.0
2021-29,2021,29,Задержание главы ГИБДД по Ставропольскому краю,"['«Арест начальника ГАИ Ставрополья»', '«глава ставропольского ГИБДД: у него дом с золотыми унитазом и ваннами. Он был задержан и обвинен во взятках»', '«коррупция полковника ГИБДД»', '«золотой унитаз Ставрополья»']",2.0
2021-29,2021,29,"Выступления, действия В. Путина","['«Выступление Путина»', '«статья Путина о единстве украинского и русского народов»', '«Путин сказал предпринимателям, чтоб подешевели продукты»']",2.0
2021-29,2021,29,Другие спортивные события,"['«Бои без правил»', '«Гасси выиграл бой»', '«футбол: “Спартак” играл с “Химками”, “Рубином”, Лига наций была»', '«чемпионат Европы по футболу»']",1.0
2021-29,2021,29,"Аварии, несчастные случаи","['«Авария на Ялтинской трассе, трагедии на дорогах»', '«полицейские спасли утопающего человека в Анапе»', '«девочка пропала в Тюмени»']",1.0
2021-29,2021,29,"Рост цен, тарифов","['«Повышение цен»', '«то, что цены повышают»', '«квартплата и цены на лекарства растут»', '«морковь дорогая»']",1.0
2021-29,2021,29,"Выплаты, пособия, повышение пенсий","['«Выплата школьникам»', '«выплаты Путина детям»', '«на детей выделили по 10 тысяч рублей»', '«рост зарплат и пенсий»']",1.0
2021-29,2021,29,Соглашение Германии и США по «Северному потоку – 2»,"['«Договор США и Германии о “Северном потоке – 2""»', '«соглашение по “Северному потоку”»', '«решение вопроса по запуску газопровода ""Северный поток – 2""»']",1.0
2021-29,2021,29,Криминальные события,"['«Девушка 17 лет сбила на пешеходном переходе семью с детьми»', '«женщина убила своих малышей»', '«мошенничество по телефону с БАДами»']",1.0
2021-29,2021,29,Подача Россией иска против Украины в Европейский суд по правам человека,"['«Подала Россия на Украину претензию по правам человека»', '«жалоба в ЕСПЧ на Украину»', '«иск на Украину о дискриминации русских там»']",1.0
2021-29,2021,29,Другие события в России,"['«Авиасалон МАКС»', '«в Москве митинг против принудительной вакцинации»', '«закрытие и преследование организации ФБК»', '«повышение Центробанком ключевой ставки»', '«сбор призывников в армию»']",1.0
2021-29,2021,29,Другие события в мире,"['«Забастовки против вакцинации в Европе»', '«заседание ОПЕК+»', '«курс криптовалюты поднялся»']",1.0
2021-30,2021,30,"Затрудняюсь ответить, нет ответа",[],54.0
2021-30,2021,30,Летние Олимпийские игры в Токио,"['«Олимпийские игры в Токио»', '«то, что происходит в Токио – игры всемирные Олимпийские»', '«то, что наша команда выступает не под российским флагом на Олимпиаде»', '«Олимпиада. Есть медали у нас – 16»']",13.0
2021-30,2021,30,"Пожары, наводнения в России","['«Тайга горит»', '«лес горит, в Сочи пожар»', '«вся Россия горит, а помогаем тушить пожары в Турции»', '«лесные пожары: Забайкалье, Якутия, наводнение в Краснодарском крае»', '«наводнение на юге страны»', '«дожди и наводнения в Крыму»', '«наводнение в Сочи»']",13.0
2021-30,2021,30,"Рост эпидемии коронавируса, защитные меры, прививки","['«Коронавирус идет, третья волна, много заболевших в России»', '«коронавирус, его прогнозы»', '«увеличение количества смертности от ко- вида в России»', '«разрешение работать в магазинах людям без перчаток»', '«принудительная вакцинация»', '«вакцинация – обязательно делать»', '«обязательные прививки для педагогов»']",10.0
2021-30,2021,30,Стихийные бедствия в мире,"['«Вся планета страдает от природных катаклизмов»', '«наводнение в Европе»', '«пожары в Турции, наводнение в Германии»', '«дождь в Гер- мании»', '«в Турции пожар»']",3.0
2021-30,2021,30,"Выплаты, пособия, повышение пенсий","['«Дотации к пенсии, льготы»', '«о повышении пенсии, зарплаты»', '«выплаты школьникам и беременным, военнослужащим»', '«выплаты детям по 10 тысяч рублей»', '«выплата денег детям-дошкольникам»']",2.0
2021-30,2021,30,События на Украине,"['«Ситуация на Украине, Донбасс»', '«лишение россиян на Украине гражданства»', '«война на Донбассе. Я сам из Луганска и воевал»']",2.0
2021-30,2021,30,Работа властных структур,"['«Изменения в паспортах»', '«новая миграционная политика»', '«сообщение об ужесточении техосмотров и штрафов»', '«отмена обязатель- ного прохождения ТО»', '«закон об отмене запрета на отстрел редких животных»', '«подоходный за физкультуру – возврат»']",2.0
2021-30,2021,30,"Рост цен, тарифов","['«Повышение цен на товары»', '«наценки»', '«рост цен на 20%»', '«ЖКХ каждый раз поднимает тарифы»', '«овощи дорогие»', '«подорожали бананы»']",1.0
2021-30,2021,30,Криминальные события,"['«Много воровства, взяточничества»', '«кража детей»', '«мужик избил жену и расчленил ее»', '«студентка в Москве сбила двух детей»']",1.0
2021-30,2021,30,Поездка М. Мишустина на Дальний Восток и в Сибирь,"['«Мишустин ездил на Курилы»', '«приезд Мишустина в Комсомольск-на-Амуре»', '«поездка Мишустина в Иркутск и Хабаровск»', '«в Томск приезжал Мишустин»', '«как выступал Мишустин, ездил по заводам»']",1.0
2021-30,2021,30,"Аварии, несчастные случаи","['«Аварии»', '«разбившиеся самолеты»', '«рухнул мост в Забайкалье»', '«взрыв газа в жилом доме в Барнауле»', '«в Крыму катер перевернулся: все смотрели на медуз и дисбаланс»']",1.0
2021-30,2021,30,"Выступления, действия В. Путина","['«Статья Путина про украинцев и русских»', '«Путин с Лукашенко встречался. То ли он к нему ездил, то ли наоборот»', '«разговор Путина с нашим губернатором»']",1.0
2021-30,2021,30,Праздники,"['«День ВМФ»', '«праздник Военно-морского флота»', '«парад ВМФ»', '«парад в Санкт-Петербурге»', '«день области»', '«день Феодосии»']",1.0
2021-30,2021,30,События вокруг «Северного потока – 2»,"['«Газовый контракт с Германией»', '«что завершается строительство “Северного потока – 2”»', '«“Северный поток” заканчивают»']",1.0
2021-30,2021,30,Другие события в России,"['«Массовые обыски, задержания у сторонников Навального по всем городам»', '«неспособность властей потушить пожары»']",1.0
2021-30,2021,30,Другие события в мире,"['«Вывод войск ООН из Афганистана. События в Таджикистане»', '«открытие туризма в Египет»', '«взрыв на химзаводе в Германии»']",1.0
2021-31,2021,31,"Затрудняюсь ответить, нет ответа",[],51.0
2021-31,2021,31,"Летние Олимпийские игры в Токио, выступления российских спортсменов","['«Конечно, Олимпиада»', '«выступление наших спортсменов на Олимпиаде»', '«Олимпиада в Токио, россияне выступают очень хорошо»', '«Олимпиада, золото российских гимнасток»', '«Олимпиада, наши спортсмены выступают не под своим флагом, без гимна»', '«прошедшие Олимпийские игры»']",17.0
2021-31,2021,31,"Пожары, наводнения в России, другие природные катаклизмы","['«Аномально жаркое лето»', '«погодные условия, неурожай, потоп»', '«пожары, наводнения, экстремальные погодные условия»', '«наводнения, пожары. Наводнение в Амурской области. Пожары в Якутии»', '«пожары в Якутии – жалко кедровые леса»', '«в Краснодаре выпал град»', '«ураган в Башкирии»']",16.0
2021-31,2021,31,"Пандемия коронавируса, защитные меры, прививки","['«Глава ВОЗ считает, что мир вступил в период реальной опасности по ситуации с ковидом»', '«ковид, пока держимся»', '«коронавирус растущий в нашем регионе»', '«ужесточение мер по коронавирусу»', '«ковид в Москве, масштабная вакцинация насильственная»', '«детей собираются прививать»']",8.0
2021-31,2021,31,Стихийные бедствия в мире,"['«Горит Турция»', '«Турция горела»', '«в Германии наводнение»']",3.0
2021-31,2021,31,"Работа властных структур, подготовка к выборам","['«Мишустин ездит и решает вопросы в разных регионах»', '«приезд Мишустина на Дальний Восток»', '«предложение Шойгу построить столицу в Сибири»', '«выступление Матвиенко»', '«налог на мясо»', '«новые правила об алиментах»', '«выборы: подготовка»', '«не допустили кандидатов от КПРФ кандидатами в Госдуму»', '«Бондаренко не пустили в Госдуму по Саратовской области»']",3.0
2021-31,2021,31,"Выплаты, пособия, повышение пенсий, зарплат","['«Временная выплата на школьников»', '«школьное пособие»', '«выплаты на многодетные семьи начались на две недели раньше»', '«социальные выплаты»', '«индексация пенсий»', '«обещают увеличение пенсий»', '«обещали поднять зарплаты»']",2.0
2021-31,2021,31,События на Украине,"['«Положение с Украиной»', '«Донбасс»', '«высказывание Зеленского о Донбассе»', '«Зеленский призвал граждан Донбасса, считающих себя русскими, уезжать в Россию»']",2.0
2021-31,2021,31,Криминальные события,"['«Убийство пяти человек»', '«сбежали заключенные»', '«громкие происшествия в сфере уголовного производства»']",1.0
2021-31,2021,31,"Рост цен, тарифов","['«Дорожает всё кругом»', '«постоянный рост цен»', '«рост цен на продукты питания»', '«рост цен на мясо и мясные продукты»', '«выросли цены на бензин»']",1.0
2021-31,2021,31,Аварии,"['«Обрушился дом в Красноярске»', '«стоянку завалило»', '«аварий много было в Галиче»']",1.0
2021-31,2021,31,Другие события в России,"['«Про МАКС, который прошел»', '«при поступлении очень мало бюджетных мест, а много целевых, и проходные баллы 20–21»', '«отношение к людям, которые в бедствиях, а помощь до них не доходит»']",1.0
2021-31,2021,31,Другие события в мире,"['«Ушли американцы из Афганистана, талибы угрожают всему миру»', '«ДТП туристического автобуса в Турции, погибло четверо россиян»', '«Лионель Месси ушел из “Барселоны”»', '«на Аляске разбился самолет, погибло 6 человек»', '«самолет упал в Венесуэле»']",1.0
2021-32,2021,32,"Затрудняюсь ответить, нет ответа",[],52.0
2021-32,2021,32,"Пожары, наводнения в России, другие природные катаклизмы","['«В Сибири пожар, на юге наводнения»', '«пожары в Якутии и наводнения в Приморье, в Амурской области, Крыму, Краснодарском крае»', '«сводки с фронта пожаров, наводнений»', '«град побил урожай»', '«аномальные явления с погодой»', '«жара»', '«климатическое неурядицы»']",23.0
2021-32,2021,32,"Аварии, катастрофы, несчастные случаи","['«Аварии всякие»', '«много очень аварий было автомобильных»', '«взрыв автобуса, авария с вертолетом»', '«крушение автобуса в Воронеже и вертолет на Камчатке»', '«нефть разлилась в Новороссийске, катастрофа экологическая»', '«массовое отравление детей в поезде»']",7.0
2021-32,2021,32,"Летние Олимпийские игры в Токио, их окончание","['«Олимпиада в Токио»', '«награждение олимпийских чемпионов»', '«выступления наших спортсменов на Олимпиаде, и как Путин их вознаградил»', '«Олимпийские игры закончились»', '«возвращение олимпийцев, несправедливость к ним»', '«Олимпийские игры, скандалы из-за всего, несправедливое отношение к нашим спортсменам»']",5.0
2021-32,2021,32,"Пандемия коронавируса, прививки, отношение к ним","['«Беспокоит болезнь ковид, вся страна болеет»', '«ухудшение коронавирусной ситуации»', '«идет рост заболеваний ковид-19»', '«вакцинация, статистика по коронавирусу»', '«вакцинация добровольно-принудительная»', '«добровольную прививку делают не добровольной»']",5.0
2021-32,2021,32,"Работа властных структур, подготовка к выборам","['«Мишустин выступал»', '«штрафы на авто, изменения законодательства на авто»', '«Грудинина отстранили от выборов, и Верховный суд отклонил»', '«депутаты ездят по России везде»', '«баннеры кандидатов на выборы»']",2.0
2021-32,2021,32,События на Украине,"['«Украина и события в ней»', '«Донбасс, Украина»', '«проблемные отношения с Украиной»', '«политика Украины, боимся, чтобы не было войны»']",2.0
2021-32,2021,32,Пожары в Турции,"['«Пожар в Анталии»', '«тушение пожаров в Турции»']",2.0
2021-32,2021,32,"Выплаты, пособия, повышение пенсий","['«10 тысяч на семью пособия»', '«выделение денежных средств на ребенка»', '«пособия для школьников»', '«социальные вопросы – дотации, помощь многодетным, помощь детям»', '«о повышении пенсии»', '«увеличение пенсии»']",1.0
2021-32,2021,32,События в Афганистане,"['«Афганистан: американцы покинули, бардак начинается»', '«военный конфликт в Афганистане»', '«события в Афганистане, талибы захватили»', '«Афганистан, там идет война, нужно отправлять войска»']",1.0
2021-32,2021,32,"Поездки, встречи В. Путина","['«Приезд Путина в Челябинскую область»', '«предстоящая встреча Меркель и Путина»']",1.0
2021-32,2021,32,"Рост цен, тарифов","['«Цены скачут»', '«выросли цены на бензин и продукты»', '«высокие цены на продукты, повышение цен на бензин резкое, высокий рост цен на ЖКХ»', '«лекарства дорожают»']",1.0
2021-32,2021,32,Авиакатастрофа в Турции,"['«В Турции разбился наш самолет спасательный»', '«падение самолета в Турции»', '«крушение самолета в Турции»']",1.0
2021-32,2021,32,Другие события в России,"['«Соболь уехала из страны, соратница Навального»', '«арест комика за шутку; запрет интервью с Летовым»', '«уборочная сейчас идет»']",1.0
2021-32,2021,32,Другие события в мире,"['«Выступление белорусского президента»', '«конфликт с Киргизией, плохое отношение к русскоязычному населению»', '«будут выборы в ФРГ»']",1.0
2021-33,2021,33,"Затрудняюсь ответить, нет ответа",[],54.0
2021-33,2021,33,События в Афганистане,"['«Американцы войска из Афганистана вывели, много говорят об этом»', '«в Афганистане правительство сменилось»', '«в Афганистане свергли президента»', '«взятие Кабула»', '«события в Афганистане: то, что свергли президента талибы. Их президент сбежал с большими деньгами»', '«Талибан занял Афганистан»']",19.0
2021-33,2021,33,"Пожары, наводнения в России, другие природные катаклизмы","['«Горит Россия»', '«горит тайга в стране»', '«лес горит в Якутии»', '«пожар в заповеднике “Мордовский”»', '«борьба с пожаром в Якутии, Мордовии»', '«затопило Анапу и горит север, Якутия»', '«затопления на юге, пожары в Сибири»', '«про наводнения в Амурской области, пожары в Сибири»', '«жара 40 градусов»', '«в Балтийском море шторм»']",15.0
2021-33,2021,33,"Пандемия коронавируса, защитные меры, прививки","['«Ковид-19»', '«больше информации о коронавирусе»', '«пандемия идет. Очень заразная болезнь, нужно ходить в масках»', '«отменили ношение перчаток, послабления по ковиду»', '«кто прививаться, тем должны подарки дать»', '«студенты, не сделавшие прививки, будут учиться на удаленке»', '«вакцинация: всех обязывают»']",4.0
2021-33,2021,33,"Аварии, катастрофы, несчастные случаи","['«Аварии в военной технике»', '«взрыв в Москве в многоквартирном доме»', '«самолет упал в Подмосковье опытный, погибли три летчика-испытателя, один из них Герой России»', '«гибель туристов на Камчатке»']",4.0
2021-33,2021,33,"Работа властных структур, подготовка к выборам","['«Итоги работы правительства»', '«хотят повысить МРОТ, поднять детские пособия, больничный по уходу за ребенком 100%»', '«Шойгу хочет построить в Сибири три новых города по 500 тысяч человек»', '«выборы»']",2.0
2021-33,2021,33,События на Украине,"['«Про Украину»', '«по Украине: уничтожение русских»', '«Зеленский хочет разрушить нашу страну»']",2.0
2021-33,2021,33,Визит А. Меркель в Россию,"['«Меркель приехала в Москву»', '«последний раз в своей должности приезжала канцлер ФРГ Меркель»', '«встреча Меркель и Путина»']",2.0
2021-33,2021,33,Другие события в России,"['«30 лет ГКЧП»', '«Грудинина прессуют»', '«“Дождь"" внесли в список иностранных агентов»', '«ФБК Навального объявили террористическим каналом»', '«Алиханов борется с загрязнением рек и озер»']",2.0
2021-33,2021,33,"Рост цен, низкий уровень жизни","['«О материальном положении»', '«нет денежной помощи пенсионерам»', '«пенсию не прибавляют»', '«рост цен на бензин»', '«рост цен на капусту»']",1.0
2021-33,2021,33,"Выплаты, пособия, повышение пенсий","['«Денежные выплаты для детей»', '«про пособия на детей к школе»', '«молодым дополнительные выплаты»', '«пенсионерам по 10 тысяч»', '«помощь населению»']",1.0
2021-33,2021,33,"Криминальные события, коррупционные скандалы, терроризм","['«Перерезали семью в Хакасии»', '«как бабушку убили на улице Октября дом 30»', '«смерть восьмилетней девочки: я за смерть для педофилов»', '«как обворовывают нас коррупционеры»', '«теракт в Воронеже»']",1.0
2021-33,2021,33,Пожары в Турции,"['«Пожары в Турции»', '«тушение пожаров в Турции»']",1.0
2021-33,2021,33,Спортивные события,"['«Олимпиада в Токио»', '«Арина Аверина заняла второе место по художественной гимнастике»', '«Параолимпиада»', '«переход Месси»']",1.0
2021-33,2021,33,Крушение российского самолета в Турции,"['«Падение самолета российского в Турции»', '«разбился самолет в Турции»', '«гибель пилотов в Турции»']",1.0
2021-33,2021,33,Другие события в мире,"['«Русофобия в Казахстане»', '«Лукашенко отменил обязательную вакцинацию»']",1.0
2021-34,2021,34,"Затрудняюсь ответить, нет ответа",[],55.0
2021-34,2021,34,События в Афганистане,"['«Бегство американцев из Афганистана»', '«Афганистан талибы захватили»', '«плохая ситуация в Афганистане»', '«Афганистан, жалко людей»', '«Афганистан, беженцы везде, нет помощи»', '«Афганистан, Кабул, эвакуация из Кабула российскими самолетами»', '«за Афганистан страшно, что сейчас к нам поползут»']",20.0
2021-34,2021,34,"Выплаты, пособия, повышение пенсий","['«Пенсионерам выплачивают 10 тысяч перед выборами»', '«подачка 10 тысяч пенсионерам»', '«раздача денег пенсионерам и силовым структурам»', '«10 тысяч рублей пенсионерам, выплаты на детей и беременным»', '«выплата единая»', '«выплаты детям к школе»', '«выплаты и дополнительные денежные средства на детей»', '«добавили пенсию»']",9.0
2021-34,2021,34,"Пожары, наводнения в России, другие природные катаклизмы","['«Пожары, ливни, град, катаклизмы природные»', '«леса горят, реки разливаются»', '«пожары кругом. Топит на юге»', '«пожары: Якутия, Самара, Башкирия»', '«пожары, наводнение и неготовность к этому служб реагирования»', '«у нас в области из-за пожаров люди остались без крыши над головой»']",8.0
2021-34,2021,34,"Пандемия коронавируса, прививки","['«Ковид в мире»', '«ковид, третья волна»', '«снижение заболеваемости коронавирусом»', '«умирают от ковида»', '«пандемия, вакцинация»', '«прививки, люди “за” и “против”»', '«ситуация с ковидом. К прививке я отношусь положительно, я вакцинировался»', '«вакцинация подростков принудительная меня очень беспокоит»']",2.0
2021-34,2021,34,"Аварии, катастрофы, несчастные случаи","['«Авария на Уренгое»', '«взрыв на газозаводе»', '«ДТП на дорогах в Томске»', '«пожар в ТЦ»', '«падение самолета у нас»', '«самолётопад»', '«дети пропадают»', '«нашли девочку потерявшуюся маленькую в лесу»']",2.0
2021-34,2021,34,События на Украине,"['«Событие на Украине – “Крымская платформа”»', '«Украина. Борьба за Крым»', '«Празднование Дня независимости на Украине»', '«в Донецке цены нормальные, меньше, чем на Украине»', '«встреча будущая Байдена с Зеленским»']",2.0
2021-34,2021,34,Спортивные события,"['«Параолимпийские игры»', '«Олимпиада, чемпионат мира по пляжному футболу»', '«жеребьевка по футболу»', '«бокс»']",2.0
2021-34,2021,34,"Предвыборная кампания, предстоящие выборы в Госдуму","['«Будут выборы»', '«выборы в Государственную думу»', '«предвыборная кампания»', '«Бондаренко на выборы идет»', '«приносили предвыборные газеты»']",2.0
2021-34,2021,34,Работа властных структур,"['«Разрешение двойного гражданства чиновникам»', '«что меняют Конституцию по поводу второго гражданства чиновников»', '«канал “Дождь” объявили иностранными агентами»', '«изменения в ПДД»', '«новый закон для автовладельцев»']",1.0
2021-34,2021,34,Рост цен,"['«Повышение цен на всё»', '«цены ужас какие»', '«повышение цен огорчает»', '«подорожание бензина»']",1.0
2021-34,2021,34,"Выступления, встречи В. Путина","['«Встреча Путина с Ангелой Меркель»', '«встреча Путина с правителями других стран»', '«выступление президента перед “Единой Россией”»']",1.0
2021-34,2021,34,Другие события в России,"['«День города в Нижнем Новгороде»', '«70-летие первого президента Чечни»', '«МАКС и в парке “Патриот” выставка»', '«открывают новые школы, идет стройка в Хабаровском крае, Осетии»']",1.0
2021-34,2021,34,Другие события в мире,"['«Обстановка на границе Беларуси и Литвы. Проблема беженцев»', '«самолет упал с туристами»', '«события, происходящие за рубежом»']",1.0
2021-35,2021,35,"Затрудняюсь ответить, нет ответа",[],61.0
2021-35,2021,35,События в Афганистане,"['«Ситуация в Афганистане»', '«Афганистан волнует»', '«американцы ушли из Афганистана»', '«выход американцев из Афганистана»', '«Афганистан, “Талибан""»', '«“Талибан”, в Афганистане война идет»']",13.0
2021-35,2021,35,"Выплаты, пособия, повышение пенсий","['«Социальные выплаты»', '«выплаты пенсионерам»', '«что пенсионерам добавку сделают»', '«что выдадут пенсионерам по 10 тысяч и силовикам по 15 тысяч»', '«10 тысяч пенсионерам дали и ученикам»', '«денежная выплата пенсионерам, инвалидам, военным, полиции»', '«выдача денег медикам»']",8.0
2021-35,2021,35,"Пожары, наводнения в России, другие природные катаклизмы","['«Погодные аномалии»', '«экологические катаклизмы в стране, потопы, пожары и решения по этим вопросам»', '«засуха, пожары»', '«у нас горит вся Сибирь, миллионы гектаров сгорают»', '«пожар в Якутии»', '«пожар в Мордовии»', '«пожары в Охе, Тымовском»', '«наводнение в Улан-Удэ»', '«наводнение в Бурятии»', '«погодные катаклизмы в Сочи»', '«шторм в Анапе»']",4.0
2021-35,2021,35,"Предвыборная кампания, предстоящие выборы в Госдуму","['«Предстоящие выборы»', '«что скоро выборы»', '«что выборы три дня»', '«17–19 сентября будут выборы»', '«всё про выборы, видео о депутате»', '«снятие Потапенко с выборов»', '«реклама ЛДПР»', '«запомнились одни предвыборные обещания; надежд на них нет»']",4.0
2021-35,2021,35,Спортивные события,"['«Чемпионат Европы по футболу и Паралимпиада»', '«паралимпийские игры»', '«отбор на чемпионат по футболу сборной России. Английская премьер-лига»', '«футбольный матч Россия – Хорватия»', '«чемпионат мира по пляжному футболу»']",3.0
2021-35,2021,35,"События на Украине, визит В. Зеленского в США","['«Донбасс»', '«события на Украине и поведение Зеленского»', '«визит Зеленского в Америку»']",2.0
2021-35,2021,35,"Выступления, встречи В. Путина","['«Путин о восстановлении экономической жизни в России»', '«Путин надеется на восстановление отношений с Украиной»', '«Путин поехал на Дальний Восток»', '«выступление Путина в “Артеке” перед детьми из семей погорельцев из Якутии»', '«Путин с учениками общался»']",2.0
2021-35,2021,35,Работа властных структур,"['«Выступление Мишустина»', '«награждение актеров и работников культуры Мишустиным»', '«Шойгу и Лавров хотят уйти в Думу»', '«по образованию изменения»', '«амнистия про гаражи»']",2.0
2021-35,2021,35,"Годовщины, праздники, традиционные события","['«День знаний»', '«1 сентября, начало учебного года»', '«1 сентября в Беслане, поминание о теракте»', '«день Республики Татарстан – праздник»', '«трехсотлетие Кузбасса»']",2.0
2021-35,2021,35,"Пандемия коронавируса, прививки","['«Рост ковида»', '«много смертей от ковида»', '«рекорд по коронавирусу»', '«вакцинация принудительно»']",2.0
2021-35,2021,35,Другие события в России,"['«Проводящийся в Москве фестиваль – парад оркестров духовых»', '«развязка транспортная в Новом Уренгое открыта, драмтеатр открыл новый сезон»', '«выступление Шукшиной на награждении»', '«свадьба Моргенштерна»', '«упал кран в Самарской области»', '«в Казани в подъезде многоэтажки застрелили мужчину»']",2.0
2021-35,2021,35,Восточный экономический форум,"['«Дальневосточный экономический форум»', '«саммит во Владивостоке»', '«форум на Дальнем Востоке»']",1.0
2021-35,2021,35,Рост цен,"['«Всё подорожало»', '«хлеб подорожал»', '«цены поднялись на бензин и газ»', '«рост цен на изделия из металла»']",1.0
2021-35,2021,35,Другие события в мире,"['«Споры о “Северном потоке – 2”»', '«Лукашенко: репортажи»', '«рухнул в Америке вертолет»', '«тушение пожара в Турции»']",1.0
2021-36,2021,36,Гибель главы МЧС Е. Зиничева,"['«Гибель главы МЧС Российской Федерации»', '«погиб глава МЧС, который спасал журналиста. Погибли оба»', '«погиб начальник МЧС»', '«похороны вчера министра МЧС»', '«Зиничева наградили посмертно»']",8.0
2021-36,2021,36,События в Афганистане,"['«События в Афганистане»', '«уход американцев из Афганистана, приход к власти талибов»', '«безобразия в Афганистане, приход талибов к власти в Афганистане»', '«Афганистан налаживается. Не ожидал, что талибы так сделают в лучшую сторону»', '«события в Кабуле»']",7.0
2021-36,2021,36,"Взрыв бытового газа в Ногинске, другие аварии","['«Взорвался газ в Ногинске»', '«взрыв бытового газа в жилом доме в Ногинске»', '«взрыв дома в Подмосковье»', '«ДТП»']",5.0
2021-36,2021,36,"Предвыборная кампания, предстоящие выборы в Госдуму","['«Про выборы, агитационная кампания»', '«предвыборная агитация, больше всего за “Единую Россию”»', '«расстроило, что крупные госчиновники возглавили список ЕР. Они должны оставаться на своем месте»', '«реклама против КПРФ»', '«блокировка “умного голосования”»']",4.0
2021-36,2021,36,"Выплаты, пособия","['«Выплата пенсионерам и детям»', '«выплаты пенсионерам по 10 тысяч и детям»', '«одноразовая поддержка пенсионеров – 10 тысяч»', '«поддержка пенсионерам, военнослужащим»']",3.0
2021-36,2021,36,"События на Украине, визит В. Зеленского в США","['«Всё, что касается Украины»', '«Украина хочет на нас войной пойти – Зеленский»', '«встреча Зеленского с Байденом»', '«шахта взорвалась в Донбассе»']",2.0
2021-36,2021,36,"Пожары в России, другие природные катаклизмы","['«Глобальное потепление, землетрясения, наводнения, пожары»', '«пожары в Якутии»', '«пожары на Урале»', '«сгорел лес»', '«смерч над Амуром»']",2.0
2021-36,2021,36,"Пандемия коронавируса, вакцинация","['«Вспышка коронавируса»', '«рост смертности из-за ковида, Екатеринбург вышел на второе место по количеству заболевших»', '«коронавирус пошел на спад»', '«новая вакцина от коронавируса»', '«вакцинация детей»']",2.0
2021-36,2021,36,Спортивные события,"['«Армения проиграла Германии по футболу»', '«первое место в Португалии по каноэ»', '«бои спортивные»', '«Олимпиада, результаты паралимпийцев»', '«вручение наград олимпийцам»']",2.0
2021-36,2021,36,"Российско-белорусские отношения, переговоры В. Путина и А. Лукашенко","['«Путин и президент Белоруссии провели в Москве переговоры»', '«Россия налаживает контакты с Белоруссией»', '«соединение России с Белоруссией»', '«союз с белорусами»', '«военные учения совместно с Белоруссией»']",1.0
2021-36,2021,36,"Выступления, встречи, поездки В. Путина","['«Встреча Путина и Шойгу в тайге»', '«выступление Путина на Дальнем Востоке»', '«случай на встрече Путина со школьниками»', '«Путин приезжал»']",1.0
2021-36,2021,36,Криминальные события,"['«Детей убивают: криминальные новости»', '«Киселёвск: изнасилование несовершеннолетних»', '«нашли расчлененную девочку»', '«педофилия»']",1.0
2021-36,2021,36,Работа властных структур,"['«Федеральный закон 115 всё корректируют, ужесточают»', '«награждение выдающихся людей»', '«что будут карты на продукты»', '«бюджетникам собрались повышать зарплату, слышала»']",1.0
2021-36,2021,36,"Годовщины, праздники, традиционные даты","['«10 лет памяти команды “Локомотив”»', '«20 лет – 11 сентября теракт в Америке»', '«концерты, торжества, посвященные Дню города»', '«празднования Дня республики»', '«школа – 1 сентября»']",1.0
2021-36,2021,36,Окончание строительства «Северного потока – 2»,"['«Завершение “Северного потока”»', '«“Северный поток” достроился»', '«пустили “Северный поток – 2”»']",1.0
2021-36,2021,36,"Рост цен, тарифов","['«Дорожает всё»', '«подорожание продуктов»', '«рост цен на бензин»', '«коммунальные платежи дорогие»']",1.0
2021-36,2021,36,Восточный экономический форум,"['«Форум дальневосточный»', '«ВЭФ во Владивостоке»', '«саммит на Дальнем Востоке»']",1.0
2021-36,2021,36,Другие события в России,"['«Запомнилось массовое отравление граждан в “Магните” арбузами (улица Колхозная)»', '«бензин подешевел на 15 копеек»', '«учения российской армии»', '«новая военная техника»', '«оперный концерт в Кремле»', '«развод Мамаева»']",1.0
2021-36,2021,36,Другие события в мире,"['«Бельмондо умер вчера, ему 98 лет»', '«Турция: самолет наш разбился»']",1.0
2021-38,2021,38,"Затрудняюсь ответить, нет ответа",[],54.0
2021-38,2021,38,Расстрел студентов в Перми,"['«В Пермском университете стрельба была, пострадавших много»', '«Пермь, студент расстрелял студентов»', '«Пермь, вооруженный пришел, восемь человек погибло»', '«потрясла Пермь»', '«расстрел студенческий»', '«убийства в университете»']",17.0
2021-38,2021,38,Выборы в Госдуму,"['«Выборы в Государственную думу Российской Федерации»', '«выборы, конечно, – только об этом и говорят»', '«выборы прошли и победила “Единая Россия”, как всегда»', '«дискуссия об электронном голосовании»', '«массовая фальсификация выборов»', '«якобы выборы»']",15.0
2021-38,2021,38,"Аварии, катастрофы, несчастные случаи","['«У нас в Ногинске дом взорвался»', '«самолет упал в Хабаровском крае»', '«Кабардино-Балкария – смерть людей»', '«в Томске в магазине “Магнит” отравились арбузом»']",5.0
2021-38,2021,38,Пандемия коронавируса,"['«Вирус становится больше и больше»', '«очередной всплеск ковида»', '«увеличение смерти от ковида»', '«коронавирус, хорошо борются с ним»', '«вакцинация, коронавирус»']",2.0
2021-38,2021,38,"События на Украине, визит В. Зеленского в США","['«События в Украине»', '«визит Зеленского в ООН»', '«Зеленский в Америке»', '«президент Украины Зеленский клевещет на нас с трибуны ООН»', '«война в Донецке»', '«покушение на чиновника в Украине»']",2.0
2021-38,2021,38,"Дожди, наводнения, пожары в России","['«Дожди, везде заливает»', '«наводнение в Сочи, Дагестане»', '«пожары и наводнения»', '«из новостей – стихийные бедствия, пожары, потоп и что с этим ни хрена не делается»']",2.0
2021-38,2021,38,"Выступления, встречи В. Путина","['«Беседа Путина с вновь выбранными депутатами в Госдуму»', '«общение Путина с главами регионов»', '«речь Путина»']",1.0
2021-38,2021,38,"Рост цен, тарифов","['«Растут цены не по дням, а по часам»', '«дорожание продуктов»', '«рост цен на продукты питания»', '«подорожание бензина и остального»', '«ЖКХ поднимают»']",1.0
2021-38,2021,38,"Выплаты, пособия, повышение зарплаты, пенсии","['«10 тысяч к пенсии»', '«индексация пенсий»', '«денежные средства пенсионерам и детям, которые пошли в школу»', '«добавка к пенсии»', '«прибавление пенсии»', '«что с 1 октября бюджетникам повысят зарплату»']",1.0
2021-38,2021,38,Работа властных структур,"['«Выступление заместителя Набиуллиной о том, что пенсионерам государство ничего не должно»', '«выступление Шойгу»', '«губернатор Алтайского края возмущен, что есть много бедных, даже нищих»', '«дорожное законодательство, нельзя выращивать куриц»', '«изменения техосмотра, правил дорожного движения»']",1.0
2021-38,2021,38,События в Афганистане,"['«Афганистан»', '«про Афганистан»', '«события в Афганистане»']",1.0
2021-38,2021,38,Генеральная ассамблея ООН,"['«Генассамблея ООН»', '«заседание Генассамблеи ООН»', '«встречи Лаврова в ООН»']",1.0
2021-38,2021,38,Окончание строительства «Северного потока – 2»,"['«Закончили строить наконец-то газопровод»', '«“Северной поток” – что открыли»', '«“Северный поток – 2”»']",1.0
2021-38,2021,38,Другие события в России,"['«В Крым открыли новую дорогу, Астрахань хорошеет»', '«открытие новой дороги по Брянску»', '«бабушке отключили все коммунальные услуги, а она ветеран войны»']",1.0
2021-38,2021,38,Другие события в мире,"['«Выборы в Германии»', '«высказался посол Китая, что они готовы нанести ядерный удар по США»', '«Франция обиделась на США и Австра- лию»', '«бокс: украинец и американец»']",1.0
2021-39,2021,39,Расстрел студентов в Перми,"['Больше всего запомнилось мне, наверное, про стрельбу в Перми', 'расстрел ребятишек', 'трагедия в Перми', 'ужас в Пермском университете']",7.0
2021-39,2021,39,"Выборы в Госдуму, реакция на них","['Выборы в Государственную думу', 'итоги выборов', 'разговоры про выборы', 'выборы с нарушениями', 'фальсификация на выборах', 'митинги после выборов']",6.0
2021-39,2021,39,Пандемия коронавируса,"['Четвертая волна ковида', 'статистика по коронавирусу и смертность от него', 'борьба с коронавирусом', 'ковид, прививки', 'ужесточение вакцинации от коронавируса']",5.0
2021-39,2021,39,"Аварии, катастрофы, несчастные случаи","['Аварийные. Гибель Зиничева, самолеты падают', 'крушение самолетов', 'гибель туристов на Эльбрусе']",2.0
2021-39,2021,39,"Рост цен, тарифов","['Продукты питания – подорожание их', 'скачут цены на всё', 'новости о том, что дорожают продукты и всё дороже', 'добавили за квартплату, за свет и за воду оплату', 'повышение тарифов ЖКХ, цен на продукты, транспорт']",2.0
2021-39,2021,39,События на Украине,"['Положение на Украине', 'реакция Украины на контракт России и Венгрии', 'Украина перекопала канал, а он пересыхает', 'парашютирование украинцев с войсками НАТО']",2.0
2021-39,2021,39,"Встречи, действия В. Путина","['Переговоры Путина с Эрдоганом', 'встреча Путина с Лукашенко', 'отдых Путина', 'Путин вышел из самоизоляции']",2.0
2021-39,2021,39,"Выплаты, пособия, повышение зарплаты, пенсии","['Выплаты пенсионерам разовые', 'ну конечно, то, что прибавили пенсию', 'по поводу детских пособий', 'повышение зарплаты силовикам', 'с 1 октября добавят пенсию, говорили, а на самом деле всего на 300 рублей']",2.0
2021-39,2021,39,События вокруг «Северного потока – 2»,"['Достройка “Северного потока”. События в нефтегазовом комплексе', 'ситуация вокруг “Северного потока”', 'споры из-за “Северного потока”', 'газ вокруг Украины ввели']",2.0
2021-39,2021,39,Работа властных структур,"['Выступление Мишустина', 'высказывание Голиковой о доходах пенсионеров', 'новые штрафы ГИБДД', 'отклонили увеличение МРОТ', 'список иноагентов']",2.0
2021-39,2021,39,Другие события в мире,"['Арест Саакашвили', 'выборы в Германии', 'решение Госдепартамента США по наведению порядка среди бизнесменов России']",2.0
2021-39,2021,39,Криминальные события,"['В Оренбургской области убили троих, про педофилию очень много', 'женщину беременную убили под Казанью', 'маньяк в Ангарске', 'арест наркобаронов в Екатеринбурге', 'ФСБ предотвратила теракты']",1.0
2021-39,2021,39,События в Афганистане,"['Афганистан, талибы', 'события в Афганистане, талибы, террористы']",1.0
2021-39,2021,39,Рост цен на газ в Европе,"['Повышение цен на газ в Европе', 'скачок цен на газ в Европе', 'цены на газ по Европе рекордные']",1.0
2021-39,2021,39,Извержение вулканов,"['Вулкан бушует на Пальма-де-Майорке, засыпает тысячу домов', 'вулкан на Сицилии', 'на Гавайях вулкан разливается']",1.0
2021-39,2021,39,Отказ индексировать пенсии работающим пенсионерам,"['Не будут рабочим пенсионерам выплачивать индексацию', 'отмена индексации пенсии', 'работающих пенсионеров опять кинули, отказали в индексации пенсии']",1.0
2021-39,2021,39,"Дожди, наводнения в России","['Дожди в Кизилюрте', 'паводок, наводнения в Амурской области', 'потоп в Новороссийске и Сочи']",1.0
2021-39,2021,39,Другие события в России,"['Дорогу открыли в городе Перми', 'новые города в Сибири, стройка']",1.0
2021-40,2021,40,"Пандемия коронавируса, защитные меры, вакцинация","['«Рост заболевших коронавирусом повысился, это очень беспокоит»', '«смертность высокая от коронавируса»', '«локдаун обсуждается в регионах»', '«введение QR-кодов в Орловской области для привитых»', '«вакцинация, увеличение заболеваний в России»', '«вакцинация от коронавируса»', '«обязательная вакцинация для бюджетников»']",7.0
2021-40,2021,40,Рост цен на газ в Европе,"['«Высокие цены на газ в Европе»', '«газовый кризис в Европе»', '«газовый психоз в Европе»', '«за газ ругаются»']",5.0
2021-40,2021,40,Криминальные события,"['«Ракову хотят осудить за крупные хищения, мошенницу»', '«в тюрьмах изнасилования, издевательства, пытки»', '«избиение в метро парня, который заступился за девушку»', '«крадут, убивают детей»']",4.0
2021-40,2021,40,Полет российских артистов на орбитальную станцию для съемок фильма,"['«В космос улетели артисты кино снимать»', '«запуск ракеты с артистами»', '«полет в космос наших, фильм там впервые снимают»', '«съемки фильма в космосе»']",4.0
2021-40,2021,40,"Аварии, катастрофы, несчастные случаи","['«Самолет разбился в Татарстане»', '«ЧП в Амурской области, горел завод»', '«люди погибли от суррогатного алкоголя в Оренбурге, туристы погибли на Камчатке»', '«очень много ДТП смертельных»']",3.0
2021-40,2021,40,События на Украине,"['«Сейчас всё больше про Украину»', '«Украина – не нравится, что творится»', '«на Украине спикера Рады отправили в отставку»']",2.0
2021-40,2021,40,"Рост цен, тарифов","['«Цены поднимаются заоблачные»', '«всё дорожает, особенно хлеб»', '«подорожание продуктов, зарплаты стоят»', '«бензин дорожает бесконечно, цены на продукты повысились»', '«подъем коммунальной платы»']",2.0
2021-40,2021,40,"Наводнения, другие стихийные бедствия в России","['«В Краснодарском крае наводнение»', '«наводнение в Крыму»', '«наводнения, снег»', '«оползень в Сочи»', '«пожары и затопления»']",2.0
2021-40,2021,40,"Выборы в Госдуму, реакция на них","['«Выборы в Госдуму»', '«обсуждение выборов»', '«электронное голосование в Думу»', '«вбросы голосов на выборах»', '«протесты по результатам выборов»']",1.0
2021-40,2021,40,События вокруг «Северного потока – 2»,"['«Насчет ""Северного потока 2""»', '«порадовался за Россию, что мы построили “Северный поток – 2”»', '«“Северный поток – 2” – завершено строительство»']",1.0
2021-40,2021,40,"Выступления, заявления В. Путина","['«Выступление Путина по газу»', '«заявление Путина по поводу коронавируса, что справляемся с пандемией»']",1.0
2021-40,2021,40,Работа властных структур,"['«Мишустин в Курске»', '«Бондаренко воюет в саратовской думе»']",1.0
2021-40,2021,40,Спортивные события,"['«Чемпионат мира по футболу»', '«футбол, Россия выиграла еле-еле 1:0 у словаков»', '«золото Садулаева»', '«хоккей»', '«бокс»']",1.0
2021-40,2021,40,"Выплаты, пособия, повышение зарплаты, пенсии","['«10 тысяч подарили»', '«доплата к пенсии»', '«будут выплаты на детей»', '«индексация пенсий и зарплат»', '«новая система оплаты труда врачей»']",1.0
2021-40,2021,40,События в Афганистане,"['«Афган»', '«события в Афганистане»']",1.0
2021-40,2021,40,Другие события в России,"['«День пожилого человека»', '«чествование учителей года»', '«перепись скоро будет»']",1.0
2021-40,2021,40,Другие события в мире,"['«Вручение Нобелевской премии мира»', '«Нуланд едет в Россию, ВАДА сняло аккредитацию»', '«совместные учения Белоруссии и России»', '«сбой в Фейсбук, Вотсап»', '«извержение вулкана на острове в Испании»', '«Саакашвили арестовали. В Турции аресты»']",1.0
2021-41,2021,41,"Пандемия коронавируса, защитные меры, вакцинация","['Ковид вырос. Огорчило количество умерших', 'в России впервые за пандемию выявили более 32 тысяч новых заболевших ковидом', 'возобновили ограничения из-за ковида', 'тестирование детей на ковид', 'будут вводить QR-коды на посещение общественных мест', 'началась обязательная вакцинация', 'штрафы за отсутствие прививки']",11.0
2021-41,2021,41,Полет российских кинематографистов на орбитальную станцию для съемок фильма,"['Допустили артистов в космос', 'актеры полетели в космос', 'в космос полетели группой съемочной', 'в космос летала актриса, и фильм снимали', 'из космоса актеры вернулись']",4.0
2021-41,2021,41,"Рост цен на газ в Европе, газовый кризис","['Ситуация вокруг газа', 'газовый кризис в Европе', 'Запад: газ подорожал', 'на газ выросла в мире цена', 'газовый скандал']",3.0
2021-41,2021,41,"Аварии, катастрофы, несчастные случаи","['Самолет упал в Татарстане', 'в Мензелинске крушение самолета L-410', 'трасса обвалилась в Новосибирске', 'два мотоциклиста погибли на Октябрьской набережной', 'отравление в Оренбурге']",3.0
2021-41,2021,41,"Рост цен, тарифов","['Всё дорожает', 'подорожание цен на всё', 'повышение стоимости продуктовых товаров', 'картошка подорожала', 'подорожал бензин после выборов буквально на днях', 'ЖКХ подорожало']",2.0
2021-41,2021,41,События на Украине,"['На Украине Зеленский против России выступает', 'в Раде в Украине убили депутата', 'Украина – по газу']",2.0
2021-41,2021,41,"Выступления, заявления, интервью В. Путина","['Последняя речь Путина, где он говорил, что не знает, будет ли баллотироваться или нет', 'решение Путина повысить благосостояние народа', 'выступление Путина перед женщинами', 'Путин и корреспондентка из США', 'выступление Путина насчет газопровода']",2.0
2021-41,2021,41,Работа властных структур,"['Визит Мишустина на предприятия по стране', 'увеличение налогов на предпринимателей', 'единороссы отказались проводить проверку в колониях', 'о техосмотрах авто', 'назначение Поклонской']",2.0
2021-41,2021,41,Криминальные события,"['Дети пропадают – педофилы', 'убийства какие-то', 'издевательства над заключенными', 'пытки в Саратовской колонии', 'убийство двух детей матерью, которая выпала из окна вместе с ними', 'избиение ребенка сожителем']",2.0
2021-41,2021,41,"Выплаты, пособия, повышение зарплаты, пенсии","['Про выплаты детям и пенсионерам', 'пособия детские', 'пособие для школьников', 'поддержка матерей, вновь рожающих', 'дадут по 6 тысяч в День пожилого человека', 'прибавка к зарплате', 'говорили, что прибавят пенсию']",2.0
2021-41,2021,41,Стрельба в учебных заведениях,"['Стрельба в учебных заведениях', 'расстрел в университете', 'стрельба студента', 'молодежь в Перми была убита', 'стрельба около школы', 'человек ходил вокруг школы с автоматом']",2.0
2021-41,2021,41,"ДТП в Сочи с автомобилем, в котором находилась К. Собчак","['Авария с Собчак', 'про Собчак: она в аварию попала', 'водитель Собчак сбил человека']",2.0
2021-41,2021,41,Другие события в мире,"['Ситуация в Афганистане', 'расследование “Пандоры”', 'смерть российских туристов в Албании']",2.0
2021-41,2021,41,Спортивные события,"['Фигурное катание – победа одиночниц', 'победа нашей волейбольной команды', 'победа сборной России по футболу над Словенией и Словакией', 'бой Маги Исмаилова']",1.0
2021-41,2021,41,"Выборы в Госдуму, реакция на них","['Выборы были', 'результаты выборов', 'победа “Единой России” на выборах', 'выборы: фальсификация', 'выборы в Думу, избрание Володина']",1.0
2021-41,2021,41,Международный форум РЭН-2021,"['Энергетическая неделя', 'энергетический форум в Москве', 'встреча по поводу энергетического кризиса']",1.0
2021-41,2021,41,Драка в московском метро,"['Драка в метро', 'как в метро человека избили', 'метро: про мальчика Романа, который заступился за девушку', 'парень помог девушке в метро и защитил от плохих мужчин']",1.0
2021-41,2021,41,Попытка американского эсминца нарушить российскую границу в Японском море,"['Американский корабль хотел перейти границу', 'нарушение границы американским кораблем', 'нарушение территориальных вод на Сахалине']",1.0
2021-41,2021,41,Природные явления в России,"['Погода', 'бабье лето', 'начались цунами в нашей стране', 'приближается похолодание']",1.0
2021-41,2021,41,Визит В. Нуланд в Россию,"['Визит Виктории Нуланд', 'приезжала представитель США', 'приезд из США женщины, вице-президента']",1.0
2021-41,2021,41,Другие события в России,"['Завтра начинается перепись населения', 'бунт заключенных в Северной Осетии', 'победа “Учитель года” – город Тюмень', 'бабушка отчитала Путина в прямом эфире']",1.0
2021-42,2021,42,"Затрудняюсь ответить, нет ответа",[],55.0
2021-42,2021,42,"Пандемия коронавируса, рост заболеваемости, защитные меры","['Вспышка коронавирусной инфекции', 'люди умирают, как мухи, из-за пандемии', 'введение локдауна из-за коронавируса', 'вводят QR-коды для тех, кто привит, нерабочие с 30 октября по 7 ноября', 'каникулы ковидные', 'на изоляцию всех с 30 числа', 'опять вводят режимы кодов для торговых центров и мест общественного пользования']",26.0
2021-42,2021,42,События на Украине,"['Положение на Украине', 'война на Донбассе', 'плохие отношения с Украиной', 'Украина в НАТО вроде собирается']",3.0
2021-42,2021,42,"Обострение отношений с НАТО, рост международной напряженности","['Прервали контакты с НАТО', 'дипломатов выгнали из НАТО', 'НАТО и Европа неадекватно себя ведут на границе', 'что вокруг России скапливаются натовские войска', 'войска НАТО, что-то, куда-то, жутковато']",3.0
2021-42,2021,42,"Аварии, катастрофы, несчастные случаи","['С Кремля крыша слетела', 'в Рязани взрыв на фабрике', 'на стройке в Троицке погиб рабочий', 'пешехода сбили на перекрестке', 'несчастный случай с девочкой', 'отравление алкоголем']",2.0
2021-42,2021,42,Валдайский форум,"['Валдайский форум', 'встреча в Валдае', 'съезд на Валдае']",2.0
2021-42,2021,42,"Выступления, заявления, интервью В. Путина","['Выступление Путина на Валдае', 'высказывания Путина по поводу борьбы с бедностью в стране', 'интервью с Путиным', 'Путин по- благодарил команду России по киберспорту']",2.0
2021-42,2021,42,"Выплаты, пособия, повышение зарплаты, пенсии","['Помощь многодетным семьям', 'пособия', 'увеличивают размер пособия на ребенка', 'соцвыплаты', 'пособия на детей, пенсии', 'известие о том, что минимальная пенсия увеличится', 'повышение зарплаты и пенсий']",1.0
2021-42,2021,42,Работа властных структур,"['Приезд Мишустина в Орел', 'выступления коммунистов', 'про страховки на машины']",1.0
2021-42,2021,42,"Рост цен на газ в Европе, газовый кризис","['Подорожание газа в Европе', 'цены на газ', 'газовый кризис', 'газовая проблема в Европе. Отказы от российского газа', 'отношения газа и Европы']",1.0
2021-42,2021,42,Стрельба в учебных заведениях,"['В школах стрельбы', 'детей расстреливают в школе – Татарстан, Пермь', 'опять школьник открыл стрельбу в школе', 'школьник рас- стрелял кого-то']",1.0
2021-42,2021,42,"Рост цен, тарифов","['Повышение цен', 'цены повышают на всё', 'что цены на продукты взлетели и на всё', 'повысили тариф на капитальный ремонт']",1.0
2021-42,2021,42,Полет российских кинематографистов на орбитальную станцию для съемок фильма,"['В космос слетали Пересильд и кинорежиссер Шипенко', 'кино снимали в космосе', 'космос осваиваем, мы первые, кто отправил туда кинокомпанию']",1.0
2021-42,2021,42,"События вокруг «Северного потока – 2», экспорт газа за границу","['“Северный поток – 2”', 'пустили газовую трубу', 'газ продают за границу во все стороны', 'увеличение транзита газа']",1.0
2021-42,2021,42,Спортивные события,"['Гран При по фигурному катанию', 'наши выиграли фигуристы', '“Спартак” проиграл англичанам', 'спорт в Москве, бойцовые соревно- вания, Емельяненко выиграл', 'чемпионат мира по хоккею']",1.0
2021-42,2021,42,Криминальные события,"['Хроника убийств, ограблений', 'драки мигрантов в России', 'избиение в метро в московском', 'женщина убила ребенка']",1.0
2021-42,2021,42,Другие события в России,"['Перепись населения', 'Нобелевская премия присуждена главе “Новой газеты” Муратову', 'пытки в тюрьме', 'открытие барнаульского моста']",1.0
2021-42,2021,42,Другие события в мире,"['Биткоин возрос в цене', 'вулкан извергался в Японии', 'Эрдоган выслал из своей страны дипломатов 10 стран, в том числе из Америки']",1.0
2021-43,2021,43,"Затрудняюсь ответить, нет ответа",[],55.0
2021-43,2021,43,"Пандемия коронавируса, рост заболеваемости, защитные меры, введение нерабочих дней, отношение к вакцинации","['«Про коронавирус, что ситуация обостряется, что много болеют и умирают. Заболевают как привитые, так и непривитые»', '«начали бороться с ковидом всеми силами»', '«всенародный отпуск»', '«выходные из-за коронавируса»', '«карантин, самоизоляция»', '«локдаун, ситуация с коронавирусом»', '«вакцинация принудительная напрягает»', '«заставляют ставить вакцину, вплоть до увольнения или штрафа»']",28.0
2021-43,2021,43,События на Украине,"['«Волнует, что происходит на Украине»', '«Донецк, события на Украине»', '«на Донбассе Украина пошла в наступление, накаляется обстановка»', '«бомбили Донбасс»', '«про Украину, что провоцирует Россию на войну»']",9.0
2021-43,2021,43,"Газовый кризис в Европе, проблемы с экспортом газа за границу","['«Про “Газпром” с Европой, что Европе всё мало газа»', '«цена на газ высокая для ЕС»', '«газ в Молдавии, Молдавия жалуется на Россию из-за денег»', '«вопрос по газу»', '«газовый конфликт»', '«не могут запустить вторую линию газопровода»']",2.0
2021-43,2021,43,Работа властных структур,"['«Поездка Мишустина по городам»', '«заседание Госсовета, о транспорте говорили, состояние дорог»', '«отклонили закон об ответственности депутатов за свои предвыборные обещания»', '«отмена техосмотра для частных лиц. Он будет происходить только при продаже»', '«член КПРФ подстрелил лося»']",1.0
2021-43,2021,43,Рост цен,"['«Всё дорогое»', '«что цены росли»', '«повышение цен на продукты питания»', '«цены на продукты и на всё, что повышается»', '«повышение цен на проезд»']",1.0
2021-43,2021,43,"Выплаты, пособия, повышение пенсии","['«Выплаты»', '«многодетным прибавляют пособия, матерям-одиночкам и другой молодежи»', '«обещание правительства проиндексировать пенсии»', '«решают, выдать или нет пенсионерам по 10 тысяч»']",1.0
2021-43,2021,43,"Обострение отношений с НАТО, рост международной напряженности","['«Отношения НАТО и России»', '«отношение ухудшается к России»', '«расширение НАТО»', '«военные действия НАТО»']",1.0
2021-43,2021,43,Выступления В. Путина,"['«Выступление Путина на форуме в “двадцатке”»', '«выступление Путина, как он говорил о вакцинации»', '«что Путин ответил о будущем долларов и криптовалюты в целом»']",1.0
2021-43,2021,43,Криминальные события,"['«Про расстрелы в школах»', '«пытки в тюрьмах, в колониях»', '«резонансное дело про мошенников»', '«суд над хозяевами ТЦ “Зимняя вишня”»']",1.0
2021-43,2021,43,"Аварии, катастрофы","['«Взрыв в жилом доме в Набережных Челнах»', '«взрыв бытового газа»', '«пожар, люди пострадали»']",1.0
2021-43,2021,43,Спортивные события,"['«“Авангард” – смена тренера»', '«“Зенит” выиграл»', '«гимнастика»', '«фигурное катание»', '«футбол: наши побеждать больше стали»']",1.0
2021-43,2021,43,"Погода, наводнения, пожары в России","['«Погода портится»', '«наводнение в Краснодарском крае»', '«пожары в России»', '«где топит, где горит»']",1.0
2021-43,2021,43,Другие события в России,"['«Перепись идет»', '«форум на Валдае»', '«ЖКХ начинают на пенсионеров в суды подавать, штрафы делают»', '«сажание людей, которые за Навального»', '«Соболь объявили в розыск»']",1.0
2021-43,2021,43,Другие события в мире,"['«Вулкан на Пальме»', '«ребрендинг “Фейсбука”»', '«рост биткойна»']",1.0
2021-44,2021,44,"Затрудняюсь ответить, нет ответа",[],55.0
2021-44,2021,44,"Пандемия коронавируса, рост заболеваемости, защитные меры, отношение к вакцинации","['«Как всегда: сколько заболевших коронавирусом, сколько выздоровевших»', '«борьба с коронавирусом»', '«бьем рекорды с коронавирусом»', '«коронавирусные ограничения»', '«введение QR-кода и локдаун»', '«закрыли на карантин области, заставляют прививаться»', '«люди не идут прививаться»', '«продление карантина или непродление карантина»']",26.0
2021-44,2021,44,События на Украине,"['«Дела в Украине»', '«Украина, обострение»', '«о ситуации на Украине – ДНР и ЛНР»', '«события на Украине, обстрел Донбасса»']",6.0
2021-44,2021,44,Военная активность США в Черном море,"['«Американские военные корабли на Черном море, учения»', '«американские корабли вошли в нейтральное воды»', '«субмарина в наших водах, не могут разобраться»']",2.0
2021-44,2021,44,"Аварии, катастрофы","['«Аварии в Иркутской области, погибли 9 человек»', '«взрыв газовых баллонов в многоквартирных домах»', '«упал самолет»']",2.0
2021-44,2021,44,Другие события в России,"['«Умер диктор Кириллов. Полицейские спасали детей»', '«туман в Москве. Задержано было 140 авиарейсов»', '«психологическое воздействие на Навального в тюрьме»']",2.0
2021-44,2021,44,Избиение мужчины в Новой Москве,"['«Драка в Новой Москве»', '«избили мужчину в Ватутинках»', '«в Новой Москве беспредел кавказцев»']",1.0
2021-44,2021,44,Саммит G20 по экологическим вопросам,"['«G20»', '«саммит “двадцатки”»', '«зеленый саммит»', '«экология, всемирный форум на эту тему»', '«саммит в Италии»']",1.0
2021-44,2021,44,"Газовый кризис в Европе, проблемы с поставкой газа","['«Газовые проблемы, “Северный поток”»', '«о “Северном потоке – 2”»', '«энергокризис»', '«газовый вопрос»', '«о стоимости газа в Европе»', '«про газ с Украиной»']",1.0
2021-44,2021,44,Работа властных структур,"['«Изменения в законах»', '«заморозка накопительной части пенсии»', '«повышение чиновникам зарплаты»', '«выступления коммунистов»', '«из КПРФ поймали пьяного на браконьерстве с лосем»']",1.0
2021-44,2021,44,"Выплаты, пособия, повышение пенсии","['«Детские пособия»', '«единоразовые выплаты для родителей с детьми»', '«помощь малоимущим»', '«зарплату поднимали. Пенсию повысить обещание»', '«социальные выплаты работникам, пенсионерам и выплаты на детей»']",1.0
2021-44,2021,44,"Встречи, поездки, выступления В. Путина","['«Визит Путина в Крым»', '«встреча Путина с Лукашенко»', '«выступление Путина на международной конференции»', '«пресс-конференция в Валдае, Путин отвечал на вопросы»']",1.0
2021-44,2021,44,Праздники,"['«День армейской авиации»', '«День народного единства»', '«праздник вчера был»']",1.0
2021-44,2021,44,"Рост цен, тарифов","['«Общее повышение цен»', '«цены на всё»', '«повышение цен в магазинах»', '«подорожание сильное на продукты»', '«повышение на ЖКХ»']",1.0
2021-44,2021,44,Спортивные события,"['«Футбол»', '«проиграл “Зенит”»', '«“Спартак” проиграл»', '«первенство мира по греко-римской борьбе»', '«пляжный футбол, выиграла сборная России континентальный кубок»', '«соревнования по фигурному катанию»']",1.0
2021-44,2021,44,Дистанционное обучение,"['«Дистанционное обучение. Это полный провал образования»', '«дистант»']",1.0
2021-44,2021,44,Другие события в мире,"['«Белоруссия, отношения с Лукашенко»', '«вулкан на испанских островах»', '«Грузия объявила, что невакцинированные будут оплачивать лечение сами»']",1.0
2021-45,2021,45,"Затрудняюсь ответить, нет ответа",[],52.0
2021-45,2021,45,"Антиковидные меры, их ужесточение, введение QR-кодов, обязательная вакцинация","['«Антиковидные меры ужесточают»', '«о нерабочих днях»', '«локдаун»', '«закрытие проезда пенсионерам»', '«закрыли ТЦ»', '«QR-коды не- нужные. То, что заставляют вакцинироваться. Я против этого»', '«QR-коды, никуда не войти – беспредел»', '«с 22 ноября необходим QR-код для проезда на городском транспорте»', '«без QR-кодов невозможно попасть на борт самолета»', '«принудительная вакцинация»', '«я против принудительной вакцинации»', '«людей считают за скот, и им присваивают номера. Это плохо»']",13.0
2021-45,2021,45,"Пандемия коронавируса, рост заболеваемости","['«Информация о ковиде»', '«карантин во всем мире»', '«ковид: состояние заболеваемости страны»', '«везде коронавирус»', '«коронавирус: сколько болеют»', '«большая смертность от ковида»', '«уровень ковида увеличился, в том числе 3-5 процентов – болеют привитые.']",12.0
2021-45,2021,45,Проблема с мигрантами на границе Белоруссии,"['«Скандал на белорусской границе»', '«инциденты на границе с Белоруссией»', '«беженцы бегут между Белоруссией и Польшей»', '«беженцев на границе с Белоруссией и Польшей поймали»', '«гибнут люди в Белоруссии – беженцы»']",11.0
2021-45,2021,45,События на Украине,"['«Происходят непонятные события на границе с Украиной»', '«безобразия с Украиной»', '«на Донбассе обстреляли деревню»', '«война на Дон- бассе»', '«угроза войны с Украиной»']",5.0
2021-45,2021,45,Военная активность США и НАТО в Черном море,"['«Напряженность из-за американского флота в Черном море»', '«волнение вызывают американцы на Черном море»', '«американцы залезли в Черное море»', '«зашли корабли НАТО в Черное море»']",5.0
2021-45,2021,45,Другие события в России,"['«Перепись населения»', '«День народного единства»', '«арест Бондаренко»', '«скончался сатирик Виктор Коклюшкин»', '«в Дербенте нашли клад – раскопки»', '«снегопад в Москве»']",2.0
2021-45,2021,45,Работа властных структур,"['«Встреча Мишустина с нашими губернаторами, учителями: уделяют много внимания»', '«урезание бюджета здравоохранения»', '«про об- ременение на земельные участки и дома»', '«принятие нового закона о насильниках»', '«отмена техосмотра»']",1.0
2021-45,2021,45,Спортивные события,"['«Победа наших футболистов и вообще в спорте»', '«Россия выиграла в футбол»', '«футбол Россия – Хорватия»', '«наши выиграли футбол у Кипра 6:0»', '«спорт, фигурное катание»', '«финал теннисного турнира»']",1.0
2021-45,2021,45,"Рост цен, тарифов","['«Очередное повышение цен. Как они достали уже!»', '«повышение цен на продукты и ЖКХ»', '«повышение цены на бензин и продукты»', '«топливо в России подорожало»']",1.0
2021-45,2021,45,Криминальные события,"['«Криминальная хроника»', '«кто-то из чиновников что-то украл опять из госбюджета»', '«пытки в тюрьмах»', '«о массовых изнасилованиях в тюрьмах и колониях»', '«обвиняемого в массовом убийстве Галявиева вернули в Казань»']",1.0
2021-45,2021,45,"Аварии, взрывы, пожары, несчастные случаи","['«Взрыв газа в Уренгое и Уфе»', '«взрыв газа в Чувашии»', '«Ан-12 разбился»', '«пожар на Некрасовском рынке»', '«пожар в приюте животных “Кот и пес""»', '«падение мужчины под поезд в метро»']",1.0
2021-45,2021,45,"Выплаты, пособия, повышение зарплаты, пенсии","['«Рассматривают единовременную выплату»', '«повысить хотели зарплату»', '«выплаты пенсионерам»', '«социальные выплаты пенсионерам»']",1.0
2021-45,2021,45,Другие события в мире,"['«Нестабильные международные отношения»', '«саммит в Глазго по климату»', '«газопровод в Германию»', '«обстановка в Нагорном Караба- хе»', '«китов жалко в Арктике»']",1.0
2021-46,2021,46,"Затрудняюсь ответить, нет ответа",[],55.0
2021-46,2021,46,Ситуация с мигрантами на белорусско-польской границе,"['Граница Белоруссии и Польши: беженцев в Польшу не пустили', 'события в Белоруссии на польской границе более всего оказались страшным явлением, потому что там люди, в том числе дети, замерзают и голодают', 'поляки стреляют в беженцев', 'польско-белорусская граница: обливали людей зеленой водой, собак натравливали на людей', 'депортация в Беларуси']",13.0
2021-46,2021,46,"Введение QR-кодов, обязательная вакцинация","['QR-коды, локдаун', 'ажиотаж с кодами', 'введение QR-кодов, принудительная вакцинация', 'по магазинам не пускают без прививки и QR-кодов, заставляют делать прививки', 'введение QR-кодов в общественных местах, самолетах, поездах', 'введение QR-кодов в детсадах', 'против кодов собирают подписи']",11.0
2021-46,2021,46,"Пандемия коронавируса, изменения в уровне заболеваемости","['Пандемия', 'распространение эпидемии', 'ковид-обстановка в мире тяжелая', 'статистика по коронавирусу в нашей стране и за рубежом', 'коронавирус, рост заболеваемости', 'много умирают от вируса', 'сказали, что коронавирус пошел на спад']",9.0
2021-46,2021,46,События на Украине,"['С Украиной проблемы', 'противостояние с Украиной', 'Украина, а именно события на Донбассе', 'с Украиной непонятки – военная обстановка', 'про Украину: войска стягивают к российской границе', 'скифское золото отдают Украине']",3.0
2021-46,2021,46,Военная активность США и НАТО в Черном море,"['Корабли и самолеты США военные находятся в Черном море', 'корабли США в Черном море', 'НАТО в Черном море']",3.0
2021-46,2021,46,"Выплаты, пособия, повышение зарплаты, пенсии","['Выплаты в хорошую сторону малоимущим', 'заинтересовало про то, что поднимут детские пособия', '10 тысяч – выплата перед Новым годом для детей', 'МРОТ повысили', 'МРОТ повысился, прожиточный минимум, пенсионерам, говорят, что-то будет', 'говорили про увеличение пенсии']",3.0
2021-46,2021,46,Работа властных структур,"['Расширение полномочий полиции', 'закон о ЦФА', 'лишение Карелии статуса северного региона', 'техосмотр отменили', 'штраф дороже на дорогах']",2.0
2021-46,2021,46,Другие события в России,"['Перепись населения', 'увольнение врачей скорой помощи', 'митинги в Питере против кодов', 'Гаркалин умер, Марина Хлебникова в тяжелом состоянии']",2.0
2021-46,2021,46,Другие события в мире,"['США заявили о непризнании выборов в 2024 году, если выберут Путина', 'наводнение в Канаде', 'выставка технологии в Дубае']",2.0
2021-46,2021,46,"Рост цен, тарифов, снижение уровня жизни людей","['Прибавляется инфляция', 'повышение цен на всё', 'повышение проезда', 'пенсионеры выживают', 'люди жалуются на низкие зарплаты']",1.0
2021-46,2021,46,Незаконная охота депутата Госдумы В. Рашкина на лося,"['Рашкин-депутат и лось', 'депутат, стреляющий в лося', 'депутат лося завалил', 'депутат Рашкин убил лося', 'возмутило поведение депутата господина Рашкина, который лося застрелил']",1.0
2021-46,2021,46,Спортивные события,"['Фигурное катание', 'чемпионат мира по футболу', 'проигрыш нашей сборной Хорватии', '“Ротор” проиграл «“Металлургу”»', '""Спартак"" проиграл']",1.0
2021-46,2021,46,"Выступления, высказывания В. Путина","['Выступление президента о социальной поддержке населения', 'выступление Путина в МИДе о провокациях', 'грустные глаза Владимира Владимировича, когда корреспондент спросил, что с Украиной делать, а он ответил, что пока не знаю, что']",1.0
2021-46,2021,46,"Аварии, взрывы, пожары, несчастные случаи","['Аварии, происшествия по России', 'пожары в России', 'стало больше ДТП', 'взрыв завода в Липецке', 'в Красноярске обрушился склад с алкоголем', 'отравление молодежи алкогольными напитками']",1.0
2021-46,2021,46,Уничтожение Россией советского спутника,"['Сбили спутник в космосе', 'взорвали спутник российский, осколками засыпали космос', 'спутник уничтожили неработающий', 'Шойгу заявил, что наши войска сбили в космосе спутник недействующий']",1.0
2021-47,2021,47,Авария на угольной шахте «Листвяжная» в Кемеровской области,"['Трагедия с шахтерами', 'шахта взорвалась', 'погибли люди в Кузбассе – шахтеры', 'пожар в шахте, люди погибли', 'шахта обрушилась в Кемеровской области', 'ночная авария на шахте “Листвяжная”', 'взрыв на шахте “Листвяжная”', 'гибель пятидесяти шахтеров, сгоревших заживо на шахте в Кузбассе']",13.0
2021-47,2021,47,"Антиковидные меры, их ужесточение, введение QR-кодов, обязательная вакцинация","['Борьба с короной', 'принуждение прививаться', 'Роспотребнадзор: без прививки уволят с работы', 'прививки детям в принудительном порядке', 'QR-коды в Российской Федерации', 'QR-коды в транспорте', 'QR-коды это безобразие. Отказ в личной жизни', 'митинги против введения QR-кодов и о вакцинации']",8.0
2021-47,2021,47,"Пандемия коронавируса, появление новой разновидности коронавируса","['Эпидемия', 'пандемия ковида', 'ситуация с коронавирусом', 'новости, связанные с коронавирусом', '“дельта” сама себя уничтожает', 'коронавирус новый', 'новый штамм вируса “омикрон”', 'новый ковид в Африке']",8.0
2021-47,2021,47,Ситуация с мигрантами на белорусско-польской границе,"['Мигранты на границе Польши и Белоруссии', 'миграционный кризис', 'слышал о мигрантах, которые не могут перейти границу', 'беспорядки на границе с Польшей', 'на границе Белоруссии поляки не пускают беженцев и обвиняют друг друга']",7.0
2021-47,2021,47,События на Украине,"['Конфликт на Донбассе, отношения российско-украинские меня очень волнуют', 'обстановка с Украиной и на ее границе', 'на границе Украина дурака валяет, танки ездят, всё взрывают']",7.0
2021-47,2021,47,Работа властных структур,"['Мишустин принимает кучу жестких законов', 'бюджет на 2022–2023 годы', 'поправки в Госдуме о неуказании национальности преступника', 'Володин открыл Телеграм', 'выступление Бондаренко']",2.0
2021-47,2021,47,Военная активность США и НАТО в Черном море,"['Напряженность в черноморском регионе', 'концентрация сил НАТО в Черном море', 'корабли в Черном море американские', 'корабль США зашел в Черное море']",2.0
2021-47,2021,47,"Аварии, пожары, несчастные случаи","['ДТП с депутатом', 'авария с майором в Тюмени: сбиты два человека', 'в Татарстане мальчик попал под камаз', 'в Кемерово погибла женщина', 'пожары в Якутии']",1.0
2021-47,2021,47,Рост цен,"['Повышение цен на всё', 'цены выросли в магазинах', 'рост цен на бензин', 'цены растут, а зарплаты падают']",1.0
2021-47,2021,47,"Выплаты, пособия, повышение пенсии","['То, что школьникам обещали по 10 тысяч', 'повышение социальных выплат', 'повышать пенсии собираются', 'индексация пенсий', 'увеличение пенсий в следующем году']",1.0
2021-47,2021,47,Незаконная охота депутата Госдумы В. Рашкина на лося,"['Про коммуниста, добывшего лося на охоте', 'депутат, который занимался браконьерством', 'депутат застрелил лося', 'на Рашкина наехали']",1.0
2021-47,2021,47,Смерть известных людей,"['Смерть Александра Градского', 'умер Градский', 'смерть Нины Руслановой', 'смерть Гаркалина, Руслановой']",1.0
2021-47,2021,47,"Выступления, действия В. Путина","['Путин выступал', 'разговоры Путина', 'Путин кого-то отправил в отставку', 'Путин сделал прививку в нос']",1.0
2021-47,2021,47,Криминальные события,"['Дети-террористы', 'мошенники, которые ходят по квартирам', 'кража курток из магазина неграми']",1.0
2021-47,2021,47,Спортивные события,"['Футбол', 'фигурное катание', 'Лига чемпионов, Лига Европы', '“Спартак” выиграл кубок УЕФА']",1.0
2021-47,2021,47,Другие события в России,"['Увольнение двух преподавателей Высшей школы экономики', 'арест Лилии Чанышевой', 'девушка спасала семью в Саратове']",1.0
2021-47,2021,47,Другие события в мире,"['Встреча между Пашиняном, Путиным и Алиевым', 'конференция в Глазго', 'вулкан на Канарах всё разрушает']",1.0
2021-48,2021,48,"Затрудняюсь ответить, нет ответа",[],56.0
2021-48,2021,48,Авария на угольной шахте «Листвяжная» в Кемеровской области,"['«Авария на шахте “Листвяжная”»', '«пятьдесят погибших на шахте»', '«в шахте погибли люди»', '«взрыв на шахте и гибель рабочих»', '«про шахту, где случился завал и есть жертвы»', '«шахтеры на Кузбассе погибли»']",12.0
2021-48,2021,48,События на Украине,"['«Обострение с Украиной»', '«с Украиной проблемы»', '«война в Донбассе»', '«нападение России на Украину, они так думают»', '«ситуация на Украине, подготовка переворота там»']",9.0
2021-48,2021,48,"Пандемия коронавируса, появление новой разновидности коронавируса","['«Пандемия»', '«у нас много заболевших»', '«ковид, умирают люди»', '«коронавирус пошел на спад»', '«новый штамм вируса»', '«новый вид коронавирусной инфекции»', '«новый коронавирус в ЮАР»']",7.0
2021-48,2021,48,"Антиковидные меры, их ужесточение, обязательная вакцинация, введение QR-кодов","['«Меры по коронавирусу»', '«принудительная вакцинация»', '«вакцинация детей»', '«прививки, много людей умирает после них»', '«прививки и QR-коды беспокоят»', '«ужесточение масочного режима, QR-коды»', '«в Казани ввели проезд по QR-коду, а в ХМАО запретили без QR-кода выходить на улицу»']",5.0
2021-48,2021,48,Смерть известных деятелей искусства,"['«Смерть Градского»', '«гибель Градского и Гаркалина»', '«смерть Наумова, режиссера, смерть Александра Градского»', '«смерть Руслановой и Гаркалина»', '«артисты умирают»']",3.0
2021-48,2021,48,Военная активность США и НАТО вблизи российских границ,"['«Маневры морских сил США на Черном море, приближение НАТО к границам России»', '«НАТО подступает к границам»', '«присутствие войск НАТО у границ России»', '«американцы летают возле наших границ»']",2.0
2021-48,2021,48,Ситуация с мигрантами на белорусско-польской границе,"['«Мигранты на границе с Белоруссией, их не хотят пропускать»', '«беженцы на границе с Белоруссией»', '«у границ Белоруссии и Польши беспорядки»', '«кризис с беженцами»', '«про тех, которые стоят на границе с Белоруссией»']",2.0
2021-48,2021,48,"Повышение зарплаты, пенсии","['«Прибавят на одну тысячу зарплату»', '«с нового года зарплаты повысят»', '«индексация пенсий»', '«индексация работающим пенсионерам»', '«о повышении пенсии»']",2.0
2021-48,2021,48,Другие события в мире,"['«Ассамблея ВОЗ»', '«мне понравился саммит НАТО»', '«выставка техники в Саудовской Аравии»', '«интервью Киселева с Лукашенко»', '«уход Ангелы Меркель»']",2.0
2021-48,2021,48,Работа властных структур,"['«Законы, принятые в декабре месяце»', '«совещание правительства»', '«съезд партии “Единая Россия”»', '«добавка зарплаты мэру Красноярска на сто тысяч рублей»']",1.0
2021-48,2021,48,Рост цен,"['«Возрастание цен»', '«повышение стоимости продуктов»', '«инфляция, дороговизна. Каждую неделю дорожает бензин, а следовательно, и всё остальное»', '«подорожание на 25%»']",1.0
2021-48,2021,48,"Аварии, пожары","['«Авария вахтового автобуса под Челнами»', '«мост снесла фура»', '«пожар на типографии Михайлова»', '«самолет выехал за полосу в Челябинске»']",1.0
2021-48,2021,48,"Погода в России, природные катаклизмы","['«Гололед»', '«погода»', '«похолодание»', '«снегопады везде, в Сочи штормит под 9 баллов»', '«шторм в Крыму»', '«ураганы на юге страны»']",1.0
2021-48,2021,48,"Выступления, действия В. Путина","['«Встреча Путина с Байденом»', '«выступление Путина, по поводу продвижения НАТО на восток»', '«совещание Путина»']",1.0
2021-48,2021,48,Другие события в России,"['«Лицензии и квоты на минеральные удобрения»', '«арест предпринимателя в Томске»', '«сегодня 12 лет со дня пожара в “Хромой лошади”»']",1.0
2021-49,2021,49,"Затрудняюсь ответить, нет ответа",[],59.0
2021-49,2021,49,Разговор по видеосвязи В. Путина с Д. Байденом,"['«Владимир Путин, беседа с президентом США»', '«встреча Путина с Байденом по телефону»', '«общение Путина с президентом США»', '«переговоры нашего президента Путина с президентом Байденом»', '«разговор Путина и Байдена»']",11.0
2021-49,2021,49,События на Украине,"['«О ситуации на Украине»', '«обострение на Украине»', '«Донбасс, Украина»', '«по Украине: втягивают в конфликт»', '«про Украину – что там бунтуют, как они нас не любят»']",10.0
2021-49,2021,49,"Пандемия коронавируса, появление новой разновидности коронавируса","['«Информация о ковиде»', '«о коронавирусе – каждый день»', '«ковид, новая волна»', '«нашли новый штамм»', '«новый вирус ковида»', '«про ковид, омикрон привезли, надо закрыть границы»']",5.0
2021-49,2021,49,Военная активность США и НАТО вблизи российских границ,"['«Агрессивные действия НАТО – скопление войск на российской границе»', '«НАТО приближается»', '«всё стягивается к нашим границам, а я в запасе, могут дернуть нас»', '«корабли возле наших границ»', '«провокации НАТО в Черном море»', '«самолеты США над Черным морем»']",4.0
2021-49,2021,49,"Антиковидные меры, обязательная вакцинация, введение QR-кодов","['«Прививки, маски»', '«одобряют прививку для детей до 17 лет»', '«QR-коды, вакцинация»', '«QR-код и прививки принудительные»', '«вакци- нация добровольно-принудительно»', '«вводят QR-коды по паспорту здоровья»']",3.0
2021-49,2021,49,Авария на угольной шахте «Листвяжная» в Кемеровской области,"['«Взрыв на шахте, гибель горняков»', '«авария на шахте в Кемерово»', '«гибель людей на шахте в Кузбассе»', '«событие на шахте в Кемерово, взрыв и гибель людей»', '«шахтеры, их гибель»']",3.0
2021-49,2021,49,Работа властных структур,"['«Приезд Мишустина в Пермский край»', '«Госдума приняла закон, запрещающий главам регионов называться президентом»', '«законы новые принимают»', '«изменение закона о полиции»']",2.0
2021-49,2021,49,"Поездки, встречи, выступления В. Путина","['«Совещание Путина»', '«поездка Путина в Индию»', '«встреча Путина с представителем Индии»', '«онлайн-конференция Путина с мэрами»', '«будет конференция Путина»']",2.0
2021-49,2021,49,"Повышение зарплаты, пенсии","['«Повышение зарплаты бюджетникам»', '«добавили зарплату, пенсию»', '«добавят пенсию пенсионерам до нового года»', '«поговаривают, что, вроде, пенсии повысят»', '«прибавка к пенсии и детские выплаты»', '«увеличение МРОТ»']",1.0
2021-49,2021,49,"Рост цен, тарифов","['«Повышение цен»', '«цены поднялись на недосягаемую высоту, страшно в магазин идти»', '«колбаса подорожала»', '«подорожание бензина»', '«информация о росте цен на продовольствие и ЖКХ»', '«повышение цен на ЖКХ»']",1.0
2021-49,2021,49,Стрельба в московском МФЦ,"['«В Москве стреляли в МФЦ»', '«в МФЦ стреляли»', '«убийство в МФЦ граждан в каком-то городе»']",1.0
2021-49,2021,49,Спортивные события,"['«Лига чемпионов»', '«чемпионат России по футболу»', '«только футбол и биатлон»', '«“Зенит” с “Челси” сыграл вничью»', '«“Спартак” победил и занял первое место»']",1.0
2021-49,2021,49,"Аварии, пожары, несчастные случаи","['«Автобус с людьми упал с дороги в Парфино»', '«много аварий, ДТП в республике»', '«пожар на “Птичке""»', '«в Казани водитель задавил ребенка»']",1.0
2021-49,2021,49,"Погода в России, природные катаклизмы","['«Снег выпал»', '«снегопад, дороги чистят плохо»', '«пурга, ураганы везде»', '«цунами в Сочи»', '«катаклизмы природные»']",1.0
2021-49,2021,49,Другие события в России,"['«Запустили ракету с космонавтами»', '«награждение волонтеров в России»', '«умер Градский»']",1.0
2021-49,2021,49,Другие события в мире,"['«Бездомные на границе, беженцы»', '«Китай пригрозил последствиями за бойкот Олимпиады»', '«Меркель ушла на пенсию»', '«повышение биткойна»', '«энергетическая выставка в Дубае»']",1.0
2021-50,2021,50,События на Украине,"['«На Украине обстановка»', '«события и отношения с Украиной»', '«война на Украине»', '«поведение украинского президента»', '«Украина в НАТО хочет»', '«украинские нападки на Россию»']",6.0
2021-50,2021,50,"Пандемия коронавируса, появление новой разновидности коронавируса","['«Информация о ковиде»', '«общая ситуация в стране по коронавирусу»', '«пандемия, очень много внимания, а толку нет, много умирает»', '«ковид свел с ума»', '«пандемия, новый штамм»', '«ковид, новый штамм»', '«омикрон бушует»']",5.0
2021-50,2021,50,"Антиковидные меры, обязательная вакцинация, введение QR-кода","['«Прививки от ковида принудительные»', '«заставляют принудительно прививаться, но я считаю, что каждый должен поступать как хочет»', '«против того, что разделяют общество на вакцинированных и не вакцинированных»', '«введение QR-кода»', '«введение ненужных QR-кодов»', '«код обязательно. Противник я, это личное дело каждого»', '«про QR-код: хотели ввести, но не ввели»']",4.0
2021-50,2021,50,Разговор по видеосвязи В. Путина с Д. Байденом,"['«Телефонный разговор Путина с Байденом»', '«видеосвязь президентов России и Америки»', '«встреча Путина с Байденом дистанционно»', '«переговоры Путина с президентом США Байденом»']",4.0
2021-50,2021,50,Военная активность США и НАТО вблизи российских границ,"['«Продвижение НАТО на восток»', '«учения войск НАТО»', '«Америка к нашим границам подтягивается»', '«бомбардировщики летают рядом с нашей границей»']",4.0
2021-50,2021,50,"Пособия, выплаты, повышение зарплаты, пенсии","['«Будут пособия по пять тысяч»', '«обещали детям на новолуния праздник пять тысяч»', '«зарплату повышают»', '«повысили зарплаты ковидным врачам»', '«выплатят пенсионерам к Новому году по 10 тысяч»', '«выплата пенсий дополнительных к Новому году, детям до семи лет»']",3.0
2021-50,2021,50,"Авария на угольной шахте «Листвяжная» в Кемеровской области, последующие события","['«Взрыв на шахте в Кузбассе»', '«авария в Кузбассе»', '«шахта угольная, взрыв метана»', '«авария на шахте “Листвяжная”»', '«арест хозяина шахты, взрыв где был»']",2.0
2021-50,2021,50,"Поездки, встречи, выступления В. Путина","['«Визит Путина в Индию»', '«Путин с Китаем вел переговоры»', '«совещание Путина с министрами»', '«23 декабря будет выступать Путин»', '«подготовка к пресс-конференции с Путиным»']",2.0
2021-50,2021,50,Работа властных структур,"['«Мишутин приезжал в Пермь»', '«принятие законов Государственной думой»', '«голосование в Думе по QR-кодам»', '«правка закона о санитарных нормах»', '«штрафы за балконы»']",2.0
2021-50,2021,50,Спортивные события,"['«Спортивные. Россия победила Канаду по хоккею»', '«хоккеисты наши побеждают»', '«биатлон, кубок мира – хорошие новости»', '«“Спартак"" тренера снял»', '«спорт: в баскетбол ЦСКА проиграл»']",1.0
2021-50,2021,50,"Рост цен, тарифов","['«Рост цен»', '«слышал, что после Нового года повысятся цены на всё»', '«инфляция»', '«повышение цен на ЖКХ»', '«подорожал общественный транспорт, рост цен и услуг ЖКХ»', '«проезд подорожает – с 1 января цены подорожают»']",1.0
2021-50,2021,50,Аварии,"['«Аварии на дорогах»', '«в Челябинске на заводе труба загорелась – происшествия»', '«взрыв газа в Беломечетке»', '«обрушение дома в центре Саратова»', '«случилась в Железногорске утечка хлоркремния»']",1.0
2021-50,2021,50,Криминальные события,"['«23 миллиона украли из банка в Ачинске»', '«4 декабря один школьник убил другого в нашем городе»', '«террор в школах»', '«убийства в Серпухове»']",1.0
2021-50,2021,50,Другие события в России,"['«Открытие новых станций метро в Москве»', '«открытие “Русала” в Тайшете»', '«сто лет Юрию Никулину»']",1.0
2021-50,2021,50,Другие события в мире,"['«Новость о бойкотировании американцами Олимпиады в Китае»', '«осудили в Германии на пожизненный срок гражданина России, который убил чеченского террориста»', '«переизбрание в Германии канцлера»', '«пожар в Токио»', '«торнадо в США»']",1.0
2021-51,2021,51,"Затрудняюсь ответить, нет ответа",[],61.0
2021-51,2021,51,Пресс-конференция В. Путина с журналистами,"['«Путин выступал 23 декабря»', '«большая пресс-конференция Путина»', '«пресс-конференция Путина перед журналистами российскими и иностранными»', '«слушала Путина – конференция»', '«разговор Путина с людьми»']",18.0
2021-51,2021,51,"События на Украине, угроза российско-украинского военного конфликта","['«События на Украине: расшатывание страны»', '«Украина говорит, что мы готовимся к войне»', '«Украина готовится к войне»', '«война с Украиной, которая может случиться»', '«военные действия на Украине»', '«Зеленский вытворяет бог знает что, требуя Крым назад»']",6.0
2021-51,2021,51,"Пандемия коронавируса, появление новой разновидности коронавируса","['«Пандемия»', '«коронавирус»', '«ковид-19»', '«всё про коронавирус, про новый штамм»', '«про новый вид короны – омикрон»']",3.0
2021-51,2021,51,"Разговор по видеосвязи В. Путина с Д. Байденом, напряженные отношения России со странами Запада","['«Диалог Путина с Байденом»', '«встреча Путина и Байдена»', '«напряженная обстановка с американцами»', '«решение Путина по “красным линиям”»', '«заявление Путина о продвижении НАТО на восток»', '«НАТО подводит войска»']",3.0
2021-51,2021,51,"Пособия, выплаты, повышение пенсии","['«Про выплаты детям говорил Путин»', '«путинские выплаты на ребенка – 5 тысяч»', '«выплаты детям до 7 лет, подарки новогодние»', '«Путин обещал каждому по 10 тысяч»', '«социальная помощь детям»', '«насчет пенсии – ждем прибавку»', '«повышение пенсии – индексация»', '«обещают добавить пенсию и тринадцатая пенсия»']",2.0
2021-51,2021,51,"Аварии, пожары","['«Чрезвычайных происшествий много стало»', '«аварии, пожары, на дорогах аварии и ДТП»', '«ДТП с участием Цивилёва»', '«катастрофы авиационные»', '«пожар в Улан-Удэ»', '«авария на ТЭЦ в Бурятии»', '«“Лента” сгорела в Томске»']",2.0
2021-51,2021,51,Другие события в России,"['«Люди готовятся к Новому году»', '«“Циркон” запустили»', '«скандал в МГУ из-за 9-летней студентки»', '«снос частного сектора в Кемерово»']",2.0
2021-51,2021,51,"Обязательная вакцинация, введение QR-кодов","['«Массовая вакцинация»', '«вакцинация подростков»', '«вакцинация детей»', '«вопросы по введению QR-кодов для граждан»', '«введение кодов»', '«споры по введению QR-кодов и вакцинации»']",1.0
2021-51,2021,51,Спортивные события,"['«Олимпиада зимняя»', '«соревнования по хоккею»', '«гимнастика»', '«чемпионат мира по фигурному катанию»', '«чемпионат России по биатлону»', '«чемпионат хоккея на кубок Первого канала»']",1.0
2021-51,2021,51,Работа властных структур,"['«Расширили полномочия полиции»', '«подняли зарплату депутатам»', '«в правилах дорожного движения нововведение о средней скорости»', '«отмена техосмотра»']",1.0
2021-51,2021,51,"Рост цен, тарифов","['«Инфляция»', '«всё повышается, а жизнь ухудшается»', '«повышение цен с Нового года»', '«рост бензина, рост цен на продукты, на одежду»', '«проезд подорожает»']",1.0
2021-51,2021,51,Природные явления и катаклизмы,"['«Погода»', '«в Краснодаре потоп, в Кемерово 50 градусов мороза»', '«метель в Норильске»', '«снег в Крыму выпал»']",1.0
2021-51,2021,51,Криминальные события,"['«Нападение на фигуриста»', '«один наркоман 20 машин разбил в Москве»', '«убийство депутата на Камчатке»', '«когда мать выбросила детей в овраг в Саранске»']",1.0
2021-51,2021,51,Другие события в мире,"['«Газ с Германией»', '«Европа жалуется на поставки газа от России»', '«беженцы на границе с Белоруссией»']",1.0
2022-02,2022,2,"Затрудняюсь ответить, нет ответа",[],44.0
2022-02,2022,2,"События в Казахстане, действия сил ОДКБ по восстановлению порядка в стране","['«Казахстан: людям что-то не нравится»', '«беспорядки в Казахстане»', '«в Казахстане заварушка»', '«бунт в Казахстане»', '«путч в Казахстане»', '«попытка захвата власти террористами в Казахстане»', '«решение о вводе войск ОДКБ в Казахстан и наша помощь Казахстану»', '«о привлечении российских миротворцев в Казахстан»', '«в Казахстане навели порядок»', '«Казахстан. Вроде успокоилось»']",41.0
2022-02,2022,2,"Переговоры России и НАТО, напряженные отношения России со странами Запада","['«Переговоры по безопасности с НАТО»', '«МИД участвует в переговорах с НАТО»', '«переговоры наших дипломатов с НАТО»', '«ультиматум, который наше правительство поставило Западу»', '«отношения России с Западом и переговоры»', '«отношение Европы и Америки к России отрицательное»']",6.0
2022-02,2022,2,"Пандемия коронавируса, распространение новой разновидности коронавируса","['«Обсуждение событий о коронавирусе»', '«заболеваемость коронавирусом»', '«пандемия омикрона»', '«омикрон до нас добрался, рост опять заболевших коронавирусом»', '«рост заболеваемости опять»']",3.0
2022-02,2022,2,"Пособия, выплаты, повышение пенсии","['«Повышение выплат»', '«что будет повышение выплат единовременных и социальных на детей»', '«увеличение пенсии»', '«добавка к пенсии»', '«индексация пенсии»', '«пенсию добавили»']",3.0
2022-02,2022,2,"События на Украине, угроза российско-украинского военного конфликта","['«Про Украину»', '«Донбасс»', '«Донецк»', '«неспокойно на границе России и Украины»', '«Украина: говорят про войну, волнуемся»']",2.0
2022-02,2022,2,Другие события в мире,"['«В Бразилии упал склон горы, с гибелью людей»', '«спорт, например биатлон»']",2.0
2022-02,2022,2,Криминальные события,"['«Много криминала, грабежи, убийства»', '«педофилы насилуют детей»', '«изнасилование девочки»', '«убийство девочки в Ивановской области»', '«убийство девочки в Курганской области»', '«новорожденную девочку выбросили в помойку»']",1.0
2022-02,2022,2,"Рост цен, тарифов","['«Подорожание, инфляция»', '«повышение цен на продукты, сигареты, алкоголь»', '«бензин дорожает»', '«солярка растет каждый день и хлеб с солью»']",1.0
2022-02,2022,2,Ложные сообщения о минировании школ,"['«Минирование школ повальное»', '«заминировали школу в Самаре. Даже не одну, а несколько»', '«минирование школ в Екатеринбурге»', '«голых детей выгнали на улицу при тревоге эвакуации, все дети простыли»']",1.0
2022-02,2022,2,Работа властных структур,"['«Пресс-конференция Лаврова»', '«интервью министра иностранных дел»', '«изменения в законе о гражданстве»', '«перенос законопроекта о QR-кодах»']",1.0
2022-02,2022,2,Новогодние праздники,"['«Новый год»', '«новогодние праздники»', '«новогодние программы»']",1.0
2022-02,2022,2,"Вакцинация от коронавируса, введение QR-кода","['«Вакцинация детей»', '«подростков прививать собираются от коронавируса»', '«с прививками и QR-кодами людей забодали»']",1.0
2022-02,2022,2,Высказывания и действия В. Путина,"['«Высказывания Путина»', '«Путин обещал пособия детям и 13-ю пенсию пенсионерам»', '«Путин сказал, что будет прибавка к пенсии»']",1.0
2022-02,2022,2,Другие события в России,"['«Два подростка спасли беременную женщину из пожара»', '«расстрел целого табуна лошадей в Алтайском крае»', '«Хованского освободили»']",1.0
2022-03,2022,3,"Затрудняюсь ответить, нет ответа",[],52.0
2022-03,2022,3,"Беспорядки в Казахстане, прекращение беспорядков","['«Буча в Казахстане»', '«в Казахстане был переворот»', '«в Казахстане налеты, беспорядки»', '«Казахстан, события в Казахстане»', '«митинги в Казахстане»', '«Казахстан, конечно. То, что быстро погасили этот бунт»']",12.0
2022-03,2022,3,"Переговоры России с НАТО и США, напряженные отношения России и США","['«Мы встречаемся с НАТО, чтобы не было расширения на восток»', '«расширение НАТО, наши дипломаты встречались с американцами и с НАТО»', '«Путин послал бумажку Америке»', '«в основном противостояние нас и США»', '«с Америкой наши договориться не могут»']",11.0
2022-03,2022,3,"События на Украине, угроза российско-украинского военного конфликта","['«Отношения Украины и России»', '«война на Донбассе»', '«Украина нагнетает обстановку против России»', '«конечно, о войне с Украиной говорят каждый день»']",10.0
2022-03,2022,3,"Рост заболеваемости коронавирусом, распространение новой его разновидности","['«Высокий уровень заболевших коронавирусом»', '«коронавирус растет»', '«рекорд по заболеваемости коронавирусом сегодня»', '«ковид – новый штамм»', '«омикрон пришел»']",8.0
2022-03,2022,3,"Пособия, выплаты, повышение пенсии, зарплаты","['«Детские пособия»', '«индексация пенсий»', '«начисление пенсии, индексация»', '«пособия детские и пенсии увеличили»', '«пенсию повысили на немного»', '«увеличение пенсий и зарплат»']",4.0
2022-03,2022,3,"Рост цен, тарифов","['«Рост цен очень быстро»', '«цены высокие, прям скачут каждую неделю»', '«цены поднимаются на всё постоянно»', '«повышение цен на продукты»', '«повышение цен на продукты питания и жилье»', '«повышение цен и налоги»']",2.0
2022-03,2022,3,Изнасилование и убийство пятилетней девочки в Костроме,"['«Больше всего педофилы мне запомнились, что они убили девочку 5 января в Костроме»', '«в Костроме убили девочку»', '«девочку изнасиловали в Костроме»', '«девочку украли и убили в России»']",1.0
2022-03,2022,3,Спортивные события,"['«Большой теннис»', '«международные соревнования по биатлону»', '«чемпионат Европы по фигурному катанию»', '«четыре экипажа, гонка по пустыне, Россия обогнала»']",1.0
2022-03,2022,3,Работа властных структур,"['«Деятельность Мишустина и правительства»', '«приезд Мишустина в Воронеж»', '«введение закона о педофилии»', '«новые законы»']",1.0
2022-03,2022,3,Криминальные события,"['«Соответственно о криминальной обстановке»', '«грабеж жены Градского»', '«какого-то начальника ФСБ арестовали: денежки украл, брал взятки»', '«информация о заминировании школ в Симферополе и Севастополе»', '«эвакуации школ из-за минирования»']",1.0
2022-03,2022,3,"Аварии, чрезвычайные происшествия, несчастные случаи","['«Аварии на дорогах»', '«ДТП в Марий Эл»', '«пожар в Балашихе, кажется, все жильцы три дня без воды сидели»', '«бродячие собаки на людей нападают»', '«мальчики нашли в коробке новорожденную девочку»', '«случай под Гатчиной, погибла женщина в проруби»']",1.0
2022-03,2022,3,Выступления и действия В. Путина,"['«Выступление Путина»', '«насчет разговора Путина с Байденом»']",1.0
2022-03,2022,3,"Вакцинация от коронавируса, введение QR-кода","['«В самолет не зайти без кода»', '«вакцинация»', '«заставляют прививать детей»', '«принудительные прививки»']",1.0
2022-03,2022,3,Другие события в России,"['«Падения фондового рынка России»', '«концерт памяти Александра Градского»', '«открытие нового вокзала в Йошкар-Оле»', '«холодная зима в Москве, Краснодаре и Сочи»']",1.0
2022-03,2022,3,Другие события в мире,"['«Апелляция Брейвика»', '«биткойн упал»']",1.0
2022-04,2022,4,"Затрудняюсь ответить, нет ответа",[],51.0
2022-04,2022,4,"События на Украине, опасения российско-украинского военного конфликта","['«Беспокойство насчет Украины»', '«Украина: на Донбассе и в Луганске страдают люди»', '«военное положение на Украине»', '«возможная война с Украиной»', '«подготовка к войне с Украиной»', '«Россия собирается воевать с Украиной – слухи»', '«вранье западных стран, что Россия нападет на Украину»']",19.0
2022-04,2022,4,"Рост заболеваемости коронавирусом, распространение новой его разновидности","['«Информация о коронавирусе»', '«ковидные истории»', '«распространение коронавируса»', '«большой рост числа заболевших коронавирусом»', '«новая волна заболеваемости – омикрон»', '«заболеваемость омикроном»']",10.0
2022-04,2022,4,"Переговоры России с НАТО и США, напряженные отношения России и США","['«Отношения Россия – НАТО и США»', '«переговоры с НАТО»', '«встреча с НАТО»', '«ультиматум нашего правительства странам НАТО и Америке»', '«ответ США на наше предложение»']",8.0
2022-04,2022,4,Ситуация в Казахстане,"['«Беспорядки в Казахстане»', '«в Казахстане волна поднималась»', '«бунт в Казахстане»', '«в Казахстане мирное урегулирование конфликта»', '«вывод войск из Казахстана»', '«сейчас власти поменялись в Казахстане»']",5.0
2022-04,2022,4,"Пособия, выплаты, повышение пенсии, зарплаты","['«Индексация пособий»', '«повышение соцвыплат»', '«о повышении зарплат и пособий для многодетных»', '«дополнительные выплаты пенсионерам»', '«добавка к пенсии»', '«индексация, повторная пенсия»', '«выплаты на детей»']",3.0
2022-04,2022,4,Гибель женщины в Санкт-Петербурге во время купания на Крещение,"['«Трагедия на Крещение»', '«утонувшая девушка в Крещение»', '«женщина утонула в Крещение»', '«гибель женщины на Крещение в проруби»']",2.0
2022-04,2022,4,"Ужесточение антиковидных мер, вакцинация от коронавируса","['«Ужесточение ковидных мер»', '«что больницы не будут вести прием»', '«уходим на дистанционное обучение»', '«вопрос о прививках подросткам с 12 до 17 лет»', '«подростков хотят прививать от коронавируса»']",2.0
2022-04,2022,4,Спортивные события,"['«Спорт»', '«биатлон»', '«фигурное катание»', '«подготовка к Олимпиаде»']",2.0
2022-04,2022,4,Другие события в России,"['«Куравлев умер»', '«Миллеру присвоили “Героя труда”»', '«арест жены чеченского судьи»', '«о военной технике, которая на учениях»']",2.0
2022-04,2022,4,Другие события в мире,"['«Война в Арабских Эмиратах»', '«гололед в Турции»']",2.0
2022-04,2022,4,Гибель ребенка в Чите от стаи бездомных собак,"['«Собаки загрызли девочку»', '«собаки загрызли ребенка в Забайкалье»', '«девочку собаки загрызли насмерть»']",1.0
2022-04,2022,4,"Рост цен, тарифов, падение рубля, обвал фондового рынка","['«Цены в магазинах»', '«повышение цен, инфляция»', '«инфляция и падение фондового рынка, биржи российской»', '«курс доллара, неустанно растущий»']",1.0
2022-04,2022,4,Криминальные события,"['«Мошенники звонят»', '«жестокость против детей»', '«о том, как изнасиловали ребенка»']",1.0
2022-04,2022,4,Работа властных структур,"['«Обсуждение пенсионной реформы»', '«закон о педофилах»', '«выступление Голиковой»']",1.0
2022-05,2022,5,"Затрудняюсь ответить, нет ответа",[],52.0
2022-05,2022,5,"События на Украине, опасения российско-украинского военного конфликта","['«Конфликт на Украине»', '«неприятные отношения с Украиной»', '«ажиотаж вокруг Украины»', '«накал с Украиной»', '«военные действия на Украине»', '«возможная война на Украине»', '«нападет ли на нас Украина?»']",16.0
2022-05,2022,5,Зимние Олимпийские игры в Пекине,"['«Зимние игры в Пекине»', '«Зимняя Олимпиада в Пекине»', '«начало Олимпиады»', '«наша страна на Олимпиаде: гимн запрещен, флаг, так как раньше были в допинге обнаружены»', '«Олимпиада: фигуристы»', '«Олимпиада: биатлон»', '«третье место на биатлоне»']",13.0
2022-05,2022,5,"Рост заболеваемости коронавирусом, распространение новой его разновидности","['«Эпидемиологическая обстановка»', '«всплеск коронавируса»', '«ковида вспышка»', '«заболело много людей коронавирусом»', '«омикрон»', '«рост числа заболевших и детская смертность от ковида»']",7.0
2022-05,2022,5,"Переговоры России с НАТО и США, напряженные отношения между Россией и США, Западом, НАТО","['«Обострение с Западом внешней политики»', '«напряжение между НАТО и Россией будет нарастать»', '«расширение НАТО»', '«угрозы санкциями Западом»', '«ультиматум правительства американцам»']",4.0
2022-05,2022,5,"Пособия, выплаты, повышение пенсии","['«Пособия на детей»', '«пенсионерам добавили пенсию и добавили детские пособия»', '«индексация пенсий»', '«надбавка к пенсии»', '«пенсию будут повышать, доплата будет»']",2.0
2022-05,2022,5,Другие события в мире,"['«В Белоруссии военные учения»', '«“Майкрософт” покупает “Майнкрафт”»', '«на границе с Афганистаном волнения»', '«забастовка канадских дальнобойщиков»', '«в американской школе расстреляли народ»']",2.0
2022-05,2022,5,Действия В. Путина,"['«Встреча Путина с китайским лидером»', '«Путин в Китае»', '«Путин на открытии Олимпиады в Пекине»', '«посещение президента Аргентины»']",1.0
2022-05,2022,5,"Ужесточение антиковидных мер, вакцинация от коронавируса","['«То, что начали вводить QR-коды»', '«карантин в школах»', '«дистанционное обучение»', '«детям запретили посещать тренировки»', '«в наш регион поступила прививка для подростков»']",1.0
2022-05,2022,5,Работа властных структур,"['«Изменения и поправки в законодательство»', '«поменялся закон о минимальном прожиточном минимуме»', '«закон о частной собственности в водоохранной зоне»', '«Миллеру дали “Героя труда”»']",1.0
2022-05,2022,5,"Рост цен, тарифов, падение рубля, обвал фондового рынка","['«Всё подорожало»', '«рост цен на продукты питания»', '«рост цен на одежду и обувь»', '«повышение цен на крупу»', '«рост цен на алкоголь»', '«курс доллара растет по отношению к рублю»', '«обрушение фондового рынка»']",1.0
2022-05,2022,5,Ситуация в Казахстане,"['«События в Казахстане»', '«в Казахстане недавно были забастовки, митинги»']",1.0
2022-05,2022,5,Криминальные события,"['«Криминал»', '«убийства»', '«маньяк в Казани»', '«насилие над девочкой педофилами»', '«мать убила девятимесячного ребенка»']",1.0
2022-05,2022,5,"Аварии, несчастные случаи","['«Аварии в Воронеже»', '«грузовик сбил девушку в Калининграде»', '«несчастный случай с девочкой из Красноярского края»', '«в доме собака загрызла девочку»']",1.0
2022-05,2022,5,События в Чечне,"['«Беспредел в Чечне: женщину увезли принудительно из Нижнего Новгорода в Чечню»', '«дело Янгулбаевых и митинг на 400 тысяч в Грозном»', '«высказывание Кадырова»']",1.0
2022-05,2022,5,Смерть Л. Куравлева и В. Мережко,"['«Смерть Мережко и Куравлева»', '«смерть Виктора Мережко»', '«уход Куравлева»', '«скончался артист Леонид Куравлев»']",1.0
2022-05,2022,5,Природные катаклизмы в России,"['«Затопления, наводнения»', '«в Татарстане из-за обильного снегопада движение автобусов ограничено на трассах»', '«новости Анапы: везде вода, потопы, невозможно выйти и доехать»', '«циклон в нашей области»']",1.0
2022-05,2022,5,Другие события в России,"['«Уборка мусора в Санкт-Петербурге»', '«юбилей Льва Лещенко»']",1.0
2022-06,2022,6,"Затрудняюсь ответить, нет ответа",[],51.0
2022-06,2022,6,"События на Украине, опасения российско-украинского военного конфликта","['«Положение на Украине»', '«с Украиной, война на Донбассе»', '«волнительно всё, война вон на Украине, Донбасс бьют, по Донецку стреляют»', '«нагнетание военной напряженности вокруг Донбасса»', '«война на Украине: будет или нет?»', '«переговоры “нормандской четверки""»']",19.0
2022-06,2022,6,Зимние Олимпийские игры в Пекине,"['«Олимпиада в Китае»', '«кроме Олимпиады – ничего»', '«выступление на Олимпиаде под нейтральным флагом»', '«на Олимпиаде наши молодцы, золото выиграли»', '«лыжники заняли золотую медаль»', '«Олимпиада, ситуация с Валиевой»', '«допинг на Олимпиаде, сама Олимпиада»']",14.0
2022-06,2022,6,"Переговоры и напряженные отношения между Россией и НАТО, США","['«Переговоры с НАТО»', '«отношения между странами НАТО и Россией»', '«подходит к нашим границам блок НАТО»', '«подлодка в российских водах»']",6.0
2022-06,2022,6,"Рост заболеваемости коронавирусом, распространение новой его разновидности","['«Коронавирус, заболевшие и выжившие»', '«коронавирус никак убить не могут»', '«очень высокий всплеск заболеваний ковид-19»', '«коронавируса очередной штамм»']",6.0
2022-06,2022,6,Действия В. Путина,"['«Встреча Путина и Макрона»', '«поездка Путина в Китай»', '«встреча с китайским лидером»', '«Путин об Украине: “нравится, не нравится – терпи, моя красавица”»', '«Путин венок возлагал на могилы по поводу снятия блокады Ленинграда»']",2.0
2022-06,2022,6,Болезнь В. Жириновского,"['«Болезнь Жириновского, которую он скрывал»', '«здоровье Жириновского»', '«Жириновский попал в больницу»', '«Жириновский в реанимации»']",1.0
2022-06,2022,6,"События в Чечне, высказывания и действия Р. Кадырова","['«Чечня»', '«про Кадырова, его конфликт»', '«Кадыров прессует и настраивает народ»', '«скандал с Кадыровым»', '«чеченские высказывания Кадырова»']",1.0
2022-06,2022,6,Работа властных структур,"['«Изменение в законе о здравоохранении»', '«повышение ставки Центрального банка на один базисный пункт»', '«регулирование криптовалют»', '«беспредел в Саратовской думе по Бондаренко»']",1.0
2022-06,2022,6,"Рост цен, тарифов, падение рубля","['«Всё дорожает, всё подорожало, в магазин нельзя, невозможно вообще ходить»', '«подорожали все продукты»', '«повышение цен ЖКХ»', '«увеличение тарифа на электроэнергию»', '«рубль падает»']",1.0
2022-06,2022,6,Криминальные события,"['«Мальчика 15-летнего посадили за игру на 5 лет»', '«убийство в Махачкале»', '«убийство кассиров»', '«разбои в Санкт-Петербурге»', '«у нас в Троицке папа порезал ребенка»']",1.0
2022-06,2022,6,"Пособия, выплаты, повышение пенсии","['«Выплаты социальные»', '«индексация пособий»', '«добавка к пенсии»', '«индексация военной пенсии»', '«о пенсии – увеличение, на школьников пособия увеличат»']",1.0
2022-06,2022,6,"Аварии, несчастные случаи","['«Аварий много на дорогах»', '«обвал грунта около дома на улице Интернациональная, утечка газа»', '«завод обрушился, гибель людей»', '«поразила ситуация с собаками, которые грызут детей»', '«тонут ныряльщики»']",1.0
2022-06,2022,6,"Ужесточение антиковидных мер, вакцинация от коронавируса","['«QR-коды, тесты на антитела»', '«масочный режим»', '«прививка детей»', '«что люди мрут в больницах от прививок»']",1.0
2022-06,2022,6,Другие события в России,"['«Про смерть супруги Тодоровского»', '«смерть актрис Зинаиды Кириенко и Брик»', '«умер Куравлев»']",0.0
2022-06,2022,6,Другие события в мире,"['«В Казахстане успокоились»', '«обвал фондового рынка, дорогая нефть»', '«учения в Беларуси»']",0.0
2022-07,2022,7,"События на Украине, опасения российско-украинского военного конфликта","['«Напряженная ситуация между Россией и Украиной»', '«новости с Украиной напрягают»', '«тревожно, отношения с Украиной»', '«Украина, эскалация вокруг»', '«военные действия на Донбассе»', '«бои на Донбассе, вчера машину там взорвали»', '«концентрация российских войск возле границы с Украиной»', '«возможная война с Украиной»', '«ожидание войны с Украиной»', '«слухи о войне с Украиной»']",39.0
2022-07,2022,7,"Затрудняюсь ответить, нет ответа",[],39.0
2022-07,2022,7,Зимние Олимпийские игры в Китае,"['«Олимпиада в Китае»', '«Олимпиада в Пекине продолжается, российские спортсмены хорошо выступают»', '«наши взяли золото в лыжах»', '«Олимпиада, Валиева, загнобили девчонку»']",17.0
2022-07,2022,7,"Рост заболеваемости коронавирусом, распространение новой его разновидности","['«Ковид»', '«коронавирус, омикрон»', '«очередное повышение ковида»', '«рост заболеваемости ковидом»']",3.0
2022-07,2022,7,"Напряженные отношения между Россией и Западом, США","['«Противостояние России и Запада»', '«внешняя агрессивная политика против нашего государства»', '«требования к США о гарантии безопасности»', '«ответы американцев нашей стране и наши ответы американцам»', '«отношения с Америкой»']",2.0
2022-07,2022,7,Беженцы из ДНР и ЛНР в России,"['«Большой наплыв беженцев из ДНР и ЛНР»', '«беженцы с Донбасса в Ростовской области, семь регионов готовы принять беженцев»', '«из Украины начали вывозить людей»', '«эвакуация жителей Донбасса»']",2.0
2022-07,2022,7,Другие события в России,"['«Жириновский болеет ковидом»', '«пытаются судить Навального»', '«увеличение пособий на детей и пенсионеров»', '«Троицкий лес вырубают»', '«девочку в Твери изнасиловали и убили»']",2.0
2022-07,2022,7,"Рост цен, тарифов, инфляция","['«Рост цен»', '«высокие цены ЖКХ»', '«подорожание услуг ЖКХ и инфляция»', '«цены на ЖКХ подняли»']",1.0
2022-07,2022,7,Действия В. Путина,"['«Встреча Путина с канцлером Германии»', '«как Путин говорит про войну с Украиной»', '«переговоры Путина»', '«прилетел президент Бразилии»']",1.0
2022-07,2022,7,"Аварии, несчастные случаи","['«Дорожно-транспортные происшествия каждый день»', '«под лед человек ушел»', '«поезд сбил человека»', '«бездомная собака покусала девочку»']",1.0
2022-07,2022,7,Другие события в мире,"['«Учения в Белоруссии»', '«падение криптовалюты»']",1.0
2022-09,2022,9,Военная операция России на Украине,"['Сейчас одно событие, оно у всех на слуху: Украина, военная операция', 'мы проводим спецоперацию по денацификации и демилитаризации Украины', 'войсковая операция по принуждению Украины к миру', 'специальная военная операция', 'военная операция по освобождению Украины. Позорное выступление Зеленского в неадекватном состоянии', 'в войнушку решили поиграть']",74.0
2022-09,2022,9,"Затрудняюсь ответить, нет ответа",[],19.0
2022-09,2022,9,Новые санкции по отношению к России,"['Санкции против России', 'закрытие международного пространства, санкции', 'ограничения поставок в Россию', 'компьютерные комплектующие перестали поставлять в Россию. Мне это надо по профессии']",4.0
2022-09,2022,9,"Рост цен, инфляция, снижение курса рубля","['Подорожание всего', 'рост цен на продукты', 'инфляция', 'доллар поднялся, цены вырастут, люди будут экономить', 'курс евро и доллара подпрыгнул', 'увеличение курса валют']",4.0
2022-09,2022,9,Ситуация с коронавирусом,"['Ковид', 'прошел коронавирус', 'про коронавирус не слышно стало', 'то, что про ковид все позабывали']",1.0
2022-09,2022,9,Спортивные события,"['Хоккей', 'выгнали с турнира в Дубае', 'наших спортсменов лишили права участвовать']",1.0
2022-09,2022,9,Признание Россией независимости ДНР и ЛНР,"['Признание ЛНР, ДНР', 'признали Донбасс и ЛНР']",1.0
2022-09,2022,9,"Действия, выступления В. Путина","['Выступление Путина', 'Путин начал действовать в ответ, а не предупреждать']",1.0
2022-09,2022,9,Другие события в России,"['Либералов закрыли', 'национализация в России в пользу государства', 'открылась новая станция метро']",1.0
2022-09,2022,9,Другие события в мире,"['Договоренность в Китае и России о расчетах между странами', 'нефть подорожала']",
2022-10,2022,10,Военная операция России на Украине,"['«Операция на Украине, операция по борьбе с фашизмом»', '«операция по освобождению Украины»', '«освобождение, демилитаризация, денацификация Украины»', '«война с фашизмом»', '«защита жителей ДНР и ЛНР»', '«нападение на Украину»', '«военные действия. Сколько солдат погибает...»', '«нашли биолабораторию на Украине»']",63.0
2022-10,2022,10,"Затрудняюсь ответить, нет ответа",[],27.0
2022-10,2022,10,"Рост цен, снижение курса рубля","['«Поднятие цен, скачок курса доллара»', '«всё дорожает»', '«курс доллара вырос, повышение цен»', '«повышение доллара, рост цен»', '«наценка, взлетели цены на молоко, масло растительное»', '«цены резко лезут вверх»']",5.0
2022-10,2022,10,"Новые санкции по отношению к России, уход из России зарубежных компаний","['«Санкции в отношении России»', '«что за рубежом нас осуждают, вводят санкции»', '«арест активов за границей»', '«санкции, уход с рынка»', '«уход множества компаний из России, санкции»', '«закрытие иностранных компаний»', '«зарубежные компании отказывают в поставках»']",4.0
2022-10,2022,10,"Блокировка Инстаграма, других соцсетей","['«Запрет Инстаграма»', '«Инстаграм блокируют»', '«прикрывают некоторые соцсети, что печально»', '«закрытие соцсетей»', '«соцсети – блокировки»']",1.0
2022-10,2022,10,"Детские пособия, повышение пенсий","['«Выплаты детям до 16 лет»', '«выплаты детских пособий»', '«новые пособия на детей»', '«повышение пособий на детей»', '«добавка к пенсии»']",1.0
2022-10,2022,10,"Дефицит продуктов, других товаров, ажиотажный спрос на них","['«Сахар, соль, мука пропали»', '«не стало соли, песка»', '«дефицит сахара»', '«исчезают продукты из магазинов»', '«дефицит продуктов, товаров»', '«дефицит товаров»']",1.0
2022-10,2022,10,"Действия, выступления В. Путина","['«Выступления Путина»', '«что говорит Путин»', '«Путина замучили, всё на него валят»']",1.0
2022-10,2022,10,Другие события в России,"['«Выступление Мишустина»', '«8 Марта»', '«народ сплотился, все дагестанцы, таджики, русский мир»', '«драка – мигранты»', '«крысы с корабля побежали. Известные личности уехали за рубеж из-за того, что скрывают доходы»', '«победили коронавирус»']",1.0
2022-10,2022,10,Другие события в мире,"['«Англия: премьер сказал, чтоб не ехали в Россию»', '«поднятие цен на бензин в США»']",1.0
2022-11,2022,11,Специальная военная операция России на Украине,"['«В Украине денацификация»', '«положение на Украине, операция по наведению порядка»', '«по поводу операции на Украине, объединение русского духа и русского народа в целом»', '«наши войска продвигаются вперед»', '«потери наших воинов»', '«на Украине наши военные, освободительные действия, переживаем за наших солдат»', '«наши военные освобождают людей, которые сидели в подвалах, кормят, дают коридор»', '«наши пленные на Украине: очень страшно смотреть»', '«переговоры Украины с Россией»', '«спецоперация: нас всех потрясла»', '«Украина: у меня душа болит, у меня там родственники, племянница»']",62.0
2022-11,2022,11,"Затрудняюсь ответить, нет ответа",[],27.0
2022-11,2022,11,"Рост цен, снижение курса рубля, проблемы российской экономики","['«Быстрый рост цен»', '«цены растут как на дрожжах»', '«цены. Цены на медикаменты»', '«инфляция»', '«вырос курс доллара»', '«закрытие предприятий»', '«работы нет»', '«кризис в экономике»']",5.0
2022-11,2022,11,"Новые санкции по отношению к России, уход из России зарубежных компаний","['«Наши деньги заморозили, доступ к нашим счетам заблокированы США, вся Европа санкции поддержала против России»', '«Россию исключили из ЕСПЧ»', '«запрет на ввоз компьютеров и лекарств в Россию»', '«прекращение работы многих брендов»', '«уход с рынка авто»', '«закрытие ""Макдональдса""»']",3.0
2022-11,2022,11,"Концерт-митинг в «Лужниках», посвященный Дню воссоединения Крыма с Россией, выступление на нем В. Путина","['«8 лет как присоединился Крым»', '«18 марта праздник о присоединении Крыма»', '«День Крыма»', '«концерт в Лужниках, куча народа в поддержку»', '«концерт в Лужниках и обращение президента 16 марта»']",2.0
2022-11,2022,11,"Выплаты детям, рост пособий, повышение пенсий","['«Доплаты детям»', '«пособия детские повысят»', '«детские пособия – будет индексация»', '«повышаются пособия и пенсии»', '«обещают пенсию прибавить»', '«повышение социальных пенсий»']",2.0
2022-11,2022,11,"Дефицит продуктов, ажиотажный спрос на них","['«Вопросы, касаемые обеспечения продовольствием»', '«люди скупают продукты»', '«ажиотаж, покупки сахара, соли»', '«сахар исчез с полок»', '«сахара не стало»', '«нет ничего в магазинах, очередь за сахаром, соли нет»']",1.0
2022-11,2022,11,"Действия Центробанка, предложение о переназначении Э. Набиуллиной","['«Повышение ключевой ставки Центробанка, соответственно ипотека выросла до 20%»', '«неправильные действия Центробанка»', '«Набиуллину хотят на следующий срок сделать главой ЦБ»', '«продление контракта с Набиуллиной»']",1.0
2022-11,2022,11,"Блокировка Инстаграма, других соцсетей","['«Блокируют доступ к сайтам»', '«блокировка Инстаграм-ресурсов»', '«Инстаграм закрыли»', '«отключение и блокировка Инстаграма и, возможно, Ютуба»']",1.0
2022-11,2022,11,Другие события в России,"['«Меньше стали болеть коронавирусом»', '«“Новости” и девушка с плакатом о войне»', '«митинги за мир во многих городах были, песни пели за мир»', '«убежали артисты, и там пусть останутся»', '«отказ от доллара»', '«снижение цен на бензин»']",1.0
2022-11,2022,11,Другие события в мире,"['«Мировое общественное мнение по поводу России»', '«Зеленского представили к премии мира»']",1.0
2022-12,2022,12,Специальная военная операция на Украине,"['«Ежедневные сводки о спецоперации на Украине»', '«наши бомбят, боевые действия на Украине»', '«война идет, наши солдаты погибают – меня это очень волнует»', '«война: люди гибнут, просят помощи»', '«сколько украинцев погибло!»', '«война с нацистами»', '«освобождение от бандеровцев на Украине»', '«события с нашими братьями на Украине»', '«сообщение о том, что люди в Мариуполе получили возможность покинуть город»']",60.0
2022-12,2022,12,"Затрудняюсь ответить, нет ответа",[],28.0
2022-12,2022,12,Решение о продаже российских газа и нефти за рубли,"['«Решение Путина продавать нефть за рубли»', '«нефть – за рубли продажа»', '«расчет в рублях за газ и за энергоносители»', '«газ будем за рубли продавать»', '«газ продаем только в рублях другим странам»']",4.0
2022-12,2022,12,"Рост цен, снижение курса рубля","['«О росте цен на товары»', '«что дорожают цены, растут на глазах»', '«цены выросли на продукты»', '«подорожание бензина»', '«подорожали запчасти»', '«цена на сахар и туалетную бумагу»', '«доллар вырос»']",4.0
2022-12,2022,12,Работа властных структур,"['«Исчезновение Шойгу»', '«ультиматум по фиксации цен на металлопрокат и о борьбе со спекуляцией»', '«обсуждение вокруг авиационной отрасли»']",1.0
2022-12,2022,12,"Выплаты детям, рост пособий, повышение зарплаты бюджетникам, пенсий","['«Выплаты на детей»', '«дотации на детей школьного возраста»', '«детские прибавят»', '«увеличение размера пособий»', '«повышение зарплаты бюджетникам»', '«пенсию прибавили»']",1.0
2022-12,2022,12,"Новые санкции по отношению к России, уход из России зарубежных компаний","['«Санкции»', '«санкции, которые на нас наложили»', '«последствия санкций»', '«уход иностранных компаний»']",1.0
2022-12,2022,12,"Напряженные отношения между Россией и США, странами Запада","['«Байден назвал Путина убийцей»', '«Америка не слушает нас, тянет к войне»', '«брехня Запада про нашу Россию»', '«это очень печально, что к нам так относятся»']",1.0
2022-12,2022,12,"Дефицит продуктов, ажиотажный спрос на них","['«Сообщение в СМИ о том, что сахара в магазинах не стало. И вообще о дефиците с продуктами»', '«ситуация с сахаром»', '«сахара не хватает, ажиотаж»', '«что бабушки за сахар дерутся»']",1.0
2022-12,2022,12,Слухи о смерти В. Жириновского,"['«Смерть, возможно, Жириновского»', '«смерть фейковая Жириновского»', '«опровержение смерти Жириновского»', '«Жириновский умер и воскрес»']",1.0
2022-12,2022,12,Другие события в России,"['«Навальному добавили срок 9 лет за то, что он оскорбил судью, украл из фонда деньги на свои личные нужды»', '«сбежали Чубайс и звезды»', '«рубль укрепляется, финансы»', '«открытие Московской биржи»', '«про Пермь: аварии городские»', '«метро в Крюково уже строят»']",1.0
2022-12,2022,12,Другие события в мире,"['«Землетрясение в Японии»', '«падение самолета в Китае»', '«спортивные события на этой неделе: футбольный клуб “Реал Мадрид” проиграл “Барселоне”»']",1.0
2022-13,2022,13,Специальная военная операция России на Украине,"['«Продолжается военная операция на Украине»', '«операция по спасению Украины»', '«специальная операция по освобождению ДНР и ЛНР»', '«война на Украине, операцией ее называют»', '«на Украине бомбят, люди умирают»', '«на Украине что делается... Они соседи, славяне, напрягает это»', '«молодые парни умирают ни за что»', '«что войска выходят из области под Киевом, переговоры пошли»']",61.0
2022-13,2022,13,"Затрудняюсь ответить, нет ответа",[],26.0
2022-13,2022,13,Решение о продаже российских газа и нефти за рубли,"['«Отказ продавать нефть и газ за валюту»', '«газ продаем за рубли»', '«замена доллара на рубль в экономических отношениях с Европой»', '«перевод оплаты газа и остальных платежей Запада на рубли»']",5.0
2022-13,2022,13,"Рост цен, инфляция","['«Цены, инфляция»', '«подорожание продуктов питания, бумаги»', '«цены растут неоправданно на продукты питания, одежду и обувь»', '«цены подкинули, и здорово»', '«цены прыгнули очень сильно»']",4.0
2022-13,2022,13,Взрыв нефтехранилища в Белгороде,"['«Авиаудар в Белгороде»', '«в Белгороде взрыв на нефтебазе»', '«стрельба по Белгороду, по России»', '«уже и Россию бомбили. Как допустили, что в Белгороде нефтебазу обстреляли?»', '«бомбили Белгород, нефтебазу взорвали украинцы»']",3.0
2022-13,2022,13,"Новые санкции по отношению к России, уход из России зарубежных компаний","['«Санкции против России»', '«каждый день новые санкции против России»', '«на Россию давят санкциями»', '«санкции. Как будем выбираться?»']",1.0
2022-13,2022,13,"Укрепление рубля, снижение курса доллара","['«Рост рубля»', '«доллар падает, рубль укрепляется»', '«доллар подешевел»', '«снижение долларов»']",1.0
2022-13,2022,13,"Дефицит продуктов, ажиотажный спрос на них","['«Дефицит товаров»', '«нет сахара»', '«куда делись сахар и мука?»', '«порошки пропадают»', '«разбирали продукты питания в магазинах»', '«нехватка продуктов из-за закупки людьми»']",1.0
2022-13,2022,13,"Действия, выступления В. Путина","['«Путин выступил и сказал, что газ за рубли для недружественных стран»', '«Путин помогает Украине»', '«Путин сказал, что Крым наш был и будет»', '«то, что Путин говорил по телевидению. Что говорил, то и сделал»']",1.0
2022-13,2022,13,"Выплаты детям, рост пособий, повышение зарплат бюджетникам, пенсий","['«Детям помощь»', '«обещанные выплаты соцпособий»', '«пенсия поднялась и выплаты малоимущим»', '«повышение пенсии социальной»', '«поднятие зарплаты бюджетникам»']",1.0
2022-13,2022,13,Напряженные отношения между Россией и странами Запада,"['«Противостояние Запада с Россией»', '«выливание Западом грязи на Россию»']",1.0
2022-13,2022,13,Другие события в России,"['«Показатели по коронавирусу спадают»', '«повысили банки ставки на вклады»', '«в Госдуме предложили не пускать сбежавших звезд»', '«наши победили в кинологии на международном конкурсе»']",1.0
2022-13,2022,13,Другие события в мире,"['«Беженцы в Европе с Украины»', '«высказывания Сербии о своем отношении к России положительном»', '«вручение “Оскара""»', '«самолет упал в Китае, в горах»', '«то, что Южная Осетия хочет к нам присоединиться»']",1.0
2022-14,2022,14,Специальная военная операция на Украине,"['«Война, специальная операция на Украине»', '«конечно, все события, происходящие на Украине»', '«особенности спецоперации»', '«убивают солдатиков, война»', '«военные действия. Очень переживаю, скорее бы закончились»', '«Буча, провокация, Мариуполь»', '«гибель людей в Краматорске»', '«военные действия, режут, убивают, и не знаешь, где правда»']",56.0
2022-14,2022,14,"Затрудняюсь ответить, нет ответа",[],29.0
2022-14,2022,14,Смерть В. Жириновского,"['«Кончина Жириновского»', '«смерть Жириновского потрясла»', '«уход из жизни Жириновского»', '«Жириновский умер, сегодня хоронили»']",10.0
2022-14,2022,14,Рост цен,"['«Подорожало всё»', '«резкое поднятие цен на продукты питания»', '«рост цен на сахар»', '«ценообразование, рост цен»', '«цены на продукты, техника бытовая подорожала»']",2.0
2022-14,2022,14,"Укрепление рубля, снижение курса доллара","['«Укрепление курса рубля»', '«курс доллара»', '«понижение доллара»', '«доллар падает – радость»']",2.0
2022-14,2022,14,"Новые санкции по отношению к России, уход из России зарубежных компаний","['«Введение санкций против России»', '«отключение банковских карт»', '«пакет санкций против нас вводят»', '«уход брендов из России»']",2.0
2022-14,2022,14,"Напряженные отношения между Россией и США, странами Запада","['«Отношение Запада к нам»', '«ложь со стороны США в СМИ»', '«нападки на Россию со стороны западных СМИ и США»', '«отношения с Европой»', '«отвернулись от нас государства Германия, Франция. Зря они так с нами»']",1.0
2022-14,2022,14,Издевательства украинских военных над российскими военнопленными,"['«Издеваются над нашими пленными»', '«издевательство над нашими военными»', '«про пленных солдат»']",1.0
2022-14,2022,14,Решение о продаже российских газа и нефти за рубли,"['«Газ за рубли»', '«плата за газ будет теперь в рублях»', '«оплата за газ в рублях»', '«перевод на оплату ресурсов в рублях»']",1.0
2022-14,2022,14,Работа властных структур,"['«Выступление Мишустина в Госдуме»', '«обещания Мишустина о ценах»', '«правительство отчиталось в Госдуме»', '«правительство заработало, радует»']",1.0
2022-14,2022,14,"Выплаты детям, рост пособий, повышение зарплаты бюджетникам, пенсий","['«Пособия на детей»', '«детские выплаты новые»', '«прибавка к зарплате»', '«повышение пенсии»', '«прибавка пенсии»']",1.0
2022-14,2022,14,Другие события в России,"['«Бегство артистов»', '«открытие охотничьего сезона»']",1.0
2022-14,2022,14,Другие события в мире,"['«Выборы во Франции»', '«автопробег в Германии в поддержку России»', '«латыши отказались праздновать День Победы 9 мая»', '«ситуация на фондовой бирже»']",1.0
2022-15,2022,15,Военная спецоперация России на Украине,"['«Боевая военная операция на Украине»', '«всё связанное со специальной военной операцией»', '«война, операция по уничтожению террористов»', '«Украина, надо кончать с ней, национализм хуже, чем фашизм»', '«война с Украиной, штурм “Азовстали”»', '«Мариуполь освободили»', '«события на Украине, много военных украинцев в плен сдалось»', '«слежу за войной, переживаю, плачем»', '«спецоперация, переживаем и смотрим, только об этом и говорят»']",53.0
2022-15,2022,15,"Затрудняюсь ответить, нет ответа",[],34.0
2022-15,2022,15,Гибель российского крейсера «Москва»,"['«Затопление крейсера “Москва”»', '«крейсер “Москва” затонул, флагман Черноморского флота»', '«про крейсер “Москва”, ракета прилетела»', '«наш крейсер “Москва” подорвали украинцы»', '«потеряли корабль»']",3.0
2022-15,2022,15,Рост цен,"['«Рост цен в магазинах и рост квартплаты»', '«всё дорожает»', '«подорожание»', '«цены на продукты»', '«сахар подорожал, продукты»']",3.0
2022-15,2022,15,Смерть и похороны В. Жириновского,"['«Смерть Жириновского', '«смерть лидера ЛДПР»', '«по поводу Жириновского, смерть и похороны»', '«похороны Жириновского»', '«смерть Жириновского и его похороны»']",2.0
2022-15,2022,15,Новые санкции по отношению к России,"['«Всё связанное с санкциями»', '«новые санкции»', '«санкции к России»', '«санкции, много западных компаний»', '«арест счетов»', '«арест картин на финской границе»']",1.0
2022-15,2022,15,"Выплаты детям, рост пособий, повышение зарплат, пенсий","['«Детские выплаты»', '«детские пособия»', '«о выплатах детям до 18 лет»', '«повышение зарплат и пенсий»', '«о повышении пенсии»', '«дадут по 10 тысяч нам, пенсионерам»']",1.0
2022-15,2022,15,Работа властных структур,"['«Выступление Мишустина по поводу поддержки экономики в Думе»', '«введение правительством последних новых законов»', '«снижение ключевой ставки ЦБ»', '«льготы для ІТ»']",1.0
2022-15,2022,15,Обстрелы Украиной российской территории,"['«Бомбили украинцы Белгород»', '«Брянскую область штурмуют, бьют»', '«обстрел Брянска»', '«обстреливают области, граничащие с Украиной»', '«украинские самолеты входят на Россию»']",1.0
2022-15,2022,15,"Напряженные отношения между Россией и США, странами Запада","['«Поведение Запада, агрессивная политика Америки»', '«НАТО проявляет агрессию к России»', '«негатив со стороны Запада»']",1.0
2022-15,2022,15,Снижение курса доллара,"['«Падает доллар»', '«курс доллара прыгает»', '«доллар ни во что не ставят»']",1.0
2022-15,2022,15,Другие события в России,"['«День космонавтики»', '«осудили, дали 10 лет девушке за акцию протеста»', '«спорт, хоккей, ЦСКА вышла в финал»']",1.0
2022-15,2022,15,Другие события в мире,"['«Выборы во Франции»', '«премьер-министры Прибалтики приехали в Киев»', '«смещение главы Пакистана»', '«дефолт в Шри-Ланке»', '«ковид в Китае растет»']",1.0
2022-16,2022,16,Военная спецоперация России на Украине,"['«На Украине специальная военная операция»', '«сидим, смотрим Украину каждый день»', '«Донецк и Луганск, военные действия, следим за ними пристально»', '«“Азовсталь” – просто событие, которое волнует»', '«Мариуполь освободили от нацистов»', '«на Донбассе сдаются в плен»', '«то, что спецоперация на Украине, хохлов придавили почти»']",58.0
2022-16,2022,16,"Затрудняюсь ответить, нет ответа",[],36.0
2022-16,2022,16,Гибель российского крейсера «Москва»,"['«Гибель крейсера “Москва”»', '«“Москва” затронула, крейсер»', '«затонул крейсер, 27 человек погибло»', '«“Москву” жалко – корабль»']",1.0
2022-16,2022,16,"Выплаты детям, рост пособий, повышение зарплат, пенсий","['«Пособия на ребенка с мая будут»', '«объявление об индексации пенсий и пособий»', '«дотации увеличивают малообеспеченным семьям, детям»', '«пенсию повышают, детские пособия насколько повысят неизвестно пока»', '«пенсию прибавят»', '«повышение зарплат»']",1.0
2022-16,2022,16,"Новые санкции по отношению к России, уход из России зарубежных компаний","['«Санкции»', '«то, что на нашу страну наложены дополнительные санкции»', '«уход компаний из России»', '«закрытие “Макдональдс” в Москве»']",1.0
2022-16,2022,16,Рост цен,"['«Цены поднялись на всё»', '«цены в магазине»', '«цены волнуют»', '«цены растут»']",1.0
2022-16,2022,16,Работа властных структур,"['«Мишустин отчитывался перед Госдумой»', '«Набиуллиной продлили срок работы на пять лет»', '«о высказываниях Кадырова»']",1.0
2022-16,2022,16,Смерть В. Жириновского,"['«Жириновский умер»', '«смерть Жириновского»']",1.0
2022-16,2022,16,Испытание ракеты «Сармат»,"['«Запуск ракеты “Сармат""»', '«ракету военную запустили, испытания»', '«запуск новой ракеты военной»', '«баллистическую ракету испытали»']",1.0
2022-16,2022,16,Другие события в России,"['«Пасха»', '«день рождения Ленина»', '«угроза теракта в Крыму»']",1.0
2022-16,2022,16,Другие события в мире,"['«Французские выборы»', '«возможное вступление Финляндии в НАТО»', '«Латвия хочет объявить нас террористами»']",1.0
2022-17,2022,17,Военная спецоперация России на Украине,"['«Военная операция на Украине»', '«боевые действия на Украине, как наши освобождают города, как Донецк и Луганск обстреливают»', '«ЛНР и ДНР – жилые дома насквозь продалбливают. Как им и где жить?»', '«Мариуполь беспокоит, нацисты держат мирных жителей»', '«освобождение городов на Украине»', '«переживаем, что война на Украине идет. Жалко, тревожно, плачу даже, вообще ужас что творится»', '«про войну, ждем, чтобы победили»']",51.0
2022-17,2022,17,"Затрудняюсь ответить, нет ответа",[],39.0
2022-17,2022,17,"Выплаты детям, рост пособий, повышение пенсий","['«Ветеранам дают матпомощь»', '«выплаты на детей»', '«детские пособия с 8 до 18 лет, увеличение этого пособия»', '«индексация пенсий и пособий»', '«повышение пенсий»', '«соцдоплата»']",1.0
2022-17,2022,17,Вооруженное нападение в детском саду под Ульяновском,"['«Расстрел двух детей и воспитательницы в детском саду»', '«всё какие-то убийства, расстреляли детсад в Ульяновске»', '«детей в садике расстреляли»', '«в Ульяновске вооруженное нападение в детском саду и жертвы»']",1.0
2022-17,2022,17,Рост цен,"['«Инфляция до 20 процентов»', '«повышение цен на всё»', '«повышение цен на продукты»', '«подорожание продуктов, рост цен»', '«цены повысились»']",1.0
2022-17,2022,17,Состояние российской экономики,"['«Состояние экономики»', '«экономика страны»', '«снижение валюты»', '«открываются российские предприятия, но в районе еще не появились»', '«проект объединения фермеров для улучшения сельского хозяйства»']",1.0
2022-17,2022,17,Обстрелы Украиной российской территории,"['«Атаки со стороны Украины на российские регионы приграничные»', '«удары по нашей территории»', '«Курскую область стали обстреливать»', '«обстрел сел в Белгороде»', '«обстрелы территории Белгорода и Курска»']",1.0
2022-17,2022,17,"Напряженные отношения между Россией и США, НАТО, странами Запада","['«Идет война России с Америкой»', '«размещение войск НАТО вблизи наших границ для проведения учений»', '«отношения с Польшей»']",1.0
2022-17,2022,17,Гибель российского крейсера «Москва»,"['«Корабль “Москва”, затопление»', '«“Москва” утонула»', '«крейсер затонул “Москва”»', '«крейсер утопили в Черном море»']",1.0
2022-17,2022,17,"Аварии, несчастные случаи","['«ДТП на Волоколамском проспекте города Твери»', '«нелепая смерть мужчины на кладбище»', '«самокаты возгорались»']",1.0
2022-17,2022,17,"Праздники, подготовка к празднованию Дня Победы","['«Православные праздники, День Земли, день рождения Ленина»', '«9 Мая, обсуждение, мы празднуем»', '«подготовка к празднованию 9 Мая»']",1.0
2022-17,2022,17,Новые санкции по отношению к России,"['«Повторные санкции на Россию»', '«сюжеты про западные санкции»', '«Америка разрешила использовать наш госдолг на пользу Украине»']",1.0
2022-17,2022,17,Работа властных структур,"['«Снижение ключевой ставки ЦБ»', '«что думает правительство в отношении жизни людей»']",1.0
2022-17,2022,17,События в Приднестровье,"['«Нагнетается обстановка в Приднестровье»', '«события в Приднестровье, Молдавии»', '«Приднестровье, разморозить конфликты собираются»', '«меня заинтересовало то, что в Приднестровье начинается война. Там я раньше в Тирасполе жила»']",1.0
2022-17,2022,17,Другие события в России,"['«Соловьева Владимира собирались убить»', '«освобождение Улюкаева»', '«новости о том, что в Московском зоопарке вылупились птенцы»', '«паромная переправа в Севастополе заработала»']",1.0
2022-17,2022,17,Другие события в мире,"['«Макрон победил, и это меня огорчает»', '«поездки Гутерриша»', '«съезд 40 стран»']",1.0
2022-19,2022,19,Военная спецоперация России на Украине,"['«Боевые действия на Украине»', '«спецоперация на Донбассе»', '«трагедия на Украине»', '«спецоперация на Украине: чтобы скорее всё кончилось, ребята не гибли там»', '«выигрышные позиции России в военной операции на Украине»', '«нападение на остров Змеиный»', '«битва за ""Азовсталь""»', '«отсутствие переговоров»', '«за Украину реву каждый день: жалко детей, стариков»', '«бомбят, уничтожают их оружие на Украине. Многие в плен сдаются, и в плену их хорошо содержат»', '«освобождение территории “Азовстали""»']",45.0
2022-19,2022,19,"Затрудняюсь ответить, нет ответа",[],38.0
2022-19,2022,19,Празднование Дня Победы,"['«День Победы»', '«парад, посвященный Дню Победы»', '«демонстрация 9 мая»', '«9 мая митинг, шествие “Бессмертного полка""»', '«торжества в честь Дня Победы на ВДНХ»', '«выступление Путина»']",8.0
2022-19,2022,19,"Напряженные отношения между Россией и США, НАТО, странами Запада","['«Русофобия Америки и Запада, Польши, Прибалтики. Вступление в НАТО Швеции и Финляндии. Разрушение памятников»', '«о вступлении Финляндии и Швеции в НАТО»', '«негативное отношение Польши к России»', '«антироссийские действия в Прибалтике»']",2.0
2022-19,2022,19,Пожары в России,"['«Пожары в Сибири»', '«пожар в Приморье»', '«пожар в Красноярском крае»', '«пожары в Красноярском крае, Омской, Курганской областях»']",2.0
2022-19,2022,19,Состояние российской экономики,"['«Вопрос инфляции»', '«доллар и евро падают»', '«падение доллара. Радуюсь росту российской экономики»', '«стабильность рублей»', '«наш рубль стал расти»', '«открытие заводов»']",2.0
2022-19,2022,19,"Санкции по отношению к России, ответные санкции","['«Санкции Запада»', '«новые санкции против России»', '«ответные действия на экономические санкции»', '«одобряю действия президента по перекрытию газа»', '«у нашего олигарха Ахмедова конфисковали яхту»']",1.0
2022-19,2022,19,"Выплаты на детей, рост пособий, повышение пенсий","['«Забота о семьях»', '«социальные выплаты»', '«индексация пенсий и пособий»', '«будущая индексация пенсии»', '«выплаты детям от 8 лет»', '«детям от 8 до 17 лет будут давать пособия»']",1.0
2022-19,2022,19,Рост цен,"['«Повышение цен»', '«всё подорожало»', '«цены высокие»', '«рост цен на технику»']",1.0
2022-19,2022,19,Работа властных структур,"['«Кредитные каникулы по долгам и кредитам»', '«смена главы Республики Марий Эл»', '«с поста уходит Радаев»', '«высказывания Медведева»', '«наше тульское правительство не хочет заниматься детьми-инвалидами»']",1.0
2022-19,2022,19,Обстрелы Украиной российской территории,"['«Взрывы в Белгородской области, гибель людей»', '«обстрелы в Белгородской области»', '«обстрел наших границ украинскими националистами»']",1.0
2022-19,2022,19,Другие события в России,"['«В России, кто имеет инакомыслие, добавляют в черный список»', '«ковид-заболеваемость падает»', '«аэропорты южного направления не открыты»', '«бегство проворовавшейся элиты из России»', '«ухудшение погодных условий»']",1.0
2022-19,2022,19,Другие события в мире,"['«Полуфинал Лиги чемпионов»', '«Украина победила на “Евровидении”»', '«умер президент ОАЭ»', '«новый коронавирус набирает обороты»', '«зачем Украина отдает свое зерно?»', '«арест Анатолия Шария»', '«винят, что Путин в Украину вошел»']",1.0
2022-20,2022,20,Военная спецоперация России на Украине,"['«Военная операция, смотрю все новости стабильно»', '«смотрю все новости, касающиеся военной операции, переживаем сильно, хотим, чтобы страна победила»', '«переживаю за войну на Украине, за ребят, которые погибают»', '«успехи спецоперации»', '«“Азовсталь” – выходят пленные. Люди теперь будут жить спокойно, не будут стрелять. Всё разминируют»', '«победа в Мариуполе»', '«сдаются азовцы, правильно проводятся боевые действия»']",51.0
2022-20,2022,20,"Затрудняюсь ответить, нет ответа",[],42.0
2022-20,2022,20,"Напряженные отношения между Россией и США, НАТО, странами Запада","['«Коллективный Запад пытается ущемлять россиян повсюду»', '«негатив Америки: жмут, притесняют, не дают вздохнуть, спасу нет от них»', '«приближение НАТО»']",1.0
2022-20,2022,20,Рост цен,"['«Повышение цен»', '«рост цен»', '«рост цен на продукты»']",1.0
2022-20,2022,20,"Повышение зарплат, пенсий","['«Повышение зарплаты госслужащим»', '«повышение зарплаты и пенсий»', '«повышение пенсий»', '«сообщение об индексации пенсии»', '«поднятие МРОТ»']",1.0
2022-20,2022,20,"Укрепление рубля, снижение курса доллара","['«Укрепление рубля»', '«курс доллара упал»', '«обвал доллара»']",1.0
2022-20,2022,20,"Пожары, наводнения, природные катаклизмы в России","['«Пожары в Тюмени и в нашей области»', '«пожары на Севере»', '«пожары, наводнения»', '«снегопад, ухудшение погоды на Урале»']",1.0
2022-20,2022,20,"Юбилеи, праздники","['«100-летие пионерской организации»', '«1100 лет принятию ислама»', '«День Победы»']",1.0
2022-20,2022,20,"Санкции по отношению к России, ответные санкции","['«Про санкции»', '«санкции политические все»', '«уход иностранных компаний из страны»', '«национализация “Рено”»']",1.0
2022-20,2022,20,Работа властных структур,"['«Отставка губернатора Радаева»', '«смена губернатора»', '«принятие электронного голосования»']",1.0
2022-20,2022,20,Другие события в России,"['«Инфляция упала на чуть»', '«открываются новые рабочие вакансии в Барнауле»', '«нашли обезглавленный труп в часе езды от Уфы»']",1.0
2022-20,2022,20,Другие события в мире,"['«“Евровидение""»', '«заявление Турции о неподдержании Швеции»', '«нестабильность в Приднестровье»']",1.0
2022-21,2022,21,"Затрудняюсь ответить, нет ответа",[],45.0
2022-21,2022,21,Военная спецоперация России на Украине,"['«Военная операция на Украине»', '«спецоперация на Украине, продвижение наших войск»', '«новости с фронта»', '«всё по поводу Украины, освобождение “Азовстали”»', '«наступление наших в Донецке»', '«только про войну, как бьют фашистов»', '«война проклятая, столько людей убивают»']",44.0
2022-21,2022,21,"Повышение зарплат, пенсий, пособий","['«Пенсию прибавляют и зарплату»', '«повышение выплат в соцсфере»', '«МРОТ и пенсии увеличатся»', '«индексация пенсий»', '«пособия для детей»', '«многодетным прибавляют денежки»', '«повышение детских пособий в июне»']",5.0
2022-21,2022,21,"Пожары, наводнения, природные катаклизмы в России","['«Пожары в Тюмени, на Алтае»', '«наводнение, пожары»', '«потоп в Иркутске»', '«проливные дожди в Татарстане»']",1.0
2022-21,2022,21,"Укрепление рубля, снижение курса доллара","['«Рубль начал укрепляться»', '«курс рубля укрепляется»', '«доллар понизился, рубль укрепился»', '«падение доллара»', '«доллар сильно упал»']",1.0
2022-21,2022,21,Санкции по отношению к России,"['«Санкции и т.д.»', '«новые санкции против России»', '«Америка обворовала Россию на 300 миллиардов»', '«о потере золота»']",1.0
2022-21,2022,21,"Рост цен, инфляция","['«Инфляция»', '«повышение цен»', '«подорожание продуктов»', '«рост цен на продовольствие»', '«цены на продукты»']",1.0
2022-21,2022,21,Напряженные отношения между Россией и странами Запада,"['«Русофобия в мире и Европе»', '«Байден винит Путина в бедах США»', '«Запад недопонимает, чего хочет славянский народ»', '«разговор о ядерной войне»']",1.0
2022-21,2022,21,Работа властных структур,"['«Выступление Набиуллиной»', '«замена главы правительства Республики Марий Эл»', '«законы какие принимают в экономической политике»', '«образование хотят изменить»']",1.0
2022-21,2022,21,Понижение ключевой ставки Центробанка,"['«Понижение ключевой ставки в Центробанке»', '«снижение ставки рефинансирования»', '«изменение курса Центробанка»']",1.0
2022-21,2022,21,"Юбилеи, праздники","['«День пограничника»', '«отмечали 1100-летие принятие ислама»', '«“последний звонок” в школах»']",1.0
2022-21,2022,21,Другие события в России,"['«Начало летних каникул»', '«отключение отопления»', '«запустили поезд “Ласточка” Адлер – Сочи и Анапа, открыли аэропорт в Краснодаре»']",1.0
2022-21,2022,21,Другие события в мире,"['«Назревает продовольственный кризис в Европе»', '«ужесточение карантина в Шанхае»', '«распространение обезьяньей оспы»', '«расстрел школьников в США»', '«события в Ереване, митинги идут, хотят свергнуть Пашиняна»', '«чемпионат мира по хоккею»']",1.0
2022-22,2022,22,"Затрудняюсь ответить, нет ответа",[],51.0
2022-22,2022,22,Военная спецоперация России на Украине,"['«Спецоперация, все мысли об этом»', '«успехи России в ходе военной спецоперации на Украине»', '«наши продвигаются, побеждают»', '«взятие войсками Российской Федерации Луганской области»', '«обострение в Херсоне»', '«обстановка на границе Брянской области»', '«удар по Севастополю, удар по Еленовке»', '«обстрелы Севастополя – позор, сорвали парад»', '«минирование Донецка минами-лепестками»', '«насилие на Украине по отношению к мирным гражданам со стороны ВСУ»', '«дети гибнут на Украине»', '«обстановка на Украине меня беспокоит и беспокоит, что деремся с нашими родными людьми»']",37.0
2022-22,2022,22,Природные катаклизмы в России,"['«В Сочи потоп, люди потонули, нет ливневок»', '«пожар в Якутии, наводнение в Сочи»', '«потоп в Анапе»', '«наводнение в Барнауле»', '«наводнение в Крыму»', '«стихийные бедствия по всей России, наводнения, пожары»']",3.0
2022-22,2022,22,"Санкции по отношению к России, их последствия, ситуация с газом в Европе","['«Об обстановке насчет санкций»', '«седьмой пакет санкций»', '«закрывают иностранные счета»', '«задержка турбины “Газпрома”»', '«Запад сам себе делает хуже санкциями к России»', '«Европа страдает из-за отсутствия российского газа»']",2.0
2022-22,2022,22,"Преступления, несчастные случаи","['«Задержание в Воронеже парня, который осквернял могилы»', '«убийство в Москве восьмерых человек, сгорели в ТЦ»', '«хостел в Москве сгорел»', '«Хабаровск: избиение пенсионерки»', '«в Томской области упал кран на стройке»', '«ДТП, в котором погиб ребенок в Уфе»', '«пропажа ребенка в Оренбургской области»']",2.0
2022-22,2022,22,Другие события в мире,"['«Китай собирается напасть на США»', '«ушли премьер-министры Англии и Италии»', '«открытие границы с Грузией»', '«продажа зерна Турции»']",2.0
2022-22,2022,22,"Работа властных структур, перестановки во власти","['«Мишустин выступал»', '«приезд Матвиенко в Дагестан»', '«заявления Юрия Борисова»', '«смена правительства, отставка Рогозина, возможно, наведение порядка в верхушке власти»', '«Роскосмос: отставка Рогозина»', '«снижение ключевой ставки»', '«закон о реновации в Санкт-Петербурге»']",1.0
2022-22,2022,22,День Военно-Морского Флота,"['«День ВМФ»', '«праздник Военно-морского флота»', '«военно-морской парад»', '«парад ВМФ в Санкт-Петербурге»']",1.0
2022-22,2022,22,Визит В. Путина в Иран,"['«Приезд Путина в Тегеран»', '«встречи Путина в Тегеране»', '«формирование новой макроэкономической зоны с участием России, Ирана, Турции в Тегеране»']",1.0
2022-22,2022,22,"Повышение пенсий, пособий","['«Добавка к пенсии»', '«добавки пенсионерам»', '«обещали прибавку 10 тысяч рублей»', '«хотят ввести тринадцатую пенсию»', '«пособия на детей»']",1.0
2022-22,2022,22,Рост заболеваемости коронавирусом в России,"['«Ковид снова. Одна теперь мысль в голове»', '«новая волна коронавируса»', '«рост заболеваемости – корона»', '«увеличилось число коронавирусников»']",1.0
2022-22,2022,22,Поездка С. Лаврова по странам Африки,"['«Визит Лавров в Африку»', '«ездит Лавров по Африке»', '«поездка Лаврова в Африку»']",1.0
2022-22,2022,22,Другие события в России,"['«Мост через Амур и через Лену. Во Владивостоке открылись международные игры “Дети Азии”»', '«форум “Иволга”»', '«объединение БГУ и УГАТУ»', '«пустили экспресс-электричку Самара – Пенза»', '«арбузы выросли в теплице в Пермском крае»', '«белый медведь попросил помощи у людей»', '«“Зенит” победил “Крылья Советов”»']",1.0
2022-23,2022,23,Военная спецоперация России на Украине,"['«Сто дней войны»', '«война против нацистов»', '«волнует спецоперация на Украине»', '«Северодонецк»', '«действия военные в Донецке, Луганске»', '«Донбасс скоро освободят»', '«как наши на Украине?»', '«переживаю за ребят, которые воюют, их жалко»', '«в ДНР осудили двоих британцев и из Марокко человека»', '«Зеленский неважно выглядит. Люди гибнут, а он красуется»', '«мне больно за Украину, жила там в Херсонской области»']",38.0
2022-23,2022,23,"Повышение зарплат, пенсий, пособий, прожиточного минимума","['«Изменения зарплат и пенсии»', '«повысили МРОТ»', '«добавили пенсию»', '«пенсионерам пенсию подняли и многодетным»', '«выплаты детских пособий»', '«выплаты от 8 до 16 лет»']",2.0
2022-23,2022,23,Другие события в России,"['«Арест Митволя»', '«отмена масочного режима»', '«про АвтоВАЗ»', '«“Макдональдс” снова открывают»', '«возможность внедрения общественного транспорта на водородном топливе»']",2.0
2022-23,2022,23,"Праздники, памятные даты","['«День России»', '«День России отмечается везде»', '«350 лет Петру Первому»', '«День защиты детей»', '«день города»']",1.0
2022-23,2022,23,Работа властных структур,"['«Высказывания Медведева в Телеграм-канале»', '«отмена Болонской системы в образовании»', '«ставку рефинансирования снизили до 9,5%»', '«выборы главы Бурятии»']",1.0
2022-23,2022,23,"Рост цен, тарифов","['«Повышение и рост цен»', '«рост цен на продукты»', '«цены везде поднялись, особенно в продуктовых магазинах»', '«о повышении тарифов ЖКХ и о повышении оплаты питания в детском саду»']",1.0
2022-23,2022,23,Напряженные отношения между Россией и странами Запада,"['«Блокировка самолета Лаврова»', '«Лаврова не пропустили в Сербию»', '«западные страны всячески вредят России»']",1.0
2022-23,2022,23,"Укрепление рубля, снижение курса доллара","['«Укрепляется рубль»', '«новости о том, что доллар опустился по отношению к рублю»', '«курс валют понизился»']",1.0
2022-23,2022,23,Природные катаклизмы в России,"['«Пожары»', '«заморозки»', '«землетрясение в Иркутске»', '«в Волгограде всё саранча пожрала»']",1.0
2022-23,2022,23,Санкции по отношению к России,"['«Санкции»', '«санкции – шестой пакет»', '«невозможность выплат нерезидентам дивидендов и невозможность продать акции»']",1.0
2022-23,2022,23,Другие события в мире,"['«Пресс-конференции Лаврова в Анкаре и в Ереване»', '«представители Талибана приезжают в Петербург на экономический форум»', '«Джонни Депп выиграл суд. Рост цен большой в Америке на бензин»']",1.0
2022-24,2022,24,"Затрудняюсь ответить, нет ответа",[],51.0
2022-24,2022,24,Военная спецоперация России на Украине,"['«Военная спецоперация»', '«военные действия на Украине»', '«война на Украине продолжается»', '«что наши побеждают, что народ сохраняют и продвигаются потихоньку»', '«Донецк – бомбардировки»', '«события на Украине, там бомбят людей»', '«война, жалко молоденьких ребятишечек»', '«я переживаю только за наших ребят на Украине и вообще за всех, кого бомбят и обижают»', '«люди гибнут на Украине»', '«наши слишком хорошо относятся к пленным украинцам»']",38.0
2022-24,2022,24,"Петербургский международный экономический форум, выступление на нем В. Путина","['«Петербургский форум с большим количеством стран»', '«форум в Питере»', '«“Талибан” приехал на ПМЭФ»', '«референдум в Санкт-Петербурге, речь Путина»', '«выступление Путина на экономическом форуме в Санкт-Петербурге»', '«пресс-конференция на форуме»']",5.0
2022-24,2022,24,"Повышение зарплат, пенсий, пособий, MPOT","['«Зарплаты подняли»', '«выплаты детям»', '«повышение детских пособий»', '«за третьего ребенка обещают выплаты»', '«МРОТ и пенсии подняли»', '«повышение МРОТ с первого июня»']",1.0
2022-24,2022,24,Работа властных структур,"['«Выступление Матвиенко»', '«Наталью Поклонскую отправили снова работать в прокуратуру»', '«введение комиссии на валютные счета»', '«награждение медиков»', '«может, отменят ЕГЭ»']",1.0
2022-24,2022,24,"Праздники, памятные даты","['«День России»', '«празднование Дня России»', '«праздник 12 июня, полет “Витязей”»', '«“Алые паруса""»', '«Сабантуй»', '«юбилей Петра Первого»']",1.0
2022-24,2022,24,"Санкции по отношению к России, уход из России западных компаний","['«Санкции»', '«санкции Европы»', '«политика болгарских деятелей отказ от газа из России»', '«“Икея” уходит с рынка России»', '«“Кока-кола” ушла из России»']",1.0
2022-24,2022,24,Напряженные отношения между Россией и странами Запада,"['«Отношение к нам Европы и США»', '«отношение Запада к России»', '«Европа к нам плохо относится»']",1.0
2022-24,2022,24,"Рост цен, тарифов","['«Инфляция»', '«повышение цен»', '«подорожание цен»', '«повышение коммуналки»', '«наценка»']",1.0
2022-24,2022,24,"Укрепление рубля, снижение курса доллара","['«Рубль укрепляется – радует»', '«доллар падает»', '«падение доллара»']",1.0
2022-24,2022,24,Природные катаклизмы в России,"['«Природные бедствия»', '«землетрясение в Анапе»', '«пожары летние»']",1.0
2022-24,2022,24,Другие события в России,"['«Арест Олега Митволя, бывшего замглавы Росприроднадзора»', '«открытие “Вкусно и точка”»', '«мне не нравится, что уезжают за границу люди, которых мы любили и которые нас обкакивают»', '«убийство в Ревде двух молодых людей»']",1.0
2022-24,2022,24,Другие события в мире,"['«Франция перешла на военную экономику»', '«вспышка чумы в Китае»', '«оспа обезьян»', '«выход команды США в финал НХЛ»', '«обвал криптовалюты»']",1.0
2022-25,2022,25,Военная спецоперация России на Украине,"['«Продвижение в плане спецоперации на Украине»', '«с фронта новости»', '«успехи нашей армии во время специальной военной опера- ции»', '«война на Украине, наши ребята молодцы»', '«Донецк и Луганск – боевые действия»', '«гибнут ребята на Украине»', '«обстреляли платформу газодобывающую, затонул наш буксир, погибли люди»']",34.0
2022-25,2022,25,Смерть Ю. Шатунова и П. Нарцисса,"['«Гибель двух эстрадных звезд – Шатунова и Нарцисса»', '«смерть звезд, в том числе Юрий Шатунов, Пьер Нарцисс»', '«умерли Шатунов и Пьер Нарцисс»', '«смерть Юры Шатунова»']",5.0
2022-25,2022,25,Петербургский международный экономический форум,"['«Международный экономический форум в Санкт-Петербурге»', '«петербургский форум, очень интересный»', '«саммит в Петербурге эконо- мический»', '«форум в Питере»']",3.0
2022-25,2022,25,"Санкции по отношению к России, уход из России западных компаний","['«Ситуация с санкциями»', '«блокада санкционных грузов в Литве»', '«закрытие транзита через Литву в Калининград»', '«Литва закрыла границы, не пускает в Калининград наше продовольствие»', '«уход брендов с рынка»', '«“Найк” ушел, “Икея” ушла»']",2.0
2022-25,2022,25,"Праздники, памятные даты","['«22 июня день скорби и печали»', '«“Алые паруса""»', '«выпускной»', '«День города»', '«Сабантуй»', '«Троица»']",2.0
2022-25,2022,25,Другие события в России,"['«Путин подписал указ, что внешний долг будут выплачивать в рублях»', '«выход из Болонской системы образования»', '«курс доллара сильно и критично упал»', '«“Макдональдс” открыли»', '«12 миллиардов своровал глава какой-то»']",2.0
2022-25,2022,25,Природные катаклизмы в России,"['«В Сочи, Краснодарский край, – наводнение, ураган»', '«наводнение в Сочи»', '«пожары в Сибири»', '«землетрясение в Бурятии»', '«стихийные бедствия на юге»']",1.0
2022-25,2022,25,"Повышение пенсий, пособий, МРОТ","['«Выплаты детских пособий»', '«выплаты и повышение пособий»', '«новая индексация пенсии будет»', '«повышение пенсий, детских пособий, МРОТ»', '«прибавка пенсий, но не мне»']",1.0
2022-25,2022,25,"Рост цен, тарифов","['«Повышение цен»', '«высокие цены на услуги ЖКХ»', '«рост цен на товары и услуги»', '«подорожание всего»']",1.0
2022-25,2022,25,"Аварии, несчастные случаи","['«В Рязани разбился самолет учебно-тренировочный»', '«разлив нефти в Черном море»', '«утонули двое детей»', '«утоп мальчик с пьяными родителями»']",1.0
2022-25,2022,25,Напряженные отношения между Россией и странами Запада,"['«Страны Запада против России»', '«больше всего запомнилась недружественная риторика западных стран»', '«отношение Европы к Рос- сии - основная повестка дня»', '«НАТО всё грозит войной»']",1.0
2022-25,2022,25,Другие события в мире,"['«Об обезьяньей оспе»', '«повышение ставки ФРС США»', '«суд: Джонни Депп и его бывшая жена»']",0.0
2022-26,2022,26,"Затрудняюсь ответить, нет ответа",[],52.0
2022-26,2022,26,Военная спецоперация России на Украине,"['«Военная операция: как происходят действия»', '«спецоперации российских войск»', '«наши фашистов громят»', '«по Украине продвигаются медленно»', '«бомбардировка торгового центра на Украине российскими ракетами»', '«обстреляли Курск и Белгород»', '«Украина воюет, а обвиняют Россию»']",36.0
2022-26,2022,26,Смерть Ю. Шатунова и П. Нарцисса,"['«Умерли Юрий Шатунов и Нарцисс»', '«смерть Шатунова и Пьера Нарцисса»', '«похороны Шатунова»', '«за Шатунова – как он погиб, интересно»']",4.0
2022-26,2022,26,"Санкции по отношению к России, уход из России зарубежных компаний","['«Санкции против России»', '«нет доступа в Калининград»', '«Эстония закрыла проезд на наш островок»', '«Китай перестал поставлять обо- рудование»', '«“Хонор” уходит из России»']",1.0
2022-26,2022,26,Напряженные отношения между Россией и странами Запада,"['«Сильные нападки на Россию с Запада»', '«давят со всех сторон»', '«Америка лезет»']",1.0
2022-26,2022,26,Саммит БРИКС,"['«Саммит БРИКС»', '«форум БРИКС»']",1.0
2022-26,2022,26,"Повышение пенсий, зарплат, пособий","['«Повышение пенсий и зарплат бюджетникам»', '«прибавка к пенсии»', '«будет помощь семьям с детьми к школе»', '«повышение выплат на детей»']",1.0
2022-26,2022,26,"Рост цен, тарифов","['«Цены очень растут, страшно даже идти в магазин»', '«цены высокие»', '«подорожание цен»', '«повышение оплаты ЖКХ»']",1.0
2022-26,2022,26,"Встречи, выступления В. Путина","['«Встречи Путина»', '«выступление Путина»', '«Путин говорил о будущем»']",1.0
2022-26,2022,26,Работа властных структур,"['«Обсуждение: выпускников по контракту брать в армию»', '«снижение ипотечной ставки»', '«введение в действие закона о запрете списа- ния банками под ноль всех счетов»', '«нововведения с 1 июля паспорт делают в течение 5 дней»']",1.0
2022-26,2022,26,Саммит НАТО,"['«Был саммит НАТО»', '«саммит в Мадриде»', '«саммит НАТО в Испании»', '«слёт НАТО»', '«США с Европой встречались»']",1.0
2022-26,2022,26,"Аварии, несчастные случаи","['«Авария самолета в Рязани»', '«взрыв в Киржаче»', '«маршрутка сгорела в Ладожской»', '«много ДТП в области с погибшими»', '«люди тонут, лето»']",1.0
2022-26,2022,26,Природные катаклизмы в России,"['«Наводнение в Краснодарском крае, Сочи, Геленджике»', '«Крым подтопило, много клещей»', '«пожары в Алтайском крае»']",1.0
2022-26,2022,26,Другие события в России,"['«“Алые паруса” – праздник выпускников»', '«арест Яшина»', '«высокий курс рубля»', '«дефолт в России»']",1.0
2022-26,2022,26,Другие события в мире,"['«Каспийский саммит»', '«Узбекистан: беспорядки»', '«Байден упал с велосипеда»', '«землетрясение в Афганистане»']",1.0
2022-27,2022,27,"Затрудняюсь ответить, нет ответа",[],52.0
2022-27,2022,27,Военная спецоперация России на Украине,"['«Спецоперация. Подробности»', '«на Украине события, война»', '«продвижение наших войск на Украине»', '«военные действия. Наши ребята побеждают»', '«Луганск освободили полностью»', '«российский спецназ ликвидировал польских наемников в Харьковской области»', '«зачистка Украины от фашистов»', '«Украина. Много людей погибает, стреляют на нашу территорию»']",37.0
2022-27,2022,27,Уход в отставку Бориса Джонсона,"['«Борис Джонсон подал в отставку»', '«премьер-министр Великобритании ушел в отставку»', '«премьер-министр Великобритании сдал полномочия»', '«уходит Борис Джонсон»']",2.0
2022-27,2022,27,Убийство Синдзо Абэ,"['«Вчера убили премьера бывшего Японии»', '«убийство премьера Японии»', '«убили японского премьер-министра»']",2.0
2022-27,2022,27,"Рост цен, тарифов","['«Повышение цен»', '«цены в магазинах»', '«рост цен на продукты питания»', '«рост цен на ЖКХ»']",1.0
2022-27,2022,27,Природные катаклизмы в России,"['«Катаклизмы»', '«природные катаклизмы»', '«оползни, наводнения»']",1.0
2022-27,2022,27,Праздники,"['«День молодежи»', '«День семьи, любви и верности»', '«Курбан-байрам»']",1.0
2022-27,2022,27,Смерть Ю. Шатунова,"['«Смерть Юрия Шатунова»', '«Юрий Шатунов умер»', '«крутят новости про Шатунова»']",1.0
2022-27,2022,27,"Санкции по отношению к России, уход из России зарубежных компаний","['«Новые санкции против России»', '«хотят наши активы за границей использовать на восстановление Украины»', '«Литва закрыла транзит»', '«уход большинства фастфуда из России»', '«не будет поставок корма для животных из-за рубежа»']",1.0
2022-27,2022,27,"Встречи, выступления В. Путина","['«Встреча Путина с лидерами стран»', '«выступления Путина»', '«интервью Путина»']",1.0
2022-27,2022,27,"Повышение пенсий, зарплат, пособий","['«Индексация заработной платы»', '«о прибавке к зарплате»', '«добавка к пенсии»', '«выплаты детям»']",1.0
2022-27,2022,27,Работа властных структур,"['«Про Мишустина»', '«выступление Набиуллиной по поводу укрепления рубля на пресс-конференции от правительства»', '«финансовый вопрос в Госдуме»']",1.0
2022-27,2022,27,Другие события в России,"['«Задержание трех генералов по Ленинградской области»', '«строительство театра в Севастополе, реконструкция Балаклавской бухты»', '«финал Кубка России по футболу»']",1.0
2022-27,2022,27,Другие события в мире,"['«Вступление в НАТО Финляндии и Швеции»', '«коронавирус в Европе»', '«седьмая волна ковида в Японии»', '«засуха в Италии»']",1.0
2022-28,2022,28,"Затрудняюсь ответить, нет ответа",[],54.0
2022-28,2022,28,Военная спецоперация России на Украине,"['«Боевые действия на Украине»', '«дела на Украине, в Донбассе»', '«наш успех в Украине»', '«обстрелы мирного населения на Украине»', '«начали опять бомбить Донецк»', '«взрывы на Украине – в Херсоне, Каховке, Донецке, Луганске»', '«освобождение Луганской республики»', '«только Украина. Сын служит там»', '«война на Украине меня до слез расстраивает»', '«как погибают солдаты на Донбассе»']",37.0
2022-28,2022,28,"Работа властных структур, перестановки во власти","['«Перестановки в правительстве»', '«снятие Рогозина, назначение Мантурова»', '«отставка Рогозина»', '«экономические реформы введены жестко регулирующие»', '«изменение налогов»', '«транспортная реформа»', '«решение об упрощенном ввозе иномарок»']",2.0
2022-28,2022,28,Другие события в России,"['«День семьи, любви и верности»', '«День рождения Владивостока, День рыбака, День сталевара на Урале»', '«Яшин, арест его»', '«начало чемпионата по футболу в России»', '«хотят вернуть ковидные ограничения в Мурманске»']",2.0
2022-28,2022,28,Другие события в мире,"['«Саммит в Индонезии»', '«переговоры в Стамбуле по зерну»', '«доллар и евро сравнялись»', '«открытие границ с Финляндией»', '«акулы в Египте»']",2.0
2022-28,2022,28,Природные катаклизмы в России,"['«Пожары, наводнения»', '«погода – ураганы»', '«ливни в разных регионах России и их последствия»', '«затопление Верхоянского района в Якутии»', '«Питер затопило»', '«смерч в Майкопе»']",1.0
2022-28,2022,28,"Санкции по отношению к России, уход из России зарубежных компаний","['«Очередные санкции»', '«санкции по Украине»', '«Калининград блокируют, новые санкции»', '«санкции и уход компаний»']",1.0
2022-28,2022,28,Поездка Джо Байдена по странам Ближнего Востока,"['«Поездка президента США на Ближний Восток»', '«Байден летал в Эмираты»', '«Байден поехал просить нефть у Саудовской Аравии по низким ценам»']",1.0
2022-28,2022,28,"Повышение пенсий, пособий, выплат","['«Поднять пенсию обещали»', '«повышение пенсии на 10%»', '«про увеличение пособий и пенсий»', '«новые выплаты на детей»', '«детям войны чего-то добавят»']",1.0
2022-28,2022,28,Уход в отставку Бориса Джонсона,"['«Уход с поста Бориса Джонсона»', '«Борис ушел в отставку в Англии»']",1.0
2022-28,2022,28,"Рост цен, тарифов","['«Инфляция»', '«выросли цены на газ и на бензин»', '«подняли тарифы на ЖКХ»', '«цены высокие, особенно в Якутии»']",1.0
2022-29,2022,29,"Затрудняюсь ответить, нет ответа",[],56.0
2022-29,2022,29,Военная спецоперация России на Украине,"['«Военная операция на Украине»', '«война на Донбассе»', '«Донбасс когда бомбят»', '«Донецк, Луганск»', '«новое оружие в нашей армии, которое применяется на Украине»', '«оружие поставляют в Украину, к атакам готовятся»', '«события на Донбассе, наши продвигаются вперед, восстанавливают разрушенные города»', '«победы на Украине»', '«Украина: ребята гибнут»', '«действия военной операции: жалко людей»', '«жаль детей в Украине – гибнет мирное население»', '«за Украину переживаю: когда все закончится? Я оттуда, родственники там»']",34.0
2022-29,2022,29,"Работа властных структур, перестановки во власти","['«Закон о предателях и госизмене»', '«ключевую ставку понизили до 8%»', '«назначение вице-премьера»', '«назначение Мантурова»', '«увольнение Рогозина»']",2.0
2022-29,2022,29,Природные катаклизмы в России,"['«Погода. Катаклизмы»', '«пожары и наводнения»', '«наводнение: Сочи, Краснодар»', '«Сочи затопило, смерчи»', '«град в Воронежской области»']",2.0
2022-29,2022,29,Визит В. Путина в Иран,"['«Встреча Ирана, Турции и России»', '«посещение Путиным Ирана»', '«Путин летал в Тегеран»', '«поездка Путина в Иран, переговоры»', '«встреча Путина в Тегеране»']",2.0
2022-29,2022,29,Другие события в России,"['«Рост курса рубля к доллару»', '«хороший урожай хлеба в этом году, это радует»', '«сахар подешевел»', '«День города Каменска, День металлурга»', '«VK Fest – концерт сегодня»']",2.0
2022-29,2022,29,"Санкции по отношению к России, их частичное снятие","['«Санкции»', '«вопрос о “Северном потоке”, обсуждения»', '«обстановка между Россией и Западом: турбину вернули, снятие небольших ограничений»', '«снятие частично санкций»', '«послабление санкций»', '«транзит открыли в Калининград»']",1.0
2022-29,2022,29,"Повышение зарплат, пенсий, пособий","['«Постановление о повышении бюджетникам и коммерческим структурам на 10% зарплаты»', '«добавка к пенсии»', '«пенсию подняли»', '«работающим пенсионерам дадут надбавку в августе»', '«пособие о детях-школьниках»']",1.0
2022-29,2022,29,"Преступления, несчастные случаи","['«Происшествие в Нижнем Новгороде: один урод напал на четырнадцатилетнего подростка»', '«трагедия в Дагестане»', '«крупное ДТП в Башкирии»', '«барыга наркодилер в Сочи перепутал наркотики и отравился. Погибло много людей»', '«на девочку двухлетнюю напала обезьяна, покалечила»']",1.0
2022-29,2022,29,Болезнь Джо Байдена,"['«Болезнь Байдена»', '«коронавирус нашли у Байдена»', '«Байден заболел ковидом»', '«Байден коронавирусом заболел»']",1.0
2022-29,2022,29,Другие события в мире,"['«Аномальная жара в Европе»', '«свержение Джонсона, премьера Италии и ещё кого-то»', '«премьер-министр Японии Синдзо Абэ убит»', '«акулы в Египте»']",1.0
2022-31,2022,31,"Затрудняюсь ответить, нет ответа",[],51.0
2022-31,2022,31,Военная спецоперация России на Украине,"['«Продвижение наших войск на Украине, уничтожение фашистов украинских»', '«освобождение Луганской области, идем на Николаев, освобождаем Украину»', '«Донецк и Луганск освобождают»', '«разбомбили российские склады с боеприпасами»', '«взрыв в штабе, Херсон – по Антоновскому мосту»', '«Украина, “лепестки” кидают»', '«удар ВСУ по Еленовке»', '«события в Донбассе: прощание в театре с Качурой, и их обстреляли»', '«фейки спецоперации»']",33.0
2022-31,2022,31,"Визит Н. Пелоси на Тайвань, конфликт из-за этого между США и Китаем","['«Прилет из США спикера Конгресса в Тайвань»', '«реакция Китая на прилет Нэнси Пелоси»', '«провокации Америки на Тайване»', '«Китай и США стянули военную технику к Тайваньскому проливу»', '«Тайвань и Китай: что американский посол приехал, и Китай хотел подбить самолет этого посла»']",6.0
2022-31,2022,31,"Преступления, несчастные случаи, аварии","['«Криминальные новости»', '«в Набережных Челнах студент зарезал отца и ранил мать»', '«девочка на аттракционе слетела и погибла»', '«авария на “Тавриде”»', '«пожар на складе “Озон”»']",3.0
2022-31,2022,31,Другие события в России,"['«Зарплату не поднимают, а на всё цены растут»', '«урожай свеклы гораздо больше, развитие сельского хозяйства»', '«как женщина кинула обувью в мэра Углегорска за квартиру»']",2.0
2022-31,2022,31,Другие события в мире,"['«Новый вирус обезьяны»', '«Израиль – стычки с Палестиной»', '«Армения и Азербайджан – конфликт»', '«конфликт в Сербии»']",2.0
2022-31,2022,31,Природные катаклизмы в России,"['«Сочи – сильные ливни»', '«наводнение в Приморье, в Крыму»', '«лесные пожары»', '«пожары в Сибири и на Дальнем Востоке»', '«пожар в нашем округе»']",1.0
2022-31,2022,31,"Визит В. Путина в Иран, встреча с Р. Эрдоганом в Сочи","['«Визит Владимира Путина в Иран»', '«Путин поехал в Иран»', '«Путин и турецкий президент»', '«Путин и Эрдоган договорились наращивать товарооборот между своими странами»', '«с Эрдоганом Путин договорился по газу и по рабочим местам»']",1.0
2022-31,2022,31,"Повышение пенсий, пособий","['«Планируют всем пенсионерам дать 13-ю пенсию»', '«прибавят к пенсии в августе»', '«прибавка к пенсии к Новому году»', '«сведения о социальных выплатах»', '«доплаты детям»']",1.0
2022-31,2022,31,Работа властных структур,"['«Изменение законодательства о рекламе»', '«снижение ставок по ипотеке»']",1.0
2022-31,2022,31,"День Военно-морского флота, другие праздники, культурные мероприятия","['«Парад ВМФ»', '«парад в Ленинграде»', '«фестиваль музыки в Екатеринбурге»', '«День города Омска»', '«“Цветочный джем” в Москве»', '«завтра День пряника»']",1.0
2022-31,2022,31,"Санкции по отношению к России, их последствия, ситуация с газом в Европе","['«Санкции вводят»', '«новые санкции против России»', '«газ – отношения с Германией, не привозят турбину»', '«запрет на выдачу виз в Литве, Эстонии»']",1.0
2022-31,2022,31,"Поездка С. Лаврова по странам Африки, визит в Камбоджу","['«Лавров в Африку ездил»', '«Лавров летал в африканские страны»', '«визит Лаврова в Камбоджу»']",1.0
2022-32,2022,32,"Затрудняюсь ответить, нет ответа",[],52.0
2022-32,2022,32,Военная спецоперация России на Украине,"['«Военная операция на Украине»', '«война на Донбассе»', '«Донбасс интересует больше всего»', '«на Украине положительное идет со стороны российских войск и республик»', '«наши войска продвигаются вглубь Украины»', '«идет демилитаризация»', '«освобождение: Пески»', '«восстановление на Украине освобожденных городов»', '«РФ: нашли и уничтожили склад оружия, поставляемого Америкой на Украину»', '«Донецк. Расстрел мирных жителей»', '«атомную станцию запорожскую обстреляли на Украине»', '«война идет. Когда закончится, будет лучше»', '«на Украине что зря творится»']",37.0
2022-32,2022,32,Взрывы на военном аэродроме «Саки» в Крыму,"['«В Крыму были взрывы»', '«взрыв в Крыму, аэропорт подорвали»', '«взрыв в Крыму, сдетонировали бомбы»', '«взрывы в Новофёдоровке»', '«удар по Крыму»', '«хлопки в Крыму»']",2.0
2022-32,2022,32,Другие события в России,"['«Открытие Архангельского моста»', '«строительство кампуса в Томске»', '«крестный ход “Одигитрия”»', '«Навальный создал профсоюз в тюрьме, который называется “Промзона”. Он защищает права заключенных работников швейного производства»']",2.0
2022-32,2022,32,Другие события в мире,"['«Аномальная жара в Европе»', '«в Турции карту “Мир” разрешили»', '«обыск у Трампа»', '«высказывание Киссинджера»']",2.0
2022-32,2022,32,Природные катаклизмы в России,"['«Внутренние пожары, наводнения»', '«пожары в Екатеринбурге и вокруг»', '«пожары в Ямало-Ненецком автономном округе»', '«пожары в тайге»', '«потопы»', '«ураган в Комсомольске»']",1.0
2022-32,2022,32,"Преступления, несчастные случаи, аварии","['«Убийство врача»', '«женщина в Рязани попала под автобус»', '«склад “Озон” в Москве сгорел»', '«дом в Омске упал»']",1.0
2022-32,2022,32,Работа властных структур,"['«Мишустин о предпринимателях – развитие»', '«выступления Мишустина, Шойгу, Лаврова»', '«приезд Шойгу в Екатеринбург»', '«смена губернатора Томской области»']",1.0
2022-32,2022,32,"Визит Н. Пелоси на Тайвань, конфликт из-за этого между США и Китаем","['«Самолет с Пелоси, который летел на Тайвань»', '«про Китай и Тайвань»', '«ситуация с Китаем и Тайванем»', '«военные учения вокруг Тайваня»']",1.0
2022-32,2022,32,"Рост заболеваемости коронавирусом в России, возвращение противоковидных мер","['«Вспышка коронавируса»', '«ковид поднимается»', '«коронавирус возвращается»', '«опять новый штамм коронавируса, масочный режим»', '«возвращение масочного режима»', '«вакцинация»']",1.0
2022-32,2022,32,"Праздники, культурные мероприятия","['«День ВДВ»', '«День строителя»', '«парад ВМФ»', '«День физкультурника»', '«300-летие города Нижнего Тагила»', '«“Цветочный джем” по Москве, и медовый»']",1.0
2022-32,2022,32,"Повышение пенсий, пособий, МРОТ","['«Добавка пенсии»', '«индексация пенсий работающих»', '«материнский капитал повысят»', '«МРОТ увеличили»', '«повышение МРОТ до 30 тысяч»']",1.0
2022-32,2022,32,"Рост цен, тарифов","['«Всё подорожало»', '«повышение цен»', '«повышение роста цен на продукты»', '«медикаменты: подорожание»', '«подорожали авиаперелеты»']",1.0
2022-33,2022,33,"Затрудняюсь ответить, нет ответа",[],54.0
2022-33,2022,33,"Спецоперация, военные действия в целом","['«Военная операция на Украине»', '«спецоперация на Украине, постоянно, с первого дня»', '«боевые действия на Украине»', '«боевые действия на Донбассе»', '«“лепестки” на Украине»', '«война на Украине и гибель пацанов»']",31.0
2022-33,2022,33,Обстрелы Запорожской АЭС,"['«Обстреливают Запорожскую АЭС»', '«Запорожская АЭС – обстрел»', '«нацисты бьют по атомной АЭС на Украине»', '«что в Запорожье пытаются украинские войска обстрелять АЭС, и это, конечно, грозит катастрофой»']",3.0
2022-33,2022,33,Взрывы в Крыму,"['«Обстрел полуострова Крым»', '«беспилотники налетели на Крым»', '«обстрел Крыма беспилотниками»', '«взрывы в Крыму»', '«в Крыму взорвались боеприпасы»', '«обстрел штаба флота»']",3.0
2022-33,2022,33,Природные катаклизмы в России,"['«Наводнения по стране»', '«пожар в Рязанской области»', '«лесные пожары в Нижегородской области»', '«пожары в Рязани, наводнение в Сочи»', '«потоп в Тынде»', '«шторм в Кяхте»']",2.0
2022-33,2022,33,Другие события в России,"['«Взрыв в автомобиле – убийство журналистки Дугиной»', '«дочку Дугина взорвали сегодня»', '«открытие завода по обработке металла»', '«“Зенит” выиграл»']",2.0
2022-33,2022,33,Другие события в мире,"['«Засуха в Европе»', '«пожары в Лас-Вегасе»', '«на президента Трампа завели уголовное дело»', '«открытие дополнительных самолетов в Турцию»', '«Турция будет участвовать в восстановлении Украины»']",2.0
2022-33,2022,33,Работа властных структур,"['«Путин пенсионные вопросы решал»', '«Мишустин приезжал»', '«августовское совещание Министерства образования»', '«изменения Налогового кодекса»', '«выборы в Красноярске»']",1.0
2022-33,2022,33,"Преступления, несчастные случаи, аварии","['«В Башкирии убили девушку»', '«пропажа людей»', '«девочка упала в колодец в Чусовском районе»', '«горел склад “Озона”»']",1.0
2022-33,2022,33,Санкции по отношению к России,"['«Санкции против России, русских»', '«у США новые санкции против России»', '«санкции – газопровод»', '«перестали выдавать шенген»', '«приостановка транзита через Литву»']",1.0
2022-33,2022,33,"Праздники, зрелищные и культурные мероприятия","['«Открытие театров»', '«арт-фестиваль в Крыму»', '«прошли концерты, посвященные памяти группы “Кино” Виктора Цоя»', '«форум военной техники в Оби»', '«День села»']",1.0
2022-33,2022,33,"Рост заболеваемости коронавирусом в России, возвращение противоковидных мер","['«Увеличение количества больных ковидом в России»', '«рост ковида идет опять, не нравится мне это»', '«в Татарстане снова носят маски из-за роста заболеваемости ковидом»']",1.0
2022-33,2022,33,"Выплаты, повышение пенсий, пособий","['«Детские пособия»', '«соцподдержка семьям с маленькими детьми»', '«о выплате единовременного пособия детям»', '«питание детям»', '«о доплатах матерям»', '«пообещали 10 тысяч рублей»']",1.0
2022-33,2022,33,Рост цен,"['«Цены повышают»', '«рост цен»', '«цены взлетели»', '«цены дорогие»', '«повышение цен на продукты»']",1.0
2022-34,2022,34,"Затрудняюсь ответить, нет ответа",[],55.0
2022-34,2022,34,"Спецоперация, военные действия в целом","['«Про военную операцию на Украине»', '«с фронта»', '«специальная военная операция»', '«операция на Украине, наши выигрывают»', '«успехи спецоперации на Украине»', '«Украина – расстраиваюсь страшно»', '«про войну смотрю. Быстрее бы она, сволочь, закончилась»']",31.0
2022-34,2022,34,Природные катаклизмы в России,"['«Аномальная жара в регионе»', '«горят леса»', '«лесные пожары в Рязани»', '«пожары в Коми»', '«пожары в Марий Эл и Нижнем Новгороде»', '«наводнение»']",4.0
2022-34,2022,34,Убийство Дарьи Дугиной,"['«Взорвали журналистку в машине»', '«погибла журналистка Дарья»', '«убийство корреспондентки»', '«в шоке от военной журналистки Дарьи, которую хоронили»']",3.0
2022-34,2022,34,Обстрелы Запорожской АЭС,"['«Бомбардировка АЭС Украиной»', '«Запорожье долбят атомное»', '«атаки на Запорожскую АЭС»', '«украинцы стреляют по своей атомной станции»']",2.0
2022-34,2022,34,Работа властных структур,"['«Приезд Мишустина»', '«Мишустин был в Забайкалье»', '«изменения в законодательстве»']",1.0
2022-34,2022,34,"Рост заболеваемости коронавирусом в России, возвращение противоковидных мер","['«Вспышка ковида»', '«ковид растет»', '«вернут масочный режим»', '«коронавирус голову поднимает, 45 тысяч заболевших, в метро надевать маски надо»']",1.0
2022-34,2022,34,Взрывы в Крыму,"['«Бомбежка в Крыму»', '«взрывы в Крыму»', '«Крым бомбили»']",1.0
2022-34,2022,34,"Выплаты, повышение пенсий, пособий","['«Детские пособия»', '«пенсию прибавят, пишут в интернете, выплата пособий»', '«прибавка к пенсии»']",1.0
2022-34,2022,34,"Аварии, несчастные случаи","['«Аварии все крупные. Шестнадцать человек погибло в Ульяновске, у нас фура врезалась»', '«горение склада»', '«поджог на заправке, сам себя поджег»', '«девочка на самокате, пять лет – разбилась насмерть в садике»']",1.0
2022-34,2022,34,"Праздники, зрелищные мероприятия","['«День города»', '«День шахтера»', '«День российского флага вроде»']",1.0
2022-34,2022,34,Другие события в России,"['«Увеличение численности армии»', '«Ройзмана задержали, экс-мэр Екатеринбурга»', '«спартакиада народов России»', '«поднятие цены за подключение электроэнергии»']",1.0
2022-34,2022,34,Другие события в мире,"['«Вопросы о газе за границей»', '«грызня вокруг Тайваня»', '«снос памятников в Латвии»']",1.0
2022-35,2022,35,"Затрудняюсь ответить, нет ответа",[],53.0
2022-35,2022,35,"Спецоперация, военные действия в целом","['«Слежу за Украиной постоянно»', '«военная операция на Украине»', '«показывают одну войну»', '«сводки с Украины»', '«боевые действия на Украине»', '«война на Донбассе, в Донецке»', '«Донбасс, Николаев»', '«противостояние ВСУ – Россия»', '«война на Украине, и гибнут там тысячи»', '«контрнаступление в Херсоне»', '«контрнаступление ВСУ и отпор им»']",31.0
2022-35,2022,35,"Обстрелы Запорожской АЭС, визит представителей МАГАТЭ","['«Бомбят город Энергодар, где находится АЭС»', '«бомбардировка Запорожской АЭС»', '«обстрел Запорожской АЭС»', '«визит комиссии на Запорожскую АЭС»', '«приезд делегации МАГАТЭ на Запорожскую станцию»']",4.0
2022-35,2022,35,Смерть М. Горбачева,"['«Ушел из жизни Горбачев»', '«Горбачев умер»', '«умер Михаил Горбачев»']",3.0
2022-35,2022,35,"День знаний, другие праздники, памятные события","['«Все новости на тему 1 сентября»', '«День российского флага»', '«День Республики в Татарстане»', '«День нефтяников»', '«День города»', '«праздник урожая»', '«“Сургутнефтегазу” 45 лет»']",2.0
2022-35,2022,35,Природные катаклизмы в России,"['«Пожары»', '«леса горят»', '«пожары в Рязанской области и в Подмосковье»', '«наводнение»', '«в Татарстане ожидаются заморозки»']",2.0
2022-35,2022,35,Другие события в России,"['«Поднятие флага в техникумах и школах, поднятие патриотизма»', '«в школе заинтересовали гимн, поднятие флага, новые предметы им ввели»', '«рост цен на бензин»', '«футбол, кубок России»', '«Пугачева вернулась в Россию»', '«Лепс приезжал в Татарию»']",2.0
2022-35,2022,35,События вокруг поставок энергоносителей в Европу,"['«Газ отключили - “Северный поток 1”»', '«на энергоносители цены за границей повысились»', '«рост цен на нефть»', '«потолок на покупку нефти»', '«слова Шольца: “Германия справится без газа России”»', '«Франция не оплатила нам за газ»']",1.0
2022-35,2022,35,Работа властных структур,"['«Закон об образовании»', '«принятие законов о повышении качества уровня жизни педагогов»', '«партия хочет повысить МРОТ до 30 тысяч рублей»', '«Кадыров заявил, что засиделся на посту Чечни»']",1.0
2022-35,2022,35,"Поездки, выступления В. Путина","['«Визит президента в Калининградскую область»', '«Путин приезжал в Калининград»', '«открытый урок президента»', '«Путин начинает поездку на Дальний Восток»']",1.0
2022-35,2022,35,"Рост заболеваемости коронавирусом в России, возвращение противоковидных мер","['«Новый коронавирус»', '«пандемия опять начинается»', '«рост коронавируса в России»', '«скоро маски опять будут»']",1.0
2022-35,2022,35,"Выплаты, повышение пенсий, пособий, МРОТ","['«Повышение МРОТ»', '«пособия малоимущим»', '«повышение детских пособий»', '«прибавка пенсии»', '«материнский капитал повышают»', '«выплаты детям»']",1.0
2022-35,2022,35,Взрывы в Крыму,"['«Беспилотники в Севастополе»', '«угроза Севастополю»', '«ракеты взорвались в Балаклаве»', '«взрывы в Крыму: Евпатория, Керчь, Севастополь, Балаклава»']",1.0
2022-35,2022,35,"Аварии, несчастные случаи","['«Аварии, пожары»', '«ДТП в Ульяновской области»', '«горел рынок “Людмила” в Волжском»', '«мусоровоз сбил детей»', '«смерть ребенка в Тольятти»']",1.0
2022-35,2022,35,Другие события в мире,"['«Курс евро падает»', '«засуха в Европе»', '«наводнения в Индии и Пакистане»', '«Багдад – военные стычки»', '«запреты на визы для всех россиян»', '«открытие в Казахстане русских школ»', '«в Армении взорвался торговый центр»']",1.0
2022-36,2022,36,"Затрудняюсь ответить, нет ответа",[],52.0
2022-36,2022,36,"Спецоперация, военные действия в целом","['«Хроники спецоперации на Украине»', '«об Украине, о войне»', '«война, спецоперация, много молодых мужчин гибнет»', '«действия, наше продвижение на Украине»', '«сводки со спецоперации на Украине, о том, как наши войска борются с украинскими карателями»', '«наступление украинских войск под Херсоном и под Харьковом»']",34.0
2022-36,2022,36,Смерть королевы Елизаветы II,"['«Смерть английской королевы»', '«королева Британии умерла»', '«смерть Елизаветы, королевы»', '«умерла Елизавета II»']",5.0
2022-36,2022,36,"Обстрелы Запорожской АЭС, визит представителей МАГАТЭ","['«Атомная станция на Запорожье под обстрелом»', '«удары по АЭС»', '«обстрел Запорожской АЭС»', '«миссия приезжала на АЭС»', '«наличие ответа МАГАТЭ»']",2.0
2022-36,2022,36,VII Восточный экономический форум,"['«Восточный форум»', '«Дальневосточный форум»', '«Восточный экономический форум»', '«форум был во Владивостоке»', '«форум на Дальнем Востоке»', '«ВЭФ во Владивостоке»']",2.0
2022-36,2022,36,Смерть и похороны Михаила Горбачева,"['«Смерть Горбачева»', '«Горбачев умер»', '«Горбачева жалко, он такой перестройки не хотел»', '«Горбачева похоронили»']",2.0
2022-36,2022,36,Работа властных структур,"['«Работа правительства»', '«Мишустин выделяет средства на дороги, мосты»', '«закон о разделе имущества»', '«закон ЖКХ об оплате долгов соседей»', '«законопроекты вносила Госдума: чтобы в интернете не было пропаганды чайлдфри и про культуру»', '«Миронов – за отмену пенсионной реформы»', '«ввели в школе подъем флага»', '«съезд партийный»']",1.0
2022-36,2022,36,"Аварии, несчастные случаи","['«Аварии на дороге»', '«гибель туристов на Эльбрусе»', '«гибель девяти человек альпинистов на Ключевской сопке»', '«крупный пожар в Уфе»', '«мусоровоз переехал двух девочек»', '«пожар в торговом центре»', '«рядом с домом горела свалка, резина горела»']",1.0
2022-36,2022,36,Выборы,"['«Выборы»', '«выборы губернатора»', '«выборы в Москве»', '«выборы в Нерюнгри идут»']",1.0
2022-36,2022,36,"Поездки, выступления В. Путина","['«Высказывания Путина»', '«выступление Путина на Приморском совещании»', '«конференция Путина»', '«Путин отстаивает свое мнение по отношению к Европе»', '«Путин, выступление про Россию»', '«Путин созвал Совет безопасности на внеочередное заседание»', '«Путин восстановил школы на Украине»']",1.0
2022-36,2022,36,"День знаний, другие праздники","['«Первое сентября»', '«День города»', '«праздник в Москве – День города»', '«День города Нефтекамск»']",1.0
2022-36,2022,36,Природные катаклизмы в России,"['«Последние сводки о погоде»', '«тайфун в Приморье»', '«катаклизмы в Питере»', '«пожары в Подмосковье»']",1.0
2022-36,2022,36,Криминальные события,"['«Криминал»', '«события в Ростове, нашли убитую девочку»', '«девочку 14 лет изнасиловали и убили»', '«убийство Дугиной»', '«вчера таксиста убили в Дубинино»']",1.0
2022-36,2022,36,Спортивные события,"['«Спортивные новости»', '«Лига чемпионов»', '«евротурнир “Лига чемпионов”. Наших не допустили»', '«футбольный матч в Москве на стадионе ЦСКА»']",1.0
2022-36,2022,36,Другие события в России,"['«То, что есть люди, которые возрождают Россию своим трудом, приносят пользу, организовывают свои хозяйства»', '«повышение цен на бензин»', '«кинофестиваль»', '«обыски у журналистов и приговор Сафронову»', '«восстановление Саур-Могилы очень быстрое»', '«метро в Красноярске»']",1.0
2022-36,2022,36,Другие события в мире,"['«Всё, что связано с подачей газа в Европу»', '«отмена виз россиянам»', '«смерч в Китае»', '«в Китае землетрясение»', '«отмена запуска американской ракеты в космос»', '«совещание в Киргизии»', '«взрыв в Афганистане, в Кабуле»']",1.0
2022-37,2022,37,"Затрудняюсь ответить, нет ответа",[],51.0
2022-37,2022,37,"Спецоперация, военные действия в целом","['Слежу за ходом спецоперации', 'новости о военных действиях на Украине', 'военные действия на Украине', 'бомбят, стреляют – Украина', 'за Украину переживаю, за наших ребят', 'наши плохо наступают', 'напряженность на Украине, по нам ударили ракетой. Почему им можно всё, а нам ничего?', 'обстрел российских территорий', 'генпрокурор ЛНР погиб при взрыве в Луганске']",34.0
2022-37,2022,37,Смерть королевы Елизаветы II,"['Королева', 'смерть Елизаветы II, королевы Великобритании', 'Елизавета скончалась', 'смерть Елизаветы II', 'смерть и похороны Елизаветы II', 'похороны королевы']",4.0
2022-37,2022,37,Отход российских войск в Харьковской области,"['Контратака украинских войск', 'небольшое поражение нашей армии в спецоперации на Украине', 'отступление на Украине наших войск', 'поразило меня, что наши войска отошли', 'сдача Балаклеи', 'отступление наших войск по Харькову и оставление Изюма', 'вывод войск РФ из Харьковской области']",3.0
2022-37,2022,37,Саммит ШОС-2022 в Самарканде,"['Китайское объединение стран, саммит ШОС', 'саммит Шанхайской организации', 'встреча стран ШОС', 'саммит в Узбекистане', 'саммит в Самарканде', 'форум в Самарканде, ШОС', 'ШОС заседало, внимательно следила']",2.0
2022-37,2022,37,Другие события в России,"['Информация по детским пособиям', 'подорожание страховки ОСАГО и вообще подорожание всего', 'про Горбачева', 'новости о том, что в России нет своего семенного фонда', 'дорогу открыли в Йошкар-Оле', 'обещают включить отопление', 'Соловьеву набили лицо']",2.0
2022-37,2022,37,Другие события в мире,"['Америка отказалась спасать Европу', 'бои на границе Киргизии и Таджикистана', 'в США обнародован план разрушения России', 'отношение к России других стран', 'экономический форум ВЭФ', 'совместные учения Китая и России', 'газа нет в Европе', 'Италия – наводнения', 'проблема с картой “Мир” в Турции', 'Турция будет оплачивать часть поставок газа из России в рублях']",2.0
2022-37,2022,37,Выборы,"['Выборы были', 'выборы прошли', 'выборы в Мосгордуму', 'выборы муниципальные', 'голосовать ходили', 'результаты выборов']",1.0
2022-37,2022,37,Обострение ситуации в Нагорном Карабахе,"['Война в Карабахе', 'обстрелы с Азербайджана в Армению', 'Азербайджан ввел войска в Армению', 'в Армении опять война началась, границу нарушил Азербайджан', 'в Армении и Азербайджане война, 150 человек погибли, и никто не говорит']",1.0
2022-37,2022,37,"Поездки, выступления, действия В. Путина","['С Путиным связано', 'действия Путина', 'Путин ездит по Азии', 'Путин ездил в Самарканд', 'выступление Путина', 'Путин заявил о желании завершить конфликт на Украине как можно быстрее', 'Путин прекратил поставку палладия']",1.0
2022-37,2022,37,"День знаний, другие праздники","['Первое сентября, начало учебного года', 'первое сентября, первый день занятий в школах у детей', '85 лет краю', 'День Москвы', 'День города', 'День города прошел в Вольске']",1.0
2022-37,2022,37,Работа властных структур,"['Реформа образования', 'в школе хотят ввести единую систему обучения', 'принятие новых законов', 'Центральный банк понизил ставку']",1.0
2022-37,2022,37,Рост заболеваемости коронавирусом,"['Информация о коронавирусе', 'коронавирус ходит', 'возвращение ковида', 'подъем коронавируса', 'вспышка коронавируса', 'масочный режим хотят ввести']",1.0
2022-37,2022,37,"Аварии, несчастные случаи","['Аварии, ДТП', 'ДТП на трассе в Горно-Алтайске', 'пожар в Рязани', 'пожар торгового центра в Уфе', 'мальчика сшибло трамваем']",1.0
2022-38,2022,38,Частичная мобилизация,"['Мобилизация на Украину', 'мобилизация частичная', 'набирают в армию', 'последние новости про мобилизацию', 'призыв на войну']",47.0
2022-38,2022,38,Военная спецоперация России на Украине,"['Военные действия на Украине', 'война в Украине. Ждем только победы', 'наши бьют плохо Украину, гибнут много и с той стороны, и с нашей', 'потеря наших ребят на Украине, больно это', 'война и ее окончание, жалко людей и там, и тут']",27.0
2022-38,2022,38,"Затрудняюсь ответить, нет ответа",[],23.0
2022-38,2022,38,Референдумы на Украине о присоединении к России,"['Референдум на Украине', 'голосование, референдумы в ДНР, ЛНР, Херсонской и Запорожской областях', 'про референдум', 'что идут выборы на Украине – референдум', 'Донбасс, Луганск переходят в Россию']",5.0
2022-38,2022,38,Работа властных структур,"['Выступление Лаврова', 'работа правительства', 'выборы губернаторов']",1.0
2022-38,2022,38,Генассамблея ООН,"['Генеральная ассамблея ООН', 'заседание организации ООН', 'сессия ООН']",1.0
2022-38,2022,38,Другие события в России,"['Подорожание всего', 'разбился артист, который на Донбасс ехал', 'в Москве митинг против войны', '“Локомотив” проиграл ""Спартаку""']",1.0
2022-38,2022,38,Другие события в мире,"['Германия отказала Украине в поставке “Леопардов”', 'продажа украинских земель США']",0.0
2022-39,2022,39,Частичная мобилизация,"['Частичная мобилизация в России', 'мужчин забирают', 'забирают ребят воевать, защищать', 'мобилизация. Два брата и племянник', 'обучение призывников, мобилизация', 'муж ушел добровольцем', 'бегство из России от мобилизации']",34.0
2022-39,2022,39,Военная спецоперация России на Украине,"['Война, спецоперация на Украине, больше ничего не показывают', 'всё про Украину и события, связанные с ней', 'новости о том, как на Украине складывается ситуация в настоящее время', 'бои под Лиманом', 'наши отступают на Украине', 'о наших солдатах, которые сейчас там погибают']",25.0
2022-39,2022,39,"Затрудняюсь ответить, нет ответа",[],22.0
2022-39,2022,39,"Результаты референдумов о присоединении к России, вхождение в Россию новых территорий","['Референдум и последствия', 'результаты референдума', 'воссоединение Донецкой, Луганской, Херсонской, Запорожской областей с Россией', 'вступление бывших территорий Украины в состав России', 'признание референдумов и включение в состав России четырех новых субъектов Федерации', 'Россия прирастает новыми территориями']",20.0
2022-39,2022,39,Взрыв на газопроводах «Северный поток»,"['Взорвали трубу газовую', 'взрыв газопровода в Германии', 'газ, диверсия', 'газопровод взорвали', 'диверсия на газопроводе', 'теракт на “Северном потоке”']",5.0
2022-39,2022,39,Трагедия в Ижевске,"['В Ижевске в школу ворвался вооруженный человек и убил детей', 'в Ижевске дети погибли', 'расстрел в школе Ижевска', 'теракт в Ижевске', 'на школу напали', 'перестрелка в школе']",2.0
2022-39,2022,39,"Обострение отношений с США, Западом, угроза ядерной войны","['На нас все обозлились', 'США угрожают России', 'ядерная угроза', 'провокация со стороны Запада ядерной войной', 'про ядерную войну. Самое ужасное, что может случиться']",1.0
2022-39,2022,39,Другие события в России,"['Прямой эфир с Владимиром Путиным', 'закрытие каналов в интернете, объявление иноагентами самых популярных людей']",
2022-40,2022,40,Военная спецоперация России на Украине,"['«Боевые действия в ДНР, ЛНР, Запорожье, в Херсонской области. Хотим, чтобы не было войны»', '«боевые действия на Украине, спецоперация»', '«военная операция»', '«сводки о СВО»', '«про войну на Украине»', '«война в Донбассе»', '«бои успешно идут»', '«наши отступают»', '«отступление в Херсоне, на харьковском направлении»', '«захват Лимана»', '«о войне на Украине – что украинцы побеждают, и нам стыдно, что наши отступают. Был бы моложе, сам бы пошел воевать»', '«СВО: сдача 400 квадратных километров»']",33.0
2022-40,2022,40,"Затрудняюсь ответить, нет ответа",[],31.0
2022-40,2022,40,Частичная мобилизация,"['«Призыв в армию: начали всех подряд брать, и больных, а потом отсеивают»', '«мобилизация, забирают молодых пацанов, соседа призвали»', '«мобилизация: забрали мужа»', '«мобилизация. У нас мужа забрали с голой жопой, пришлось самому всё покупать – спальники, рюкзаки, наколенники, налокотники»', '«солдатам-призывникам собираем всю одежду»', '«как наших военных собрали – плохое снаряжение на спецоперацию»', '«мобилизация и то, как русские стали сливаться из страны»']",19.0
2022-40,2022,40,Взрыв Крымского моста,"['«Атака на Крымский мост»', '«взорвали мост Крымский»', '«взрыв вчерашний на Крымском мосту»', '«Крымский мост разбомбили»', '«сегодня взорвали Крымский мост»', '«теракт на Крымском мосту»', '«возмущает, что мост взорвали. Как это так получилось?»']",16.0
2022-40,2022,40,"Результаты референдумов на Украине о присоединении к России, вхождение в Россию новых территорий","['«Референдум на Украине»', '«вхождение в состав РФ четырех областей Украины»', '«присоединение ДНР и ЛНР, Херсонской и Запорожской областей»', '«присоединение новых территорий к России»', '«воссоединение с Украиной»', '«аннексия оккупированных территорий»']",5.0
2022-40,2022,40,Взрывы газопроводов «Северный поток»,"['«Взрывы “Северных потоков”»', '«взрыв на “Северном потоке”»', '«взрыв трубопровода»', '«газ взорвали в Балтийском море»', '«подрыв газопровода»', '«теракты - взрыв газопровода»']",2.0
2022-40,2022,40,"Юбилей В. Путина, его выступления","['«День рождения Владимира Владимировича Путина»', '«юбилей Путина»', '«выступление Путина»', '«Путин выступал перед журналистами после ШОС, когда он говорил, что США чуть ли не демоны. Вот это мне очень понравилось»']",1.0
2022-40,2022,40,"Обострение отношений с США, Западом, угроза ядерной войны","['«Америка на нас нападет»', '«санкции»', '«угроза ядерной войны»', '«что используют атомную бомбу»']",1.0
2022-40,2022,40,Трагедия в Ижевске,"['«Ижевская школа»', '«обстреляли школу в Ижевске»', '«стрельба в школе в Ижевске»', '«теракт: Ижевск»']",1.0
2022-40,2022,40,Другие события в России,"['«Повышение квартплаты»', '«поднимают доплаты социальные»', '«высказывания Кадырова по поводу генералов»', '«ситуация в стране»']",1.0
2022-40,2022,40,Другие события в мире,"['«Женщина в космос полетела с американской стороны»', '«Илон Маск высказался о присоединении областей к России»', '«соглашение ОПЕК»', '«спортивные события»']",1.0
2022-41,2022,41,"Спецоперация, военные действия в целом","['«Военные действия в Украине»', '«военная операция на Украине»', '«всё о СВО»', '«наблюдаем за военными действиями, мониторим, переживаем»', '«уже привыкаем к новостям с фронта»', '«война, зверства нацистов»', '«война на Украине, успехи наших войск»', '«а наши побеждают»', '«война на Украине. Скорее бы дошли до Одессы»']",34.0
2022-41,2022,41,Частичная мобилизация,"['«Мобилизация и условия жизни мобилизованных»', '«отправляют мобилизованных на Украину»', '«забирают молодых ребят. Прямо бесит. Хоть всё и понимаю, но не хочется, чтобы свои родные пошли»', '«братишку мужа забрали, ну, в общем, мобилизовали»', '«что детей отправляют на Украину, крестника забрали»', '«мобилизация, самое страшное для меня»']",14.0
2022-41,2022,41,Взрыв Крымского моста,"['«Взрыв на мосту»', '«теракт на мосту»', '«Крымский мост взрыв»', '«мост, событие на Крымском мосту»', '«подрыв Керченского моста»']",13.0
2022-41,2022,41,Ответные удары по Украине,"['«Массированный ответ России ракетами»', '«дали достойный ответ Украине»', '«наши ответные удары»', '«удар по критической инфраструктуре Украины»', '«бомбежки Киева»', '«начали бомбить Киев, очень порадовало»', '«удар по Украине, то, что давно должны были сделать»', '«вдарили по хохлам»']",9.0
2022-41,2022,41,Обстрелы Украиной российских территорий,"['«Атаки на нашу территорию»', '«Украина заходила на нашу территорию»', '«Белгород бомбят»', '«теракт в Белгородской области»', '«сегодня по Белгороду ударили, заразы»']",2.0
2022-41,2022,41,Встречи и выступления В. Путина,"['«Путин выступал»', '«выступление Путина на конференции»', '«встреча с Эрдоганом»', '«Путин беседовал с Белоруссией, с Казахстаном»']",1.0
2022-41,2022,41,"Обострение отношений с США, Западом, угроза ядерной войны","['«Восьмой пакет санкций»', '«новые санкции против России»', '«то, что американцы готовят опять санкции, ядерную угрозу делают»', '«ядерная угроза»', '«ядерный Армагеддон»']",1.0
2022-41,2022,41,Взрыв газопроводов «Северный поток»,"['«Газовая труба»', '«подрыв газопровода»', '«подрыв “Потоков”»', '«подрыв “Северного потока”»']",1.0
2022-41,2022,41,Саммит в Астане,"['«Встреча в Астане»', '«саммит в Средней Азии»', '«совещание стран СНГ»']",1.0
2022-41,2022,41,Вхождение в Россию новых территорий,"['«Присоединение ЛНР и ДНР»', '«то, что ДНР и ЛНР присоединились»', '«присоединение областей»', '«страна стала больше»']",1.0
2022-41,2022,41,Другие события в России,"['«Рост цен на продукты»', '«учение РВСН в Марий Эл»', '«стрельба в Ижевске в школе»']",1.0
2022-41,2022,41,Другие события в мире,"['«Заседание ЕС, где РФ признали пособником террористов»', '«140 государств в ООН ополчились против россиян. Нет друзей»', '«Турцию хотят сделать хабом»']",0.5
2022-42,2022,42,Военная спецоперация России на Украине,"['«Боевые действия на Украине»', '«новости с Украины»', '«про специальную военную операцию»', '«сводки с фронта»', '«Украина и действия российской армии»', '«война, мало долбят этих бандеровцев»', '«наступление наших войск»', '«наши идут в бой»', '«эвакуация людей из Херсона»', '«дали ответ Украине, отключили от энергосбережения»', '«Киев бомбят, я рад этому»', '«мне понравилось, что мы даем ответ Украине, я бы всё сровняла там»', '«Белгород бомбят»', '«обстрел Белгорода и Курска»', '«бомбежка в Крыму»']",45.0
2022-42,2022,42,"Затрудняюсь ответить, нет ответа",[],37.0
2022-42,2022,42,Частичная мобилизация,"['«Мобилизация массовая»', '«на войну забирают, мобилизация»', '«забирают детей на войну»', '«внука забрали на мобилизацию»', '«мобилизация. Почему без медконтроля?»', '«частичная отмена частичной мобилизации»', '«мобилизация все-таки закончится»']",10.0
2022-42,2022,42,"Взрыв Крымского моста, его восстановление","['«Мост, взрыв в Крыму»', '«разбомбили мост»', '«взорвали мост»', '«Крымский мост, восстановление»', '«ремонт моста»']",3.0
2022-42,2022,42,Падение самолета в Ейске,"['«В Ейске упал самолет»', '«взрыв самолета в Ейске»', '«катастрофа с самолетом в Краснодарском крае»', '«самолет врезался в дом»']",3.0
2022-42,2022,42,"Вхождение в Россию новых территорий, введение там военного положения","['«К нам перешли области Украины»', '«присоединение украинских территорий»', '«введение военного положения в присоединенных территориях»', '«введение военного положения в четырех областях России»']",3.0
2022-42,2022,42,Работа властных структур,"['«Замена командующего»', '«недоверие к президенту Дагестана»', '«закон о детских пособиях»']",1.0
2022-42,2022,42,Встречи и выступления В. Путина,"['«Приезд Путина в Сельцы»', '«встреча Путина в Казахстане»', '«было Федеральное собрание и обращение Путина какое-то внеочередное. Постоянно какие-то обращения Путина»']",1.0
2022-42,2022,42,Другие события в России,"['«Инфляция, рост цен»', '«большие квартплаты»', '«сбила актриса Большова женщину машиной насмерть»', '«подростки подожгли женщину-пенсионерку»']",1.0
2022-42,2022,42,Другие события в мире,"['«Лиз Трасс ушла»', '«выборы в США»', '«поставки оружия Европой Украине»']",1.0
2022-43,2022,43,"Затрудняюсь ответить, нет ответа",[],42.0
2022-43,2022,43,"Спецоперация, военные действия в целом","['Обстановка на Украине', 'военная операция на Украине', 'ход СВО', 'успехи России в СВО', 'военные действия на Донбассе', 'бомбежки Украины', 'обстрелы всей Украины', 'бомбили Киев', 'взрывы на ТЭЦ', 'успехи наших войск на угледарском направле- нии', 'бои в районе Сватово', 'события в Херсоне, эвакуация', 'Херсон – что дамбу хотят уничтожить и затопить людей', 'моло- дежь гибнет на войне']",35.0
2022-43,2022,43,"Частичная мобилизация, ее завершение","['Отчетность о мобилизации', 'всё, что связано с мобилизацией', 'детей в армию забирают', 'забирают мальчишек на войну', 'врут безбожно о наборах новобранцев, что одевают, обувают', 'облава в Ивановской области для мобилизации', 'завершение частичной мобилизации', 'конец мобилизации']",9.0
2022-43,2022,43,Информация о работах по созданию «грязной бомбы» на Украине,"['“Бомба грязная” на Украине', '“грязная бомба” – Украина собирается применить', '“грязная бомба” разговоры о ней', 'сюжет с “грязной бомбой” на Украине', 'ядерная угроза со стороны Украины']",5.0
2022-43,2022,43,"Международный дискуссионный клуб «Валдай», выступление там В. Путина","['“Валдай”, выступление Путина', '“Валдай” – Путин отвечал на вопросы', 'участие в Валдайском экономическом форуме Путина и сам форум', 'форум на Валдае']",5.0
2022-43,2022,43,"Обстрел российских территорий со стороны Украины, теракты на них","['Взрыв моста в Крыму', 'обстрелы Белгородской области', 'обстрел Шебекино', 'взрывы в Брянской области', 'терроризм в Брянске']",2.0
2022-43,2022,43,Другие события в России,"['Мишустин поехал в Казахстан', 'господдержка беженцев из Украины', 'Ксения Собчак сбежала', 'кража госрезерва', 'пожар на складе в Питере', 'рост цен на товары и услуги']",2.0
2022-43,2022,43,Другие события в мире,"['Выбран новый премьер Британии', 'блокировка зернового потока', 'выкуп Твиттера Илоном Маском', 'в Сеуле на истекшей неделе погибло 150 человек на празднике Хэллоуин']",2.0
2022-43,2022,43,Падение самолетов,"['Самолеты падают', 'два взрыва самолетов', 'падение самолета в Иркутске', 'крушение самолета в Ново-Ленино', 'самолет раз- бился', 'самолет упал на жилой дом']",1.0
2022-45,2022,45,"Затрудняюсь ответить, нет ответа",[],45.0
2022-45,2022,45,"Спецоперация, военные действия в целом","['«Военная спецоперация на Украине»', '«военные действия на Украине»', '«вести с фронта»', '«обстановка на Украине»', '«война тревожит»', '«Донбасс, события с ним»', '«я всегда смотрю про Украину, переживаю, плачу, мне их жалко»', '«смерти мирных граждан с обеих сторон на месте боевых действий»', '«спецоперация на Украине. На войне погибли ребята, очень много знакомых погибло»', '«Украина: уже погибают наши мобилизованные»']",32.0
2022-45,2022,45,Уход российских войск из Херсона,"['«Взятие Херсона ВСУ»', '«войска отвели от Херсона»', '«наши войска оставили Херсон»', '«отступление на левый берег вооруженных сил»', '«тактический отход из Херсона на левый берег»', '«частичная отдача Херсонской области»']",14.0
2022-45,2022,45,"Частичная мобилизация, ее завершение","['«Мобилизация в стране»', '«мобилизация мужчин на Украину»', '«нарушение правил мобилизации»', '«мобилизация закончилась»', '«мобилизация, ее завершение»', '«брат ушел на войну»', '«племянника забрали в Луганск»']",4.0
2022-45,2022,45,Другие события в России,"['«Подготовка соцработников к СВО»', '«праздник 7 ноября»', '«подорожание недвижимости»', '«повышение цен на газ»']",2.0
2022-45,2022,45,Другие события в мире,"['«20-й съезд Компартии Китая»', '«подготовка к саммиту G-20»', '«взрыв в Турции»', '«давка в Сеуле»', '«в Италии украинских беженцев выселяют из отелей»']",2.0
2022-45,2022,45,Обстрелы российских территорий со стороны Украины,"['«Обстрелы Белгородской области»', '«Киев планирует атаковать Белгородскую и Курскую области»']",1.0
2022-45,2022,45,Выборы в США,"['«В Америке выборы»', '«выборы в США»', '«перевыборы в Америке»']",1.0
2022-45,2022,45,"Повышение зарплат, пенсий, пособий","['«О повышении пенсии»', '«детям надбавку сделали»', '«о выплатах детских»', '«поднимают детский капитал и пособия»', '«принят закон по детским выплатам от 0 до 17 лет, увеличение МРОТ»']",1.0
2022-45,2022,45,"Аварии, пожары","['«Запомнилось, что аварий много разных»', '«падение самолета в Костроме»', '«упавший самолет в Иркутске»', '«пожар в Москве»', '«пожар в Костроме, люди пострадали»']",1.0
2022-45,2022,45,Работа властных структур,"['«Выступление премьера»', '«указ о выплатах мобилизованным»', '«сформировать запас лекарств на 4 месяца»', '«разрешили старшеклассникам не посещать необязательные предметы»']",1.0
2022-45,2022,45,Криминальные события,"['«Тройное убийство в Осе»', '«мужчина ударил женщину топором в Нерехте»', '«в Костроме женщина выкинула ребенка из окна»', '«водитель избил парня ни за что»']",1.0
2022-46,2022,46,"Спецоперация, военные действия в целом","['«Боевые действия на Украине»', '«о нашей военной операции»', '«обзор СВО»', '«военные действия на Украине»', '«конечно, же Украина»', '«везут технику военную на Украину»', '«продвижение российских войск»', '«успехи на Украине»', '«переживание за войну»', '«война, жаль, гибнут молодые»', '«война, наших детей убивают».']",41.0
2022-46,2022,46,Оставление Херсона российскими войсками,"['«Отступление из Херсона»', '«отвод войск на правый берег»', '«благополучный отвод войск из-под Херсона»', '«сдали Херсон»', '«больше всего переживаю, что оставили Херсон»', '«Херсон: вывод войск, эвакуация и то, что там творится сейчас, – ВСУ убивают».']",5.0
2022-46,2022,46,Падение ракет в Польше,"['«Какая-то ракета прилетела в Польшу»', '«на Польшу попал снаряд»', '«падение украинский ракеты в Польше»', '«Польша: ракета на границе»', '«провокация Украины в Польше»', '«наглость Украины – запустили в Польшу, а Россию обвиняют».']",5.0
2022-46,2022,46,Расстрел российских военнопленных,"['«Убийство наших ребят пленных»', '«на Украине солдат наших расстреляли»', '«расстрел военнопленных»', '«показали наших пленных расстрелянных. Как они издеваются, и как мы относимся к пленным»', '«как хохлы расстреляли наших пленных десять человек сегодня, причем на камеру, и мы уже подали в ООН об этом».']",3.0
2022-46,2022,46,Саммит G-20 на Бали,"['«Саммит G-20»', '«саммит “Большой двадцатки""»', '«саммит на Бали»', '«поездка Лаврова на G-20»', '«Лаврова высказывание на саммите».']",2.0
2022-46,2022,46,Обстрелы российских территорий со стороны Украины,"['«Белгородская область и Курская – обстрелы»', '«взрывы в Белгороде»', '«Белгород: снаряды залетают»', '«обстреляли Тёткино».']",1.0
2022-46,2022,46,"Частичная мобилизация, ее завершение","['«Мобилизация»', '«после того как ввели мобилизацию – больше ничего»', '«мобилизацию закончили».']",1.0
2022-46,2022,46,Повышение и выплата пособий,"['«Выплата денег семьям мобилизованных»', '«выплаты пособий на детей»', '«детские выплаты»', '«повышение материнского капитала»', '«пособия на детей».']",1.0
2022-46,2022,46,Работа властных структур,"['«Ввели на рассмотрение в Думу закон о чистоте русского языка»', '«изменения в налоговом законодательстве»', '«хотят начальную военную подготовку сделать в школах»', '«цензура компьютерных игр: проходит слушание закон о насилии».']",1.0
2022-46,2022,46,"Рост цен, тарифов","['«Рост цен на питание»', '«цены на продукты в Барнауле»', '«увеличение тарифов ЖКХ»', '«о повышении коммуналки»', '«ЖКХ поднимут на 9%»', '«повышение тарифов ЖКХ и транспорта».']",1.0
2022-46,2022,46,Аварии,"['«Аварии»', '«самолет упал»', '«взрыв газа»', '«рухнул дом на Сахалине».']",1.0
2022-46,2022,46,Теракт в Турции,"['«Взрыв в Турции, в Стамбуле»', '«Стамбул – теракт»', '«взрыв в Турции. Сказали, что теракт».']",1.0
2022-46,2022,46,Другие события в России,"['«В Курске делают мемориал о погибших в Великой Отечественной войне»', '«день правовой помощи для несовершеннолетних»', '«перемена погоды в регионе»', '«гололед по всему краю. В нашем крае видели уток».']",1.0
2022-46,2022,46,Другие события в мире,"['«В Казахстане выборы»', '«вернули аккаунт Трампа»', '«начинается чемпионат мира по футболу».']",1.0
2022-47,2022,47,"Затрудняюсь ответить, нет ответа",[],51.0
2022-47,2022,47,"Спецоперация, военные действия в целом","['«Вести с фронта»', '«всё связанное с СВО»', '«новые боевые действия»', '«Украина, обстрелы Киева, инфраструктуры»', '«наступают наши»', '«военная операция, жду победы»', '«про спецоперацию. Когда она закончится-то? Сколько поубивали-то уже. В Дрезну пять гробов пришли где-то месяц назад».']",39.0
2022-47,2022,47,Расстрел российских военнопленных,"['«Расстрел военнопленных российских на Украине»', '«наших пленных расстреляли»', '«расстрел российских военнопленных фашистами»', '«убийства наших пленных солдат».']",2.0
2022-47,2022,47,Уход российских войск из Херсона,"['«Вывод войск из Херсона»', '«потеря Херсона»', '«сдача Херсона»', '«отступление от Херсона, переход на левую сторону Днепра».']",2.0
2022-47,2022,47,Чемпионат мира по футболу,"['«Чемпионат мира по футболу в Катаре»', '«чемпионат мира»', '«наших отстранили от участия в чемпионате по футболу в Катаре».']",2.0
2022-47,2022,47,Другие события в России,"['«Коронавирус снова начинается»', '«Россия наращивает военное присутствие и готовится к конфликту в Арктике»', '«День матери»', '«Караулов в розыске»', '«Казань стала лучшим городом для ведения гостиничного бизнеса»', '«суд в Казани арестовал женщину, избивавшую свою малолетнюю дочь».']",2.0
2022-47,2022,47,Обмен военнопленными,"['«Вернули наших военнопленных, обменяли на украинских»', '«освобождение из плена наших солдат»', '«парней освободили из плена».']",1.0
2022-47,2022,47,"Завершение частичной мобилизации, возможность второй волны мобилизации","['«Мобилизация закончилась»', '«отменили мобилизацию»', '«вторая волна мобилизации»', '«о новой частичной мобилизации»', '«мобилизация всеобщая».']",1.0
2022-47,2022,47,"Повышение и выплата пенсий, пособий","['«Пенсию прибавят»', '«индексация пенсий»', '«приказ, что пенсия с февраля будет 19 тысяч»', '«повышение пенсии работающим пенсионерам»', '«выплаты на детей до 17-18 лет»', '«выплаты по рождаемости».']",1.0
2022-47,2022,47,"Напряженные отношения между Россией и странами Запада, санкции","['«Поведение США и стран Европы по отношению к России»', '«против нас американцы и немцы»', '«ополчение Запада»', '«отношение к России очень негативное в целом со всех сторон»', '«хотят ввести ограничения на потолок цен по газу»', '«о санкциях».']",1.0
2022-47,2022,47,Саммит G-20 на Бали,"['«“Большая двадцатка”»', '«G-20 форум»', '«саммит “двадцатки”».']",1.0
2022-47,2022,47,"Рост цен, тарифов","['«Опять цены, повышение»', '«цены растут быстро»', '«рост цен на продукты»', '«ЖЭУ дорожает»', '«повышение ЖКХ»', '«повышение на газ с 1 декабря»', '«повышение цен на ЖКХ».']",1.0
2022-47,2022,47,"Встречи, выступления В. Путина","['«Последнюю неделю, да и после недели, Путин отвечал на вопросы, вот понравилось»', '«встреча Путина с матерями»', '«выступление президента – поздравлял предприятия»', '«Путин выступал в ОДКБ»', '«Путин заявил, что Россия добьется своих целей на Украине».']",1.0
2022-47,2022,47,Работа властных структур,"['«Дебаты по поводу двухлетней срочной военной службы»', '«принятие в третьем рассмотрении закона о пропаганде ЛГБТ, педофилии и смене пола»', '«Минниханов запретил использование в республике беспилотников».']",1.0
2022-47,2022,47,Падение ракет в Польше,"['«Падение ракет на чужую территорию, Польша»', '«ракета на Польшу упала»', '«Польша обвинила Россию, что ракеты упали на их территорию, оказалось, что это украинская ракета была».']",1.0
2022-47,2022,47,Другие события в мире,"['«В Армении была встреча ОДКБ»', '«отказ Армении от подписания ОДКБ»', '«умер министр иностранных дел Беларуси»', '«большинство немцев не хотят возврата Меркель на пост канцлера ФРГ»', '«высказывания Бориса Джонсона о Шольце, канцлере ФРГ»', '«министр обороны Великобритании назвал нашу армию деморализованными военнослужащими»', '«что Токаев остается на посту президента».']",1.0
2022-48,2022,48,"Затрудняюсь ответить, нет ответа",[],53.0
2022-48,2022,48,"Спецоперация, военные действия в целом","['Специальная военная операция на Украине', 'дела на Украине и проведение операции', 'военные сводки', 'события на фронтах Украины', 'что наши в бою не отступают на Украине', 'спецоперация на Украине продвигается, и мы всё ближе к завершению войны', 'то, что мы топчемся на месте в специальной операции', 'война, привозят парней в гробах']",32.0
2022-48,2022,48,Чемпионат мира по футболу,"['Мундиаль', 'чемпионат мира по футболу', 'чемпионат мира по футболу в Катаре', 'Германия вылетела с чемпионата мира по футболу']",3.0
2022-48,2022,48,Обмен военнопленными,"['Возвращение в Россию военнопленных', 'возвращение домой россиян из украинского плена', 'наши ребята вернулись из плена', 'обмен пленных несколько раз']",2.0
2022-48,2022,48,Частичная мобилизация,"['Мобилизация', 'мобилизация мужчин', 'наши ребята, мобилизованные на спецоперацию', 'новобранцы, резервисты', 'сборы в армию']",2.0
2022-48,2022,48,"Рост цен, тарифов","['Поднятие цен на коммунальные услуги, газ, воду, электричество', 'о повышении цен на ЖКХ', 'повышение проезда в транспорте', 'повышение цен на бензин']",2.0
2022-48,2022,48,Другие события в мире,"['Токаев приезжал в Россию', 'перевыборы Си Цзиньпина', 'выступление Канье Уэста']",2.0
2022-48,2022,48,Обстрел российских территорий,"['Обстреляли Белгородскую область', 'обстреляли Курск и Белгород, области']",1.0
2022-48,2022,48,Расстрел российских военнопленных,"['Казнь наших солдат на Украине', 'расстрел российских военнослужащих на Украине', 'расстрел русских военнопленных']",1.0
2022-48,2022,48,"Повышение зарплат, пенсий, повышение и выплата пособий","['Увеличение зарплаты госслужащим', 'повышение зарплаты бюджетникам', 'индексация пенсий', 'выплата на детей', 'повышение материнского капитала', 'увеличение прожиточного минимума']",1.0
2022-48,2022,48,Аварии,"['Аварии на трассах', 'в Волгограде взорвался автомобиль с газом', 'взрыв на шахте']",1.0
2022-48,2022,48,"Встречи, выступления, переговоры В. Путина","['В “Сириусе” было мероприятие с Путиным', 'встреча с матерями', 'выступление Путина о грядущих событиях, о том, что ожидает Россию', 'разговор Путина с Шольцем']",1.0
2022-48,2022,48,"Напряженные отношения между Россией и странами Запада, санкции","['Жалко Россию, весь мир ополчился', 'Германия объединилась с Францией против России', 'новые санкции со стороны Польши', 'санкции против России']",1.0
2022-48,2022,48,Работа властных структур,"['Встреча Мишустина в Узбекистане и договоренности по логистике', 'Собянин посетил наших военных на Украине', 'поправки в законе об иноагентах', 'новые законопроекты про регуляцию игровой индустрии, образовательной сферы и что-то еще умное. И про ЛГБТ, о котором все говорили']",1.0
2022-48,2022,48,Другие события в России,"['Ракету выпустили новую, “Сармат”, и ставят на вооружение', 'спуск на воду нового ледокола', 'завод “Москвич” начал выпускать', 'поезд Деда Мороза был в Екатеринбурге', '“Зенит” и “Спартак” играли, и у них была стычка']",1.0
2022-49,2022,49,"Спецоперация, военные действия в целом","['«Операция на Украине»', '«все события вокруг СВО»', '«только СВО»', '«новости об Украине»', '«война на Украине»', '«про военные действия»', '«переживание за военную операцию»', '«Украина, война»']",29.0
2022-49,2022,49,Обстрел российских территорий,"['«Обстрел наших аэродромов в Саратове и в Рязани»', '«беспилотники разбомбили нашу базу»', '«взрывы на аэродромах, взрывы в Белгороде»', '«удар по аэродрому в Энгельсе»', '«дрон долетел до Саратова»', '«удары по России»']",3.0
2022-49,2022,49,Ход боевых действий,"['«Новости о продвижении спецоперации»', '«новости на Украине: наступление»', '«наступление наших на фронте»', '«про Украину смотрим: стоим на месте»', '«почему не наступаем?»', '«неудачи в спецоперации»', '«сдача Херсона»']",2.0
2022-49,2022,49,"Аварии, пожары","['«Авария в Волгограде»', '«прорыв водопровода в Москве»', '«пожар ""Мега” в Химках, в Москве»', '«пожар в Химках был, взрыв в Нижневартовске»']",2.0
2022-49,2022,49,Спортивные события,"['«Чемпионат мира по футболу идет»', '«спорт, футбол, чемпионат мира»', '«чемпионат мира в Катаре»', '«биатлон»']",2.0
2022-49,2022,49,Возвращение В. Бута в Россию,"['«Обмен россиянина Бута на американку Грайнер»', '«обмен Бута на баскетболистку»', '«выпустили Бута»']",2.0
2022-49,2022,49,Другие события в России,"['«Свиной грипп»', '«День волонтера»', '«выставка Врубеля»', '«открытие моста в Шуе после ремонта»']",2.0
2022-49,2022,49,Обмен военнопленными,"['«Обмен нашими пленными»', '«освобождение российских пленных»', '«про наших солдат, которых отпустили из плена, 60 человек»']",1.0
2022-49,2022,49,Гибель людей в спецоперации на Украине,"['«Жалко ребят, которые погибают»', '«что наши погибают на войне»', '«наши убитые солдаты»', '«погиб из села мобилизованный»']",1.0
2022-49,2022,49,"Напряженные отношения между Россией и странами Запада, санкции","['«Все на нас лезут»', '«Европа готовится воевать с Россией»', '«Польша начала готовиться к боевым действиям с Россией»', '«санкции»']",1.0
2022-49,2022,49,"Мобилизация, возможность второй волны мобилизации","['«Мобилизация»', '«про мобилизацию»', '«вторая волна мобилизации»', '«не будет второй волны мобилизации»']",1.0
2022-49,2022,49,"Повышение и выплата пенсий, пособий","['«Повышение зарплат госслужащим»', '«доплаты медработникам»', '«добавка пенсии»', '«13-ю пенсию дадут»', '«социальные пособия с января»']",1.0
2022-49,2022,49,"Рост цен, тарифов","['«Повышение цен»', '«рост цен»', '«рост цен на коммунальные услуги и на всё в целом»', '«повышение тарифов ЖКХ. Негатив по этому поводу»', '«цены на бензин»', '«подорожание будет после Нового года»']",1.0
2022-49,2022,49,"Встречи, поездки, выступления В. Путина","['«Выступление Путина последнее было»', '«Путин вчера награждал десять Героев России в Георгиевском зале и еще что-то давал»', '«поездка Путина на Крымский мост»']",1.0
2022-49,2022,49,Работа властных структур,"['«Об изменениях в законе России»', '«закон против пропаганды ЛГБТ»', '«работа местных властей»']",1.0
2022-49,2022,49,Установление потолка цен на российскую нефть,"['«5 декабря установили потолок цен на российскую нефть»', '«ограничение цены на российскую нефть»', '«решение Евросоюза о санкциях на нефть»']",1.0
2022-49,2022,49,Другие события в мире,"['«Переворот в Германии»', '«нормативный акт в Белоруссии о смертной казни»', '«Зеленский – “человек года” по версии журнала “Тайм""»']",1.0
2022-50,2022,50,"Затрудняюсь ответить, нет ответа",[],49.0
2022-50,2022,50,"Спецоперация, военные действия в целом","['«Военная операция»', '«о спецоперации»', '«война идет»', '«боевые действия на Украине»', '«военные действия на Украине»', '«последние сводки со спецоперации на Украине»', '«о Донбассе, о войне»']",34.0
2022-50,2022,50,Чемпионат мира по футболу,"['«Чемпионат мира по футболу»', '«чемпионат по футболу в Дубае»']",3.0
2022-50,2022,50,Обстрел российских территорий,"['«Обстрелы российской территории»', '«бомбёжки: Курск и Брянск»', '«обстреляли Белгород»', '«прилет двух ракет под Тулу и под Энгельс»', '«обстрелы аэродромов»', '«возмущает обстрел Донецка»', '«чудовищные обстрелы Донецка»']",2.0
2022-50,2022,50,Работа властных структур,"['«Описание федерального бюджета на следующий год»', '«по ключевой ставке»', '«будет единое пособие для детей»', '«биометрическая цифровизация вводится»', '«запрет на пропаганду ЛГБТ»', '«хотят увеличить срок службы до полутора лет»']",2.0
2022-50,2022,50,"Повышение и выплата пенсий, пособий","['«Путин опять возобновляет пособие»', '«поддержка населения финансово со стороны нашего правительства»', '«детские пособия. Больше стала и пенсия»', '«повышение пенсий»']",2.0
2022-50,2022,50,Ход боевых действий,"['«Положение на фронте»', '«наши успехи на Украине»', '«наступательные действия вооруженных сил РФ»', '«хорошо долбят Украину»', '«Украина: положительная динамика»', '«наступление российских войск на Донбассе»', '«всё плохо на фронте»']",1.0
2022-50,2022,50,Гибель людей в спецоперации на Украине,"['«Крупные потери на территории СВО»', '«много гибнет»', '«гибнут наши солдаты»', '«гибель медицинского персонала»', '«в совхоз привезли убитого с Украины»']",1.0
2022-50,2022,50,"Напряженные отношения между Россией и странами Запада, санкции","['«Очередные пакеты санкций»', '«принятие девятого пакета санкций против России»', '«потолок цен на энергоресурсы»', '«поставка оружия на Украину через Запад»']",1.0
2022-50,2022,50,"Встречи, поездки, выступления В. Путина","['«Путин: отчет»', '«высказывания Путина о том, что мы пойдем до конца, что мы готовимся к удару по всем»', '«отказ Путина от ежегодной конференции»', '«Путин проезжал по мосту»']",1.0
2022-50,2022,50,Погода в России,"['«Гололед»', '«метель»', '«погодные условия – снег»', '«снегопад в России»', '«про плохую погоду в Москве»', '«снегопад в Москве»']",1.0
2022-50,2022,50,"Аварии, пожары","['«Аварии автомобильные»', '«авария на Мариинском перекрестке»', '«пожары частые»', '«пожар в Подмосковье»', '«пожары в торговых комплексах»', '«пожары во Владивостоке, склад горел»']",1.0
2022-50,2022,50,"Мобилизация, возможность второй волны мобилизации","['«Мобилизация»', '«прекращение мобилизации»', '«возможная мобилизация»', '«могут опять начать мобилизацию»']",1.0
2022-50,2022,50,Возвращение В. Бута в Россию,"['«Освобождение Виктора Бута»', '«обмен Бута на Грайнер»', '«Бут вернулся из тюрьмы»']",1.0
2022-50,2022,50,"Эпидемия гриппа, ОРВИ, ОРЗ, профилактические меры","['«Повысилась заболеваемость ОРВИ и ОРЗ»', '«эпидемия ОРВИ»', '«эпидемия гриппа»', '«свиной грипп»', '«новый масочный режим»', '«опять эпидемия, надо носить маски»']",1.0
2022-50,2022,50,"Рост цен, тарифов","['«Цены растут»', '«повышение платы за содержание жилья»', '«ЖКХ подняли»', '«повышение цен на ЖКХ»']",1.0
2022-50,2022,50,Другие события в России,"['«Проблемы в Роскосмосе»', '«в Москве начинают бункеры подготавливать»', '«проблемы с отоплением и перебои с водой»', '«вылов собак»', '«красивую ледяную скульптуру зайца сделали в городе»']",1.0
2022-50,2022,50,Другие события в мире,"['«Китайцы отказались поставлять нам процессоры»', '«саммит в Бишкеке»', '«в Берлине лопнул самый большой аквариум»']",1.0
2022-51,2022,51,"Затрудняюсь ответить, нет ответа",[],52.0
2022-51,2022,51,"Спецоперация, военные действия в целом","['Положение на Украине', 'война и спецоперация', 'спецоперация на Украине', 'война на Украине', 'на Донбассе, на Украине война', 'Украина: военные действия']",28.0
2022-51,2022,51,Спортивные события,"['Чемпионат мира в Катаре по футболу', 'финал чемпионата мира по футболу', 'Аргентина выиграла', 'Месси спит с Кубком мира', 'биатлон', 'чемпионат России по фигурному катанию']",4.0
2022-51,2022,51,"Встречи, поездки, выступления В. Путина","['Встреча Путина с объединенным штабом армии', 'выступление Путина, встреча с молодежью и с близкими людьми тех, кто воюет', 'обращение Путина на саммите', 'выступление Путина перед корреспондентами', 'Путин был в Беларуси', 'встреча Пути- на с Лукашенко']",3.0
2022-51,2022,51,Визит В. Зеленского в США,"['В Америку ездил Зеленский', 'визит Зеленского в Вашингтон', 'Зеленский в Штаты приехал', 'Зеленский летал к Байдену']",3.0
2022-51,2022,51,Ход боевых действий,"['Наши войска хорошо воюют в Донбассе', 'наши продвигаются вперед', 'продвижение на купянском направлении', 'наступление под Артёмовском', 'наши взяли город Бахмут']",2.0
2022-51,2022,51,Работа властных структур,"['Принятие бюджета', 'закон о биометрии', '“президент Республики Татарстан” – формулировка упраздняется и будет “глава Рес- публики Татарстан”', 'раздача губернаторских подарков детям', 'об увеличении срока службы в армии']",2.0
2022-51,2022,51,"Повышение зарплат, пенсий, пособий","['О повышении прожиточного минимума', 'повышение минимальной оплаты труда', 'повышение зарплаты бюджетникам', 'мамочкам будут выплачивать хорошо, МРОТ повысят', 'пенсию прибавят', 'прибавят пенсию в январе', 'повышение социальных выплат медикам']",2.0
2022-51,2022,51,Другие события в России,"['День энергетика', 'запуск нового автомобиля “Москвич”', 'открытие катка', 'вода в городе у нас красная']",2.0
2022-51,2022,51,Обстрел российских территорий,"['Обстрелы территории России, включая новые регионы', 'атака на Белгород', 'обстрел Белгородской области', 'в Саратов за- летели, аэродром разбили, в ближние города, Белгород разносят уже', 'бомбили в Донбассе больницу', 'в Луганске снаряд попал в школу']",1.0
2022-51,2022,51,"Аварии, пожары","['Ужас в стране: ДТП', 'взрывы и пожары в России', 'пожар в Кемерово', 'пожар в доме престарелых', 'взрыв был в Чувашии', 'самолеты падают на частные дома. И где правда? Отчего падают?']",1.0
2022-51,2022,51,"Мобилизация, возможность второй волны мобилизации","['Мобилизация прошедшая', 'мобилизация закончена', 'прошедшая мобилизация повторится', 'вторичная мобилизация', 'будет ли мобилизация?']",1.0
2022-51,2022,51,Подготовка к празднованию Нового года,"['Новый год наступает', 'новогодняя суета', 'прибытие Деда Мороза в Тулу']",1.0
2022-51,2022,51,"Эпидемия гриппа, ОРВИ, ОРЗ, коронавируса","['Заболеваемость гриппом по России', 'эпидемия гриппа', 'ОРЗ', 'коронавирус, грипп', 'много больных']",1.0
2022-51,2022,51,Погода в России,"['О погоде: что будет сильный снегопад и пурга', 'снегопады', 'сильный ветер', 'гололёд']",1.0
2022-51,2022,51,Другие события в мире,"['Поставка оружия с Америки', 'обострение армяно-азербайджанского конфликта', 'в Америке сильный снегопад, люди погибли', 'взрыв в Марокко']",1.0
2023-02,2023,2,"Затрудняюсь ответить, нет ответа",[],50.0
2023-02,2023,2,"Спецоперация, военные действия в целом","['Военная операция на Украине', 'спецоперация на Украине', 'я переживаю: война на Украине', 'воюют СВО', 'всё внимание в зоне СВО', 'всё про войну', 'Донбасс, Луганск']",32.0
2023-02,2023,2,Успехи российской армии,"['Взяли Соледар', 'наша армия взяла Соледар', 'взятие Соледара, горжусь нашими воинами', 'что наши Соледар взяли и идут вперед', 'наступление к Артемовску', 'наступать наши начали на Украине', 'наступление 2023 года', 'победы на фронте', 'продвижение армии на Донбассе']",8.0
2023-02,2023,2,Гибель людей в спецоперации на Украине,"['Гибель солдат на Украине', 'гибель мобилизованных', 'гибель ребят в СВО', 'в Макеевке погибли 89 наших военных', 'гибель наших ребят в Макеевке', 'упала ракета на Макеевку, и погибло много солдат', 'взорвали самарских солдат']",2.0
2023-02,2023,2,Обстрел российских территорий,"['Беспилотник в Воронеже', 'бомбят Белгород', 'взрыв в Энгельсе', 'обстрел России']",1.0
2023-02,2023,2,Изменения в руководстве спецоперацией,"['Перестановка генералов в военной сфере – назначение главнокомандующего объединенных войск', 'Герасимова на пост поставили', 'смена руководства нашими войсками']",1.0
2023-02,2023,2,Праздники,"['Новый год', 'праздники новогодние', 'новогодние праздники', 'празднование Нового года, Рождество']",1.0
2023-02,2023,2,Работа властных структур,"['Заседание Думы', 'в Думе отменяют мобилизацию для многодетных отцов', 'поднимают возраст военнослужащим до 30 лет', 'вводят единое пособие на детей', 'закон против ЛГБТ', 'использование бюджетного правила', 'новости об изменениях в трудовом законодательстве']",1.0
2023-02,2023,2,Смерть известных людей,"['Инна Чурикова умерла', 'смерть Кикабидзе', 'умер бывший президент Башкортостана Муртаза Рахимов']",1.0
2023-02,2023,2,"Встречи, поездки, выступления В. Путина","['Новогоднее выступление президента', 'поездка Путина в Ростов-на-Дону и встреча с военными ребятами', 'Путин наградил людей, которые служили', 'Путин приезжал в Уфу на похороны Рахимова']",1.0
2023-02,2023,2,"Рост цен, тарифов","['Рост цен', 'цены подняли на всё', 'цены растут', 'высокие цены на услуги ЖКХ', 'новые тарифы на общественный транспорт', 'повышение оплаты проезда, повышение капремонта']",1.0
2023-02,2023,2,"Мобилизация, возможность второй волны мобилизации","['Мобилизация', 'вторая волна мобилизации', 'о мобилизации: планируется ли дальнейшая?']",1.0
2023-02,2023,2,"Повышение зарплат, пенсий, пособий","['Выплаты от государства', 'повышение зарплаты бюджетникам и пособия', 'индексация пособий', 'добавка к пенсии', 'выплаты по детям', 'добавили детские пособия', 'МРОТ подняли']",1.0
2023-02,2023,2,"Аварии, пожары","['Упал самолет в Якутии', 'отключения света в Дагестане', 'пожар на Косухина', 'прорвало трубу на перекрестке Челюскинцев и Свободы', 'трамвай сошел с рельсов в городе']",1.0
2023-02,2023,2,"Напряженные отношения между Россией и странами Запада, санкции","['Другие страны европейские лезут', 'вопрос о поставках Украине оружия со стороны НАТО', 'танки Украина от немцев получит', 'упал экспорт газа на ноль в Европу, эмбарго']",1.0
2023-02,2023,2,Погода в России,"['Большие морозы', 'погода страшная: морозы', 'погода, которая с ума сошла и на севере, и на юге', 'снегопады', 'ураган', 'холодно было']",1.0
2023-02,2023,2,Другие события в России,"['Материальная помощь участникам СВО', 'заболевания нашего фигуриста и Михалкова', 'пикет у американского посольства', 'фильм ""Чебурашка"" собрал много денег', 'рысь ходит по Череповцу']",1.0
2023-02,2023,2,Другие события в мире,"['Взрыв газопровода в Прибалтике', 'землетрясение в Степанакерте, Армения', 'события в Сербии']",1.0
2023-03,2023,3,"Спецоперация, военные действия в целом","['«Волнует война больше всего»', '«спецоперация на Украине»', '«обстановка на Украине»', '«новости про Украину, про войну»', '«сведения о СВО»', '«военная хроника»', '«военная обстановка»', '«боевые действия на Украине»', '«военные действия, которые проходят в Донец-кой и Луганской республиках»']",41.0
2023-03,2023,3,Успехи российской армии,"['«Боевые действия пошли лучше»', '«наши двигаются вперед»', '«мы идем сейчас впереди на фронте»', '«наступление войск на Украи-не»', '«победы нашего воинства»', '«освобождение городов на войне в Украине»', '«взяли Соледар. Это хорошо»', '«Соледар взяли, на Ар-темовск наступают»', '«освободили Бахмут»']",6.0
2023-03,2023,3,"Напряженные отношения между Россией и странами Запада, поставки оружия Украине","['«Совещание на базе Рамштайн»', '«Крым: разрешение дает США взорвать»', '«Запад продолжает поставку оружия»', '«очередные тран-ши оружия из Европы на Украину»', '«вооружение им везут, хохлам»']",3.0
2023-03,2023,3,Гибель людей из-за спецоперации,"['«Потери на Украине с нашей стороны»', '«жизнь солдат»', '«умирает много солдат»', '«жалко ребят, которые гибнут в СВО»', '«взорвали в Белгороде пацанов и в Макеевке»', '«взрыв в Днепре: взорван дом»']",1.0
2023-03,2023,3,Обстрел российских территорий,"['«Обстрелы Белгородской области»', '«нападение на Крым»', '«беспилотники в Севастополе»', '«обстрелы ДНР и ЛНР»']",1.0
2023-03,2023,3,"Встречи, поездки, выступления В. Путина","['«Выступление президента, обращение»', '«Путин ездил в Ленинград»', '«выступление Путина о 80-летии блокады»', '«выступление Пути-на на Обуховском заводе. Сказал о том, что ракет много»']",1.0
2023-03,2023,3,Работа властных структур,"['«Высказывание Медведева о ядерном статусе»', '«изменения в налоговой системе»', '«Пенсионный фонд объединился с социальным»', '«сессия Госдумы, Собянин открыл новый медцентр»']",1.0
2023-03,2023,3,"Мобилизация, возможность второй волны мобилизации","['«Вопросы о мобилизации»', '«речь о второй волне мобилизации»', '«слышала, что в феврале будет снова мобилизация»', '«скрытая мобилизация»', '«на войну забирают»']",1.0
2023-03,2023,3,Смерть известных людей,"['«Чурикова умерла и Кикабидзе»', '«смерть Чуриковой»', '«Рахимов умер»']",1.0
2023-03,2023,3,"Повышение зарплат, пособий","['«Повышение зарплаты»', '«обещают добавки по зарплате»', '«социальная денежная выплата»', '«субсидия»', '«единое пособие ввели для детей и беременных»']",1.0
2023-03,2023,3,Праздники,"['«Крещение – праздник»', '«Крещение было»', '«Крещение, купели»']",1.0
2023-03,2023,3,"Рост цен, тарифов","['«Рост цен»', '«квартплата, которая повышается»', '«повышение цен на ЖКХ»', '«увеличение ЖКХ на 9%»', '«только слежу за ценами в магазине»']",1.0
2023-03,2023,3,Другие события в России,"['«Годовщина блокады Ленинграда»', '«катаклизмы погодные в России. Питер тонет, там где-то машины стоят из-за мороза, пробки кругом»', '«открытие банков в Крыму»', '«Никита Михалков в больнице – расстроило»', '«что в Казани готовят бомбоубежище»']",1.0
2023-03,2023,3,Другие события в мире,"['«Гражданская война в Мексике»', '«катастрофа – самолет упал в Непале»']",1.0
2023-04,2023,4,"Затрудняюсь ответить, нет ответа",[],46.0
2023-04,2023,4,"Спецоперация, военные действия в целом","['Все военные действия на Украине', 'всё о спецоперации', 'переживаю за войну на Украине', 'про войну на Украине слушаю все события', 'ситуация на фронте в Украине', 'события вокруг СВО', 'то, что происходит на Украине', 'Донбасс, война эта хренова']",39.0
2023-04,2023,4,"Напряженные отношения между Россией и странами Запада, поставки оружия Украине","['НАТО против России', 'поставка оружия, нагнетание обстановки', 'Европа начала танки на Украину посылать и к нам нехорошо относится', 'вооружение Украины другими странами', 'танки, поставка “Леопардов”, Бербок заявила, что вся Европа находится в состоянии войны с Россией', 'танки с Запада идут туда. Эстония перекрывает Финский залив для наших кораблей', 'Германия поставляет танки на Украину', 'немцев дожали с танками']",9.0
2023-04,2023,4,Успехи российской армии,"['На Украине успехи есть', 'наступление наших войск', 'наши военные захватили Соледар', 'победа под Бахмутом', 'российские войска продолжают наступательные действия на трех фронтах', 'немножко хоть побеждать стали эту нечисть']",3.0
2023-04,2023,4,Гибель людей из-за спецоперации,"['Очень много гибнет наших военных на Украине', 'гибель солдат', 'гибнет народ и наши парни', 'люди гибнут на Украине', 'погибают мирные жители', 'детей убивают. Жалко их']",1.0
2023-04,2023,4,Работа властных структур,"['Аборты хотят сделать законными только по медпоказаниям', 'законопроект о вырубке деревьев, который не прошел из-за отсутствия большинства депутатов на рабочем месте', 'отмена налоговой декларации у чиновников']",1.0
2023-04,2023,4,"Мобилизация, возможность второй волны мобилизации","['Будет мобилизация', 'тревога, в армию будут набирать как раньше', 'мобилизация возможная', 'мобилизация, говорят, будет в феврале', 'начало мобилизации']",1.0
2023-04,2023,4,"Рост цен, тарифов","['Подорожание всего', 'рост цен на ЖКХ', 'повышение тарифов на теплоэнергетику', 'повышение цен на бензин']",1.0
2023-04,2023,4,"Аварии, несчастные случаи","['Авария на Соликамск – Кунгур', 'рост числа ДТП в Санкт-Петербурге', 'пешеходов задавили и скрылись с места преступления', 'женщина утонула в реке на Крещение в этом году']",1.0
2023-04,2023,4,Другие события в России,"['Снятие блокады в Ленинграде', 'стали ходить волонтеры, предлагать добровольную помощь для СВО', 'день рождения Высоцкого', 'выпуск ""Москвича” нового автомобиля', 'Костомаров – болезнь']",1.0
2023-04,2023,4,Другие события в мире,"['Авиакатастрофа в Непале 15 января', 'в Казахстане ищут обломки космических ракет', 'выпуск мемуаров принца Гарри', 'шведские недоумки сожгли Коран']",1.0
2023-05,2023,5,"Затрудняюсь ответить, нет ответа",[],48.0
2023-05,2023,5,"Спецоперация, военные действия в целом","['«Положение на Украине»', '«волнуюсь за Украину, как наши воюют»', '«про СВО»', '«военная операция на Украине»', '«военные, спецоперация»', '«продолжение войны»', '«боевые действия»', '«война в Донбассе»', '«бои под Угледаром»']",40.0
2023-05,2023,5,"Напряженные отношения между Россией и странами Запада, поставки оружия Украине","['«Отношение Запада, Европы и Америки к России»', '«десятый пакет санкций»', '«военная помощь Украине»', '«вооружение Украины со стороны Запада»', '«немцы поставят танки на Донбасс»', '«американцы поставляют танки на Украину»']",5.0
2023-05,2023,5,Успехи российской армии,"['«Наступаем на Украину потихоньку, давим их»', '«продвижение российских войск»', '«наши теснят украинцев»', '«наши наступают, идут вперед»', '«на Украине наши небольшие победы»', '«наступление на Донбассе»', '«Россия взяла населенный пункт на Украине»']",2.0
2023-05,2023,5,Другие события в России,"['«Потепление погоды»', '«в Екатеринбурге теракт пресекли»', '«метеорит в Кемеровской области»', '«перекрытие Ленинградского моста»']",2.0
2023-05,2023,5,Другие события в мире,"['«Атака беспилотников на иранские заводы оборонные»', '«китайский зонд над США и их реакция на это»']",2.0
2023-05,2023,5,Гибель людей из-за спецоперации,"['«О гибели людей»', '«много убивают солдат»', '«всех наших убивают на Украине»', '«“груз-200” в Хакасию приходит»']",1.0
2023-05,2023,5,Обстрелы российских территорий со стороны Украины,"['«Обстрел Белгородской области»', '«стреляют в Белгороде»', '«обстрелы Брянска»', '«угрозы ракетных ударов по Крыму»']",1.0
2023-05,2023,5,Обмен военнопленными,"['«Освобождение военнопленных российских солдат»', '«освободили пленных»', '«возвращение из украинского плена 63 российских военных»']",1.0
2023-05,2023,5,Работа властных структур,"['«Работа Мишустина»', '«повышение призывного возраста»', '«закон о конфиденциальных данных чиновников»', '«загранпаспорт нельзя сделать»']",1.0
2023-05,2023,5,"Годовщины, памятные события","['«Годовщина прорыва блокады Ленинграда»', '«юбилей снятия блокады; Сталинградская битва»', '«празднование 80-летия Сталинградской битвы, освобождение от блокады Ленинграда»', '«80-летие победы под Сталинградом»']",1.0
2023-05,2023,5,"Мобилизация, возможность второй волны мобилизации","['«Будет ли вторая волна мобилизации?»', '«сборы на войну, мобилизация»', '«опять будет мобилизация»']",1.0
2023-05,2023,5,"Аварии, несчастные случаи","['«Постоянно аварии в России, электричество отключили, техногенность»', '«в Хабаровске обморозились вахтовики»', '«перебои с телефонией в Питере»']",1.0
2023-05,2023,5,"Повышение пенсий, пособий","['«Пенсия – добавка»', '«повышение соцвыплат»', '«детские пособия увеличились»', '«повышение материнского капитала»', '«индексация выплат пособий на 11%»']",1.0
2023-05,2023,5,"Рост цен, тарифов","['«Рост цен»', '«удорожание»', '«подорожание импортного спортивного питания»', '«наценки»', '«коммунальные услуги»', '«повышение оплаты за детсад»']",1.0
2023-06,2023,6,"Затрудняюсь ответить, нет ответа",[],36.0
2023-06,2023,6,Землетрясение в Турции и Сирии,"['«Трагедия в Турции и Сирии»', '«в Турции и Сирии землетрясение»', '«в Турции беда: землетрясение»', '«землетрясение, людей жалко»', '«землетрясение в Турции, много погибших»', '«события в Турции, Сирии, спасение детей»']",33.0
2023-06,2023,6,"Спецоперация, военные действия в целом","['«Спецоперация на Украине»', '«боевые действия на Украине»', '«продолжение войны на Украине»', '«положение на фронте»', '«ситуация в военной операции»', '«военные действия на Украине – Артемовск, Бахмут»', '«Донбасс»', '«Украина, война. Плачу, глядя на детей»']",30.0
2023-06,2023,6,"Аварии, взрывы","['«Аварии, взрывы»', '«взрывы в жилых домах»', '«взрыв бытового газа»', '«дома взрываются плохо работают газовщики»', '«взрыв газа в Новосибирске»']",3.0
2023-06,2023,6,Гибель людей из-за спецоперации,"['«Гибель наших ребят на Украине»', '«гибель пермских детей на Украине»', '«люди гибнут тысячами с обеих сторон, живая кровь наша»']",1.0
2023-06,2023,6,Успехи российской армии,"['«Наши продвинулись»', '«мы наступаем – по военным вопросам»', '«стабилизируется ситуация на Донбассе, и это приведет к положительному результату»', '«взятие Соледара»', '«взятие Бахмута»']",1.0
2023-06,2023,6,"Напряженные отношения между Россией и странами Запада, поставки оружия Украине","['«Америка хамит всем и России»', '«поставка вооружения Западом»', '«поставка танков на Украину»', '«танки из Германии»', '«переживаем, что поставят дальнобойные ракеты и будут до нас долетать»']",1.0
2023-06,2023,6,"Рост цен, тарифов","['«Рост цен»', '«повышение цен ЖКХ»', '«добавили цены на электричество в России»']",1.0
2023-06,2023,6,Работа властных структур,"['«Встреча Путина с работниками Аэрофлота»', '«ставка рефинансирования ЦБ на прежнем уровне»', '«Минобразования предлагает исключить русский язык из ЕГЭ»']",1.0
2023-06,2023,6,"Мобилизация, возможность второй волны мобилизации","['«Только вопросы мобилизации»', '«мобилизации по СВО»', '«что мобилизация не закончилась»', '«вторая волна призыва: этого боятся все и не хотят туда идти»']",1.0
2023-06,2023,6,Другие события в России,"['«Пенсию добавляют»', '«болезнь Костомарова: ему ампутировали стопы»', '«серийная сборка автомобиля “Москвич”»', '«“Лыжня России”»']",1.0
2023-06,2023,6,Другие события в мире,"['«Взрыв “Северного потока” – расследование»', '«разведывательный шар над Штатами»', '«огненные смерчи в Чили»']",1.0
2023-07,2023,7,"Затрудняюсь ответить, нет ответа",[],39.0
2023-07,2023,7,"Спецоперация, военные действия в целом","['Военные новости', 'война, которую называют спецоперацией', 'последние сводки со спецоперации на Украине', 'положение на фронтах', 'сводки с фронта', 'спецоперация на Украине и всё, что с ней связано']",33.0
2023-07,2023,7,Землетрясение в Турции и Сирии,"['Землетрясение в Турции и в Сирии', 'землетрясение в Турции, погибло много людей, больше 40 тысяч, и в Сирии', 'крупнейшее землетрясение, охватившее несколько стран', 'разбираются с завалами после землетрясения в Турции, Сирии', 'трагедия Турции, Сирии']",21.0
2023-07,2023,7,Успехи российской армии,"['Наступательные действия на Украине с нашей стороны', 'наступление России на Украине', 'наши хорошо воюют', 'продвижение наших войск вперед', 'взятие Соледара']",2.0
2023-07,2023,7,"Напряженные отношения между Россией и странами Запада, поставки оружия Украине","['Америка настраивает всех против нас', 'новые санкции против России', 'танки прут на Украину немецкие', 'что оружие более мощное дают украинцам']",2.0
2023-07,2023,7,Расследование С. Херша о роли США во взрывах на «Северных потоках»,"['Выступление Сеймура Херша', 'расследование по “Северному потоку”', '“Северные потоки”, взрыв газопровода']",2.0
2023-07,2023,7,Другие события в России,"['Уровень доверия россиян к Путину превысил 79%', 'вынесение приговора Фургалу', 'прибавка к пенсии', 'увеличение оплаты за ЖКХ', 'состояние фигуриста Костомарова ухудшается']",2.0
2023-07,2023,7,Выступления В. Путина,"['Анонс выступления Путина', 'выступление Путина на заседании в высшей судебной инстанции', 'выступление Путина с молодежью и студентами']",1.0
2023-07,2023,7,Работа властных структур,"['Лавров выступал перед депутатами Госдумы', 'закон о русском языке', 'информация о введении штрафов за среднюю скорость']",1.0
2023-07,2023,7,"Мобилизация, возможность второй волны мобилизации","['Мобилизация', 'про мобилизацию', 'будет ли второй призыв?']",1.0
2023-07,2023,7,Крушение поезда с химикатами в Огайо,"['Крушение поезда с химикатами в Огайо', 'поезд в штате Огайо, катастрофа', 'сошел с рельсов поезд с химикатами']",1.0
2023-07,2023,7,"Аварии, взрывы, несчастные случаи","['Взрыв газа в жилых домах', 'девочка в аварии погибла', 'несчастные случаи', 'собаки девочку покусали, бабушка обожглась']",1.0
2023-07,2023,7,Другие события в мире,"['Выступила Виктория Нуланд', 'конференция мюнхенская', 'шар, который сбивали американцы']",1.0
2023-08,2023,8,"Затрудняюсь ответить, нет ответа",[],40.0
2023-08,2023,8,Военная спецоперация России на Украине,"['«Военная операция на Украине»', '«идет спецоперация»', '«новости с Украины, военные действия»', '«про войну и ситуацию на Украине»', '«события специальной военной операции»', '«сообщения с фронта»', '«спецоперация на Украине, последние сводки с фронтов»', '«гибель молодых людей в военных действиях»', '«“груз 200”»', '«гибнут люди»']",30.0
2023-08,2023,8,Послание В. Путина Федеральному собранию,"['«Выступление Путина перед Федеральным собранием»', '«доклад Путина»', '«обращение нашего президента к народу»']",19.0
2023-08,2023,8,Землетрясение в Турции и Сирии,"['«В Турции и Сирии землетрясение»', '«землетрясение в Сирии, в Турции»', '«землетрясение в Турции, работа нашей МЧС. Они показали, что они могут, — приятно слышать»', '«Турция, землетрясение опять»']",9.0
2023-08,2023,8,"Праздники, концерты","['«День защиты Отечества»', '«празднование 23 Февраля»', '«концерт, посвященный Дню защиты Отечества»', '«Масленица»', '«Масленица празднуется у нас в крае»', '«праздники, всё радует»', '«то, что сейчас происходили праздники всякие патриотические»']",1.0
2023-08,2023,8,"Напряженные отношения между Россией и странами Запада, поставки оружия Украине","['«Отношение Запада к нашей стране»', '«нападки Америки на нашу страну»', '«санкции»', '«поставки американцами дальнедействующих ракет Украине»', '«отправка вооружения на Украину»', '«танки Запада на Украине»']",1.0
2023-08,2023,8,Приостановка участия России в договоре СНВ-3,"['«Выход России из договора по стратегическим ракетам»', '«выход из программы ядерного сдерживания»', '«договор о вооружении – приостановка участия»', '«ядерный договор прерванный с США»']",1.0
2023-08,2023,8,"Визит Д. Байдена на Украину, в Польшу","['«Визит Байдена в Киев и в Польшу»', '«посещение Байденом Киева»', '«американец к Зеленскому поехал. Опять что-то мутят»']",1.0
2023-08,2023,8,"Мобилизация, возможность второй волны мобилизации","['«Насчет мобилизации»', '«про мобилизацию везде, про вторую волну»', '«начинается мобилизация»', '«детей всё мобилизуют и мобилизуют, поэтому мы и переживаем»', '«собираюсь на войну»']",1.0
2023-08,2023,8,Другие события в России,"['«Всё дорожает»', '«срок службы в армии меняют»', '«движение по Крымскому мосту восстановили»', '«здоровье Костомарова»', '«в Красноярске сгорел склад»']",1.0
2023-08,2023,8,Другие события в мире,"['«В Америке взрываются поезда с токсинами»', '«мир, Китай, послание»', '«расследование аварии на газовом потоке»']",1.0
2023-09,2023,9,"Спецоперация, военные действия в целом","['«Украина и всё с ней связанное»', '«война на Украине, спецоперация»', '«война, спецоперация идет на Украине»', '«вот слежу за событиями на Украине, военные события»', '«спецоперация на Украине, последние новости»', '«война не кончается, вот это тревожно»', '«война с Украиной, а у меня там родные»', '«наступление российских войск»', '«отбили город на Украине, идем, продвигаемся»', '«окружение Артемовска»', '«движение на Купянском направлении, Авдеевском»', '«умирают наши ребята на Украине»', '«гибель людей на Украине»', '«братишки умирают на Украине»', '«25 числа у меня погиб одноклассник на Украине»']",32.0
2023-09,2023,9,Проникновение диверсионной группы в Брянскую область,"['«В Брянске вооруженная группа террористов»', '«диверсионная группа вторглась в Брянскую область»', '«налетели на Брянскую область»', '«был теракт, мальчик получил огнестрельное ранение»', '«ситуация с ребенком в Брянской области»']",10.0
2023-09,2023,9,Землетрясение в Турции и Сирии,"['«Землетрясение в Турции, Сирии»', '«последствия землетрясения в Турции»', '«про землетрясение в Турции, активная помощь наших МЧС»']",4.0
2023-09,2023,9,Выступления В. Путина,"['«Выступления Путина»', '«обращение Путина к Федеральному собранию»', '«послание Федеральному собранию»', '«выступление Путина в Совбезе»', '«посмотрела я речь Путина, и всё»']",3.0
2023-09,2023,9,Обстрел российских территорий,"['«Беспилотники на нашей территории»', '«обстрелы Белгородской области»', '«атака беспилотников на Крым»', '«дрон в Калужской области»', '«дроны прилетели в Туапсе»', '«беспилотник, который упал в Московской области»', '«воздушная тревога в регионе»']",2.0
2023-09,2023,9,Работа властных структур,"['«Мишутин: поездка в Таджикистан»', '«Шойгу ездил на войну»', '«внешнее управление предприятиями в случае введения военного положения»', '«закон о запрете иностранных слов»', '«изменение в ПДД, что касается самокатов»']",1.0
2023-09,2023,9,"Напряженные отношения между Россией и странами Запада, поставки оружия Украине","['«Вся Европа против нас»', '«новый, 10-й пакет санкций против России»', '«техника Запада для Украины»', '«вооружение идет с Запада на Украину»']",1.0
2023-09,2023,9,"Драки, беспорядки с участием «ЧВК Рёдан»","['«“ЧВК Рёдан""»', '«дети, подростки ходят, бьют друг друга, “ЧВК Рёдан” называется»', '«малолетки “ЧВК Рёдан” устроили дебош»', '«новая школьная группировка»', '«“ЧВК Рёдан” в Йошкар-Оле»']",1.0
2023-09,2023,9,Саммит G20 в Индии,"['«Саммит “двадцатки”»', '«саммит в Индии»', '«поездка Лаврова в Индию»', '«как Блинкен бегал за Лавровым»']",1.0
2023-09,2023,9,Праздники,"['«Праздник 23 февраля»', '«прошедший праздник 23 февраля»', '«скоро 8 марта, женский праздник»']",1.0
2023-09,2023,9,"Рост цен, тарифов","['«Постоянное повышение цен на продукты»', '«подняли тарифы ЖКХ»', '«увеличивается плата за ЖКХ, за ремонт»', '«повысили оплату проезда в транспорте»', '«кругом дорожает»']",1.0
2023-09,2023,9,Аварии,"['«Большая смертность на дорогах»', '«автокатастрофа на М-11 в Новгородской области»']",1.0
2023-09,2023,9,Другие события в России,"['«Запуск Большой кольцевой линии метро»', '«землетрясение в Прибайкалье»', '«терроризируют девочку и ее семью, которая нарисовала “Нет войне""»', '«на станции метро “Гостиный двор” задержали террориста»', '«фигурист Костомаров приходит в сознание»']",1.0
2023-09,2023,9,Другие события в мире,"['«В Греции поезд сошел, в Америке горит завод»', '«экологическая трагедия в США»']",1.0
2023-10,2023,10,"Затрудняюсь ответить, нет ответа",[],50.0
2023-10,2023,10,"Спецоперация, военные действия в целом, отдельные события","['«Военные действия на Украине»', '«всё, что связано с фронтом»', '«пока у нас только СВО основное»', '«положение дел на фронте на Донбассе»', '«события, связанные с военными действиями на Украине»', '«спецоперация идет»', '«что происходит на Украине, наши погибшие там»', '«Белгородскую область стали обстреливать»', '«что “Вагнеру”» не поставляют боеприпасы»']",34.0
2023-10,2023,10,Успехи российской армии,"['«Наступление наших войск на Украине»', '«наши вперед чуток идут на Украине»', '«успехи российской армии»', '«Артемовск берем потихоньку»', '«наши “Кинжалы” полетели на украинскую инфраструктуру. Как бальзам на душу»', '«удары возмездия»']",3.0
2023-10,2023,10,Проникновение диверсионной группы в Брянскую область,"['«Нападение диверсантов на Брянскую область»', '«события в Брянске, связанные с террористами»', '«диверсанты расстреляли машину»', '«подвиг Федора в Брянске»', '«Брянск, мальчик Федя. Он уже мужик, молодец, спас девчонок»']",3.0
2023-10,2023,10,События в Грузии,"['«Волнения в Грузии»', '«действия в Грузии»', '«митинги в Грузии»', '«события тревожные в Грузии»']",2.0
2023-10,2023,10,Другие события в мире,"['«Запрет параллельного импорта из Турции»', '«нормализация отношений между Ираном и Саудовской Аравией»', '«про танк в Германии, который розами усыпали»']",2.0
2023-10,2023,10,Землетрясение в Турции и Сирии,"['«Землетрясение в Турции и Сирии»', '«ситуация с Турцией – землетрясение»', '«Турция, землетрясение»']",1.0
2023-10,2023,10,Информация по расследованию взрывов на «Северных потоках»,"['«“Северный поток”, информация о его подрыве»', '«к диверсии на “Северном потоке” причастна Украина»', '«взрыв “Северного потока” переложили на украинцев»', '«фейк американской прессы по поводу взрыва Украиной “Северного потока”»']",1.0
2023-10,2023,10,"Аварии, несчастные случаи","['«Много катастроф, много людей погибло»', '«в Чите взорвался газ»', '«взрыв в Антипихе»', '«мужчина в районе выпал из окна»']",1.0
2023-10,2023,10,"Напряженные отношения между Россией и странами Запада, поставки оружия Украине","['«Настрой Запада на отношения с Россией»', '«поставка вооружения на Украину»', '«поставки оружия из США»']",1.0
2023-10,2023,10,"Действия, выступления А. Лукашенко","['«Лукашенко съездил в Китай»', '«выступление президента Лукашенко, где он назвал Зеленского гнидой»', '«Лукашенко подписал закон о смертной казни за измену»']",1.0
2023-10,2023,10,8 Марта,"['«8 Марта»', '«8 Марта, праздник»', '«как в Березниках справляли 8 Марта»']",1.0
2023-10,2023,10,Выступления В. Путина,"['«Выступление Путина»', '«прямой эфир с Путиным»']",1.0
2023-10,2023,10,Другие события в России,"['«Конфликт между Шойгу и Пригожиным»', '«массовые инциденты молодежи с пауками»', '«отказ от болонской системы»', '«финансовое положение, рост цен»']",1.0
2023-11,2023,11,"Затрудняюсь ответить, нет ответа",[],52.0
2023-11,2023,11,Военная спецоперация России на Украине,"['Спецоперация, это единственное событие, которое нас волнует', 'обычные новости про СВО', 'войну смотрим, всё равно же переживаем', 'ход боевых действий', 'успехи СВО', 'военные действия: окружили Артемовск, добавили вооружения и наступают', 'атаки на нашу территорию, гибнут наши солдаты', 'нападение на Белгородскую область', 'мобилизация проходит']",31.0
2023-11,2023,11,"Беспилотник США, сбитый над Черным морем","['Беспилотник в Черном море сбили', 'беспилотник сбит у наших границ', 'беспилотник сбитый американский', 'дрон американский сбили наши истребители', 'затопление американского беспилотника']",7.0
2023-11,2023,11,Акции протеста в Грузии,"['Грузинские митинги', 'Кавказ, Грузия', 'перевороты в Грузии', 'события в Грузии. Еще одна точка, спровоцированная американцами']",2.0
2023-11,2023,11,Выдача ордера на арест В. Путина,"['В Гааге МУС выдал ордер на арест Путина', 'выдача ордера на арест Путина международным судом', 'Гаага, трибунал признал Путина виноватым в том, что детей вывозит из Украины', 'объявление международным судом об аресте Владимира Путина']",1.0
2023-11,2023,11,"Поездки, выступления В. Путина","['Путин ездил в Крым', 'поездка Путина в Мариуполь, разговоры с генштабом в Ростове', 'посещение Путиным Мариуполя', 'созыв Путина с олигархами, бизнесом', 'вчерашнее выступление Путина перед предпринимателями']",1.0
2023-11,2023,11,"Аварии, пожары, несчастные случаи","['Взрыв в здании ФСБ и пожар', 'взрыв газа в Чите', 'пожар в Красноярске, склады горят', 'дорожные происшествия, дети погибли', 'пугают автомобильные аварии и суицид подростков']",1.0
2023-11,2023,11,"Напряженные отношения между Россией и странами Запада, поставки оружия Украине","['Антироссийская настроенность в Евросоюзе, бывших соцлагерях', 'нагнетание обстановки в странах НАТО', 'американский В-52 пролетел над Ленинградской областью', 'на Санкт-Петербург финны стягивают технику', 'помощь Запада Украине военная, финансовая']",1.0
2023-11,2023,11,Половодье в России,"['Весенний разлив в Тульской области', 'наводнение в Волгоградской области', 'паводки', 'половодье в нашей области']",1.0
2023-11,2023,11,Годовщина присоединения Крыма,"['Крым отмечает праздник присоединения к России', '“Крымскую весну” отмечали', 'годовщина воссоединения с Крымом']",1.0
2023-11,2023,11,Визит Си Цзиньпина в Россию,"['Приезд китайского лидера в Россию, встреча с Владимиром Путиным', 'приезд китайского лидера к нам', 'приезжает Си, китайский лидер']",1.0
2023-11,2023,11,Информация по расследованию взрывов на «Северных потоках»,"['Про “Северный поток”', '“Северные потоки""', 'фейк о диверсии на газопроводах']",1.0
2023-11,2023,11,Землетрясение в Турции,"['В основном землетрясение в Турции', 'разрушения в Турции', 'последствия землетрясения']",1.0
2023-11,2023,11,Работа властных структур,"['Призывной возраст увеличили, ожидается призыв', 'цифровые рубли', 'законодательные акты законодательства']",1.0
2023-11,2023,11,Банкротство американских банков,"['Банковский крах в США', 'банкротство трех американских банков', 'начали банкротиться банки в Америке', 'начало финансового краха в Америке']",1.0
2023-11,2023,11,Другие события в России,"['Забастовка “Вайлдберриз”', 'здоровье Романа Костомарова', 'ЧВК “Рёдан”', 'отца-одиночку ограничивают в родительских правах из-за дочки, которая нарисовала антивоенный плакат', 'убийство парня-спортсмена в отделе полиции в Республике Дагестан']",1.0
2023-11,2023,11,Другие события в мире,"['Продлили зерновую сделку', 'события на рынке валют', 'турнир по фигурному катанию']",1.0
2023-12,2023,12,"Затрудняюсь ответить, нет ответа",[],47.0
2023-12,2023,12,Военная спецоперация России на Украине,"['«Положение на Украине»', '«военная спецоперация на Украине»', '«боевые действия на Украине»', '«всё с действиями СВО»', '«новости о СВО»', '«дела на фронте»', '«военные события в ДНР»', '«наши военные успехи в СВО»', '«битва за Артемовск»', '«бои ЧВК “Вагнер”»', '«Украина: гибнут наши ребята»', '«люди гибнут на СВО»']",33.0
2023-12,2023,12,Визит Си Цзиньпина в Россию,"['«Председатель КНР приезжал в Россию»', '«визит главы Китая в Москву»', '«визит китайского председателя Си Цзиньпина»', '«китаец приезжал, Си Цзиньпин»', '«визит товарища Си в Москву к Путину»', '«встреча Путина с председателем Китая»', '«лидер Китая встречался с Путиным»']",10.0
2023-12,2023,12,Поставки оружия Украине,"['«Поставки вооружения на Украину»', '«снаряды с обедненным ураном дадут Украине»', '«Великобритания отправляет оружие с ураном»', '«поставка вооружения Украине из Британии»', '«поставка дронов хохлам Тайванем»']",3.0
2023-12,2023,12,Работа властных структур,"['«Выступал позавчера Мишустин»', '«отчет правительства»', '«новый законопроект о воинской службе»', '«модернизация в здравоохранении, образовании»']",2.0
2023-12,2023,12,"Землетрясение, наводнение в Турции","['«Землетрясение в Турции»', '«помощь Турции»', '«наводнение в Турции»', '«Турцию затопило»']",1.0
2023-12,2023,12,Выдача ордера на арест В. Путина,"['«Гаагский суд вынес решение об аресте Путина»', '«ордер на арест Путина МУС»', '«суд Гааги, что Путин невыездной сейчас, могут его посадить»']",1.0
2023-12,2023,12,"Аварии, несчастные случаи","['«ДТП в Томске»', '«женщину сбили на перекрестке»', '«машина провалилась в асфальт. Женщину убило глыбой льда»', '«лося в Норильске сбили»']",1.0
2023-12,2023,12,Акции протеста во Франции,"['«Пенсионная реформа во Франции»', '«забастовка во Франции относительно пенсионной реформы»', '«волнения во Франции»', '«митинги во Франции»']",1.0
2023-12,2023,12,"Поездки, выступления В. Путина","['«Президент Путин был на Крымском полуострове»', '«поездка Путина в Мариуполь»', '«выступление Путина»']",1.0
2023-12,2023,12,"Беспилотник США, сбитый над Черным морем","['«Беспилотник сбили»', '«сбитие американского беспилотника»', '«американский беспилотник уронили»']",1.0
2023-12,2023,12,Природные катаклизмы в России,"['«Землетрясение в Сочи»', '«в Лазаревском землетрясение»', '«наводнение в Подмосковье»']",1.0
2023-12,2023,12,Другие события в России,"['«Повышение пенсий, повышение зарплаты бюджетникам, повышение детских пособий»', '«про сибирскую язву в Московской области»', '«футбол, “Спартак” выиграл»', '«состояние Костомарова»', '«у Пугачевой дом продают»']",1.0
2023-12,2023,12,Другие события в мире,"['«Проблема в банках США»', '«взрыв в США – фабрика»', '«зерно в Африку не поставили»', '«захват Киево-Печерской лавры»']",1.0
2023-13,2023,13,"Затрудняюсь ответить, нет ответа",[],53.0
2023-13,2023,13,Военная спецоперация России на Украине,"['«Военные действия на Украине»', '«сводки смотрю каждый день с СВО»', '«только война»', '«война, ребят жалко»', '«война, как там дела на войне, переживаем за ребятишек»', '«наши дают украинским фашистам по башке»', '«СВО, новые успехи наших войск»', '«ликвидация склада боеприпасов ВСУ в Харьковской области»', '«Донецк, Артемовск»', '«продвижение наших войск в Артемовске»', '«уже у нас бомбят на Брянщине»', '«дроны над Севастополем»']",30.0
2023-13,2023,13,Визит Си Цзиньпина в Россию,"['«Встреча Путина с главой Китая»', '«приезд Си в Москву»', '«встреча лидеров Китая и России»', '«приезд китайского лидера в Москву»']",7.0
2023-13,2023,13,"Напряженные отношения между Россией и странами Запада, поставки оружия Украине","['«Нападки Запада»', '«что творится на Западе: все против нас»', '«новые санкции против России»', '«поставки оружия Украине»', '«на Украину идет оружие со всех концов»', '«вооружение продолжает поставлять на Украину Запад»', '«поставка вооружений с обедненным ураном на территорию Украины»']",2.0
2023-13,2023,13,"Размещение российского тактического ядерного оружия в Белоруссии, выступление А. Лукашенко","['«Наши поставили ядерное оружие в Белоруссию»', '«размещение на границе Белоруссии российского ядерного оружия»', '«Белоруссия начинает ядерные ракеты ставить, Лукашенко выступление слушали»', '«Лукашенко выступление»']",1.0
2023-13,2023,13,Природные катаклизмы в России,"['«Наводнение в регионах страны»', '«половодье в Старой Руссе»', '«снегопад в Ростовской области, засыпало трассу»']",1.0
2023-13,2023,13,События в Киево-Печерской лавре,"['«В Киеве, Киево-Печерская лавра»', '«Киево-Печерская лавра, выгоняют монахов»', '«лавру Киево-Печерскую Украина хочет забрать себе»', '«Зеленский хочет отобрать Киево-Печерскую лавру у РПЦ»']",1.0
2023-13,2023,13,Работа властных структур,"['«Поправки в законы»', '«реформы внутренней политики»', '«Шойгу к нам приезжал в Кировскую область»']",1.0
2023-13,2023,13,"Рост цен, тарифов","['«Рост цен на всё»', '«подорожание цен»', '«поднятие цен на коммунальные услуги»']",1.0
2023-13,2023,13,Повышение пенсий,"['«Добавка к пенсии»', '«надбавка социальным пенсионерам к пенсии»', '«пенсию прибавит»', '«повышение пенсии с апреля»']",1.0
2023-13,2023,13,"Аварии, пожары, несчастные случаи","['«Бьются машины»', '«пожары по городам России»', '«дом сгорел в Калининграде»', '«нападения собак на людей»']",1.0
2023-13,2023,13,Выдача ордера на арест В. Путина,"['«Ордер на арест нашего президента»', '«Путину назначили арест»', '«про Международный уголовный суд»']",1.0
2023-13,2023,13,Другие события в России,"['«Теракт в Петербурге, погиб военкор Владлен Татарский из ДНР»', '«начался весенний призыв»', '«коррупция брянских чиновников»', '«заболеваемость ковидом в Татарстане сокращается»', '«сибирская язва в России»']",1.0
2023-13,2023,13,Другие события в мире,"['«Обвинение Трампа в выплате порнозвезде»', '«стрельба в США в школе»', '«торнадо в Америке»', '«ответ ООН по “Северным потокам”»', '«протесты во Франции»']",1.0
2023-14,2023,14,"Затрудняюсь ответить, нет ответа",[],51.0
2023-14,2023,14,Военная спецоперация России на Украине,"['Война, война, война', 'на Украине война идёт', 'сражение под Артёмовском', 'наши продвигаются в СВО, близится победа', 'события на Донбассе, как наши побеждают', 'наступление, мы переживаем за ребят', 'смерть пацанов на фронте', 'война, не могут взять Артёмовск', 'Донбасс и Луганск бьют, а у нас отдачи нет', 'Украина, быстрее бы всё кончилось']",31.0
2023-14,2023,14,"Теракт в Санкт-Петербурге, убийство В. Татарского","['Теракт в Санкт-Петербурге, погиб военкор Владлен Татарский', 'убийство Владлена Татарского', 'военный блогер был убит', 'теракт, убийство журналиста', 'теракт в Питере, жалко журналиста']",8.0
2023-14,2023,14,Визит Си Цзиньпина в Россию,"['Визит китайского лидера Си Цзиньпина', 'встреча Путина с Си', 'китайский президент приезжал']",3.0
2023-14,2023,14,Работа властных структур,"['Касаемо политики, тех законов, которые внесены в Госдуму на рассмотрение. Закон о полиции', 'Госдума внесла проект о майских праздниках', 'смена губернатора в Омске']",1.0
2023-14,2023,14,Размещение российского тактического ядерного оружия в Белоруссии,"['Размещение тактического ядерного оружия в Белоруссии', 'размещение ядерных ракет в Белоруссии', 'переговоры с Лукашенко о размещении ядерного оружия в Белоруссии']",1.0
2023-14,2023,14,Визит Э. Макрона и У. Фон дер Ляйен в Пекин,"['Приезд Макрона и Фон дер Ляйен в Пекин', 'поездка Макрона в Китай', 'разговор Макрона с Си Цзиньпином']",1.0
2023-14,2023,14,"Рост цен, тарифов, повышение курса валют","['Повышение цен', 'цены на продукты растут', 'подорожание квартплаты и капремонта', 'падение рубля', 'курс валют, колебания', 'повышение курса доллара и евро']",1.0
2023-14,2023,14,"Напряжённые отношения между Россией и странами Запада, поставки оружия Украине","['Вступление в НАТО Финляндии', 'НАТО приблизилось', 'большие поставки оружия Украине, вроде как наступление готовится']",1.0
2023-14,2023,14,"Аварии, несчастные случаи","['Аварии в Оренбургской области', 'машина провалилась в Питере', 'как в Воронеже мужик с 19-го этажа упал и жив остался', 'двое детей утонуло на речке, лёд тонкий']",1.0
2023-14,2023,14,Природные катаклизмы в России,"['Землетрясение на Камчатке', 'наводнение']",1.0
2023-14,2023,14,Другие события в России,"['Открытие БКЛ в Москве', 'памятник Жириновскому поставили', 'решение построить мечеть в Москве', 'повышение, индексация выплат, пенсий', 'события в Ингушетии']",1.0
2023-14,2023,14,Другие события в мире,"['В Израиле с палестинцами около мечети была стычка', 'Трампа арестовали', 'чемпионат мира по шахматам']",1.0
2023-15,2023,15,"Затрудняюсь ответить, нет ответа",[],56.0
2023-15,2023,15,Военная спецоперация России на Украине,"['«Военная операция специальная»', '«очистка Украины от бандеровцев»', '«дела на передовой»', '«меня интересует только война на Донбассе – у меня сын там воюет»', '«на Украине идет война, парни наши погибают»', '«наши продвигаются по Украине»', '«отряды «Вагнер» взяли под контроль север Артемовска»', '«ВСУ обстреливают Донецк, сегодня обстреляли собор»', '«ожидание контрнаступления ВСУ»']",30.0
2023-15,2023,15,Закон об электронных повестках,"['«Вводят электронные повестки»', '«закон об электронном учете военнослужащих, электронных повестках»', '«закон о повестках»', '«изменения в правилах воинского учета»']",4.0
2023-15,2023,15,"Природные катаклизмы, погодные перепады в России","['«Извержение вулкана на Камчатке»', '«Камчатку завалило пеплом»', '«паводки в Краснодаре»', '«снегопады в Ростовской области»', '«похолодание в Татарстане»']",2.0
2023-15,2023,15,"Теракт в Санкт-Петербурге, убийство В. Татарского","['«Взорвали в Питере Владлена Татарского»', '«теракт в Санкт-Петербурге против журналиста»', '«убийство, похороны нашего журналиста Татарского»']",2.0
2023-15,2023,15,Другие события,"['«Мишустин приезжал в Тюмень»', '«запрет вейпов»', '«новый губернатор, прокурор»']",1.0
2023-15,2023,15,"Напряженные отношения между Россией и странами Запада, поставки оружия Украине","['«Готовят 11-й пакет санкций против России»', '«война с Америкой через Украину»', '«Евросоюз деньги дал на вооружение Украины»']",1.0
2023-15,2023,15,Визит Си Цзиньпиня в Россию,"['«Приезд Си Цзиньпиня»', '«Путин встретился с китайским лидером»', '«переговоры с Китаем»']",1.0
2023-15,2023,15,Праздники,"['«День космонавтики»', '«Пасха»', '«подготовка к 9 Мая»']",1.0
2023-15,2023,15,Визит Эмманюэля Макрона и Урсулы фон дер Ляйен в Пекин,"['«В Китай ездили оба»', '«визит Макрона в Китай»', '«как Макрон ездил в Китай»']",1.0
2023-15,2023,15,"Аварии, пожары, несчастные случаи","['«Вчерашняя авария, в которой погибли четыре человека»', '«ДТП в Рыбинске, где пострадали два ребенка»', '«пожар в Питере»', '«в Хабаровске съел человека тигр»']",1.0
2023-15,2023,15,Другие события в России,"['«Тихоокеанский флот по тревоге подняли»', '«инцидент насилия над ребенком в школе в Екатеринбурге»', '«снижение цен на молоко»']",1.0
2023-15,2023,15,Другие события в мире,"['«Акции протеста рабочих во Франции»', '«теракты в Судане»', '«утечка из Пентагона»']",1.0
2023-16,2023,16,"Затрудняюсь ответить, нет ответа",[],53.0
2023-16,2023,16,Военная спецоперация России на Украине,"['«Военные действия на Украине»', '«спецоперация на Украине: последние вести с фронтов»', '«второй год СВО»', '«война на Украине, СВО. Чтоб победили, чтоб вернулись живыми наши солдаты»', '«война на Донбассе»', '«события спецоперации, события в Артёмовске и других местах»', '«спецоперация на Украине, что наши почти взяли Артёмовск»', '«умирают люди на войне, пацаны молодые»', '«что погибают наши дети на Украине, особенно наши буряты погибают»']",31.0
2023-16,2023,16,Работа властных структур,"['«Мишустин приезжал в Смоленск»', '«отставка Усса»', '«новый губернатор»', '«выдача электронных повесток»', '«закон о сборе краснокнижных растений»', '«закон о корректировании жидкости для электронных сигарет»']",3.0
2023-16,2023,16,Падение российской бомбы в Белгороде,"['«В Белгороде упала бомба»', '«сход бомбы с самолета в Белгороде»', '«инцидент в Белгороде: упала бомба, но никто не пострадал»']",3.0
2023-16,2023,16,Посещение В. Путиным зоны СВО,"['«Визит Путина в зону спецоперации»', '«неожиданный визит Путина в Херсонскую и Луганскую область»', '«Путин посетил Херсонскую область, посетил отряды «Восток» и «Днепр»»']",2.0
2023-16,2023,16,Другие события в России,"['«Ковид опять»', '«аресты в Ростове и в Самаре»', '«отпустили сына депутата на Урале, сбившего человека»', '«Сбербанк выплатит дивиденды»']",2.0
2023-16,2023,16,Другие события в мире,"['«Высказывание турецкого министра иностранных дел»', '«ракета Илона Маска упала»', '«в Судане разборки»']",2.0
2023-16,2023,16,Зарубежные визиты С. Лаврова,"['«Лавров: поездка по странам»', '«поездка Сергея Лаврова в страны Латинской Америки»', '«поездка Лаврова в Южную Америку, Кубу»', '«Лавров ездил в Никарагуа»']",1.0
2023-16,2023,16,"Аварии, пожары, несчастные случаи","['«Аварии»', '«пожар в Бийске»', '«пожар в Дзержинском»', '«фанерный завод горел»', '«бродячие собаки загрызли ребенка в Омске»', '«ребенка загрызли собаки в Оренбурге»']",1.0
2023-16,2023,16,"Природные катаклизмы, погодные перепады в России","['«Вулкан на Камчатке»', '«наводнение в Крыму»', '«река Томь пошла»', '«погода плохая, снег»', '«жара невероятная в Питере»']",1.0
2023-16,2023,16,"Напряженные отношения между Россией и странами Запада, поставки оружия Украине","['«Германия выслала российских дипломатов»', '«Америка против нас»', '«Запад обеспечивает Украину оружием»']",1.0
2023-16,2023,16,Визит Си Цзиньпина в Россию,"['«Визит китайского лидера в Россию»', '«приезжал Си Цзиньпин в Москву»']",1.0
2023-16,2023,16,Праздники,"['«День космонавтики»', '«Пасха»', '«праздник Пасхи»', '«Ураза-байрам»']",1.0
2023-17,2023,17,Военная спецоперация России на Украине,"['«Дела на фронте»', '«как продвигается спецоперация на Украине»', '«действия на передовой»', '«война в Донбассе»', '«СВО, продвижение наших войск»', '«положительная динамика на фронтах»', '«мы продвигаемся вперед»', '«наши наступают и побеждают»', '«когда возьмем Артемовск?»', '«наступления Украины ждем»', '«контрнаступление ВСУ»', '«как воюют наши земляки»', '«больше всего как ребята воюют. Скорее бы все закончилось, у нас тоже есть сыновья»']",34.0
2023-17,2023,17,"Природные катаклизмы, погодные перепады в России","['«Лесные пожары»', '«пожары в Омской области»', '«пожары в Свердловской области, 120 домов сгорело»', '«пожаров много в Курганской области, на севере Якутии топит»', '«вулкан на Камчатке»', '«выпад снега, плохие погодные условия»', '«дожди в Ростове»']",2.0
2023-17,2023,17,Другие события в России,"['«Диктант Победы»', '«корь»', '«поднятие цен на автомобили»', '«Блиновскую наказали за мошенничество, за долги перед государством»', '«авторитета поймали на Парфинской зоне»']",2.0
2023-17,2023,17,Другие события в мире,"['«Весь спорт»', '«Байден опять баллотируется»', '«разговор Зеленского с Си Цзиньпином»', '«Илон Маск запустил ракету»', '«война в Судане»']",2.0
2023-17,2023,17,Работа властных структур,"['«Встреча с молодежью Мишустина»', '«сообщение Набиуллиной об утечке денег»', '«повышение пенсии летчикам и шахтерам»', '«легальная тонировка авто»']",1.0
2023-17,2023,17,"Аварии, несчастные случаи","['«Погоня, ДТП»', '«автобус попал в аварию у нас в городе»', '«упавшая стена в строящемся доме в Татарстане»', '«мальчик умер от наркотиков в Вышнем Волочке»']",1.0
2023-17,2023,17,"Напряженные отношения между Россией и странами Запада, поставки оружия Украине","['«Запад давит»', '«что творится в Европе, против нас настроены»', '«поставка бомб с обедненным ураном»']",1.0
2023-17,2023,17,Действия В. Путина,"['«Путин старается продолжить отношения партнерские с Белоруссией»', '«Путин ездил на Донбасс»', '«поздравление главы государства с Рамазаном, Пасхой»']",1.0
2023-17,2023,17,Зарубежные визиты С. Лаврова,"['«Визит Лаврова в США»', '«выступление Лаврова в ООН»', '«визит министра иностранных дел России в Латинскую Америку»']",1.0
2023-17,2023,17,События в Турции,"['«Эрдоган: болезнь»', '«Эрдогану стало плохо в эфире»', '«стройка атомной электростанции в Турции»', '«открытие АЭС в Турции»']",1.0
2023-17,2023,17,Международные контакты России и Китая,"['«Сближение с Китаем»', '«совещание министров обороны России и Китая»', '«встреча Шойгу с представителем Китая»', '«встреча Путина с китайским лидером»']",1.0
2023-17,2023,17,Падение российской бомбы в Белгороде,"['«Бомба в Белгороде»', '«в Белгороде нечаянно уронили бомбу»', '«как самолет уронил бомбу»']",1.0
2023-19,2023,19,Военная спецоперация в целом,"['Боевые действия на Украине', 'война в Донбассе', 'новости, где проводится СВО', 'положение на фронте', 'военная обстановка', 'много наших солдат убивают', 'война: что много убивают наших и украинцев.']",29.0
2023-19,2023,19,"Атаки дронов, взрывы, теракты на территории России","['Привлекли внимание сообщения о беспилотниках', 'атака дронов на Кремль', 'беспилотники летают по Тульской области', 'в Севастополе горела нефтебаза', 'бомбежки, пожар на нашей нефтебазе', 'взрыв в Донбассе', 'покушение на Прилепина', 'теракты, сбитые самолеты, поезд взорвали', 'сбили наши вертолеты и самолеты, погибли летчики', 'упали два самолета и два вертолета в Брянской области.']",7.0
2023-19,2023,19,"Празднование Дня Победы, парад на Красной площади","['9 Мая – священный день', 'День Победы', 'парад Победы', 'проведение парада и подготовка к параду. Президенты Лукашенко, Казахстана и другие были на параде.']",6.0
2023-19,2023,19,Заявление Е. Пригожина о нехватке боеприпасов для ЧВК «Вагнер»,"['Высказывание Пригожина о боеприпасах', 'выступал Пригожин: солдат посылают, а нечем стрелять', 'заявление Пригожина про нехватку боеприпасов', 'недостающее количество снарядов для ЧВК “Вагнер”.']",3.0
2023-19,2023,19,Природные катаклизмы в России,"['Лесные пожары', 'пожар – Курганская область', 'пожары вокруг Тюмени', 'пожары за Уралом', 'пожары на Дальнем Востоке', 'про пожары в Свердловской и Курганской области', 'наводнение в Иркутской области.']",3.0
2023-19,2023,19,Готовящееся контрнаступление ВСУ,"['Готовящееся контрнаступление Украины', 'ждут наступления украинцев', 'контрнаступление со стороны Украины', 'наступление украинское.']",2.0
2023-19,2023,19,События вокруг Артемовска,"['Артемовск: положение там', 'Бахмут – Артемовск', 'отступление от Бахмута', 'про Артемовск непонятно: то ли сдали, то ли нет.']",2.0
2023-19,2023,19,"Военные сборы, мобилизация","['Призыв на переподготовку запасников', 'на спецоперацию хотят привлечь людей. Сначала на военные сборы, а потом и на Донбасс', 'подготовка запасников для военных действий', 'мобилизация, набор идет.']",1.0
2023-19,2023,19,"Напряженные отношения между Россией и странами Запада, поставки оружия Украине","['Америка и Европа против нас', 'клевета Запада', 'Англия передает Украине ракеты дальнего действия', 'помощь Украине оружием.']",1.0
2023-19,2023,19,Работа властных структур,"['Губернатор с Путиным встретился', 'приезд Мишустина', 'подписанный приказ на военные подготовки', 'разрешение на эвтаназию бездомных животных.']",1.0
2023-19,2023,19,Выборы в Турции,"['Выборы в Турции', 'Турция: борьба за выборы', 'Эрдоган, выборы в Турции.']",1.0
2023-19,2023,19,Другие события в России,"['Смерть Юдашкина, Зайцева', 'юбилей Валерия Гергиева', 'концерт Киркорова', 'повышение цен на бензин', 'появился по Удмуртии птичий грипп', 'отключение горячей воды.']",1.0
2023-19,2023,19,Другие события в мире,"['Ковид: ограничения снял ВОЗ', 'поездка Зеленского по Европе', 'коронация короля Англии', 'саудиты повысили цены на газ Европе, а Азии понизили.']",1.0
2023-20,2023,20,Военная спецоперация в целом,"['«Военная операция на Украине»', '«события в зоне СВО»', '«ход операции СВО»', '«военные действия на Украине»', '«все, что касается спецоперации на Украине»', '«новости на фронте»', '«как наши ребята воюют»', '«продвижение наших войск на Украине»']",33.0
2023-20,2023,20,Освобождение Артёмовска,"['«Освобождение Артёмовска»', '«Артёмовск освободили от нацистов»', '«Бахмут взяли наши войска»', '«взятие Бахмута под наш контроль»', '«победа “Вагнера”»']",4.0
2023-20,2023,20,"Атаки дронов, взрывы, теракты на территории России","['«Обстрел территории России»', '«два сбитых самолета и вертолета в Брянской области»', '«обстрелы Брянска»', '«бомбежки в Крыму»', '«взрывы в Крыму, в Белгороде, везде диверсанты»', '«обстрелы Белгорода»']",3.0
2023-20,2023,20,Уничтожение российскими военными вооружения и складов с боеприпасами на Украине,"['«Взорвали ЗРК “Пэтриот”»', '«“Пэтриот” мы в Киеве замочили «Кинжалом», и это очень хорошо»', '«сбили американское ПВО»', '«взрыв в Хмельницком»', '«на Украине взорвали склад с боеприпасами»']",2.0
2023-20,2023,20,Выборы в Турции,"['«Выборы Турции»', '«турецкие выборы»', '«Эрдоган не выиграл в первом раунде»']",2.0
2023-20,2023,20,Природные катаклизмы в России,"['«Землетрясение на Камчатке»', '«начались лесные пожары»', '«пожары и наводнения в России»', '«пожары в нашей области»', '«пожары на всем Урале, в области»', '«стихийные бедствия»']",2.0
2023-20,2023,20,"Военные сборы, мобилизация","['«Военные сборы на два месяца»', '«подписание указа 10 мая о военных сборах»', '«сбор в запас»', '«мобилизация»', '«отправляют всех на войну»', '«учения, призыв, мобилизация»']",1.0
2023-20,2023,20,Другое,"['«Видеообращение Пригожина»', '«заявление Пригожина о том, что он покинет Артёмовск из-за нехватки боеприпасов»', '«не хватает нашим войскам на Украине боеприпасов»']",1.0
2023-20,2023,20,"Напряженные отношения между Россией и странами Запада, поставки оружия Украине","['«Наступление Запада на Россию»', '«Америка на нас травит, страны все»', '«больше стран против нас»', '«Евросоюз – санкции»', '«новый пакет вооружения Украине»', '«поставка Украине оружия Британией»']",1.0
2023-20,2023,20,Работа властных структур,"['«Новости о законах»', '«утверждение новой образовательной программы»', '«закон о животных»', '«цифровой рубль»']",1.0
2023-20,2023,20,"Аварии, пожары, несчастные случаи","['«Авария по дороге Тейково – Иваново, погибли люди»', '«девочку сбили на пешеходном переходе в Мурманске»', '«пожар был где-то»']",1.0
2023-20,2023,20,Выступления В. Путина,"['«Выступления Путина»', '«выступление Путина о межнациональных отношениях»', '«сеять нужно в селе, Путин об этом вчера разговаривал»']",1.0
2023-20,2023,20,"Празднование Дня Победы, парад на Красной площади","['«9 Мая»', '«День Победы»', '«парад Победы»']",1.0
2023-20,2023,20,Другие события в России,"['«Экономический форум в Казани»', '«в Новосибирске сняли руководителя “Вектора”»', '«в Московском зоопарке панда родила маленьких панд»']",1.0
2023-20,2023,20,Другие события в мире,"['«Саммит в Японии»', '«зерновая сделка»', '«выборы в молдавской Гагаузии»', '«крушение самолета в Швейцарии»', '«открытие перелетов в Грузию безвизовых»']",1.0
2023-21,2023,21,Военная спецоперация в целом,"['«Военная операция»', '«военные действия на Украине»', '«военные сводки»', '«война, наверное, спецоперация на Украине»', '«на фронте что»', '«на Украине: сводки с фронтов»', '«что творится на войне на Украине»', '«Украина – печаль»']",26.0
2023-21,2023,21,Освобождение Артёмовска,"['«Артёмовск освободили»', '«взяли Бахмут»', '«долгожданное освобождение Артёмовска»', '«победа в Артёмовске»']",8.0
2023-21,2023,21,Вторжение боевиков из Украины в Белгородскую область,"['«Белгородская область – вторжение»', '«прорыв диверсионных групп в Белгородской области»', '«атака на Белгород»']",7.0
2023-21,2023,21,"Атаки дронов, взрывы, теракты на территории России","['«Атака на Краснодар беспилотником»', '«беспилотники на российской территории, в Жуковском районе, в Тарутино»', '«дроны нас атаковали сегодня»', '«ДРГ в Грайвороне»']",4.0
2023-21,2023,21,Другие события в России,"['«Смерть мужа Дианы Гурцкой»', '«ЦСКА – “Спартак”, футбол»', '«в Татарстане уже месяц дорожает бензин»']",2.0
2023-21,2023,21,Другие события в мире,"['«Авиасообщение с Грузией»', '«Армения отдала часть территории Азербайджану»', '«смерть Тины Тёрнер»']",2.0
2023-21,2023,21,"Военные сборы, мобилизация","['«Мобилизация на СВО»', '«молодых отправляют на СВО»', '«грядущая мобилизация»']",1.0
2023-21,2023,21,Работа властных структур,"['«Мишустин в Китае»', '«заседание правительства о соцподдержке семей СВО»', '«принятие закона об ограничении для людей, подлежащих военной службе»']",1.0
2023-21,2023,21,"Напряженные отношения между Россией и странами Запада, поставки оружия Украине","['«Америка обложила Россию»', '«что Запад хочет дать Украине истребители»', '«Запад хочет поставить самолеты F-16»', '«танки поставляют на Украину»', '«Финляндия отправила Украине пакет военной помощи»']",1.0
2023-21,2023,21,Природные катаклизмы в России,"['«Пожары в лесах»', '«пожары в Челябинской области»', '«пожары на Урале»', '«пожары, наводнения, экология»', '«сухость, дождя нет»', '«уровень воды в Туре»', '«на Татарстан надвигаются гроза и град»']",1.0
2023-21,2023,21,Выборы в Турции,"['«Выборы, второй этап, в Турции»', '«выборы президента Турции»', '«Турция: выборы»']",1.0
2023-21,2023,21,"Праздники, праздничные мероприятия","['«Подготовка к Сабантую»', '«Последний звонок»', '«фестиваль фейерверков»']",1.0
2023-22,2023,22,"Затрудняюсь ответить, нет ответа",[],43.0
2023-22,2023,22,Военная спецоперация в целом,"['«Война, война»', '«о войне, переживаем за солдатиков, война»', '«СВО, события на СВО»', '«события специальной военной операции»', '«сводки с фронта»', '«спецоперация на Украине, последние новости с Донбасса»', '«то, что происходит на Украине»', '«что войне конца и края нет»']",27.0
2023-22,2023,22,"Атаки дронов, взрывы, теракты на территории России","['«Атаки дронов на разные регионы России»', '«беспилотники летают недалеко»', '«бомбежка наших территорий»', '«бомбят наши южные области»', '«беспилотники на Смоленщине»', '«взрывы по Краснодарскому краю»', '«нападение на Крым, Москву»', '«обстрел Смоленска и Москвы»']",16.0
2023-22,2023,22,Вторжение боевиков из Украины в Белгородскую область,"['«Атаки в Белгородской области»', '«в Белгородской области провокации»', '«Белгород, Шебекино – обстрел»', '«Белгород, бомбежки домов в Шебекино, эвакуация людей»', '«обстрел Шебекино, Белгородской области»', '«за Белгород переживаешь»']",11.0
2023-22,2023,22,Освобождение Артёмовска,"['«Артёмовск взяли»', '«Артёмовск отвоевали»', '«Бахмут взяли»', '«битва за Бахмут»']",2.0
2023-22,2023,22,"Военные сборы, мобилизация","['«Все, что связано с мобилизацией»', '«Краснодар – военные сборы»', '«мобилизация, наши воины мобилизованные»', '«служба по контракту»', '«забрали знакомого на Донбасс, на СВО»']",1.0
2023-22,2023,22,Природные катаклизмы в России,"['«Пожары на севере. Наводнение в Ростове»', '«пожары в Сибири»', '«потопы в Крыму»', '«торнадо в Башкирии»']",1.0
2023-22,2023,22,Работа властных структур,"['«Действия Лаврова»', '«ответ Лаврова и Пескова на события в Москве»', '«хотят призывной возраст увеличить»']",1.0
2023-22,2023,22,"Праздники, культурные события","['«День защиты детей»', '«день рождения Мурманской области»', '«открытие кинофестиваля»']",1.0
2023-22,2023,22,"Аварии, несчастные случаи","['«Аварии на дорогах и пропажа людей в Барнауле»', '«авария на Софийской»', '«мальчик погиб в Балашове, про это все говорят, наверное»', '«второй ребенок утонул в области»']",1.0
2023-22,2023,22,Другие события в России,"['«Перенос иконы «Троица» из музея в храм»', '«учения на границе с Белоруссией»', '«голосование за благоустройство города»']",1.0
2023-22,2023,22,Другие события в мире,"['«Выборы в Турции»', '«победа Эрдогана»', '«столкновение поездов в Индии»']",1.0
2023-23,2023,23,"Затрудняюсь ответить, нет ответа",[],41.0
2023-23,2023,23,Военная спецоперация в целом,"['«Военные действия на Украине»', '«спецоперация на Украине, последние сводки с фронтов»', '«Донбасс. Слушаю бои, как там наши»', '«смотрю, как ребята воюют, – это самое главное»', '«наши побеждают, это очень приятно»', '«Украина: что освобождают там, где воюют».']",30.0
2023-23,2023,23,Разрушение Каховской ГЭС,"['«Взрыв Каховской ГЭС»', '«техногенная катастрофа на Каховской ГЭС»', '«дамбу прорвали, затопило большой участок, населенные пункты»', '«ГЭС украинцы разбомбили и людей эвакуировали»', '«потоп на Украине, дамбу взорвал кто-то: либо мы, либо хохлы».']",18.0
2023-23,2023,23,"Атаки дронов, взрывы на территории России","['«Атаки на нашу территорию»', '«Россию начали бомбить»', '«сегодня Воронеж обстреляли»', '«в Калужской области беспилотники летают»', '«дроны в Краснодаре падали»', '«полеты дронов в Курске. Переживаю: там родственники».']",6.0
2023-23,2023,23,Вторжение боевиков из Украины в Белгородскую область,"['«Атаки на Белгородскую область»', '«налеты на Белгород»', '«обстрелы Шебекино»', '«бомбежка Шебекино».']",4.0
2023-23,2023,23,Другие события в России,"['«День России 12 июня»', '«вставка ІТ, где участвовал Мишустин»', '«высказывания Пригожина»', '«Сабантуй»', '«молодоженам дают сертификат на покупку автомобиля»', '«подорожание цен на бензин».']",2.0
2023-23,2023,23,Контрнаступление ВСУ,"['«Возможно, Украина контрнаступает»', '«украинское наступление началось»', '«наступление на Запорожье»', '«контрнаступление началось, но ВСУ ничего не добились».']",1.0
2023-23,2023,23,Освобождение Артёмовска,"['«Артёмовск освободили»', '«освобождение Бахмута»', '«о победе вагнеровцев».']",1.0
2023-23,2023,23,Природные катаклизмы в России,"['«Природные катаклизмы»', '«Владивосток, наводнение»', '«нашествие моли в Тверской области».']",1.0
2023-23,2023,23,"Аварии, пожары, несчастные случаи","['«Горят вагоны в Уфе»', '«сидр – история с отравлениями в Самаре и Ульяновске»', '«сидр, отравление людей».']",1.0
2023-23,2023,23,Нападение акулы на туриста в Египте,"['«В Египте акула напала на человека»', '«акула мужчину съела в Египте»', '«напала акула на туриста. Не принимают меры».']",1.0
2023-23,2023,23,Другие события в мире,"['«Премьер Канады приехал с визитом в Киев»', '«в Индии два поезда столкнулись, 300 человек умерло»', '«пожар в Казахстане, автобус сгорел».']",1.0
2023-24,2023,24,"Затрудняюсь ответить, нет ответа",[],47.0
2023-24,2023,24,Военная спецоперация в целом,"['«Военные действия на Украине»', '«война всех интересует»', '«переживаем о наших ребятах на войне, СВО»', '«положение на фронте»', '«спецоперация на Украине, последние новости»', '«ход боевых действий»', '«боевые действия. Сам бы пошел, но меня не берут».']",33.0
2023-24,2023,24,Разрушение Каховской ГЭС,"['«Взорвали Каховскую ГЭС и затопило все»', '«взорвали плотину на Украине и все затопили»', '«взрыв Каховской ГЭС»', '«дамбу взорвали на Украине. Людей затопили».']",6.0
2023-24,2023,24,Международный экономический форум в Санкт-Петербурге,"['«Петербургский международный экономический форум»', '«саммит в Питере»', '«экономический форум в Питере».']",3.0
2023-24,2023,24,"Атаки дронов, взрывы на территории России","['«Бомбежки наших городов»', '«дроны нападают на Россию»', '«обстрелы Курска»', '«про Воронеж»', '«про дроны, взрывы в Брянской области, в Подмосковье».']",2.0
2023-24,2023,24,Контрнаступление ВСУ,"['«Контрнаступление ВСУ»', '«контрнаступление отбили, не прорвали оборону»', '«успешное отражение киевского контрнаступа».']",2.0
2023-24,2023,24,"Встречи, выступления В. Путина","['«Выступление Путина в Питере»', '«президент в Питере»', '«встреча президента с корреспондентами, вручение наград»', '«встреча Путина с военкорами».']",2.0
2023-24,2023,24,Вторжение боевиков из Украины в Белгородскую область,"['«Нападение на Белгородскую область»', '«обстрелы Белгорода и Шебекино»', '«события в Белгороде».']",1.0
2023-24,2023,24,"Аварии, пожары, несчастные случаи","['«Взрыв дома в Подмосковье»', '«пожар в Купчино»', '«возгорание автобуса в Санкт-Петербурге»', '«инфекции в лагере «Лазурном»».']",1.0
2023-24,2023,24,Природные катаклизмы в России,"['«В Сочи наводнение»', '«пожары в Красноярске»', '«шелкопряд в Клепиках уничтожает деревья».']",1.0
2023-24,2023,24,Праздники,"['«День России»', '«день рождения, 300-летие, Перми»', '««Алые паруса» в Питере 24 июня».']",1.0
2023-24,2023,24,Работа властных структур,"['«Госдума приняла указ о запрете смены пола»', '«призывной возраст хотят увеличить»', '«губернатор наводит порядок в управлении Омской области».']",1.0
2023-24,2023,24,Другие события в России,"['«ЕГЭ»', '«ЖКХ удавили платежами»', '«оцифровка денег»', '«рост акций российской биржи»', '«чемпионат по легкой атлетике в России».']",1.0
2023-24,2023,24,Другие события в мире,"['«Берлускони умер»', '«Италия поставляет танки Украине»', '«про Египет человека съела акула»', '«финал Лиги чемпионов».']",1.0
2023-25,2023,25,Военная спецоперация в целом,"['То, что происходит на Украине', 'последние новости СВО', 'спецоперация СВО, события на фронте', 'обстановка в районе СВО', 'наши продвигаются в Украине, молодцы', 'победы наших в зоне СВО']",30.0
2023-25,2023,25,"Мятеж, организованный Евгением Пригожиным, события вокруг ЧВК «Вагнер»","['Вооруженный мятеж', 'вчера предателей смотрели: свои же против нас, Пригожин', 'восстание Пригожина', 'вагнеровцы вошли в Ростов', 'был захват штаба в городе, сейчас все успокоилось', 'марш протеста Пригожина', 'Пригожин натворил делов', 'непонятки с Пригожиным', 'сегодня мятеж пытались организовать', 'мятеж не состоялся, я другого и не ожидал']",19.0
2023-25,2023,25,"Атаки дронов, взрывы на территории России","['Атаки Крыма', 'беспилотник, упавший в Воронеже', 'дроны сюда летают', 'обстрелы наших территорий', 'теракт на территории России']",2.0
2023-25,2023,25,Гибель батискафа в Атлантическом океане,"['Батискаф около “Титаника”', 'гибель в пучине океана, на четырех километрах глубины, американского батискафа', 'глубоководный аппарат застрял, когда опускался на “Титаник”']",2.0
2023-25,2023,25,Разрушение Каховской ГЭС,"['Взрыв дамбы Каховской ГЭС', 'Каховская ГЭС', 'трагедия на херсонской ГЭС']",1.0
2023-25,2023,25,Контрнаступление ВСУ,"['Наступательные действия в войне со стороны ВСУ', 'контрнаступление, информация о нем', 'наступление украинцев – переживаем', 'наступление Украины на Запорожье']",1.0
2023-25,2023,25,Вторжение боевиков из Украины в Белгородскую область,"['Белгород разбили', 'бомбят Белгород', 'обстрелы Шебекино']",1.0
2023-25,2023,25,Международный экономический форум в Санкт-Петербурге,"['Петербургский Международный экономический форум', 'форум в Питере', 'форум международный', 'форум экономический петербургский']",1.0
2023-25,2023,25,"Встречи, выступления Владимира Путина","['Обращение Путина', 'выступление Путина вчера', 'выступление Путина на встрече с военными корреспондентами']",1.0
2023-25,2023,25,Природные катаклизмы в России,"['Катаклизмы с природой', 'в Кисловодске потоп', 'наводнение в Сочи', 'наводнение во Владивостоке', 'потоп в Осетии', 'ураганы на юге, все затопило']",1.0
2023-25,2023,25,Работа властных структур,"['Мишустин в Казань приезжал', 'изменения в Налоговом кодексе', 'приезд губернатора в Ачинск']",1.0
2023-25,2023,25,"Аварии, пожары, несчастные случаи","['Аварии в Дагестане', 'пожар в Волжском на территории завода', 'лоси, выскакивающие на дорогу, частые ДТП; отравления алкоголем']",1.0
2023-25,2023,25,"Памятные даты, праздники, фестивали","['День скорби и памяти', 'свеча памяти', 'Алые паруса', 'День молодежи', 'фестиваль искусств в России']",1.0
2023-25,2023,25,Другие события в России,"['Сочи – молодежная ассамблея', 'запуск нового электрического водного транспорта', 'картошка подорожала']",1.0
2023-25,2023,25,Другие события в мире,"['Наводнение в Германии', 'санкции очередные со стороны Запада и ЕС']",1.0
2023-26,2023,26,"Мятеж, организованный Е. Пригожиным, события вокруг ЧВК «Вагнер»","['«23-24-го Евгений Пригожин хотел свергнуть правительство»', '«попытка свержения нашего правительства»', '«бунт Пригожина»', '«вагнеровцы -полумятеж»', '«марш справедливости Пригожина»', '«шел за справедливостью Пригожин»', '«переживали за Путина из-за наступления на Москву военного Пригожина»', '«введение КТО»', '«перекопанные дороги в Липецкой области, закрытие трасс»', '«с участием Белоруссии договорились с Пригожиным»']",49.0
2023-26,2023,26,"Затрудняюсь ответить, нет ответа",[],36.0
2023-26,2023,26,Военная спецоперация России на Украине,"['«Военная операция на Украине»', '«все по спецоперации военной»', '«наши бендеров гоняют»', '«бой в Краматорске»', '«контрнаступление со стороны Украины»', '«не могут помириться с Украиной»']",14.0
2023-26,2023,26,Работа властных структур,"['«Люблю, когда выступает Путин»', '«правительство неправильно действует»', '«бездействует правительство»', '«повышение зарплаты»', '«детские пособи»']",1.0
2023-26,2023,26,Беспорядки во Франции,"['«Во Франции парня без прав застрелили за рулем: Он не хотел останавливаться, его застрелили как собаку, и вся Франция бунтует»', '«война во Франции, беспорядки»', '«горячая обстановка во Франции»', '«французы снова бунтуют»']",1.0
2023-26,2023,26,Другие события в России,"['«Выпускной-2023»', '«1 июля – День ветеранов боевых действий»', '«в Сочи был потоп»', '«повышение тарифов такси»', '«пропажа ребенка в Екатеринбурге»']",1.0
2023-26,2023,26,Другие события в мире,"['«Крушение батискафа “Титан”»', '«остановка транспорта на границе с Польшей»', '«поставка вооружения на Тайвань»']",1.0
2023-27,2023,27,"Затрудняюсь ответить, нет ответа",[],50.0
2023-27,2023,27,Военная спецоперация в целом,"['Спецоперация на Украине в целом', 'война на Украине', 'за событиями на фронте, на войне следим', 'с военными действиями связано', 'новости о спецоперации, что наши побеждают', 'слабые действия в Донецке']",25.0
2023-27,2023,27,"Мятеж, организованный Е. Пригожиным, события вокруг ЧВК «Вагнер»","['ЧВК “Вагнер”, то, что устроили', 'непонятный путч', 'захват Ростова', 'госизмена со стороны Пригожина', 'чуть не случилась гражданская война', 'шествие Пригожина', 'марш справедливости “Вагнера”', 'положительно отношусь к нему']",16.0
2023-27,2023,27,"Атаки дронов, взрывы, диверсии на территории России","['Атака дворов со стороны ВСУ', 'бомбежки территории России, диверсии', 'обстрелы области', 'прилеты', 'беспилотники в Во- ронеже летают', 'бомбежки в Белгороде, дроны над Москвой', 'Брянск весь разносит', 'дроны в Подмосковье, Брянск, Белгород']",3.0
2023-27,2023,27,Природные катаклизмы в России,"['Климатические события, Краснодарский край весь плывет', 'наводнение в Сочи', 'в Тюмени река обмелела', 'пожары в Приморье']",2.0
2023-27,2023,27,Угроза подрыва ЗАЭС,"['Разговоры о взрыве Запорожской АЭС', 'угроза Запорожской АЭС', 'Запорожскую АЭС собираются бомбить', 'хотят взорвать атомную электростанцию на Украине']",1.0
2023-27,2023,27,"Рост цен, тарифов, падение курса рубля","['Повышение цен', 'повышение тарифов на ЖКХ', 'рост цен и рост валюты', 'повышение курса доллара']",1.0
2023-27,2023,27,Поставки оружия Украине,"['Дают кассетные боеприпасы Украине', 'поставка ракет из Америки на Украину', 'поставка Польшей оружия на Украину']",1.0
2023-27,2023,27,"Поездки, выступления В. Путина","['Выступление Путина на ШОС', 'Путин был в Дербенте', 'приезд Путина и подарок ему Корана']",1.0
2023-27,2023,27,"Аварии, пожары, несчастные случаи","['Взрыв на заводе в Чапаевске', 'пожар на Краснознаменской улице в Твери', 'две девочки-близняшки утонули']",1.0
2023-27,2023,27,Другие события в России,"['Выступление Мишустина', 'выступление Набиуллиной, отпуск Кадырова', 'День молодежи в Москве', 'День семьи', 'журналист- ка, которую избили в Чечне']",1.0
2023-27,2023,27,Другие события в мире,"['Вступление Ирана в ШОС', 'Франция, бунты']",1.0
2023-28,2023,28,"Затрудняюсь ответить, нет ответа",[],53.0
2023-28,2023,28,Военная спецоперация в целом,"['Все о спецоперации', 'дела на фронте', 'как наша армия воюет', 'конечно, боевые действия, беспокоюсь о наших ребятах', 'бои на Украине', 'обстановка на фронте', 'СВО, события на Украине', 'наступление наших войск']",25.0
2023-28,2023,28,"Природные аномалии, катаклизмы в России","['Наводнение, жара, аномалия', 'потоп, дома уходят из-под ног, пожары', 'в Краснодаре и крае сильные ливни, наводнение', 'штормы, ветер, повалило деревья в Краснодарском крае', 'засуха на Урале', 'наводнение в Сочи, пожары в Свердловской области, у нас в Кирове']",8.0
2023-28,2023,28,"Мятеж, организованный Е. Пригожиным, события вокруг ЧВК «Вагнер»","['Рейд Пригожина', 'крестовый поход Пригожина', 'события с Пригожиным, марш справедливости', 'про “Вагнера” – некоторые думают, что это тактика информационная']",7.0
2023-28,2023,28,Саммит НАТО в Вильнюсе,"['НАТО собиралось в Вильнюсе', 'саммит НАТО в Вильнюсе', 'саммит с участием Зеленского', 'саммит НАТО о приеме Украины']",3.0
2023-28,2023,28,"Атаки дронов, взрывы, теракты и диверсии на территории России","['Как Украина отправила дроны к нам в Россию', 'артобстрелы наших городов', 'на Крым напали', 'теракт на Крымском мосту', 'атаки на Курскую АЭС', 'беспилотник упал в Воронеже, Курске', 'дроны в Воронежской и Белгородской областях, обстрел Белгорода', 'сбили беспилотник в Курчатове']",1.0
2023-28,2023,28,Работа властных структур,"['Выборы будущие', 'визит Лаврова в Африку', 'закон, запрещающий смену пола', 'приезд помощника президента в Мурманскую область']",1.0
2023-28,2023,28,Криминальные события,"['Покушение на Симоньян и Собчак', 'мать убила приемного сына', 'нападение на молодого человека в Электростали']",1.0
2023-28,2023,28,Поставки оружия Украине,"['Бомбы, поставляемые в Украину', 'кассетные бомбы', 'оружие Украине от США']",1.0
2023-28,2023,28,"Аварии, пожары, несчастные случаи","['ДТП в Томске', 'крупный пожар в Химках', 'мальчик утонул']",1.0
2023-28,2023,28,"Поездки, выступления В. Путина","['Встреча Путина с Пригожиным', 'выступление Владимира Путина о встрече с Пригожиным', 'выступление Владимира Путина с информацией по IT-технологиям']",1.0
2023-28,2023,28,Возвращение азовцев на Украину из Турции,"['Возврат военнопленных из Турции украинских', 'отправка командиров “Азова” из Турции на Украину', 'сдача Эрдоганом азовцев на Украину']",1.0
2023-28,2023,28,Другие события в России,"['Повышение цен на газ', 'подорожание бензина возмутило', 'горбуша не зашла в Мурманскую область', 'памятник открыли Державину в Великом Новгороде']",1.0
2023-28,2023,28,Другие события в мире,"['Арабы уменьшили добычу нефти', 'волнения во Франции', 'закрытие генконсульства Финляндии в Санкт-Петербурге']",1.0
2023-29,2023,29,"Затрудняюсь ответить, нет ответа",[],46.0
2023-29,2023,29,Военная спецоперация в целом,"['«События, связанные с военной операцией»', '«больше, что войны касается, СВО»', '«положение на фронте»', '«военные действия на Украине»', '«война на Донбассе, СВО»', '«война, как наши воины воюют»', '«наши идут вперед, побеждают в спецоперации»', '«затянутые военные действия»', '«с войной проблемы»']",25.0
2023-29,2023,29,Атака на Крымский мост,"['«Атака на Крымский мост»', '«взорвали Крымский мост в очередной раз»', '«взрыв Керченского моста»', '«теракт на Крымском мосту»', '«вновь взорванный мост в Крыму. Позор охранникам, мост не могут уберечь»', '«нападение на Крымский мост»']",23.0
2023-29,2023,29,"Атаки дронов, взрывы, диверсии на территории России","['«Обстрелы нашей территории»', '«атака беспилотников»', '«обстрел наших городов»', '«прилеты по территории России»', '«что в Воронеже происходило, нефтебазу взорвали»', '«Шебекино»']",3.0
2023-29,2023,29,Работа властных структур,"['«Законы в Думе»', '«новые законы»', '«закон о смене пола»', '«закон об утилизации автомобиля»', '«обсуждение Семейного кодекса в Госдуме»']",2.0
2023-29,2023,29,"Мятеж, организованный Е. Пригожиным, события вокруг ЧВК «Вагнер»","['«Бунт ЧВК “Вагнер""»', '«мятеж Пригожина»', '«ЧВК ушел»', '«непонятки после мятежа Пригожина. Ищут предателей»']",1.0
2023-29,2023,29,Выход России из зерновой сделки,"['«О прекращении зерновой сделки»', '«отказ от зерновой сделки»', '«отмена зерновой сделки»', '«срыв зерновой сделки»']",1.0
2023-29,2023,29,"Природные аномалии, катаклизмы в России","['«Дожди кругом»', '«катаклизмы и потопы»', '«погодные условия, затопило кругом»', '«затопление Москвы»', '«затопление в Сочи»', '«наводнения, поднятие уровня воды в Ангарске и в Селенге»', '«Туапсе – наводнение»']",1.0
2023-29,2023,29,"Инфляция, рост цен","['«Цены растут, инфляция»', '«девальвация рубля»', '«дорожает бензин каждый день»', '«подорожание машин из-за налогов»']",1.0
2023-29,2023,29,Другие события в России,"['«Стрелкова посадили»', '«митинг мигрантов в Москве»', '«ЧП в Тамбовской области, холера»', '«в Московском зоопарке родились два белых тигренка»']",1.0
2023-29,2023,29,Другие события в мире,"['«Решения последней встречи НАТО»', '«вызов в Польше нашего посла»', '«президент Америки упал»']",1.0
2023-30,2023,30,"Затрудняюсь ответить, нет ответа",[],49.0
2023-30,2023,30,Военная спецоперация в целом,"['Военная операция', 'ситуация на специальной военной операции на Украине', 'репортажи о СВО', 'положение на Украине', 'беспокоюсь, что там на войне', 'новости с фронта', 'военные действия в Украине', 'о войне на Украине переживаю']",28.0
2023-30,2023,30,"Атаки дронов, взрывы, диверсии на территории России","['Атаки беспилотников', 'беспилотники, летящие в Москву', 'в Москву БПЛА летели, Москва-Сити', 'диверсии украинские на наших территориях', 'Белгород бомбят', 'взрыв в Таганроге', 'ракета упала в Таганроге']",6.0
2023-30,2023,30,Атака на Крымский мост,"['Удар по Крымскому мосту', 'взорвали Крымский мост', 'взрыв на Крымском мосту', 'теракт на Крымском мосту', 'Удар по Крымскому мосту', 'взорвали Крымский мост', 'взрыв на Крымском мосту', 'теракт на Крымском мосту']",5.0
2023-30,2023,30,Саммит Россия – Африка в Санкт-Петербурге,"['С Африкой саммит', 'встреча с африканскими главами государств', 'в Питере африканцы', 'друзья африканские приехали в Россию', '23 миллиарда простили Африке']",5.0
2023-30,2023,30,"Природные аномалии, катаклизмы в России","['Стихии, природа, пожары', 'пожары', 'жара, затопления от дождей по России', 'в Сочи шторм', 'дождь в Москве', 'вчерашний потоп в Москве, ливень']",3.0
2023-30,2023,30,Работа властных структур,"['На Алтай ездил Мишустин', 'законы о мобилизации', 'возраст для резервистов подняли до 40', 'призывной возраст увеличили до 30 лет', 'цифровой рубль']",2.0
2023-30,2023,30,Другие события в России,"['Парад в Питере', 'много призывают на войну', 'повышение цен на бензин и продукты', 'грибной сезон', 'девочку изнасиловали и убили в Красногорске']",2.0
2023-30,2023,30,Другие события в мире,"['Военный переворот в Африке', 'волнения в Израиле', 'встреча Зеленского со Столтенбергом', 'наводнение в Европе', 'пожары в Турции', 'акула съела мальчика в Египте']",2.0
2023-30,2023,30,"Мятеж, организованный Е. Пригожиным, события вокруг ЧВК «Вагнер»","['Бунт Пригожина', 'поход Пригожина на Москву', 'действия ЧВК “Вагнер”', 'ЧВК “Вагнер” мятеж устроили']",1.0
2023-30,2023,30,"Встречи, выступления В. Путина","['Выступление Путина на форуме', 'высказывания Путина о войне', 'Лукашенко и Путин – встреча']",1.0
2023-30,2023,30,"Аварии, пожары, несчастные случаи","['Детей много погибло, утонуло', 'дети пропадают или в аварию попадают', 'падение самолёта', 'ДТП со смертельным исходом', 'кран на дом упал на Хмельницкого']",1.0
2023-31,2023,31,"Затрудняюсь ответить, нет ответа",[],54.0
2023-31,2023,31,Военная спецоперация в целом,"['«Военные новости»', '«текущие события на Украине»', '«военные действия на территории Украины»', '«бои на Украине»', '«спецоперация на Украине, последние сводки с фронтов»', '«наступление российских войск»', '«подробности боевых действий в СВО, успехи»', '«хорошая работа наших военных»', '«бьют хохлов»']",28.0
2023-31,2023,31,"Атаки дронов, взрывы, диверсии на территории России","['«Взрывают много, везде летят беспилотники»', '«дроны атакуют Москву»', '«нападение беспилотников на нашу область и на Москву, и на Крым»', '«беспилотник в Москва-Сити»', '«беспилотники в Москве и Таганроге»', '«беспилотники на Новороссийск»']",8.0
2023-31,2023,31,"Природные аномалии, катаклизмы в России","['«Природа бунтует»', '«дожди, пожары»', '«жара большая»', '«все горит, пожары»', '«все дороги размылись после дождя»', '«смерчи по России»', '«погодные катаклизмы в Краснодарском крае»', '«ураган в Марий Эл»']",3.0
2023-31,2023,31,Саммит Россия – Африка в Санкт-Петербурге,"['«Африка – Россия, саммит»', '«переговоры с Африкой»', '«африканский саммит с участием России»', '«саммит в Ленинграде»', '«саммит с неграми»']",2.0
2023-31,2023,31,Работа властных структур,"['«Мишустин ездил по Хабаровскому краю, Омск, Томск, Барнаул, Владивосток. Смотрел производство»', '«приехал министр здравоохранения»', '«депутатов посадят на “Ладу”»', '«30 тысяч штрафа за неявку по повестке»']",2.0
2023-31,2023,31,Атака на Крымский мост,"['«Крымский мост бомбили»', '«нападение на Крымский мост»', '«теракт на Крымском мосту»', '«мост в Крым был разрушен»']",1.0
2023-31,2023,31,"Инфляция, рост цен","['«Курс доллара»', '«рост курса доллара. Очевидно, да, очевидно, что будет инфляция последующая»', '«рост валют»', '«рост цен»', '«обесценивание денег, инфляция»']",1.0
2023-31,2023,31,"Аварии, пожары, несчастные случаи","['«Аварии по стране»', '«катастрофы»', '«взрыв в Самаре на нефтекомбинате»', '«пожар крупный на фабрике позавчера, взорвался газовый баллон»']",1.0
2023-31,2023,31,Праздники,"['«День ВДВ»', '«день ВМФ»', '«День железнодорожника»', '«День города»']",1.0
2023-31,2023,31,Криминальные события,"['«Выпустили педофила из тюрьмы в Подмосковье, а он убил девушку шестнадцати лет»', '«поимка маньяка, который 14 лет держал взаперти девушку»', '«в Каменске девушку избили за то, что у нее синие волосы»', '«изнасилование девочки»']",1.0
2023-31,2023,31,Другие события в России,"['«Навальному дали 19 лет»', '«повышение пенсий работающим пенсионерам»', '«умерла Ирина Мирошниченко, моя любимая актриса с советских времен»', '«чемпионат России по футболу»']",1.0
2023-31,2023,31,Другие события в мире,"['«Нигер: смещение правительства»', '«наводнение в Китае»', '«поставка оружия на Украину – США»', '«суд над Трампом»']",1.0
2023-32,2023,32,"Затрудняюсь ответить, нет ответа",[],54.0
2023-32,2023,32,Военная спецоперация в целом,"['Война с Украиной', 'все, что касается военных действий на Украине', 'информация о СВО', 'про войну переживаем', 'сводки с фронта', 'спецоперация на Украине', 'война не прекращается', 'напряженная обстановка на фронте', 'наступление на Купян-ском направлении']",27.0
2023-32,2023,32,"Атаки дронов, взрывы, диверсии на территории России","['Диверсионные действия с Украины', 'атака дронов на Москву', 'дрон попал в Москву-Сити', 'беспокоят бомбежки, страна переживает налеты на Москву', 'атака на Новороссийск', 'взрывы, дроны в Самаре, Загорск', 'взрывы в Краснодаре, Белгороде']",8.0
2023-32,2023,32,"Природные аномалии, катаклизмы в России","['Земля и природа против нас ополчились: там град, там топит, там жарит', 'штормы в Сочи, потопы в Туапсе', 'утонуло все в Краснодарском крае', 'катаклизмы природные в Приморье, везде', 'наводнение по Приморскому краю', 'подтопление в Уссурийске', 'ураган на Яльчике']",3.0
2023-32,2023,32,Саммит Россия – Африка в Санкт-Петербурге,"['Саммит Россия – Африка', 'форум африканский', 'приезд делегатов из африканских стран', 'африканские встречи с Путиным']",2.0
2023-32,2023,32,Атака на Крымский мост,"['Мост взорвали Крымский', 'взрыв Крымского моста', 'Крымский мост подорвали']",1.0
2023-32,2023,32,"Инфляция, рост цен, снижение курса рубля","['Поднятие цен', 'бензин и все товары дорожают', 'рост цен на импортные товары, рост курса доллара', 'доллар по 100 рублей', 'повышение курса доллара и евро', 'рубль подешевел, инфляция, сделать ничего не могут с этим']",1.0
2023-32,2023,32,Работа властных структур,"['Выступление Мишустина', 'новые законы для уклонистов от СВО', 'повышение ключевой ставки', 'вопрос о решении выплат для первоклассников', 'отмена комиссии за переводы между своими счетами в разных банках']",1.0
2023-32,2023,32,Переворот в Нигере,"['В Нигере заварушка', 'госпереворот в Нигере', 'свернутое правительство в Нигере']",1.0
2023-32,2023,32,Запуск Россией межпланетной станции «Луна-25»,"['В России запустили спутник на Луну', 'запуск спутника “Луна-25”', 'полет на Луну российского спутника']",1.0
2023-32,2023,32,"Смерть В. Васильевой, И. Мирошниченко","['Артисты умирали – Вера Васильева, Мирошниченко', 'Вера Васильева ушла из жизни', 'похороны Веры Васильевой', 'смерть актрисы Мирошниченко']",1.0
2023-32,2023,32,Криминальные события,"['Криминальные новости в нашей стране', 'девочку убили у нас на районе', 'избиение участников СВО']",1.0
2023-32,2023,32,Другие события в России,"['Арест Большакова', 'День строителя, День города', 'света нет в Дагестане']",1.0
2023-32,2023,32,Другие события в мире,"['Конфликт Польши с Украиной', 'на Гавайях пожар, Родос сгорел', 'Чемпионат мира по футболу среди женщин']",1.0
2023-33,2023,33,"Затрудняюсь ответить, нет ответа",[],54.0
2023-33,2023,33,"Военная спецоперация в целом, наступление российских войск","['Военные хроники', 'как идет война', 'спецоперация на Украине', 'что происходит на Донбассе', 'война на Украине, наши воюют хорошо', 'наступление наших на Купянск', 'наши тихонечко наступают', 'Украина сдает свои позиции']",25.0
2023-33,2023,33,"Атаки дронов, взрывы, диверсии на территории России","['Атаки беспилотников', 'беспилотник в Москва-Сити', 'беспилотник упал в Курске на вокзал', 'прилет беспилотника в Белгород, обстрелы области', 'беспилотники в Новгороде', 'дроны над Россией сбивают', 'дроны часто летают']",6.0
2023-33,2023,33,"Взрывы, аварии, несчастные случаи","['Взрыв в Сергиевом Посаде', 'взрыв на заводе в Загорске', 'в Махачкале взрыв', 'в Дагестане взрыв на бензоколонке', 'авария на дороге Тюмень – Марий Эл', 'погибший в Каменске-Уральском', 'самокатчики умирают как мухи', 'сбили насмерть человека на переходе']",6.0
2023-33,2023,33,"Природные аномалии, катаклизмы в России","['катаклизмы природные', 'ливень, наводнение', 'наводнение в Приморском крае', 'затопило Уссурийск', 'пожары по России', 'ураган в Сочи']",3.0
2023-33,2023,33,"Инфляция, рост цен, снижение курса рубля","['Повышение цен', 'повышение цены на мясо, бензин, проезд будет выше', 'подорожание на всё', 'рост цен и падение рубля', 'ослабление рубля', 'то, что доллар поднялся чересчур высоко']",3.0
2023-33,2023,33,Работа властных структур,"['Приезд Мишустина в Самару', 'на рассмотрении вопрос о мобилизации и наказании за неявку', 'закон об интернете', 'новое введение по продаже лекарств без рецептов', 'хотят запретить аборты, я против этого']",2.0
2023-33,2023,33,Атака на Крымский мост,"['Взрыв на Крымском мосту', 'Крымский мост', 'попытка атаки на Крымский мост']",1.0
2023-33,2023,33,Повышение ключевой ставки ЦБ,"['Ключевая ставка', 'повышение ключевой ставки', 'повышение ставки Центробанка', 'решение Центробанка']",1.0
2023-33,2023,33,Запуск Россией межпланетной станции «Луна-25» и её крушение,"['В космос на Луну полетели', 'полетели на Луну от России', 'запуск спутника “Луна-25”', 'ситуация с “Луной -25""', 'крушение лунной экспедиции', 'разбился луноход']",1.0
2023-33,2023,33,Криминальные события,"['Убили девочку в Дивногорске', 'криминал в Черепаново', 'отец убил ребенка', 'преступления против детей в нашем городе']",1.0
2023-33,2023,33,Другие события в России,"['Выставка вооружения в Москве', 'открытие МЦД', 'в Зеленограде начали собирать отечественный смартфон', 'уроки истории – новые учебники', 'День строителя']",1.0
2023-33,2023,33,Другие события в мире,"['Потоп в Китае', 'Эрдоган – поведение', 'пожар на Гавайях']",1.0
2023-34,2023,34,"Затрудняюсь ответить, нет ответа",[],44.0
2023-34,2023,34,"Крушение самолета в Тверской области, гибель Е. Пригожина","['«Авиакатастрофа в Тверской области»', '«крушение самолета в Тверской области, гибель команды Пригожина»', '«авиакатастрофа с Пригожиным»', '«взрыв самолета с Пригожиным»', '«Пригожина сбили»', '«Пригожина убили»', '«Пригожин погиб и Дмитрий Уткин»', '«гибель Евгения Пригожина»', '«события с Пригожиным: разбился, не разбился – непонятно»', '«Пригожина жалко»']",29.0
2023-34,2023,34,"Военная спецоперация в целом, наступление российских войск","['«Военная операция»', '«положение на фронте, СВО»', '«обстановка на фронте»', '«события на войне»', '«военные действия на Украине»', '«продвижение на фронте»', '«война: наши, Россия, успешно воюют»', '«на Украине наши освобождают территорию»', '«наши побеждают»']",19.0
2023-34,2023,34,"Атаки дронов, взрывы, диверсии на территории России","['«Дроны залетают на нашу территорию»', '«атака беспилотников на Москву»', '«беспилотник в Химках»', '«взрывы на территории Белгородской области»', '«курский вокзал – взрыв»']",3.0
2023-34,2023,34,Саммит БРИКС,"['«Саммит БРИКС»', '«форум БРИКС»', '«съезд БРИКС»', '«расширение БРИКС»', '«вхождение шести стран в БРИКС»']",2.0
2023-34,2023,34,Другие события в России,"['«Подготовка к первому сентября»', '«День шахтера»', '«форум в Лужниках урбанистический»', '«фестиваль спортивного туризма»', '«в Тамбове суд по живодёрам»']",2.0
2023-34,2023,34,Работа властных структур,"['«Путин, Мишустин высказывались, как они возглавляют страну и работают с людьми»', '«повышение ставок ЦБ»', '«увеличение налогов»']",1.0
2023-34,2023,34,"Природные аномалии, катаклизмы в России","['«Климатические катаклизмы»', '«наводнение везде»', '«затопления, дожди»', '«наводнения и пожары в стране»', '«наводнение на Дальнем Востоке»', '«потоп в Приморье»', '«Сибирь горит»', '«ливни во Владивостоке, заливает город»']",1.0
2023-34,2023,34,"Инфляция, рост цен, снижение курса рубля","['«Повышение цен»', '«рост цен»', '«цена поднялась на бензин»', '«упадок рубля»', '«курс доллара повысился»']",1.0
2023-34,2023,34,"Взрывы, аварии, несчастные случаи","['«Экскурсия в Москве в ливнёвку с трагическим исходом»', '«гибель людей в коллекторе»', '«взрыв в Махачкале: за халатность одного человека пострадали невинные люди»', '«выпал ребенок с 14-го этажа»']",1.0
2023-34,2023,34,Запуск Россией межпланетной станции «Луна-25» и её крушение,"['«“Луна-25”»', '«запуск спутника на Луну»', '«лунная станция упала»', '«упал до Луны летевший аппарат»']",1.0
2023-34,2023,34,Другие события в мире,"['«Разбирательство по Трампу»', '«Япония сливает радиоактивную воду в океан»', '«в США назвали условия для стабильности на Украине»']",1.0
2023-35,2023,35,"Затрудняюсь ответить, нет ответа",[],53.0
2023-35,2023,35,"Военная спецоперация в целом, наступление российских войск","['«Военные действия на Украине»', '«Донбасс и война»', '«как обычно, все про СВО»', '«как ребята воюют, какие потери, всего ли хватает»', '«последние новости со спецоперации на Украине»', '«наши молодцы, пока стойко держат оборону на всех рубежах»', '«ход спецоперации на Украине, победы наших войск»', '«Украина, война, чтобы наши победили»']",27.0
2023-35,2023,35,"Крушение самолета в Тверской области, гибель Е. Пригожина","['«В Твери разбился самолет»', '«разбившийся самолет с Пригожиным»', '«гибель Евгения Пригожина при крушении самолета в Тверской области»', '«Пригожин умер или нет?»', '«авиакатастрофа с Пригожиным»']",12.0
2023-35,2023,35,"Атаки дронов, взрывы, диверсии на территории России","['«Дроны в Москве, Калуга, Рязань, Псков»', '«дроны в Подмосковье»', '«нападение беспилотников»', '«нападение на Псков, нападение на Калужскую область»', '«обстрел Брянской области»', '«беспилотники достигают наших городов»']",6.0
2023-35,2023,35,"Природные аномалии, катаклизмы в России","['«Наводнение в Амурской области»', '«тайфун во Владивостоке»', '«наводнение: Уссурийск, Славянка – опорные стенки валятся, машины тонут»', '«пожар в Геленджике»']",3.0
2023-35,2023,35,Другие события в России,"['«Мост в Красноярске открыли»', '«Россия выпустила самолет»', '«как на Эльбрусе погиб турист»', '«“Спартак” проиграл»']",2.0
2023-35,2023,35,"Инфляция, рост цен, снижение курса рубля","['«Повышение цен на бензин, на товары, на продукты»', '«резкое подорожание»', '«рост цен на лекарства»', '«бензин подорожал»', '«доллар подрос»', '«инфляция»']",1.0
2023-35,2023,35,1 сентября - День знаний,"['«1 сентября»', '«дети в школу пошли очно»', '«первое сентября – День знаний»', '«учебный год начался»']",1.0
2023-35,2023,35,Работа властных структур,"['«Поднятие ключевой ставки Центробанка»', '«введение биометрических данных, цифровой рубль»', '«закон о медпрепаратах»', '«закон о рекламе, штрафы»', '«переписали учебник истории»', '«реформа образовательных программ»']",1.0
2023-35,2023,35,"Поездки, выступления В. Путина","['«Встреча Путина с Эрдоганом в Сочи»', '«Путин был сегодня в Тургиново»', '«разговор о важном Путина с учениками»', '«разговор Путина с танкистами»']",1.0
2023-35,2023,35,Саммит БРИКС,"['«БРИКС»', '«БРИКС состоялся, приняли новых участников»']",1.0
2023-35,2023,35,Подготовка к единому дню голосования,"['«10 сентября выборы губернатора»', '«выборы губернатора»']",1.0
2023-35,2023,35,Другие события в мире,"['«В Китае тайфун прошёл»', '«бунт в Африке»', '«выброс радиоактивных вод в Японии»', '«учения в Белоруссии»']",1.0
2023-36,2023,36,"Затрудняюсь ответить, нет ответа",[],52.0
2023-36,2023,36,"Военная спецоперация в целом, наступление российских войск","['Последние новости со спецоперации на Украине', 'положение на фронте', 'действия в зоне СВО', 'военные действия на Украине', 'наших ребят убивают на Украине', 'наши освобождают потихоньку Украину', 'наши войска пошли в наступление на Харьков', 'наши подбили танк английский', 'войска наши продвигаются, и придёт конец действиям СВО']",28.0
2023-36,2023,36,"Атаки дронов, обстрелы, диверсии на территории России","['Беспилотники везде', 'активизация украинских дронов на Москву', 'о беспилотниках, в Раменках упал', 'вражеские вылазки на Брянскую область', 'обстрел дронами Брянской области', 'обстрелы Белгорода', 'обстрелы в Батайске']",5.0
2023-36,2023,36,Гибель Е. Пригожина,"['Самолет разбился с Пригожиным', 'авиакатастрофа Пригожина', 'Евгения Пригожина убили', 'Пригожин пропал', 'похороны Пригожина']",3.0
2023-36,2023,36,"Природные аномалии, катаклизмы в России","['Погодные аномалии', 'наводнение, стихия', 'горят леса', 'Дальний Восток топит, Амур вышел из берегов', 'наводнение в Приморском крае']",2.0
2023-36,2023,36,"Инфляция, рост цен, снижение курса рубля","['Повышение цен на горючее', 'бензин вечно дорожает, и продукты дорожают', 'рост доллара', 'курс рубля падает']",2.0
2023-36,2023,36,Праздники,"['1 сентября, День знаний', 'День города Москвы', '200 лет Минусинску', '80 лет как Украину освободили от фашистов']",2.0
2023-36,2023,36,Другие события в России,"['Открытие нового метро во Внуково', 'сообщение о вспышках язвы в Воронежской области', 'Киркоров снялся в новых роликах']",2.0
2023-36,2023,36,Другие события в мире,"['Землетрясение в Марокко', 'Америка собралась поставлять урановые кассетные боеприпасы Украине', 'Блинкен приезжал в Украину', 'в Румынии нашли детали от беспилотника России', 'вопрос с Арменией', 'затопило Стамбул', 'Индия хочет поменять название своей страны']",2.0
2023-36,2023,36,Единый день голосования,"['Выборы', 'выборы губернатора', 'мэра выбрали', 'выборы мэра Москвы', 'выборы сегодня, уже проголосовали']",1.0
2023-36,2023,36,Работа властных структур,"['Выступление Мишустина', 'ключевая ставка ЦБ', 'про самозанятость: стаж в пенсионный будет идти', 'Дума принимает решение неучастия России в Олимпийских играх', 'с 1 сентября по рецептам все лекарства хотели сделать']",1.0
2023-36,2023,36,Встреча В. Путина с Р. Эрдоганом в Сочи,"['Визит Эрдогана', 'приезд Эрдогана', 'переговоры с Турцией', 'связь Путина с Эрдоганом – хорошая встреча']",1.0
2023-36,2023,36,"Поездки, выступления В. Путина","['Всё про Путина', 'Путин выступал где-то', 'к нам едет Путин']",1.0
2023-37,2023,37,"Затрудняюсь ответить, нет ответа",[],54.0
2023-37,2023,37,"Военная спецоперация в целом, наступление российских войск","['Боевые действия на Украине', 'военная операция на Украине', 'за СВО наблюдаем', 'сообщения с фронтов СВО', 'сводки боевых действий', 'ситуация с Украиной, военные действия', 'события на фронтах']",22.0
2023-37,2023,37,Визит Ким Чен Ына в Россию,"['Визит Ким Чен Ына, корейского лидера', 'встреча Путина с Ким Чен Ыном', 'встреча Путина с лидером Северной Кореи', 'КНДР встречаем']",6.0
2023-37,2023,37,"Атаки дронов, обстрелы, диверсии на территории России","['Летающие беспилотники на территории России', 'атака на Крым', 'бомбёжки Брянской области', 'летают беспилотники над Тверской областью', 'нас бомбили во Пскове', 'про Севастополь, корабли подорвали дронами или ракетами', 'диверсанты']",4.0
2023-37,2023,37,Аварийная посадка самолета в поле,"['Самолет сел на пшеничное поле', 'самолет совершил экстренную посадку', 'самолет спасли', 'самолет чуть не упал']",4.0
2023-37,2023,37,Единый день голосования,"['Выборы', 'выборы мэра Москвы', 'безобразно проведённое голосование на выборах мэра Москвы', 'местные выборы', 'результаты выборов']",3.0
2023-37,2023,37,Работа властных структур,"['Мишустин ездит, проверяет', 'Шойгу опубликовал точный список, кто может идти в армию', 'повышение ключевой ставки Банком России в пятницу', 'рассмотрение Думой закона о платной медицине и образовании', 'цифровизация рубля']",2.0
2023-37,2023,37,ВЭФ во Владивостоке,"['Восточный экономический форум во Владивостоке', 'дальневосточный форум', 'форум во Владивостоке', 'форум экономический']",2.0
2023-37,2023,37,Гибель Е. Пригожина,"['Смерть Пригожина', 'гибель Пригожина', 'Пригожина убили', 'погиб руководитель армии зэков Пригожин']",1.0
2023-37,2023,37,"Инфляция, рост цен, снижение курса рубля","['Повышение цен', 'повышение цен на ГСМ', 'растёт инфляция', 'рост цен в магазинах', 'цены на топливо дорожают', 'курс валют растёт']",1.0
2023-37,2023,37,"Природные аномалии, катаклизмы за рубежом","['Землетрясение в Марокко', 'землетрясения и наводнения в мире', 'Ливию затопило', 'Ливия, что там снесено всё ураганом']",1.0
2023-37,2023,37,"Природные аномалии, катаклизмы в России","['Гроза у нас, ветер', 'погода в Архангельске', 'наводнение в Уссурийске', 'наводнение в Приморье', 'пожары в России']",1.0
2023-37,2023,37,"Напряженные отношения между Россией и странами Запада, поставки оружия Украине","['Автомобили с российскими номерами не пускают за границу', 'конфискация российских машин в Прибалтике', 'американцы хотят поставить украинцам оружие']",1.0
2023-37,2023,37,События в Армении,"['Волнения в Армении', 'действия Армении', 'ситуация с Арменией']",1.0
2023-37,2023,37,Другие события в России,"['Метро в Калуге и Туле', 'спортсменки-велосипедистки погибли в Ленинградской области', 'умерли Добронравов и Гришанин']",1.0
2023-37,2023,37,Другие события в мире,"['Зерновая сделка неудачная', 'саммит БРИКС', 'эпидемия в Индии']",1.0
2023-38,2023,38,"Затрудняюсь ответить, нет ответа",[],54.0
2023-38,2023,38,"Военная спецоперация в целом, наступление российских войск","['«Боевые действия на Украине»', '«военные события на Украине»', '«война в Донбассе»', '«новости о войне на Украине»', '«обстановка в военной ситуации СВО»', '«Россия готовится к наступлению в Украине»', '«наши хорошо наступают и отбивают позиции»']",26.0
2023-38,2023,38,События в Армении,"['«Армяно-азербайджанский конфликт»', '«Армения и Азербайджан – обстрелы территорий»', '«Армения волнует»', '«в Армении убили шесть российских миротворцев»', '«сдача Арменией Нагорного Карабаха Азербайджану»']",7.0
2023-38,2023,38,"Атаки дронов, обстрелы, диверсии на территории России","['«Атака беспилотников»', '«дроны»', '«атака на Крым»', '«обстрел штаба Черноморского флота в Севастополе»', '«атака на Севастополь»', '«обстрел Белгородской области»', '«в Ростове-на-Дону беспилотники взорвались»']",3.0
2023-38,2023,38,Визит Ким Чен Ына в Россию,"['«Встреча лидеров Северной Кореи и России»', '«наши с корейцами пообщались. Это прекрасно, товарищи из дружественной страны»', '«приехал кореец»', '«приезжал Ким Чен Ын»']",3.0
2023-38,2023,38,"Инфляция, рост цен, снижение курса рубля","['«То, что выросли цены»', '«курс доллара»', '«подорожали продукты»', '«дорожает бензин»', '«повышение цен на дизель»']",3.0
2023-38,2023,38,"Аварии, катастрофы, несчастные случаи","['«Аварии самолетов, вертолетов»', '«в Москве взорвался газ»', '«взрыв газа в Балашихе»', '«в Барнауле ДТП с детьми»', '«выпал молодой человек 18 лет с высотного дома»']",3.0
2023-38,2023,38,Генеральная Ассамблея ООН,"['«Ассамблея ООН»', '«выступление Зеленского в ООН»', '«ООН – заседание»']",2.0
2023-38,2023,38,Другие события в России,"['«Восточный экономический форум»', '«открытие трёх заводов на Дальнем Востоке»', '«катаклизмы в Приморском крае»', '«коронавирус возвращается»', '«закрытие школ и садов на карантин»', '«чемпионат России по футболу»']",2.0
2023-38,2023,38,Другие события в мире,"['«Вчера состоялась всеобщая национальная забастовка в Греции»', '«в Румынии нашли беспилотник российский»', '«Ливия – наводнение»', '«Лига чемпионов стартанула»']",2.0
2023-38,2023,38,Работа властных структур,"['«Выступление Лаврова»', '«Колокольцев выступал, Мишустин»', '«об электронных паспортах закон»', '«повышение ключевой ставки»']",1.0
2023-38,2023,38,Единый день голосования,"['«Выборы в региональные органы власти»', '«выборы губернатора»', '«выборы мэра»', '«выборы в новых регионах России»']",1.0
2023-38,2023,38,Гибель Е. Пригожина,"['«Гибель Пригожина»', '«Пригожина взорвали»', '«Пригожин, его смерть»']",1.0
2023-39,2023,39,"Затрудняюсь ответить, нет ответа",[],59.0
2023-39,2023,39,"Военная спецоперация в целом, наступление российских войск","['«Военная хроника»', '«только военные действия»', '«спецоперация на Украине, последние сводки с фронтов»', '«СВО каждое утро смотрю»', '«дела на фронте»', '«то, что творится на передовой. Всё пока идёт как надо»', '«наши наступать начинают»', '«победы наших ребят на СВО»']",28.0
2023-39,2023,39,"Армяно-азербайджанский конфликт, отношения России и Армении","['«Карабах, война»', '«события в Карабахе. Азербайджан напал на Карабах, беженцы, миротворцев убили наших»', '«Армения – беспорядки и упреки в сторону России»', '«Армения начинает уходить от России»']",5.0
2023-39,2023,39,"Атаки дронов, обстрелы, диверсии на территории России","['«Беспилотники»', '«взрыв штаба флота»', '«до Брянска уже добрались»', '«дроны в Подмосковье»', '«налёты»', '«обстрелы Белгородской области, Севастополь, Курск»', '«обстрелы приграничных районов»']",3.0
2023-39,2023,39,"Инфляция, рост цен, снижение курса рубля","['«Инфляция»', '«поднятие цен на всё»', '«цены растут»', '«рост цен на бензин»', '«повышение курса доллара»']",2.0
2023-39,2023,39,Работа властных структур,"['«Выборы Собянина»', '«высказывание министра финансов Силуанова»', '«новости за Кадырова»', '«работа правительства»']",1.0
2023-39,2023,39,Чествование нациста в парламенте Канады,"['«Нацист в канадском парламенте»', '«ситуация с нацистом в канадском парламенте»', '«чествование нациста в Канаде»']",1.0
2023-39,2023,39,"Аварии, катастрофы, несчастные случаи","['«Аварии на Московском шоссе»', '«взрыв бытового газа в Тюмени»', '«взрыв в Балашихе»', '«ДТП»']",1.0
2023-39,2023,39,"Повышение зарплат, пенсий","['«Объявление о повышении бюджетникам зарплаты»', '«поднятие зарплаты военнослужащим»', '«повышение зарплаты учителям с 1 октября»', '«индексация пенсий»', '«повышение пенсий»', '«с 1 января повышается МРОТ»']",1.0
2023-39,2023,39,"Напряжённые отношения между Россией и странами Запада, поставки оружия Украине","['«Помощь Вашингтона, Англии Зеленскому»', '«поставки оружия Западом»', '«угроза стран Запада в нашу сторону»']",1.0
2023-39,2023,39,"Встречи, выступления В. Путина","['«Встреча Путина с представителям других стран»', '«интервью с Путиным»', '«Путин говорил»']",1.0
2023-39,2023,39,Годовщина присоединения новых территорий к России,"['«Празднование присоединения новых территорий к Российской Федерации»', '«воссоединение с Донецкой и Луганской областями»', '«присоединение новых четырёх регионов»']",1.0
2023-39,2023,39,Другие события в России,"['«Призыв в армию»', '«извержение вулкана на Камчатке»', '«“Зенит” проиграл вчера, ЦСКА выиграл»']",1.0
2023-39,2023,39,Другие события в мире,"['«Нет денег в Конгрессе США на Украину»', '«новая вспышка ковида»', '«пожар в Иране»']",1.0
2023-40,2023,40,"Затрудняюсь ответить, нет ответа",[],57.0
2023-40,2023,40,"Военная спецоперация в целом, наступление российских войск","['«Дела на СВО»', '«новости о спецоперации»', '«обстановка на боевых действиях»', '«наступательные действия, ликвидация складов»', '«успехи нашей армии в СВО»', '«последние новости со спецоперации на Украине»', '«спецоперация на Украине, последние новости с фронтов»']",27.0
2023-40,2023,40,Вторжение ХАМАС в Израиль,"['«Нападение на Израиль»', '«война в Израиле началась»', '«вторжение ХАМАС в Израиль»', '«Израиль – ХАМАС»', '«Израиль – военные действия»', '«конфликт в секторе Газа»']",5.0
2023-40,2023,40,Международный дискуссионный клуб «Валдай» в Сочи,"['«“Валдай”»', '«дискуссионный клуб “Валдай”»', '«клуб “Валдай” в Сочи»', '«Сочи, встреча»']",3.0
2023-40,2023,40,"Встречи, выступления В. Путина, речь на сессии клуба «Валдай»","['«Вчера Путин выступал, три часа прямой трансляции было, все страны задавали вопросы»', '«выступал Владимир Владимирович на форуме»', '«сегодняшнее выступление Путина»', '«встреча Путина с президентом Узбекистана»']",3.0
2023-40,2023,40,"Атаки дронов, обстрелы, диверсии на территории России","['«В аэропорту Адлера взорвали дрон»', '«ДРГ в Крыму»', '«дрон сбили у нас в аэропорту службы ПВО»', '«дроны летают, залетают на территорию России»', '«обстрел Курска беспилотниками»']",2.0
2023-40,2023,40,"Инфляция, рост цен, снижение курса рубля","['«Рост цен»', '«подорожание цен на топливо и продукты»', '«всё есть, урожаем хвастаемся, а цены на всё растут»', '«падение рубля»', '«рост доллара»']",2.0
2023-40,2023,40,Армяно-азербайджанский конфликт,"['«Армения и Азербайджан»', '«война между Ереваном и Азербайджаном»', '«Карабах»', '«конфликт в Армении с Азербайджаном»', '«Нагорный Карабах – война»']",2.0
2023-40,2023,40,Криминальные события,"['«Рост преступности»', '«сын Кадырова избивал людей в СИЗО»', '«арест мэра Кизилюрта, Республика Дагестан»', '«большое количество мошенничеств с пожилыми людьми»', '«мужчина убил другого мужчину из-за девушки»']",1.0
2023-40,2023,40,Природные катаклизмы в России,"['«Наводнение в Оренбурге»', '«наводнение в Питере»']",1.0
2023-40,2023,40,Работа властных структур,"['«Мишустин собрал учителей»', '«выступление Пескова»', '«поднятие ставки Центробанком»']",1.0
2023-40,2023,40,Праздники,"['«День города Москвы, включение ДНР, ЛНР в состав России»', '«День учителя»', '«праздник в Грозном»', '«столетие Расула Гамзатова, отмечали в Кремле»']",1.0
2023-40,2023,40,Другие события в России,"['«Граната, которая взорвалась в самолёте Пригожина»', '«обсуждение гибели Пригожина»', '«присвоение звания героя сыну Кадырова – пятнадцатилетнему»', '«переживаю за погибших из Коми республики»']",1.0
2023-40,2023,40,Другие события в мире,"['«Автобус упал в Италии»', '«в Ираке на свадьбе пожар»', '«чествование нациста в Канаде»']",1.0
2023-41,2023,41,"Затрудняюсь ответить, нет ответа",[],44.0
2023-41,2023,41,"Вторжение ХАМАС в Израиль, ответные действия Израиля","['«Конфликт Израиль – ХАМАС»', '«Израиль, что там творится»', '«конфликт на Ближнем Востоке между Израилем и Палестиной»', '«военные действия в Палестине с Израилем»', '«бомбёжка в Израиле»', '«бомбёжка Палестины»', '«война в секторе Газа»', '«ХАМАС призывает мусульман к джихаду»']",35.0
2023-41,2023,41,"Военная спецоперация в целом, наступление российских войск","['«Обстановка на Украине»', '«спецоперация на Украине, последние новости»', '«на Украине неразбериха»', '«наше наступление на Украине»']",23.0
2023-41,2023,41,"Атаки дронов, обстрелы, диверсии на территории России","['«Дроны в Брянской области»', '«нападают дронами»', '«обстрелы Белгорода и Шебекино»', '«тревоги в Севастополе»']",1.0
2023-41,2023,41,Армяно-азербайджанский конфликт,"['«Армения, Азербайджан»', '«армянские события»', '«в Карабахе что-то»', '«война в Нагорном Карабахе»']",1.0
2023-41,2023,41,"Инфляция, рост цен, снижение курса рубля","['«Повышение цен»', '«поднятие цен»', '«цены подняли на всё»', '«наценка на яйцо»', '«рост цен на топливо»', '«рост курса доллара»']",1.0
2023-41,2023,41,"Аварии, пожары","['«Авария в метро в Москве»', '«аварии на дорогах»', '«дом сгорел, дети погибли у нас в городе»']",1.0
2023-41,2023,41,Другие события в России,"['«Выступление нашего президента Путина. Считаю, что он работает хорошо, на своем месте»', '«добавка выплат на детей»', '«наводнение в Питере»']",1.0
2023-41,2023,41,Другие события в мире,"['«В канадском парламенте приветствовали фашиста»', '«Олимпиада, отклонили наших выступать»', '«про столкновение зерновозов в Мраморном море»']",1.0
2023-42,2023,42,"Затрудняюсь ответить, нет ответа",[],45.0
2023-42,2023,42,"Вторжение ХАМАС в Израиль, ответные действия Израиля","['«Новости про Сектор Газа»', '«арабы с евреями воюют»', '«евреи воюют с палестинцами»', '«насчёт Палестины и Израиля. Беспокоимся за Палестину»', '«военный конфликт между Израилем и Палестиной, а именно то, что вытворяет Израиль»', '«война с Палестиной, геноцид»', '«в Израиле, Палестине кошмар. Бомбят даже больницы»']",34.0
2023-42,2023,42,Военная спецоперация России на Украине,"['«Наша СВО»', '«дела на фронте»', '«события на Украине»', '«спецоперация на Украине, последние сводки с фронтов»', '«новости о военных действиях со спецоперации на Украине»', '«война с киевским режимом»', '«наступление под Авдеевкой»']",21.0
2023-42,2023,42,"Встречи, поездки, выступления В. Путина","['«Работа Путина»', '«визит президента в Китай, Среднюю Азию»', '«Путин ездил в Китай»', '«выступление Путина в Санкт-Петербурге»', '«выступление Путина: прошёлся по всему»', '«Путин был в Перми»', '«Путин приезжал к нам»']",2.0
2023-42,2023,42,Работа властных структур,"['«Бюджет верстают»', '«ставка ЦБ»', '«визит Лаврова в Корею»', '«деньги меняют»', '«изменение правил поступления в колледжи после 9-го класса»', '«Мурашко приехал»', '«закон о сборе грибов»']",1.0
2023-42,2023,42,"Аварии, пожары, несчастные случаи","['«Аварий много на дороге»', '«ДТП со смертельным исходом»', '«авария на остановке»', '«дети часто падают из окон»', '«авария газа в Москве»', '«пожар в городе»']",1.0
2023-42,2023,42,Криминальные события,"['«Убийства»', '«маньяк в нашем районе»', '«криминальные события в Новосибирске»', '«на этой неделе нашли расчленённый труп»']",1.0
2023-42,2023,42,"Инфляция, рост цен, снижение курса рубля","['«Цены вверх на продукты питания»', '«повышение цен на бензин»', '«подорожание мяса, ЖКХ»', '«тарифы на электроэнергию»']",1.0
2023-42,2023,42,Другие события в России,"['«Мобилизация в семье»', '«с 1 ноября обещали повышение пенсий»', '«“Факел” вчера выиграл, футбол привлекает внимание»', '«на кладбище бегал медведь»']",1.0
2023-42,2023,42,Другие события в мире,"['«Повреждение газопровода между Финляндией и Норвегией»', '«токсины в Японии начали выбрасывать в океан»', '«сжигают Коран»', '«саммит лидеров СНГ»']",1.0
2023-43,2023,43,"Затрудняюсь ответить, нет ответа",[],44.0
2023-43,2023,43,"Обострение палестино-израильского конфликта, война в зоне конфликта","['«На Востоке война»', '«арабо-израильский конфликт»', '«военный конфликт между Израилем и Палестиной»', '«нарастание агрессии между Израилем и Палестиной»', '«идет война в Израиле»', '«обстановка в секторе Газа»', '«атака Израиля на Палестину»']",31.0
2023-43,2023,43,Военная спецоперация России на Украине,"['«Всё про Украину в основном смотрю»', '«Украина – конфликт»', '«война, положение дел на фронте, Украина»', '«военные действия на Украине»', '«на Украину поставили дальнобойные ракеты»', '«наши парни гибнут»', '«наши победы в СВО»', '«российская армия – молодцы, бьют на Украине»']",27.0
2023-43,2023,43,Другие события в России,"['«Землетрясение в Иркутской области»', '«погодные изменения, снегопад в Москве»', '«стычки с мигрантами»', '«концерт в Серпухове»']",2.0
2023-43,2023,43,Другие события в мире,"['«Европа восстала против Израиля»', '«выступление Греты Тунберг»', '«в Америке расстрел»', '«отстранение России в МОК»', '«Мэттью Перри умер»']",2.0
2023-43,2023,43,Работа властных структур,"['«Новость о возрастном ограничении на выплату материнского капитала»', '«пенсию повысят на 7,5% неработающим пенсионерам»', '«руководитель нашей республики был в Москве, и московское руководство очень положительно отозвалось о нашей работе»']",1.0
2023-43,2023,43,Повышение Центробанком ключевой ставки,"['«Повышение ставки Центробанка»', '«Набиуллина вчера повысила ставку рефинансирования»', '«ставку повысили до 15% в Центробанке»']",1.0
2023-43,2023,43,"Встречи, поездки, выступления В. Путина","['«Визит президента в Китай»', '«высказывания Путина о работе с молодежью, о техническом образовании, встреча с представителями КНР»', '«приезд Путина в Ростов»']",1.0
2023-43,2023,43,"Инфляция, рост цен, снижение курса рубля","['«Повышение цен»', '«рубль падает»', '«курс доллара»']",1.0
2023-44,2023,44,"Затрудняюсь ответить, нет ответа",[],46.0
2023-44,2023,44,Военная спецоперация России на Украине,"['«Война, СВО»', '«действия СВО»', '«на СВО заостренное внимание»', '«всё, что связано со спецоперацией»', '«связано всё с войной на Украине»', '«беспокоят события на Украине»', '«военная операция на Украине»', '«продолжаются военные действия на Украине»']",28.0
2023-44,2023,44,"Обострение палестино-израильского конфликта, война в зоне конфликта","['«Ближневосточный конфликт»', '«арабо-израильский конфликт»', '«война в Израиле, на Востоке, убивают людей, детей»', '«вражда между евреями и мусульманами»', '«военные действия в Палестине»', '«военная операция в секторе Газа»', '«бомбёжка в секторе Газа, Израиле»']",27.0
2023-44,2023,44,События в Махачкале,"['«Ситуация в Махачкале»', '«беспорядки в аэропорту Махачкалы»', '«бунт в Дагестане в аэропорту Махачкалы»', '«в Дагестане потрошили самолеты, искали с евреями»', '«арест дагестанской молодежи, которая выразила свой протест»']",2.0
2023-44,2023,44,Другие события в России,"['«День народного единства»', '«закрытие Ситибанка в России»', '«приезд Пугачёвой в Россию»', '«Павел Пригожин стал главным в ЧВК»', '«выставка открылась в Москве на ВДНХ»', '«чемпионат по фигурному катанию в Сибири»', '«митинг в Каспийске»']",2.0
2023-44,2023,44,"Инфляция, рост цен, снижение курса рубля","['«Инфляция, падение рубля»', '«курс доллара»', '«подорожание куриной продукции и бензина»', '«подорожание бензина»']",1.0
2023-44,2023,44,Работа властных структур,"['«Повышение ключевой ставки Центробанка»', '«изменение прожиточного минимума, добавят пенсию»', '«переход на цифровые денежные средства»', '«отставка Кувшинникова вызвала удивление»']",1.0
2023-44,2023,44,"Встречи, поездки, выступления В. Путина","['«Путин вчера выступал замечательно, голубой костюм надел»', '«Путин пообещал повысить пенсии»', '«Путин решает проблему с богатыми – о вложении денег в экономику страны»', '«Путин принял президента из Африки»']",1.0
2023-44,2023,44,"Аварии, пожары, несчастные случаи","['«Люди бьются на машинах – зима пришла»', '«аварии в Башкирии на дорогах»', '«ДТП где-то в России, школьный автобус пострадал, погибли люди»', '«под Барнаулом авария была»', '«в Хабаровске станция сгорела»']",1.0
2023-44,2023,44,Другие события в мире,"['«В Казахстане был взрыв на шахте»', '«приезд Макрона в Казахстан»']",1.0
2023-45,2023,45,"Затрудняюсь ответить, нет ответа",[],51.0
2023-45,2023,45,Военная спецоперация России на Украине,"['«Положение на Украине»', '«обстановка на СВО»', '«развитие спецоперации»', '«боевые действия на Украине»', '«на Донбассе война»', '«что российские солдаты гибнут»', '«провалилось контрнаступление Украины»', '«на СВО наши начали сбивать самолеты ВСУ»', '«награждение на прифронтовой полосе – война на Украине»']",28.0
2023-45,2023,45,"Обострение палестино-израильского конфликта, война в зоне конфликта","['«На Ближнем Востоке ситуация с Израилем»', '«война на Ближнем Востоке»', '«нападение на Израиль, убийство детей»', '«нападение на сектор Газа»', '«война с Палестиной Израиля»', '«война в Газе»']",23.0
2023-45,2023,45,Другие события в России,"['«Форум в Казани»', '«менять будут 5000 и 1000 рублей – деньги»', '«Пугачёва была в России»', '«интервью Собчак с Моргенштерном»', '«лёд встал»']",2.0
2023-45,2023,45,Работа властных структур,"['«Повышение ипотечной ставки»', '«поднятие МРОТ с 1 января»', '«повышение зарплаты»']",1.0
2023-45,2023,45,"Встречи, поездки, выступления В. Путина","['«Визит Путина в Казахстан»', '«Путин в Казахстане был и в Ростове»', '«форум, где выступал Путин»', '«выступление Путина по будущим задачам»', '«Путин сказал, что мобилизованные будут служить до конца»']",1.0
2023-45,2023,45,Международная выставка-форум «Россия» на ВДНХ,"['«Открытие выставки в Москве»', '«открытие выставки на ВДНХ»', '«выставка “Россия” в Москве»']",1.0
2023-45,2023,45,"Инфляция, рост цен, снижение курса рубля","['«Поднятие цен в магазинах»', '«рост цен на всё»', '«цены подняты»', '«падение рубля»']",1.0
2023-45,2023,45,События в Махачкале,"['«Погром в Дагестане»', '«захват аэропорта в Дагестане»', '«евреев искали в Махачкале»', '«о евреях, которых искали в турбине самолета»']",1.0
2023-45,2023,45,"Аварии, пожары, несчастные случаи","['«Взрыв в Тамбове»', '«магазин сгорел»', '«сбила одноклассника насмерть машина в городе Кирове»']",1.0
2023-45,2023,45,Другие события в мире,"['«Саммит в Китае»', '«саммит в Кыргызстане»', '«Япония: запрет на ввоз авто»']",1.0
2023-46,2023,46,"Затрудняюсь ответить, нет ответа",[],49.0
2023-46,2023,46,Военная спецоперация России на Украине,"['Информация с СВО', 'события, связанные с СВО', 'положение на фронте', 'Украина: военные действия', 'военные события на Украине', 'наши потихоньку продвигаются на СВО', 'Авдеевку окружают', 'украинский летчик, пересекший границу', 'Украина бьет по Донбассу', 'мне хочется, чтоб закончилась война и наши детки вернулись домой, в семью целыми и невредимыми']",29.0
2023-46,2023,46,"Обострение палестино-израильского конфликта, война в зоне конфликта","['Ближний Восток', 'положение на Ближнем Востоке', 'евреи и арабы: война', 'война в Израиле и Палестине', 'война в Газе', 'события в секторе Газа']",18.0
2023-46,2023,46,Работа властных структур,"['Повысилась процентная ставка по ипотеке', 'отмена абортов в частных клиниках', 'введение новых законов о мигрантах', 'будущая поправка про ЛГБТ', 'индексация пенсий в 2024 году', 'пенсию прибавят к Новому году']",2.0
2023-46,2023,46,"Аварии, пожары, несчастные случаи","['Аварии на дорогах', 'ДТП в Шексне, на мосту было: 14 машин ударилось', 'Архангельск: рухнул дом', 'пожар в Дружинино', 'медведь съел двух мужчин в Якутии', 'человека сбили насмерть на переходе']",2.0
2023-46,2023,46,Другие события в России,"['Событие в Петербурге по культуре – это очень важно', 'создание нового оружия в России', 'убийство Татарского, сейчас идёт суд', 'мужчина зарезал жену, мать и ребёнка']",2.0
2023-46,2023,46,"Визит Си Цзиньпина в США, его переговоры с Джо Байденом","['Байден – Си', 'поездка китайца в Америку', 'встреча лидеров США и Китая', 'встреча китайского лидера с Байденом', 'встреча Байдена и Си Цзиньпина']",1.0
2023-46,2023,46,"Инфляция, рост цен, снижение курса рубля","['Возросли цены на всё', 'повышение цен', 'слишком быстро растут цены', 'доллар растёт, а рубль падает. Увеличиваются цены на товары', 'повышение коммунальных услуг', 'подорожание ЖКХ']",1.0
2023-46,2023,46,Международная выставка-форум «Россия» на ВДНХ,"['Выставка “Россия” в Москве', 'международная выставка “Россия” на ВДНХ', 'миллионный посетитель на ВДНХ']",1.0
2023-46,2023,46,Природные катаклизмы в России,"['Природные катаклизмы на Камчатке, Приморский край, Сахалин', 'шквальный ветер', 'штормовое предупреждение']",1.0
2023-46,2023,46,"Встречи, поездки, выступления В. Путина","['Поездки Путина', 'визит Путина в Казахстан', 'на форуме культуры очень понравилось выступление Путина', 'высказывания Путина']",1.0
2023-46,2023,46,Другие события в мире,"['Армения заходит в Евросоюз', 'в Турции землетрясение', 'извержение вулкана в Мексике']",1.0
2023-47,2023,47,"Затрудняюсь ответить, нет ответа",[],56.0
2023-47,2023,47,Военная спецоперация России на Украине,"['«Конфликт России и Украины»', '«всё, что на фронтах в Украине»', '«война в Украине»', '«бьют сильно на Донбассе»', '«военные действия в районе ДНР»', '«наконец-то продвижение в спецоперации на Украине: берём в котёл Авдеевку»', '«продвижение наших войск в Украине»', '«что наша армия движется вперёд и побеждает»']",28.0
2023-47,2023,47,"Обострение палестино-израильского конфликта, война в зоне конфликта","['«Военный конфликт в Израиле»', '«война: Израиль и Палестина»', '«евреи и сектор Газа»', '«палестино-израильский конфликт»', '«то, что творится в Палестине»', '«на четыре дня остановили войну»', '«освобождение заложников в Палестине»']",12.0
2023-47,2023,47,Другие события в России,"['«Смерть Тулеева»', '«экономическая выставка на ВДНХ»', '«митинг в Москве»', '«Шарлота посадили»', '«новая волна заболеваемости в Карелии»', '«расизм начался, евреев начинают травить»']",2.0
2023-47,2023,47,Другие события в мире,"['«Выборы в Голландии»', '«выборы президента Аргентины»', '«закрытие границ России с Финляндией»', '«саммит БРИКС»', '«чемпионат Европы по футболу»']",2.0
2023-47,2023,47,Гибель Б. Максудова,"['«Гибель российского журналиста на Донбассе при обстреле ВСУ»', '«убийство журналиста на Украине»', '«убили корреспондента на Украине»', '«погиб Максудов»']",1.0
2023-47,2023,47,"Инфляция, рост цен","['«Рост инфляции»', '«повышенные цены»', '«ЖКХ повышают»', '«подорожание утилизационного сбора»', '«яйца подорожали очень сильно»']",1.0
2023-47,2023,47,Работа властных структур,"['«Выступление Путина насчёт ОДКБ»', '«высказывания Путина о меньшинствах»', '«повышение ставки Центробанка»', '«цифровой рубль»', '«про аборты»']",1.0
2023-47,2023,47,Повышение пенсий и пособий,"['«Добавка к пенсии»', '«повышение пособий»', '«прибавили прожиточный минимум на 1000 рублей»', '«на новорожденного пособия повысили»', '«повышение пенсии неработающим пенсионерам с 1 января 2024 года»', '«дадут тринадцатую пенсию»']",1.0
2023-47,2023,47,Природные катаклизмы в России,"['«Природные катаклизмы»', '«погодные изменения»', '«ураганы в Сибири»']",1.0
2023-47,2023,47,"Аварии, пожары, несчастные случаи","['«Обрушение дома в Астрахани»', '«поезда столкнулись в Ульяновской области»', '«пять человек попали в аварию, жалко»', '«мальчик упал в Медведево с 14 этажа»', '«погиб дальнобойщик»']",1.0
2023-47,2023,47,Криминальные события,"['«В Татарстане батюшка убил матушку»', '«убийство мальчика 12-летнего у нас в городе»', '«таджики избили двух русских мальчиков»']",1.0
2023-48,2023,48,"Затрудняюсь ответить, нет ответа",[],55.0
2023-48,2023,48,Военная спецоперация России на Украине,"['Всё про СВО', 'война украинская', 'дела на СВО как обстоят', 'сводки на фронтах', 'что наши побеждают на СВО', 'наш прорыв на Донбассе', 'взятие штурмом промзоны города Авдеевки']",26.0
2023-48,2023,48,"Обострение палестино-израильского конфликта, война в секторе Газа","['Палестино-израильский конфликт', 'новости, связанные с Палестиной и Израилем', 'война в Палестине', 'перемирие было на востоке между Израилем и ХАМАС', 'обмен заложниками', 'сектор Газа – опять начали войну, перемирие закончилось']",7.0
2023-48,2023,48,Природные катаклизмы в России,"['Мегашторм в Крыму', 'наводнение в Сочи, Краснодарский край', 'погодные ураганы в Крыму, Сочи, Якутии', 'снегопад в Красноярске', 'погода аномальная, климат меняется']",6.0
2023-48,2023,48,Другие события в России,"['Выставка на ВДНХ “Форум Россия”', 'Русский собор', 'выступление патриарха нашего Кирилла', 'Гергиева назначили гендиректором Большого театра', 'Красный мост']",2.0
2023-48,2023,48,Работа властных структур,"['Поднятие ставки финансирования', 'Филимонов заступил на пост губернатора', 'отставка спикера городской Думы']",1.0
2023-48,2023,48,"Встречи, выступления В. Путина, ожидание прямой линии","['Форум молодежный с Путиным', 'предстоящий выпуск с Путиным – ответы на вопросы', 'прямой эфир с президентом России']",1.0
2023-48,2023,48,"Инфляция, рост цен, тарифов","['Рост цен', 'цены, которые поднимаются', 'подорожание продуктов, в том числе куриные яйца', 'повышение тарифов ЖКХ']",1.0
2023-48,2023,48,Признание движения ЛГБТ экстремистским,"['Верховный суд запретил ЛГБТ', 'запрет ЛГБТ-сообщества', 'признание ЛГБТ экстремистской организацией']",1.0
2023-48,2023,48,"Аварии, пожары","['Аварии на дорогах в Кирово-Чепецке', 'взрыв тоннеля в Северобайкальске', 'пожар в Ростове', 'сухогруз застрял на Неве']",1.0
2023-48,2023,48,"Повышение зарплат, пенсий и пособий","['Повышение пенсий, зарплат', 'индексация зарплат госслужащим', 'добавка к пенсии', 'тринадцатая пенсия', 'минималку поднимут с 1 января']",1.0
2023-48,2023,48,Поездка С. Лаврова на заседание глав МИД стран ОБСЕ,"['Визит Лаврова в ОБСЕ и его речь', 'выступление Лаврова в Северной Македонии', 'заседание ОБСЕ, где выступал Лавров', 'молодец Лавров на ОБСЕ']",1.0
2023-48,2023,48,Криминальные события,"['Криминальная хроника', 'про похищение детей', 'убийство жены бизнесмена в Новороссийске', 'вышел на свободу ореховский киллер']",1.0
2023-48,2023,48,Другие события в мире,"['Смерть Киссинджера', 'выборы в Аргентине', 'инфекция в Китае', 'передача скифского золота Украине']",1.0
2023-49,2023,49,Военная спецоперация России на Украине,"['Положение на Украине', 'война на Украине', 'спецоперация на Украине', 'военные действия России на Украине', 'операция военная на Донбассе', 'контрнаступление ВСУ провалилось', 'взяли город на Украине', 'продвигаемся к победе на Украине']",21.0
2023-49,2023,49,Стрельба в брянской гимназии,"['Школьница в Брянске застрелила одноклассников', 'убийство в Брянске: девочка застрелила двух человек в школе', '7 декабря девочка в Брянске застрелила своих одноклассников и себя убила']",6.0
2023-49,2023,49,Визит В. Путина в ОАЭ и Саудовскую Аравию,"['Визит Путина на Ближний Восток', 'визит Путина в Саудовскую Аравию', 'Путина визит, отличный приём в Эмиратах и Саудовской Аравии', 'визит Путина в Дубай', 'как встретили Путина в ОАЭ', 'Путин прилетал в Эмираты с истребителями']",4.0
2023-49,2023,49,Объявление В. Путина об участии в президентских выборах 2024 года,"['Выдвижение Путина на пост президента', 'радостно, что Путин баллотируется в президенты', 'что Путин опять будет президентом']",4.0
2023-49,2023,49,"Обострение палестино-израильского конфликта, война в секторе Газа","['Израиль – Газа: конфликт', 'война Израиля с Палестиной', 'военный конфликт в Газе', 'война в Палестине']",4.0
2023-49,2023,49,Природные катаклизмы и аномалии в России,"['Аномальные морозы', 'магнитные бури', 'гололёд', 'мороз на улице', 'ураган в Крыму', 'шторм – Крым']",2.0
2023-49,2023,49,Подготовка к прямой линии с В. Путиным 14 декабря,"['Про прямую линию Путина', 'скоро будет прямая линия с Путиным', 'вопросы президенту', 'обращение Путина 14 декабря', 'Путин выскажет своё мнение, даст интервью на всю страну']",1.0
2023-49,2023,49,Другие встречи и выступления В. Путина,"['Выступление Путина на форуме', 'выступление Путина с учителями', 'высказывания Путина и предсказание о победе в СВО', 'награждение звездами Героя России']",1.0
2023-49,2023,49,"Инфляция, рост цен, тарифов","['Повышение цен к Новому году стремительное: хлеб, яйца, мясо', 'повышение роста цен – яйца', 'повышение цен на продукты и ЖЭУ', 'по ЖКХ повышение цен']",1.0
2023-49,2023,49,Работа властных структур,"['Лавров ездил, отвечал на брифинге', 'приезд Володина в Саратов', 'выступления губернатора Хоценко', 'предложение о запрете абортов', 'детям запретят пользоваться телефоном на занятиях']",1.0
2023-49,2023,49,Убийство И. Кивы,"['Убийство Ильи Кивы', 'убийство украинского политика в Москве', 'застрелили бывшего украинского депутата']",1.0
2023-49,2023,49,Криминальные события,"['В Тульской области очень высокий криминальный фон', 'мальчика убили в Иркутской области']",1.0
2023-49,2023,49,"Повышение зарплат, пенсий и пособий","['Зарплата, повышение пенсии', 'индексация пенсий', 'добавка пенсий', 'повышение пенсий на 7,5 процента', 'повышение детских пособий']",1.0
2023-49,2023,49,"Аварии, пожары","['Взрыв домов в Астрахани', 'взрыв Северомуйского тоннеля', 'взрыв на ТЭЦ во Фрунзенском районе', '“Садовод” горел']",1.0
2023-49,2023,49,Другие события в России,"['Подготовка к Новому году', 'выставка в Москве на ВДНХ', 'грипп пошёл', 'в регионе отключение электричества', 'чемпионат России по фигурному катанию, выступление Родниной']",1.0
2023-49,2023,49,Другие события в мире,"['События в Венесуэле', '«Арсенал» выиграл в чемпионате Англии по футболу']",1.0
2023-50,2023,50,"Затрудняюсь ответить, нет ответа",[],50.0
2023-50,2023,50,Прямая линия с В. Путиным,"['«Встреча, телемост с президентом»', '«выступление Владимира Путина на прямой линии»', '«14 декабря прямая линия с Путиным»', '«встреча Путина, четырёхчасовой эфир Путина»', '«выступление Путина, пресс-конференция»']",22.0
2023-50,2023,50,Военная спецоперация России на Украине,"['«СВО, Украина»', '«сводки с фронта»', '«война, кроме неё ни о чём не думаем»', '«военные действия»', '«действия на фронте СВО»', '«наступление наших войск на украинском фронте»', '«война сейчас, внука забрали младшей сестры»', '«я смотрю новости про войну и плачу, мне не разрешают смотреть новости дети»']",17.0
2023-50,2023,50,"Инфляция, рост цен, тарифов","['«Повышение цен на продукты»', '«подорожали продукты»', '«повышение цен на курицу»', '«яйца везде подорожали»']",3.0
2023-50,2023,50,Выдвижение В. Путиным своей кандидатуры на новый президентский срок,"['«Путин объявил о своём участии в выборах 2024 года»', '«выдвижение на следующие выборы Путина»', '«Путин будет баллотироваться»', '«выборы Путина»']",2.0
2023-50,2023,50,"Обострение палестино-израильского конфликта, война в секторе Газа","['«Обстрел сектора Газа»', '«Израиль и Палестина»', '«война в Израиле»', '«палестинская проблема»']",2.0
2023-50,2023,50,Работа властных структур,"['«Повышение ставки ЦБ»', '«ставку повысил Центробанк»', '«вчерашнее выступление с партиями»', '«запрет ЛГБТ»', '«вчера на метро “Академическая” был Собянин»']",1.0
2023-50,2023,50,Стрельба в брянской гимназии,"['«Стрельба в школе в Брянске»', '«в Брянске 13-летняя девочка пришла в школу с дробовиком»', '«трагедия в школе в Брянске, как школьница расстреляла своих одноклассников»']",1.0
2023-50,2023,50,Природные катаклизмы и аномалии в России,"['«Ураганы и тайфуны»', '«сильный снегопад»', '«циклон “Ваня” пришёл»', '«в Сочи шторм»', '«морозы в Перми»']",1.0
2023-50,2023,50,"Повышение зарплат, пенсий","['«МРОТ повысили»', '«повысят зарплату бюджетникам»', '«повышение пенсии на 7%»', '«вторую пенсию дадут скоро, в декабре за январь»']",1.0
2023-50,2023,50,"Аварии, пожары, криминальные события","['«“Садовод” сгорел»', '«пожар в Лосином острове: сгорела конюшня и погибло 20 лошадей»', '«глыба на машину упала»', '«мигранты на милиционера напали»', '«педофила поймали в Кирове»']",1.0
2023-50,2023,50,Другие события в России,"['«Протест жён мобилизованных»', '«новость о том, что 400 тысяч людей находятся без электричества в России»', '«очистка снега в Москве, уборка дорог»', '«не было бензина на АЗС»']",1.0
2023-50,2023,50,Другие события в мире,"['«Закрытие финской границы»', '«речь Лукашенко»']",1.0
2023-51,2023,51,"Затрудняюсь ответить, нет ответа",[],57.0
2023-51,2023,51,Военная спецоперация России на Украине,"['«Операция на Украине, СВО»', '«война на Украине»', '«всё больше и больше наших ребят погибает в зонах СВО»', '«бомбят Донецк»', '«что перелом на войне, наши пошли в наступление»', '«удачная операция на СВО»', '«на Украине побеждают наши»', '«бьют украинцев, и пускай бьют»']",19.0
2023-51,2023,51,Прямая линия с В. Путиным,"['«Прямая линия Путина»', '«пресс-конференция Путина»', '«выступление Владимира Путина на прямой линии»', '«диалог с президентом»']",8.0
2023-51,2023,51,Подготовка к выборам президента России,"['«Выборы предстоящие»', '«выборы президента и выдвижение Надеждина Бориса»', '«выдвижение Дунцовой Екатерины»', '«выборы президента, Путин»', '«выборы Путина в марте»']",3.0
2023-51,2023,51,"Инфляция, рост цен, тарифов","['«Цены выросли бешено перед Новым годом»', '«рост цен на ЖКХ и продукты питания»', '«повышение коммунальных платежей»', '«повышение цен на яйца»', '«рост цен на яйца»']",3.0
2023-51,2023,51,"Обострение палестино-израильского конфликта, война в секторе Газа","['«Израильский конфликт»', '«положение на фронте – Израиль»', '«всё, что связано с Палестиной»', '«проблемы с палестинцами»', '«в Газе людей убивают»']",3.0
2023-51,2023,51,«Голая вечеринка» у А. Ивлеевой,"['«Вечеринка Ивлеевой»', '«про тусовку Ивлеевой со звездами полуобнажёнными»', '«вечеринка элиты: поп-звезды почти голые были»']",2.0
2023-51,2023,51,Работа властных структур,"['«Визит Мишустина в Китай»', '«ипотечная ставка выросла, ЦБ»', '«законы новые по ГИБДД»', '«намерение запрета абортов»']",2.0
2023-51,2023,51,Другие события в России,"['«Возвращение релокантов-звёзд»', '«новости про Бориса Акунина, о том, что он дискредитирует российскую армию»', '«смерть Пухляша»', '«“Слово пацана” – резонанс»', '«выключение электроэнергии в Ростовской области»']",2.0
2023-51,2023,51,"Повышение пенсий, других выплат","['«Увеличение пенсии, дохода»', '«индексация пенсий»', '«пенсию повысят»', '«помощь многодетным семьям»', '«повышение прожиточного минимума»']",1.0
2023-51,2023,51,"Аварии, несчастные случаи","['«В Питере дом обвалился»', '«провал Сенной, падение сосулек с летальным исходом»', '«в Челябинске погиб Дед Мороз»', '«в городе сбили машиной маленькую девочку»', '«в поезде умерла девочка 12-летняя»']",1.0
2023-51,2023,51,"Развитие дорог, транспортного сообщения в России","['«Новая дорога Москва – Казань»', '«открыли дорогу М-12»', '«запустили ветку РЖД»', '«открытие аэропорта в Краснодаре»']",1.0
2023-51,2023,51,Криминальные события,"['«Криминальные новости»', '«убивают девчонок – бьют подростки»', '«в школе девочка расстреляла одноклассников в Брянске»']",1.0
2023-51,2023,51,Проблема мигрантов,"['«Недовольство мигрантов»', '«рост агрессивных действий со стороны мигрантов Средней Азии»', '«новости о выходках мигрантов: очень беспокоит их преступная деятельность»', '«мигранты на “Садоводе” – стычка, 78 мигрантов задержали»']",1.0
2023-51,2023,51,Природные катаклизмы и аномалии в России,"['«Гололёд»', '«оттепель, и пострадавшие есть»', '«шторм в Сочи в эту ночь»', '«тайфун в Сочи»']",1.0
2023-51,2023,51,Другие события в мире,"['«Расстрел в Чехословакии»', '«теракт в Париже»', '«подписала Америка договор с Финляндией о размещении военных баз»', '«финская граница закрылась»', '«землетрясение в Китае»']",1.0
2024-02,2024,2,СВО в целом,"['«Война, СВО»', '«боевые действия на Украине»', '«военная обстановка с Украиной»', '«спецоперация на Украине очень тревожит»', '«как дети наши воюют»', '«ситуация на Украине, жалко наших ребятишек, гибнут»', '«наступление наших»', '«войну выигрываем, наши идут вперёд»', '«когда у нас война закончится?»']",23.0
2024-02,2024,2,"Обстрел Белгорода, других российских территорий","['«Атака на Белгород»', '«Белгород бомбят»', '«обстрел в Белгороде, много погибших и раненых»', '«огорчены обстрелами Белгородской области и Белгорода»', '«ситуация с Белгородом. Города бомбили, наших людей»', '«в Брянске был обстрел, у нас в Железногорске обстрел на станции»', '«прилёт беспилотника в Орле»', '«сбили в Энгельсе беспилотник»']",7.0
2024-02,2024,2,"Обострение конфликта на Ближнем Востоке, авиаудары по Йемену","['«Ближний Восток»', '«Йемен, горит Ближний Восток»', '«Америка напала на хуситов»', '«Великобритания и США нанесли удар по Йемену»', '«Америка нанесла удар по Йемену»', '«опять американцы разбомбили в Йемене объекты массированной бомбардировкой»']",6.0
2024-02,2024,2,Война в секторе Газа,"['«В Газе война»', '«война Израиль – Палестина»', '«новости, связанные с Палестиной»', '«Палестина и события там»']",3.0
2024-02,2024,2,Отключение отопления в разных регионах России,"['«Подмосковье мёрзнет»', '«не было отопления»', '«прорыв отопления в Московской области»', '«коммунальная авария в городе»', '«когда отопление отключили в Климовске»']",2.0
2024-02,2024,2,"Поездка В. Путина на Дальний Восток, другие поездки и выступления","['«Поездка президента на Дальний Восток»', '«поездка Владимира Путина на Чукотку»', '«приезд Путина в Хабаровск»', '«Путин был на Камчатке»', '«выступление Путина»', '«новогоднее поздравление Путина»']",2.0
2024-02,2024,2,Пожар на складе Wildberries в Санкт-Петербурге,"['«Пожар Wildberries-склада»', '«Wildberries сгорел»', '«склад сгорел в Шушарах Wildberries»']",2.0
2024-02,2024,2,Новогодние праздники,"['«Праздник Новый год»', '«Рождество»', '«Старый Новый год»']",2.0
2024-02,2024,2,Другие события в России,"['«Выставка ""Россия""»', '«смерть Соломина»', '«убийство детей в Москве»', '«плохо чистят дороги»']",2.0
2024-02,2024,2,Другие события в мире,"['«Война везде по миру»', '«восстание в Африке»', '«землетрясение в Турции»']",2.0
2024-02,2024,2,«Голая вечеринка» у А. Ивлеевой,"['«Вечеринка Ивлеевой»', '«в интернете до сих пор обсуждается “голая вечеринка” с Ивлеевой»', '«с жиру бесятся артисты: “голые вечеринки"" бесят людей»']",1.0
2024-02,2024,2,"Инфляция, рост цен, тарифов","['«Подорожание продукции»', '«повышение цен в магазинах и на ЖКХ»', '«выросли цены на продукты и жильё»', '«повышение цен на яйца»']",1.0
2024-02,2024,2,"Аварии, ДТП","['«Аварии»', '«дорожные аварии»', '«аварии в нашем регионе»', '«ДТП в Якутии»']",1.0
2024-02,2024,2,Природные катаклизмы и аномалии в России,"['«Аномальная погода в России»', '«наводнения, заносы»', '«вчера в Москве буран был»', '«погодные условия в городе Сочи»']",1.0
2024-02,2024,2,Подготовка к выборам президента России,"['«Что скоро выборы-2024»', '«про выборы говорят»', '«Путин идёт на новый президентский срок»']",1.0
2024-02,2024,2,"Повышение зарплаты, пенсий, других выплат","['«Что добавят зарплату»', '«повышение МРОТ»', '«повышение пенсии»', '«будет пенсия побольше»', '«про многодетность – соцвыплаты»']",1.0
2024-02,2024,2,Работа властных структур,"['«История о накоплениях государственных и налоговых вычетах»', '«в регионах разрешили травить бездомных животных»']",1.0
2024-03,2024,3,"Затрудняюсь ответить, нет ответа",[],56.0
2024-03,2024,3,СВО в целом,"['«Последние новости с фронтов со спецоперации на Украине»', '«военные действия наших войск»', '«военные действия в Донецкой и Луганской областях»', '«Украина, только Украина волнует. Ребята гибнут наши»', '«на Украине убили французских наёмников»', '«наши наступают на украинцев»', '«наши начинают одерживать победу на Украине»', '«наши продвинулись под Авдеевкой»']",22.0
2024-03,2024,3,Обстрел российских территорий,"['«Бомбят Крым, Воронеж, Белгород, Кубань, Новороссийск, Туапсе, над Азовским морем подбили А-50, ИЛ-26»', '«атаки беспилотников»', '«обстрел дронами наших территорий»', '«бандеровцы бомбят нас»', '«беспилотники были сбиты в Воронеже»', '«беспилотники в Ленобласти, Белгороде»', '«в Воронеж беспилотники прилетели, в Питере сгорел нефтяной терминал»']",6.0
2024-03,2024,3,"Обострение конфликта на Ближнем Востоке, авиаудары по Йемену","['«Американцы опять зажгли войну на Ближнем Востоке»', '«боевые действия на Ближнем Востоке»', '«война в Йемене»', '«как США с Великобританией ударили по Йемену»', '«США бомбили Йемен»', '«атака Ирана»', '«удар Ирана по американской базе»']",3.0
2024-03,2024,3,Природные катаклизмы и аномалии в России,"['«Погода, похолодание»', '«снег, непогода, морозы»', '«крещенские морозы»', '«большой снегопад в Петербурге и Татарстане»']",2.0
2024-03,2024,3,"Пожар на складе Wildberries в Санкт-Петербурге, другие аварии","['«Пожар Wildberries»', '«пожар склада в Санкт-Петербурге»', '«сгорел ТК “Европа-Азия” в Челябинске»', '«ДТП на трассе М-11»', '«много автомобилей на дорогах бьётся»']",2.0
2024-03,2024,3,Другие события в России,"['«Отлучение от сана протоиерея Алексея Уминского»', '«понижение цен на яйца»', '«друга наградили Героем России»']",2.0
2024-03,2024,3,Война в секторе Газа,"['«Новости, связанные с Палестиной»', '«сектор Газа»', '«бомбардировки Газы»', '«Израиль – бомбёжки»']",1.0
2024-03,2024,3,События в Башкирии,"['«Ситуация в Баймаке»', '«инцидент в Башкирии»', '«бастуют в Башкирии»', '«Башкирия: бунт»', '«суд в Баймаке, Башкирия»']",1.0
2024-03,2024,3,"Инфляция, рост цен, тарифов","['«Инфляция»', '«рост цен на яйца»', '«рост цен на бензин»', '«повышение цен на ЖКХ и остальное»', '«рост цен на автозапчасти»']",1.0
2024-03,2024,3,"Поездка В. Путина на Дальний Восток, другие поездки и выступления","['«Поездка Путина на Дальний Восток»', '«Путин говорил о поддержке семей военнослужащих СВО»', '«встреча Путина с молодежью»']",1.0
2024-03,2024,3,Работа властных структур,"['«Собянин был в Щербинке, открыл школу в Барышах»', '«индексация уровня заработной платы бюджетной сферы»', '«отмена субсидирования государством льготных программ на жильё, в частности – семейная ипотека и господдержка»']",1.0
2024-03,2024,3,Подготовка к выборам президента России,"['«Выдвижение Путина»', '«выдвижение Надеждина»', '«инфо о программе президента»', '«предвыборные баталии»']",1.0
2024-03,2024,3,Отключение отопления в разных регионах России,"['«Аварии тепловых сетей»', '«прорыв труб в России из-за холодов»', '«проблемы с отоплением по России и в Иркутске»', '«город замёрз в Подмосковье»']",1.0
2024-03,2024,3,Криминальные события,"['«Мошенничество»', '«нападения мигрантов на жителей Москвы»', '«избиение детей-подростков в Челябинске и Нижнем Тагиле»', '«труп на Галошино»']",1.0
2024-03,2024,3,Гибель кота Твикса,"['«Кот, которого выбросили из поезда»', '«потеря кота Твикса»', '«кота из поезда выгнали, и он умер»', '«кот Твикс погиб»']",1.0
2024-03,2024,3,Праздники,"['«Крещение»', '«новогодние праздники и Крещение»', '«Новый год»']",1.0
2024-03,2024,3,Другие события в мире,"['«На Западе забастовки – и в Германии, и во Франции»', '«Запад пытается присвоить деньги России»', '«Зеленский ищет деньги на продолжение войны»']",1.0
2024-04,2024,4,"Затрудняюсь ответить, нет ответа",[],47.0
2024-04,2024,4,Катастрофа российского самолёта с украинскими пленными под Белгородом,"['Самолёт разбился с пленными ВСУ', 'погибли пленные и пилоты, самолёт разбился', 'в Белгороде сбили самолёт с украинскими военными', 'ИЛ-76: взорвали своих же военнопленных по обмену, которых 65, и наших 8']",20.0
2024-04,2024,4,СВО в целом,"['Новости с фронта', 'военные действия на Украине', 'стабилизация на фронте, потери у противника', 'война: на некоторых участках улучшаются наши позиции и прорывы', 'продвижение российских войск в спецоперации на Украине в районе Авдеевки', 'погибают дети на войне, скорей бы закончилась война на Украине']",19.0
2024-04,2024,4,Обстрел российских территорий,"['Бомбёжка городов России', 'Белгород, обстрелы России', 'обстрелы Брянска', 'дрон взорвался в Орле', 'дроны в Ленобласти', 'Феодосия – взрывы', 'взрыв на Донецком рынке']",4.0
2024-04,2024,4,Другие события в России,"['Насчёт мигрантов – ожесточение', 'миграционная политика проваливается в России', 'помещение Блиновской в СИЗО', 'закрывают на карантин сады и школы', 'ВДНХ: много интересного, российские спорткары', 'выбирали имя панде в Московском зоопарке']",2.0
2024-04,2024,4,Другие события в мире,"['Учения НАТО', 'фермеры в Европе бастуют', 'в Казахстане протесты', 'землетрясение в Алматы', 'землетрясение в Китае', 'авария самолёта в Афганистане']",2.0
2024-04,2024,4,Война в секторе Газа,"['Война Израиля с Палестиной', 'про сектор Газа', 'война в Газе']",1.0
2024-04,2024,4,Обострение конфликта на Ближнем Востоке,"['Арабы дерутся', 'США напали на арабов', 'американский корабль атаковали']",1.0
2024-04,2024,4,"Аварии, ДТП","['Аварии на дорогах', 'взрыв в Шахтах на заводе', 'дом в Ростове обрушился', 'авария на Сахалине', 'Wildberries сгорел']",1.0
2024-04,2024,4,Работа властных структур,"['Правительство правильно приняло решение наказывать тех, которые дают дезинформацию о России', 'лишать недвижимости тех, кто предал Родину', 'пенсионные индексации', 'законопроект о едином цвете мусорных контейнеров по всей стране']",1.0
2024-04,2024,4,Подготовка к выборам президента России,"['Новости о предстоящих выборах президента России', 'выдвижение в президенты Надеждина', 'Борис Борисович, новый кандидат в президенты']",1.0
2024-04,2024,4,"События в Башкирии, Якутии","['Среди башкир идёт неразбериха', 'в Башкортостане митинги', 'волнение в Баймаке', 'в Якутске митинг', 'митинг в Якутске']",1.0
2024-04,2024,4,"События в Техасе, обострение проблемы мигрантов в США","['Битва в Техасе', 'восстание в Техасе', 'больше половины штатов собираются в защиту, чтобы не пропускать мексиканцев, революция намечается']",1.0
2024-04,2024,4,"Праздники, годовщины","['80 лет победы в Ленинграде', 'годовщина празднования освобождения Ленинграда', 'Татьянин день, 80 лет со дня освобождения Ленинграда', 'Татьянин день']",1.0
2024-04,2024,4,Поездки и выступления В. Путина,"['Визит Путина на Чукотку', 'Путин в Петербурге', 'встреча Путина в Калининграде со студентами', 'Путин рассказывал про СВО']",1.0
2024-04,2024,4,Гибель кота Твикса,"['История с котом', 'про кота Твикса, которого выкинули из поезда', 'как выбросила проводница на мороз кота Твикса']",1.0
2024-04,2024,4,Природные катаклизмы и аномалии в России,"['Метель', 'Дальний Восток заметает', 'на Сахалине снегопад, люди из дома не выходят', 'потепление будет']",1.0
2024-04,2024,4,"Инфляция, рост цен, тарифов","['Цены в России', 'подорожание продуктов', 'удорожание бензина', 'яйца дорогие']",1.0
2024-05,2024,5,"Затрудняюсь ответить, нет ответа",[],55.0
2024-05,2024,5,СВО в целом,"['Спецоперация на Украине: последние новости', 'сводки с фронта с Украиной', 'новости о спецоперации на Украине', 'меня волнуют только военные действия, что погибают наши ребята', '“двухсотые” пришли в Навлю', 'взятие Авдеевки', 'Украина, война чтобы быстрее закончилась', 'подходит к завершению война']",24.0
2024-05,2024,5,Катастрофа российского самолёта с украинскими пленными под Белгородом,"['Падение военного самолёта с военнопленными украинцами', 'ИЛ сбили с пленными', 'самолёт, который перевозил пленных, подбили, погибли наши пилоты', 'самолёт разбомбили, 65 человек погибли']",8.0
2024-05,2024,5,Обстрел российских территорий,"['Беспилотники, которые летают над нами', 'дроны летают уже в Псков', 'беспилотник в Санкт-Петербурге', 'дрон в Ярославле на нефтебазе', 'гибель людей в Белгороде', 'бомбардировка Крыма', 'в Лисичанске был теракт', 'взрыв в Донецке']",5.0
2024-05,2024,5,Другие события в России,"['Бастуют в регионах', 'местные новости', 'детям блогеры помогают, старикам', 'Блиновскую наконец-то посадили']",2.0
2024-05,2024,5,Другие события в мире,"['Вживил чип в человека, в мозг Илон Маск', 'бастуют фермеры во Франции', 'в Америке заварушка в Техасе', 'учения НАТО начинаются у наших границ', 'дисквалификация Валиевой']",2.0
2024-05,2024,5,Поездки и выступления В. Путина,"['Приезд Путина на Тульский завод', 'выступление Путина в Туле', 'выступление Путина о семье и Родине', 'запомнилась встреча Путина с журналистами фонда “Всё для победы!”', 'Путин четыре раза посетил ВДНХ']",1.0
2024-05,2024,5,Подготовка к выборам президента России,"['Регистрация Путина на пост президента', 'сбор подписей за Надеждина', 'Надеждин сдал подписи', 'подписей сбор', 'предвыборная агитация', 'предвыборные поездки']",1.0
2024-05,2024,5,Работа властных структур,"['Мишустин сказал о соцвыплатах, их увеличении', 'о повышении социальных благ с этого года', 'законопроект о фейках, об изымании имущества тех, кто распространяет фейки о России', 'отмена ЕГЭ обсуждается', 'увеличение штрафов по ПДД']",1.0
2024-05,2024,5,Конфликт на Ближнем Востоке,"['Война на Ближнем Востоке', 'война в Палестине', 'бомбежка в Сирии', 'Йемен', 'хуситы врезали пиндосам']",1.0
2024-05,2024,5,"Аварии, ДТП, пожары","['Аварии на дорогах', 'девочек сбили на Ленинском проспекте', 'пожар в Санкт-Петербурге']",1.0
2024-05,2024,5,"Инфляция, рост цен, тарифов","['Повышение цен опять', 'растут цены на всё, тарифы', 'ситуация с яйцами, цена', 'яйца подорожали']",1.0
2024-05,2024,5,Природные катаклизмы и аномалии в России,"['Выплеск магнитных бурь', 'метель на Сахалине', 'в Краснодаре немножко было землетрясение']",1.0
2024-06,2024,6,"Затрудняюсь ответить, нет ответа",[],49.0
2024-06,2024,6,Интервью Владимира Путина Такеру Карлсону,"['«Беседа Путина с корреспондентом из США Карлсоном»', '«журналист из Америки приезжал, брал интервью у Путина»', '«Карлсона с Путиным беседа»', '«встреча Путина и Карлсона»', '«Товарищ из Америки приезжал за интервью с Путиным»', '«интервью Карлсона: нормально. Слушал, смотрел всё полностью»']",27.0
2024-06,2024,6,СВО в целом,"['«Война на Украине»', '«боевые действия на СВО»', '«в основном события СВО»', '«военные новости по СВО»', '«про СВО, очень много потерь наших»', '«наша армия хорошо воюет»', '«успех в Авдеевке»', '«заняли половину Купянска»']",14.0
2024-06,2024,6,Обстрел российских территорий,"['«Беспилотные атаки на территорию России»', '«участившиеся обстрелы со стороны Украины»', '«уничтожение населения мирного в Луганской области»', '«дроны летают в Ленинградской области»', '«дроны, падения в Нижегородской области»', '«Белгород бомбят»']",3.0
2024-06,2024,6,Катастрофа российского самолёта с украинскими пленными под Белгородом,"['«Самолёт разбился под Белгородом»', '«падение самолёта ИЛ-76»', '«разбирательство со сбитым самолётом с военнопленными»', '«украинцы сбили самолёт с военнопленными»', '«панихида по погибшим лётчикам»']",2.0
2024-06,2024,6,Подготовка к выборам президента России,"['«Подготовка к выборам»', '«предвыборная кампания»', '«определились кандидаты в президенты»', '«Борис Надеждин – липовые подписи»', '«недопуск Надеждина к выборам»']",2.0
2024-06,2024,6,Природные катаклизмы и аномалии в России,"['«Погода изменится сильно, это влияет на здоровье»', '«гипербуря на Солнце»', '«снегопады»', '«непогода в Сочи»']",1.0
2024-06,2024,6,Конфликт на Ближнем Востоке,"['«Ситуация Израиль – Палестина»', '«геноцид в Палестине»', '«налёты американской армии»', '«бомбёжка Ирака»']",1.0
2024-06,2024,6,"Аварии, ДТП, пожары","['«Аварии на дорогах»', '«чрезвычайная ситуация на электростанции в Астрахани. Была авария, и во многих районах города отключили свет»', '«аварии, дом горел»', '«девушка попала под машину, много аварий»', '«пожар в Куеде»']",1.0
2024-06,2024,6,Работа властных структур,"['«Подписан указ о мерах обеспечения многодетных семей»', '«математику хотят сделать обязательным предметом при поступлении во все вузы»', '«приняли закон, что нельзя животных высаживать из транспорта»']",1.0
2024-06,2024,6,"Инфляция, рост цен","['«Повышение цен на всё»', '«продукты сильно подорожали»', '«яйца подорожали»', '«бензин подорожал»']",1.0
2024-06,2024,6,Другие события в России,"['«Баймакские события»', '«выставка на ВДНХ»', '«заболеваемость»', '«волки в Коми»']",1.0
2024-06,2024,6,Другие события в мире,"['«Продавливают для Украины деньги»', '«выборы президента в Азербайджане»', '«разборки с Валиевой»']",1.0
2024-07,2024,7,"Затрудняюсь ответить, нет ответа",[],50.0
2024-07,2024,7,СВО в целом,"['События на фронте: СВО', 'военные действия на Украине', 'война с украинцами', 'о войне переживаю, молодые гибнут', 'СВО, друг пришёл без ноги', 'вижу, что наши продвигаются на Украине', 'наши держат победу']",19.0
2024-07,2024,7,Интервью В. Путина Такеру Карлсону,"['Встреча Путина с американским журналистом', 'встреча Путина с Карлсоном', 'беседа Путина с Карлсоном']",12.0
2024-07,2024,7,"Обстрел Белгорода, других российских территорий","['Обстрелы наших территорий', 'прилёт дронов в Калужскую, Воронежскую области', 'беспилотники в Санкт-Петербурге', '15 февраля обстрел Белгорода', 'Белгород два раза обстреляли, были жертвы', 'Белгород бомбили, дети погибли']",9.0
2024-07,2024,7,Смерть А. Навального,"['Смерть Навального в колонии, скорая не откачала', 'Навальный: как-то непонятно при каких обстоятельствах', 'умер в тюрьме Навальный', 'убийство Навального']",5.0
2024-07,2024,7,Взятие Авдеевки российскими вооружёнными силами,"['Наши занимают Авдеевку', 'Авдеевку взяли', 'Авдеевку захватили', 'освобождение Авдеевки', 'победа на Украине в Авдеевке']",3.0
2024-07,2024,7,Работа властных структур,"['Приезд Путина в Челябинск', 'Шойгу приезжал', 'о работе главы Республики Алтай Хорохордина', 'дебильные законы, которые издают, поправки']",1.0
2024-07,2024,7,Подготовка к выборам президента России,"['Предстоящие выборы', 'выборы президента', 'предвыборная суета', 'про выборы, обсуждения']",1.0
2024-07,2024,7,"Инфляция, рост цен","['Дорожание цен', 'повышение тарифов', 'наш город занимает первое место по росту цен на бананы']",1.0
2024-07,2024,7,"Аварии, ДТП, пожары","['Дорожные происшествия на дорогах в Дагестане', 'пожар в Анапе', 'сгорел ресторан, сбили пешехода', 'сгорело кафе на набережной']",1.0
2024-07,2024,7,Природные катаклизмы и аномалии в России,"['Снегопады в Москве', 'аномальный снегопад в Москве']",1.0
2024-07,2024,7,Другие события в России,"['Открытие Спартакиады по зимним видам спорта', 'сбой: Мосбиржа тормознула', 'протесты жён мобилизованных', 'перестрелка мигрантов в центре Москвы']",1.0
2024-07,2024,7,Другие события в мире,"['Запад продолжает насыщать Украину военной техникой. Немцы начали финансировать и других подталкивать на эту авантюру', 'конфликт в секторе Газа']",1.0
2024-08,2024,8,"Затрудняюсь ответить, нет ответа",[],50.0
2024-08,2024,8,СВО в целом,"['События на СВО', 'боевые действия', 'военные действия на Украине', 'как наши воюют', 'война на Украине тревожит', 'наступают на Украине', 'наши продвигаются вперёд', 'быстрее бы освободили Донбасс']",24.0
2024-08,2024,8,Взятие Авдеевки российскими вооруженными силами,"['Авдеевку отстояли', 'город Авдеевку взяли', 'наши взяли Авдеевку', 'победа наших на СВО, флаг вывесили в Авдеевке']",11.0
2024-08,2024,8,Смерть А. Навального,"['Смерть Навального, и не передано тело матери', 'гибель Навального', 'убийство Навального', 'умер Навальный, собираются хоронить в закрытом гробу']",5.0
2024-08,2024,8,Интервью В. Путина Такеру Карлсону,"['Приезжал Карлсон, интервью с Путиным', 'интервью Владимира Путина американскому журналисту Карлсону']",3.0
2024-08,2024,8,"Обстрел Белгорода, других российских территорий","['Бомбардировки Белгорода и Новошахтинска', 'взрыв в Белгороде', 'дроны над Санкт-Петербургом', 'в Липецке взорвалось', 'в Ростове взрыв был']",2.0
2024-08,2024,8,"Поездки, выступления В. Путина","['Поездка Путина по России, разговоры с народом', 'посещение Путиным оборонных заводов', 'полёт Путина на самолёте', 'приезд Путина в Казань', 'приезд Путина в Чувашию', 'приезд Путина в Цивильск']",2.0
2024-08,2024,8,Подготовка к выборам президента России,"['Выборы президента', 'про выборы говорили в России', 'подготовка к выборам']",1.0
2024-08,2024,8,Открытие «Игр Будущего» в Казани,"['Игры Будущего в Казани', 'олимпиада в Казани', 'открытие игр в Казани', 'соревнования по киберспорту']",1.0
2024-08,2024,8,Работа властных структур,"['Закрытие Банка Киви Центробанком', 'говорилось о повышении детского пособия', 'сказали, что медикам зарплаты добавят', 'что хотят школы модернизировать']",1.0
2024-08,2024,8,"Аварии, ДТП, пожары","['Аварии, пожар', 'ДТП', 'пожар в многоэтажке в Москве', 'скорая помощь, столкновение с поездом']",1.0
2024-08,2024,8,Праздники,"['23 февраля', 'праздник 23 февраля', 'концерт к 23 февраля']",1.0
2024-08,2024,8,Другие события в России,"['Сбой доменной системы в RU-сегменте', 'падение Московской биржи', 'Якутия: митинги', 'без воды сидели сутки – весь город Железногорск', 'гололёд в Оренбурге, много пострадавших']",1.0
2024-08,2024,8,Другие события в мире,"['Президент США оскорбил Путина', 'Палестина и Израиль', '13-й пакет санкций', 'Уругвай начал снова поставлять нам бананы']",1.0
2024-09,2024,9,"Затрудняюсь ответить, нет ответа",[],50.0
2024-09,2024,9,Послание президента Федеральному собранию,"['Ежегодное Послание президента Путина', 'выступление Владимира Путина перед Федеральным собранием', 'выступление Путина, прямой эфир', 'речь Путина']",17.0
2024-09,2024,9,СВО в целом,"['События на Украине', 'много про войну', 'военная обстановка', 'положение на СВО', 'война на Донбассе', 'сводки на фронте']",16.0
2024-09,2024,9,"Взятие Авдеевки, успехи российских вооруженных сил","['Авдеевку взяли', 'освободили Авдеевку', 'взятие сёл нашими войсками на Украине', 'продвижение русских на СВО', 'мы наступаем наконец-то за два года на СВО', 'фашистов разбили: полное обрушение фронта']",4.0
2024-09,2024,9,Обстрел российских территорий,"['Обстрелы наших территорий', 'обстрел Белгорода', 'беспилотники в Санкт-Петербурге', 'беспилотники на Пискарёвке', 'взрыв на НЛМК']",3.0
2024-09,2024,9,"Смерть А. Навального, связанные с этим события, похороны","['Навального смерть', 'убийство Навального', 'новости и события вокруг смерти Навального', 'тело Навального не выдавали родственникам девять дней', 'видео с женой Навального', 'похороны Алексея Навального']",3.0
2024-09,2024,9,Другие события в России,"['Боевики в Ингушетии', 'подорожали продукты и коммунальные платежи', 'в центре Краснодара застрелили мужчину из охотничьего ружья']",2.0
2024-09,2024,9,Высказывания Э. Макрона об отправке войск НАТО на Украину,"['Французы: Макрон агитирует всю Европу против России', 'Макрон собирается французскую армию запустить в Украину', 'высказывание Макрона о введении войск на Украину']",1.0
2024-09,2024,9,Подготовка к выборам президента России,"['Выборы предстоящие', 'подготовка к выборам президента России', 'самовыдвижение Путина', 'Даванков выдвигается в президенты', 'сняли с выборов Надеждина']",1.0
2024-09,2024,9,Работа властных структур,"['Поездка Путина в Татарстан', 'приезд Мишустина', 'выступление Лаврова', 'продление семейной ипотеки', 'в апреле хотят сделать индексацию пенсий']",1.0
2024-09,2024,9,Обнародована запись переговоров военных ФРГ о возможности атаки на Крымский мост,"['Телефонный разговор немецких военных', 'немцы хотят взорвать мост в Крыму', 'переговоры с Германией подслушали о подрыве моста']",1.0
2024-09,2024,9,Игры Будущего в Казани,"['Международные игры', 'игры в Казани', 'в Казани “Игры будущего”']",1.0
2024-09,2024,9,Всемирный фестиваль молодёжи в Сочи,"['Молодёжный форум в Сочи', 'молодёжный фестиваль в Сочи', 'открытие молодёжного съезда']",1.0
2024-09,2024,9,Интервью В. Путина Такеру Карлсону,"['Визит Карлсона Такера в Россию', 'впечатлило меня интервью Владимира Путина Карлсону', 'комментарии Такера с Путиным']",1.0
2024-09,2024,9,"Аварии, пожары","['Падение вертолёта', 'взрыв бытового газа в доме напротив', 'вчерашний пожар в городе', 'дом сгорел']",1.0
2024-09,2024,9,Другие события в мире,"['Война Палестины и Израиля', 'поставка ракет большой дальности из Германии']",1.0
2024-10,2024,10,"Затрудняюсь ответить, нет ответа",[],57.0
2024-10,2024,10,СВО в целом,"['«Война с Украиной»', '«всё дело в войне»', '«на фронте как»', '«новости с СВО»', '«положение на СВО»', '«разговоры о войне»', '«много гибнет наших ребят на СВО»']",22.0
2024-10,2024,10,Обстрел российских территорий,"['«Белгородская и Курская области: нападение»', '«обстрел в Курске, попал осколок в больницу»', '«беспилотник в Санкт-Петербурге»', '«ПВО сбивают дроны ВСУ в Крыму»', '«стрельба в Брянской области, беспилотники»', '«воздушная тревога, ракетная опасность в городе»']",5.0
2024-10,2024,10,Подготовка к выборам президента России,"['«Выборы на пост президента»', '«каждый кандидат в президенты обещает всё»', '«подготовка к выборам»', '«смотрю кандидатов на выборы»', '«недопуск Надеждина на выборы»']",3.0
2024-10,2024,10,Послание президента Федеральному собранию,"['«Выступление Путина перед Федеральным собранием»', '«обращение Владимира Путина к Федеральному собранию»', '«послание президента»']",3.0
2024-10,2024,10,Всемирный фестиваль молодёжи в Сочи,"['«Выступление Путина на форуме молодёжи»', '«молодёжный фестиваль в Сочи»', '«фестиваль молодёжи в Сочи»']",2.0
2024-10,2024,10,Работа властных структур,"['«Законодательные новости»', '«повышение детских пособий»', '«о запрете аборта в частных клиниках»', '«о внесении изменений в Уголовный кодекс»', '«что можно пересдавать ЕГЭ»']",2.0
2024-10,2024,10,Другие события в мире,"['«Война в Палестине»', '«землетрясение в Алматы»', '«сотрудничество “Роскосмоса” и КНДР»', '«учения НАТО на границе с Финляндией»']",2.0
2024-10,2024,10,"Взятие Авдеевки, успехи российских вооружённых сил","['«Взяли Авдеевку»', '«наши начали продвигаться вперёд»', '«наши победы на войне»', '«об успехах СВО»']",1.0
2024-10,2024,10,"Смерть А. Навального, связанные с этим события, похороны","['«Смерть Навального»', '«гибель Навального»', '«помехи при захоронении Навального»', '«похороны Навального»']",1.0
2024-10,2024,10,"Праздники, годовщины","['«8 Марта»', '«празднование 8 Марта»', '«90 лет со дня рождения Гагарина»', '«Масленица»']",1.0
2024-10,2024,10,Высказывания Э. Макрона об отправке войск НАТО на Украину,"['«Макрон хочет войска свои отправить против России»', '«Макрон: “Если Россия зайдёт в Одессу или Киев, то французские войска войдут на Украину”»']",1.0
2024-10,2024,10,Обнародована запись переговоров военных ФРГ о возможности атаки на Крымский мост,"['«Обнародование телефонного разговора о Крымском мосте»', '«слив разговоров немецких военных об атаке»']",1.0
2024-10,2024,10,Игры Будущего в Казани,"['«В Казани соревнования»', '«Игры Будущего смотрела»', '«Игры в Казани»']",1.0
2024-10,2024,10,"Аварии, несчастные случаи","['«Аварий много»', '«авария в Перми, в которой погибли студенты»', '«пьяные аварии на автомобилях»']",1.0
2024-10,2024,10,Другие события в России,"['«“Магниту"" 30 лет»', '«повышение цен»', '«разрешили отстреливать енотов»', '«“Торпедо"" проиграло СКА»', '«уничтожается скот в Иркутской области, эпидемия»']",1.0
2024-12,2024,12,"Затрудняюсь ответить, нет ответа",[],35.0
2024-12,2024,12,Теракт в «Крокус Сити Холле»,"['«Сегодня произошел теракт в Подмосковье»', '«страшная трагедия в “Крокус Сити Холле”»', '«22 марта трагедия произошла в “Крокус Сити Холле""»', '«в Москве расстрел в “Крокус Сити Холле”»', '«в Подмосковье погибло много человек: вооруженные люди ворвались. Это теракт»', '«теракт в Москве, я плакала»', '«теракт в Москве. Погибло 130 человек, 150 в больнице»']",34.0
2024-12,2024,12,СВО в целом,"['«Интересует СВО»', '«спецоперация на Украине»', '«военная операция»', '«война на Украине»', '«по Киеву долбанули»', '«мы бомбим хохлов»']",13.0
2024-12,2024,12,Выборы президента России,"['«Выборы президента»', '«голосование было, выборы президента»', '«выборы и всё, что там происходило: где зелёнкой облили, где урну подожгли. Я была наблюдателем»', '«выборы: Путин победил»', '«Путин выиграл выборы»', '«Даванков на третьем месте»']",13.0
2024-12,2024,12,"Нападения на Белгородскую область, обстрел российских территорий","['«Прорыв границы у Белгорода»', '«Белгород бомбят»', '«обстреливают Белгород каждый день»', '«Белгород, Курск, Тёткино бомбят»', '«работает ПВО, обстрел – Белгород, Орёл, Курск»', '«что дроны до Ленинграда, Саратовской области долетают»', '«Энгельс атаковали»', '«взрыв на НПЗ в Самаре»']",9.0
2024-12,2024,12,"Аварии, несчастные случаи","['«Обвал шахты на Сахалине»', '«самолёт в Иваново упал»', '«авария на трассе Оренбург – Соль-Илецк»', '«льдиной убило девушку в Березниках»']",1.0
2024-12,2024,12,Выступления В. Путина,"['«Видеоконференции с Путиным»', '«обращение Путина»', '«выступление Путина на неделе»', '«Путин выступал, говорил о выборах, что рад»']",1.0
2024-12,2024,12,Работа властных структур,"['«Выступление Матвиенко»', '«судьба ключевой ставки ЦБ РФ»', '«изменения в УК РФ в отношении осуждённых»']",1.0
2024-12,2024,12,Другие события в России,"['«Смерть Уткина»', '«ушёл из жизни артист Ширвиндт»', '«чемпионат по лыжным гонкам в Архангельске»', '«Масленица»', '«мужчина убил женщину в Балезино»']",1.0
2024-12,2024,12,Другие события в мире,"['«Война в Палестине»', '«поставки вооружения Украине»', '«наши вчера в футбол выиграли у сербов»']",1.0
2024-13,2024,13,Теракт в «Крокус Сити Холле»,"['«Крокус Сити Холл»', '«теракт 22 марта»', '«теракт в Подмосковье, в Красногорске»', '«теракт, конечно. Это главное событие, и все его обсуждали»', '«теракт ужасный»', '«расследование теракта»', '«террористов показывали»']",71.0
2024-13,2024,13,"Затрудняюсь ответить, нет ответа",[],21.0
2024-13,2024,13,СВО в целом,"['«Военные новости»', '«война как идёт»', '«положение дел на СВО»', '«действия на Украине»', '«довольны, когда наши наступают, взяли посёлок»', '«наши победы на фронте»']",8.0
2024-13,2024,13,Обстрел российских территорий,"['«Беспилотники покоя не дают»', '«бомбёжка Белгорода и Курска»', '«в Славянск прилетели беспилотники»', '«обстрел области»', '«атака дронов в нашей области»', '«обстрелы Белгородской области»', '«скрывают о прилётах в Брянской области»']",4.0
2024-13,2024,13,Выборы президента России,"['«Выборы президента»', '«проголосовали много за Путина, мне понравилось»', '«выборы Путина»']",1.0
2024-13,2024,13,Другие события в России,"['«Приезд Путина в Торжок»', '«плохие высказывания о Путине»', '«арест девушки, которая принесла букет к могиле Навального»', '«налог новый на машину вводят»', '«Семёновка уходит под воду, там плотину промыло, село Митрофановка осталось без связи»']",1.0
2024-13,2024,13,Другие события в мире,"['«Милли высказался о русских»', '«падение моста в США»']",1.0
2024-14,2024,14,Теракт в «Крокус Сити Холле»,"['Террористический акт в Москве', 'что произошло в Крокус Сити 22 марта', 'взрыв в Крокус Сити Холле, теракт', 'в Крокусе теракт', 'следили за Крокусом', 'расследование теракта – Крокус', 'в Крокус Сити – боль, ничем помочь не можем, жалко людей']",39.0
2024-14,2024,14,"Затрудняюсь ответить, нет ответа",[],36.0
2024-14,2024,14,СВО в целом,"['Тема войны', 'спецоперация', 'операция СВО', 'события на Украине', 'военное положение', 'боевые действия', 'про войну, своих солдат']",15.0
2024-14,2024,14,Обстрел российских территорий,"['Постоянно дроны летят и до Москвы, и до Питера', 'обстрел Белгорода', 'Елабуга – бомбят, Нижнекамск', 'дроны врезались в нефтяной терминал', 'дрон в Казань прилетел', 'дрон упал возле дома']",5.0
2024-14,2024,14,Природные катаклизмы и аномалии в России,"['Ледяной дождь, климатические изменения', 'снег выпал', 'наводнения по всей России', 'наводнения на юге страны', 'наводнение в Самаре']",5.0
2024-14,2024,14,Другие события в России,"['Миграционная служба работает насчёт выселения лишних', 'обсуждение про смертную казнь в СМИ', 'нападение на губернатора Мурманской области', 'нападение малолетних на людей в общественных местах']",2.0
2024-14,2024,14,Другие события в мире,"['75 лет НАТО', 'война в Газе', 'атака на посольство в Дамаске', 'выборы в США', 'землетрясение в Тайване', 'в Казахстане суд за убийство девушки']",2.0
2024-14,2024,14,Прорыв дамбы на реке Урал в Орске,"['Дамба – Орск', 'прорыв дамбы в Оренбургской области', 'прорыв дамбы в Орске', 'наводнение в Орске']",1.0
2024-14,2024,14,Работа властных структур,"['Выступление Путина', 'доклад Мишустина', 'приезд губернатора', 'пенсию прибавляют']",1.0
2024-14,2024,14,Выборы президента России,"['Выборы', 'выборы президента']",1.0
2024-15,2024,15,"Затрудняюсь ответить, нет ответа",[],43.0
2024-15,2024,15,СВО в целом,"['«Военные действия на Украине»', '«война на Украине»', '«про СВО»', '«ход проведения СВО»', '«когда бьют Украину»', '«на Украине нацистов бомбят»', '«ждём победу»']",18.0
2024-15,2024,15,Паводки в России в целом,"['«Затопление»', '«затопление на больших территориях России»', '«наводнение»', '«потоп»', '«топит всех»']",16.0
2024-15,2024,15,Теракт в «Крокус Сити Холле»,"['«В Москве стреляли в “Крокусе”»', '«теракт в “Крокусе” больше всего»', '«“Крокус Сити”, по нему сообщения»', '«пока по “Крокусу” информация идёт»']",13.0
2024-15,2024,15,"Прорыв дамбы на реке Урал в Орске, наводнение в Оренбургской области","['«Прорвало дамбу в Орске»', '«прорыв дамбы в Орске»', '«прорвало плотину»', '«потоп в Оренбурге: упущение местных властей»', '«в Оренбургской области прорвало дамбу»']",8.0
2024-15,2024,15,Обстрел российских территорий,"['«Беспилотники в Елабуге»', '«взрыв в Казани»', '«взрыв в Энгельсе»', '«война на границе с Белгородом»', '«затрагивают нашу территорию»']",5.0
2024-15,2024,15,"Напряженная обстановка на Ближнем Востоке, ирано-израильский конфликт, военные действия в секторе Газа","['«Возможная война на Ближнем Востоке»', '«атака Ирана на Израиль»', '«война между Израилем и Ираном»', '«удар Израиля»', '«ответный удар Ирана по Израилю»', '«угнетение Палестины»']",2.0
2024-15,2024,15,Другие события в России,"['«День космонавтики»', '«пуск “Ангары”»', '«гибель Кунгурова»', '«ввоз огромного количества мигрантов»', '«подорожание на все продукты»']",2.0
2024-15,2024,15,Работа властных структур,"['«Высказывания руководства страны»', '«отчёт правительства в Госдуме»', '«награда Матвиенко»', '«добавка к пенсии»', '«повышение налогов»']",1.0
2024-15,2024,15,Другие события в мире,"['«Наводнения во всём мире»', '«убийство жены экс-министра в Казахстане»']",1.0
2024-16,2024,16,"Затрудняюсь ответить, нет ответа",[],44.0
2024-16,2024,16,Масштабный паводок в России,"['Наводнение в Орске', 'паводок в Оренбурге', 'затопления Кургана', 'затопление в Самарской области', 'затопление Томской области', 'затопление на Урале', 'все Россию топит, как бы до нас не дошло', 'затоп в Оренбургской области. Мы ждём', 'наводнения. Люди сами строят дамбы, чтобы не затопило дома']",24.0
2024-16,2024,16,СВО в целом,"['Военные действия на Украине', 'события с фронта', 'война, СВО', 'военная обстановка в Запорожье, Харьков, Мариуполь, Авдеевка', 'события на Украине, бой за Часов Яр', 'ждём победу, наши вперёд идут']",20.0
2024-16,2024,16,Теракт в «Крокус Сити Холле»,"['Взрыв в “Крокусе”', 'теракт в Подмосковье', 'теракт в Красногорске', 'убийство людей в “Крокусе”']",5.0
2024-16,2024,16,Обстрел российских территорий,"['Беспилотники в Тамбовской области', 'бомбят Белгородскую область', 'дрон в Елабуге', 'обстрелы городов Белгород, Курск, в Мордовии каждый день практически бахает', 'до Мордовии и Татарстана долетели беспилотники', 'беспилотники над Татарстаном']",4.0
2024-16,2024,16,"Напряженная обстановка на Ближнем Востоке, ирано-израильский конфликт, военные действия в секторе Газа","['Атака Ирана на Израиль', 'Израиль бомбят', 'война Израиля', 'новости, связанные с Палестиной и Израилем, и с Ираном', 'эскалация событий на Ближнем Востоке']",3.0
2024-16,2024,16,"Конфликты с мигрантами, преступления мигрантов","['Вражда между русскими и мусульманами', 'зарезали парня в Москве на стоянке у подъезда', 'убийство русского парня мигрантом', 'погнали мигрантов', 'нагнетание обстановки межнациональных конфликтов']",2.0
2024-16,2024,16,Другие события в России,"['Запуск ракеты', 'задержание министра МЧС в Чечне', 'Кунгуров: смерть артиста', 'подготовка к 1 Мая']",2.0
2024-16,2024,16,Другие события в мире,"['Америка опять дала денег Украине', 'Дубай затопило', 'суд над экс-министром экономики Казахстана', 'Франция: Олимпиада']",2.0
2024-16,2024,16,Работа властных структур,"['Мишустин: доклад', 'повышение зарплаты с 1 апреля', 'детские пособия увеличены', 'новые налоги']",1.0
2024-17,2024,17,"Затрудняюсь ответить, нет ответа",[],53.0
2024-17,2024,17,"СВО в целом, успехи российской армии","['В основном положение на фронте', 'вести с фронта', 'мы интересуемся делами на СВО, у нас там дети', 'про войну на Украине, наступление наших войск', 'мы идём вперёд на Украине', 'наши заняли новые позиции', 'наши молодцы, бьют по фашистам']",21.0
2024-17,2024,17,Масштабные паводки в России,"['Подтопление регионов', 'затопление огромное, много людей пострадало', 'затопление Курганской, Тюменской областей', 'навод- нение в Архангельской области', 'наводнение в Оренбуржье, помогают им', 'помощь людям в зоне затопления']",13.0
2024-17,2024,17,Арест генерала Т. Иванова,"['Арест замминистра обороны Иванова', 'замминистра обороны посадили, точнее, арестовали', 'Ивановна арестовали, замминистра Шойгу', 'Тимур Иванов попался на взятках']",4.0
2024-17,2024,17,Теракт в «Крокус Сити Холле»,"['Взрыв в “Крокус Сити”', 'запомнилась трагедия в “Крокус Сити”', 'теракт в Москве']",4.0
2024-17,2024,17,"Поставки оружия на Украину, выделение помощи США, странами Запада Украине","['Америка посылает помощь Украине', 'много вооружения Америка отправляет на Украину', 'перечисление денег американцами Украине, поставка оружия', 'США оформили пакет помощи Украине', 'поступает новое вооружение на Украину', 'выделение финансовой помощи Украине']",3.0
2024-17,2024,17,Обстрел российских территорий,"['Атаки беспилотников – Липецк, Белгород и Воронеж', 'бомбят Белгород', 'атака беспилотников в Крыму', 'атака беспилотников в Славянске, на Кубани, в поселке Июльском', 'на общежитие атака беспилотника в Елабуге', 'обстрелы Севастополя', 'обстрелы Шебекино']",2.0
2024-17,2024,17,Работа властных структур,"['Лавров в Китай ездил', 'изменения в законе о работе', 'пересмотр мер поддержки на региональном уровне для многодетных семей', 'введение ипотеки для белгородцев, у которых разбомбили дома']",1.0
2024-17,2024,17,"Напряженная обстановка на Ближнем Востоке, ирано-израильский конфликт, военные действия в секторе Газа","['Ближний Восток', 'Иран, Палестина, Израиль', 'Иран с Израилем – конфликт', 'Иран атакует Израиль', 'Израиль и война с арабами', 'Палестина']",1.0
2024-17,2024,17,"Аварии, несчастные случаи","['ДТП на трассе недалеко от нашей деревни', 'девушка выпрыгнула из окна в городе', 'по неясной причине в Челябинске в одном районе умерло четверо студентов за неделю']",1.0
2024-17,2024,17,Суд в Казахстане над К. Бишинбаевым,"['Суд над Бишинбаевым', 'судят в Казахстане убийцу жены', 'убийство Салтанат Нукеновой']",1.0
2024-17,2024,17,Другие события в России,"['День пожарного', 'подготовка к празднованию 9 Мая', 'нападение на полицейских в Карачаево-Черкессии', '“Локомотив” проиграл']",1.0
2024-17,2024,17,Другие события в мире,"['Американский судебный процесс над Трампом', 'визит Блинкена в Китай']",0.5
2024-18,2024,18,"Затрудняюсь ответить, нет ответа",[],56.0
2024-18,2024,18,"СВО в целом, успехи российской армии","['«Боевые действия на Украине»', '«война, как обычно»', '«только обстановка на фронте»', '«я тщательно слежу за спецоперацией»', '«смотрю новости только про СВО, как наши ребята долбят, бьют нацистов»', '«наша армия побеждает на Украине»', '«наступление под Авдеевкой»', '«спецоперация, освобождают посёлки»']",26.0
2024-18,2024,18,"Масштабные паводки в России, пожары","['«Водяной потоп»', '«наводнения, пол-России плавает»', '«половодье, людей жалко»', '«затопления в Алтае»', '«подтопления в Самаре, Оренбурге, у нас в Сибири»', '«горит всё, тонет»', '«наводнение в Тюменской, и Курганской, и Омской областях. Пожары в Иркутске»']",9.0
2024-18,2024,18,Обстрел российских территорий,"['«Беспилотники летают как у себя дома»', '«звучала сирена, обстрел в приграничных районах»', '«бомбят приграничные наши районы»', '«бомбят в Белгороде»', '«дроны в Орле»', '«налёт на Крым ракетами»', '«обстрел беспилотниками – Кардымово, Рославль, авиационный завод»', '«16 беспилотников, сбитых над Краснодарским краем»']",2.0
2024-18,2024,18,Арест генерала Т. Иванова,"['«Арест заместителя министра обороны Иванова»', '«арест заместителя Шойгу»', '«сообщение об аресте Иванова»']",2.0
2024-18,2024,18,Теракт в «Крокус Сити Холле»,"['«События в “Крокусе”»', '«теракт, прошедший в “Крокусе”»', '«теракт в Москве»', '«40 дней – “Крокус”»']",2.0
2024-18,2024,18,"Праздники, подготовка к 9 Мая, выставка трофеев в Москве","['«Подготовка к Дню Победы»', '«9 Мая – самый главный, самый мой праздник»', '«Первомай»', '«праздники пасхальные»', '«Благодатный огонь»', '«выставка в Москве трофейного оружия»', '«выставка на Поклонной горе подбитой техники с СВО»']",2.0
2024-18,2024,18,"Поставки оружия на Украину, выделение помощи США, стран Запада Украине","['«Украине Америка помогает, это плохо»', '«одобрение пакета помощи Украине»', '«французы собрались на войну, немцы ракеты дают, вся Европа подключилась»', '«что натовцы обеспечивают бандеровцев»']",1.0
2024-18,2024,18,Работа властных структур,"['«Ответ Лаврова МИДу Таджикистана»', '«8% ипотеки льготной до 1 июля»', '«изменения в законопроекте о криптовалюте»', '«отмена штрафов за тонировку на передних стёклах»']",1.0
2024-18,2024,18,Предстоящая инаугурация В. Путина,"['«7 мая будет инаугурация в 12 часов»', '«будущая инаугурация»', '«инаугурация Путина будет скоро»']",1.0
2024-18,2024,18,"Аварии, несчастные случаи","['«Много аварий»', '«про аварию с десятилетним ребенком на мосту»', '«30 апреля сухим тополем убило девочку 7 лет в Астрахани»', '«в Барнауле на ул. Шумакова второй раз из окна выбрасываются женщины»']",1.0
2024-18,2024,18,"Напряженная обстановка на Ближнем Востоке, ирано-израильский конфликт, военные действия в секторе Газа","['«Война на Ближнем Востоке»', '«Иран с Израилем – война, ракеты запускают»', '«про Палестину»']",1.0
2024-18,2024,18,Проблема мигрантов,"['«События, связанные с мигрантами»', '«массовая депортация мигрантов»']",1.0
2024-18,2024,18,Другие события в России,"['«Пенсию повысили»', '«пуск ракеты»', '«“Вагнер” – годовщина»']",1.0
2024-18,2024,18,Другие события в мире,"['«Митинг в Тбилиси»', '«суд над Бишимбаевым, который убил жену свою»']",1.0
2024-20,2024,20,"Затрудняюсь ответить, нет ответа",[],50.0
2024-20,2024,20,"СВО в целом, успехи российской армии","['Всё про СВО', 'военные действия на Украине', 'война, ребят жалко', 'на войне чтобы было лучшее положение. Чтобы наши ребята вернулись домой', 'СВО: продвижение есть, радует', 'наши продвигаются на фронтах', 'атака на Украине на Харьков']",27.0
2024-20,2024,20,Изменения в составе правительства,"['Изменения в правительстве', 'как Путин свою команду собирал', 'министра обороны сменили: Шойгу поменяли на Белоусова', 'наш губернатор стал министром транспорта']",10.0
2024-20,2024,20,Обстрел российских территорий,"['Бомбёжки Белгорода', 'в Белгороде обрушился подъезд из-за атаки беспилотника', 'дроны в Краснодарском крае', 'дроны долетают до Волгоградской области', 'дроны над Новороссийском', 'обстреляли Крым', 'Туапсе: взорвали нефтебазу, Новороссийск - обстрелы, Белгород']",8.0
2024-20,2024,20,Визит В. Путина в Китай,"['В Китай уехал Путин', 'Путин сегодня в Китае', 'встреча с Си Цзиньпином в Китае', 'речь Путина в Китае']",6.0
2024-20,2024,20,Инаугурация В. Путина,"['Вступление в должность президента', 'инаугурация президента']",2.0
2024-20,2024,20,"Масштабные паводки, пожары в России","['Наводнения, пожары', 'наводнения в России', 'люди мучаются от наводнения', 'паводок в регионе', 'паводок в Усть-Ишиме']",1.0
2024-20,2024,20,Автобусная авария в Санкт-Петербурге,"['Автобус рейсовый в Питере свалился в реку Мойку, погибли семь человек', 'улетел с моста автобус в Санкт-Петербурге']",1.0
2024-20,2024,20,"Коррупционные скандалы в Министерстве обороны, арест генерала Т. Иванова","['Коррупция в Министерстве обороны', 'воровство в Министерстве обороны', 'арест заместителя Шойгу', 'замминистра Т. Иванова посадили']",1.0
2024-20,2024,20,Покушение на премьер-министра Словакии Р. Фицо,"['Покушение на премьер-министра Словакии', 'покушение на словацкого Фицо', 'попытка убийства Фицо']",1.0
2024-20,2024,20,Работа властных структур,"['Голикова о пенсиях', 'новый законопроект об ограничении алкоголя']",1.0
2024-20,2024,20,Теракт в «Крокус Сити Холле»,"['Теракт в Москве', '“Крокус Сити Холл”', 'гибели в “Крокусе”']",1.0
2024-20,2024,20,Празднование 9 Мая,"['9 Мая', 'парад Победы', 'на празднике 9 Мая всем было хорошо, и Путин был на параде, мы его слушали']",1.0
2024-20,2024,20,Другие события в России,"['Повышение цен', 'северное сияние', 'убийство на Уралмаше', 'день рождения метро', 'в Красноярске был забег']",1.0
2024-20,2024,20,Другие события в мире,"['Зеленский с 21 мая больше не президент Украины – срок истекает', 'то, что творится в Грузии', 'суд в Казахстане', 'убийство посла в Африке', 'тайфун в Америке']",1.0
2024-21,2024,21,"Затрудняюсь ответить, нет ответа",[],54.0
2024-21,2024,21,"СВО в целом, успехи российской армии","['Сводки о войне с Украиной', 'новости с фронта', 'на фронте продвижения в Харьковской области', 'наши взяли Константиновку', 'наши продвигаются на Украине', 'СВО: мы побеждаем', 'успехи наших воинов', 'война: я очень хочу, чтобы она закончилась', 'действия на СВО. Быстрее бы Харьков взяли – фашистов выгнать']",21.0
2024-21,2024,21,Гибель президента Ирана И. Раиси,"['Авиакатастрофа с иранским президентом', 'гибель иранского лидера', 'гибель Раиси', 'крушение вертолёта президента Ирана', 'погиб иранский президент']",8.0
2024-21,2024,21,Изменения в составе правительства,"['Кабинет министров менялся', 'смена правительства', 'новый министр обороны', 'Шойгу убрали', 'отставка Шойгу и назначение нового министра обороны Белоусова', 'ушёл Цивилёв от нас в Москву, стал министром энергетики']",5.0
2024-21,2024,21,Обстрел российских территорий,"['Беспилотники, их атака', 'Белгород, Крым: обстрелы', 'беспилотники в Салавате', 'полёты дронов над Татарстаном', 'нападение дронов на Новороссийск', 'в Севастополе атаки']",4.0
2024-21,2024,21,Визит В. Путина в Китай,"['Визит Путина в Китай', 'визит Путина в Пекин', 'визит российской делегации в Китай во главе с Путиным', 'Путин посетил Китай']",3.0
2024-21,2024,21,Коррупционные скандалы в Министерстве обороны,"['Арест генералов из Минобороны', 'задержание, чистка руководящих должностей в Минобороны', 'я очень счастлива от того, что арестовали заместителей Шойгу']",2.0
2024-21,2024,21,Работа властных структур,"['Визит Путина в Белоруссию', 'выступление Мишустина', 'детсады будут бесплатные', 'закон о криптовалютах принимали', 'изменения в ПДД', 'налог на импорт автомобиля', 'налогообложение для физических лиц: корректировки']",1.0
2024-21,2024,21,"Масштабные паводки, пожары, природные катаклизмы в России","['В Краснодаре ветром деревья снесли', 'град в Башкирии', 'катаклизмы, наводнения, пожары', 'потопы', 'снегопад']",1.0
2024-21,2024,21,"Аварии, несчастные случаи","['Горела электричка Москва – Тверь', 'автобус в Питере съехал в речку', 'задавил автобус ребёнка на Комендантском', 'мотоциклист сбил человека в Черепаново']",1.0
2024-21,2024,21,Покушение на премьер-министра Словакии Р. Фицо,"['Словацкого лидера ранили', 'министра Словакии подстрелили', 'покушение на Фицо']",1.0
2024-21,2024,21,Теракт в «Крокус Сити Холле»,"['Взорвали ""Крокус Сити""', 'теракт в ""Крокусе""']",1.0
2024-21,2024,21,Инаугурация В. Путина,"['Вступление Путина в должность президента', 'Путин стал президентом', 'инаугурация']",1.0
2024-21,2024,21,Последний звонок в школах,"['Во всех школах страны прошёл последний звонок', 'последний звонок для старшеклассников в школах']",1.0
2024-21,2024,21,Другие события в России,"['Повышение ЖКХ', 'стычки мигрантов', 'Никиту Семьянова освободили после участия в СВО', '“Зенит” стал чемпионом с “Ростовом” в последнем туре']",1.0
2024-21,2024,21,Другие события в мире,"['Землетрясение в Турции', 'учения совместные России и Беларуси']",1.0
2024-22,2024,22,"Затрудняюсь ответить, нет ответа",[],54.0
2024-22,2024,22,"СВО в целом, успехи российской армии","['Военное положение, СВО', 'бои на Украине', 'положение на фронте', 'солдаты наши на фронте страдают', 'наше наступление на Украине', 'что Россия движется вперёд на Украине', 'наши продвигаются в военных действиях', 'наступление на Харьков']",27.0
2024-22,2024,22,Обстрелы российских территорий,"['Белгород, обстрел', 'атака Татарстана', 'беспилотник над Тамбовом', 'беспилотник в Железнодорожном', 'бомбят Крым', 'взрывы в Москве, Белгороде, Курске, на Брянщине']",5.0
2024-22,2024,22,Работа властных структур,"['Изменение в налоговом законодательстве', 'изменение ставки НДФЛ', 'изменения по лекарственным средствам, связанные с ПДД, ограничивающие права водителей', 'принимали новые законы и корректировали старые по межрелигиозным отношениям']",3.0
2024-22,2024,22,"Встречи, поездки В. Путина","['Визит в Китай нашего президента', 'визиты Путина в дружественные страны', 'визит Путина в Ташкент', 'визит Путина в Узбекистан', 'визит Путина в Беларусь', 'награждение участников СВО', 'президент Путин встретился с многодетными семьями', 'награждение многодетных семей Путиным']",3.0
2024-22,2024,22,Коррупционные скандалы в Министерстве обороны,"['Коррупция в Министерстве обороны', 'арест верхушки военных', 'арест генерала Попова', 'что у нас в Министерстве обороны оказались воры: когда ребята гибнут, они набивают себе карманы']",3.0
2024-22,2024,22,"Поставки оружия на Украину, выделение помощи Украине от США, стран Запада","['Американцы поставляют оружие на Украину, ракеты выделяют Украине', 'Запад и США передали Украине оружие для нанесения ударов по России', 'НАТО разрешило бить оружием по России', 'одобрили удары внутри России – Запад']",2.0
2024-22,2024,22,"Масштабные паводки, пожары, природные катаклизмы в России","['Пожары и наводнения', 'ливни, грозы', 'пожары на юге России', 'пожары в Бурятии', 'паводок в Омской области', 'разлив в Омской области, пожары в Иркутске', 'потоп в Усть-Ишиме']",2.0
2024-22,2024,22,Смерть. А. Заворотнюк,"['Анастасия Заворотнюк умерла', 'умерла актриса Заворотнюк', 'смерть актрисы Заворотнюк']",2.0
2024-22,2024,22,Другие события в России,"['Чемпионат России по футболу', 'сбежала от семейного насилия чеченская девушка', 'отключение воды']",2.0
2024-22,2024,22,Другие события в мире,"['Трампа осудили', 'судебный процесс над кандидатом в президенты в США, закон об иноагентах в Грузии', 'новости, связанные с Палестиной', 'визит Макрона в Германию', 'протесты в Ереване']",2.0
2024-22,2024,22,Изменения в составе правительства,"['Перестановка кадров в правительстве', 'выборы правительства, утверждение министров', 'вместо Шойгу другой человек', 'замена Шойгу на Белоусова']",1.0
2024-22,2024,22,Гибель президента Ирана И. Раиси,"['Гибель президента Ирана', 'погиб президент Ирана', 'смерть Раиси в Иране']",1.0
2024-22,2024,22,Праздники,"['День защиты детей и День пограничника', 'праздник детей 1 июня', 'День города', 'последний звонок у племянников']",1.0
2024-23,2024,23,"Затрудняюсь ответить, нет ответа",[],55.0
2024-23,2024,23,"СВО в целом, успехи российской армии","['Всё, что связано со СВО', 'сводки с фронта', 'события в зоне СВО', 'продолжение войны на Украине', 'переживаем за ребят на СВО', 'военные действия на харьковском направлении', 'наши победы на СВО мы всё-таки идем вперед']",21.0
2024-23,2024,23,Экономический форум в Санкт-Петербурге,"['Конференция, форум международный экономический в Петербурге', 'съезд в Питере', 'форум в Питере проходил международно-экономический', 'питерский экономический форум', 'форум идёт – я очень довольна: столько народу кто еще собирает?']",7.0
2024-23,2024,23,Обстрелы российских территорий,"['Летают беспилотники по областям', 'обстрелы России', 'беспилотники в Воронеже', 'нападение беспилотников на Новороссийск, Крым; они весь Краснодарский край лупят', 'обстрел Белгорода, Курска, Орла, Краснодара']",3.0
2024-23,2024,23,"Аварии, пожары, несчастные случаи","['Смерти по неосторожности, аварии и пожары', 'автобус упал в Питере', 'в Кемерово трамваи столкнулись, человек погиб', 'молния ударила мужчину в Балашихе']",2.0
2024-23,2024,23,"Выступление В. Путина на ПМЭФ, другие выступления, поездки президента","['Выступление Путина на форуме', 'высказывание Путина на Петербургском форуме, что мы можем дать ответ Западу на обстрел российских территорий', 'встреча Путина с зарубежными журналистами', 'интервью Путина о его посещении Белоруссии, Узбекистана', 'Путин посетил Китай', 'поездки Путина']",2.0
2024-23,2024,23,Поставки Западом оружия на Украину,"['Запад разрешил передавать на Украину дальнобойное оружие', 'передача американских снарядов дальнего действия', 'французы хотят поставить самолёты', 'хотят бомбы на нас сыпать']",2.0
2024-23,2024,23,Коррупционные скандалы в Министерстве обороны,"['Борьба с коррупцией в Минобороны', 'арестовали многих в Министерстве обороны', 'арест генералов', 'чистка рядов Минобороны', 'проверка Минобороны, коррупция']",2.0
2024-23,2024,23,Работа властных структур,"['Визит Белоусова в Казахстан', 'отставка Азарова', 'уход с поста мэра Уваркиной']",1.0
2024-23,2024,23,Природные катаклизмы в России,"['В Москве наводнение', 'град в Черкесске', 'наводнение – Омск', 'пожары в Бурятии', 'потопы и пожары']",1.0
2024-23,2024,23,"Возможность использования ядерного оружия, угроза ядерной войны","['Ядерные угрозы', 'опасность ядерного взрыва', 'подготовки к применению ядерного оружия', 'возможность ядерной войны с Западом', 'сообщения о новой войне атомной']",1.0
2024-23,2024,23,"Инфляция, рост цен","['Всё дорожает', 'инфляция в России', 'повышение на квартплату, повышение цен на всё', 'рост цен на ЖКХ', 'цены растут']",1.0
2024-23,2024,23,Изменения в составе правительства,"['Смена министров', 'снятие министров', 'отстранение Шойгу', 'новый министр обороны']",1.0
2024-23,2024,23,Криминальные события,"['Заказное убийство айтишника в Москве, убили деда в парке при его внучках за то, что он сделал замечание', 'сегодня преступник из автомата расстрелял человека', 'стрельба в Крылатском, Кемерово', 'криминал в новостях с мигрантами']",1.0
2024-23,2024,23,"Праздники, фестивали","['День города в Красноярске', 'День защиты детей', 'день рождения Пушкина отмечают', 'празднование Пушкинской недели']",1.0
2024-23,2024,23,Смерть. А. Заворотнюк,"['Смерть Анастасии Заворотнюк', 'уход актрисы Анастасии Заворотнюк', 'похороны Заворотнюк']",1.0
2024-23,2024,23,"Повышение пенсий, увеличение других выплат","['Индексация работающим пенсионерам', 'прибавка к пенсии работающим пенсионерам', 'повышают пенсии и малышам выделяют пособия']",1.0
2024-23,2024,23,Другие события в России,"['Массовое выселение мигрантов-нелегалов', 'завершение учебного года', 'теракт в “Крокусе”']",1.0
2024-23,2024,23,Другие события в мире,"['Покушение на Фицо', 'смерть иранского президента', 'обсуждение в Германии педофилии']",1.0
2024-24,2024,24,"Затрудняюсь ответить, нет ответа",[],57.0
2024-24,2024,24,"СВО в целом, успехи российской армии","['«Военные действия на Украине»', '«война на Украине, как и всех»', '«вокруг Украины всё»', '«наступление на Украине»', '«наступление на Харьков»', '«наступление наших на Украине»']",19.0
2024-24,2024,24,"Выступления В. Путина на ПМЭФ, В МИД, его зарубежные поездки","['«Выступление Путина на экономическом форуме»', '«выступление Путина в Министерстве иностранных дел об условиях мирных переговоров»', '«заявление Путина по поводу мира на Украине»', '«в Китае был Путин, ездит везде»', '«визит Путина в Северную Корею»']",4.0
2024-24,2024,24,Обстрелы российских территорий,"['«Атака на Новокуйбышевский НПЗ»', '«атаки дронов сегодня на город Морозовск Ростовской области»', '«Керчь и Севастополь: стреляют»', '«дроны над Тамбовом»', '«ударили беспилотники по Орловской области»']",3.0
2024-24,2024,24,Экономический форум в Санкт-Петербурге,"['«Международный форум в Санкт-Петербурге»', '«мероприятия в Питере на экономическом форуме»', '«Петербургский экономический форум»']",3.0
2024-24,2024,24,Природные катаклизмы в России,"['«Наводнение в Оренбурге»', '«потопы и в Москве, и в Мытищах. Деревья падали, ливнёвки не работали, машины плавали»', '«ураган»', '«пожары»']",3.0
2024-24,2024,24,"Аварии, несчастные случаи","['«В Кемерово авария с трамваем»', '«трагедия в Могоче»', '«ДТП в Благовещенске»', '«мужчина на автомобиле сбил толпу пешеходов»']",2.0
2024-24,2024,24,"Санкции США против Мосбиржи, их последствия","['«Ввод санкций против Мосбиржи»', '«санкции, которые коснулись биржи»', '«доллар и евро перестали торговаться на Мосбирже»', '«отмена торгов»']",2.0
2024-24,2024,24,"Праздники, фестивали","['«День России»', '«концерт на Красной площади 12 июня»', '«День города Кирова»']",2.0
2024-24,2024,24,"Поставки Западом оружия Украине, усиление конфронтации между Россией и Западом","['«Начали ракеты дальнего действия поставлять Украине»', '«Америка и страны Европы разрешили применять своё оружие в отношении России»', '«одобрение США ударов по России»', '«высказывания западных политиков с угрозами в адрес нашей страны и разрешение использовать ракеты дальнего действия по территории России»']",1.0
2024-24,2024,24,Работа властных структур,"['«Закон о семейном насилии»', '«запрет курения вейпов»', '«ключевая ставка»', '«подорожание акцизов»', '«совещание министра обороны с военными корреспондентами и ведущими телеграм-каналов»']",1.0
2024-24,2024,24,Коррупционные скандалы в Министерстве обороны,"['«Арест в Минобороны»', '«арест Иванова»', '«генералов всех сажают – казнокрадов»', '«начали разбираться жёстко с коррупцией»']",1.0
2024-24,2024,24,"Саммит G7 в Италии, конференция по Украине в Швейцарии","['«Сходка “Семерки” за границей»', '«встреча “Большой семерки”»', '«саммит в Швейцарии»', '«форум в Швейцарии»', '«конференция мира»']",1.0
2024-24,2024,24,Визит российских военных кораблей на Кубу,"['«На Кубу ушли военные корабли»', '«направление флота на Кубу»', '«подлодки у Кубы»', '«военные наши учения на Кубе. Это вообще мне нравится»']",1.0
2024-24,2024,24,Изменения в составе правительства,"['«Новое правительство»', '«отставка Шойгу»', '«назначение министра обороны»']",1.0
2024-24,2024,24,Криминальные события,"['«Насилие»', '«захват заложников в ростовском СИЗО»', '«стрелок в Подмосковье»']",1.0
2024-24,2024,24,Индексация пенсии работающим пенсионерам,"['«Индексация пенсии работающим пенсионерам»', '«с января 2025 будут индексировать пенсию работающим пенсионерам»']",1.0
2024-24,2024,24,Игры БРИКС – 2024 в Казани,"['«В Татарстане начались игры БРИКС»', '«спортивные новости об играх, которые проходят в Казани, БРИКС»', '«БРИКС: мне нравятся соревнования спортивные в Казани»']",1.0
2024-24,2024,24,Другие события в России,"['«Выставка подбитой техники НАТО в Верхней Пышме»', '«случаи с нарушениями при ЕГЭ»', '«цены на все продукты»']",1.0
2024-24,2024,24,Другие события в мире,"['«Выборы в Европарламент»', '«загорелись леса в Турции»', '«Чемпионат Европы по футболу»']",1.0
2024-25,2024,25,"Затрудняюсь ответить, нет ответа",[],54.0
2024-25,2024,25,"СВО в целом, успехи российской армии","['Всё о СВО', 'военные сводки', 'в целом ход СВО интересен', 'военные действия на Украине', 'военная операция идёт. Жалко, что дети гибнут, поскорее бы всё закончилось', 'Украина: парни наши работают', 'ребята отлично воюют', 'наши победы в СВО']",16.0
2024-25,2024,25,"Визиты В. Путина в КНДР, Вьетнам, другие поездки","['Поездка Путина за границу', 'поездка Путина по восточным странам', 'визит президента на Восток', 'поездка Путина: КНДР, Вьетнам, Якутск', 'визит Путина в Северную Корею, Вьетнам', 'встреча президента в КНДР, во Вьетнаме, договор о взаимопомощи']",13.0
2024-25,2024,25,Природные катаклизмы в России,"['Вымерзло, ливни, засуха', 'дожди везде, а у нас нет', 'климатические аномалии в Московской области', 'вчерашний ураган в Москве', 'потоп в Белгороде', 'Казань затопило']",5.0
2024-25,2024,25,Обстрелы российских территорий,"['Меня беспокоят атаки беспилотников на мирные цели или инфраструктуры', 'обстрелы Белгорода', 'обстрел Ростова и Красно-дара, нефтебазы', 'сегодня ночью бомбили Адыгею, на Южном вокзале попал осколок беспилотника в автобус', 'удар по Крыму']",4.0
2024-25,2024,25,Работа властных структур,"['Повышение ключевой ставки', 'отмена бакалавриата', 'продление семейной ипотеки', 'с 1 июля будет надбавка пенсии', 'Цивилёв ушёл, перевели']",2.0
2024-25,2024,25,"Поставки Западом оружия Украине, усиление конфронтации между Россией и Западом","['Угрозы с Запада и США, поставка оружия Украине', 'американцы хотят дальнобойное оружие поставлять Украине']",2.0
2024-25,2024,25,"Теракты, криминальные события","['Теракт в Дагестане', 'захват заложников в Ростове – в тюрьме', 'мигранты – преступность']",2.0
2024-25,2024,25,"Аварии, несчастные случаи","['ДТП много', 'столкновение двух трамваев', 'три случая было, когда разбились мотоциклисты']",1.0
2024-25,2024,25,Изменения в составе правительства,"['Чистка в правительстве', 'замена министра обороны', 'поставили Белоусова вместо Шойгу']",1.0
2024-25,2024,25,Коррупционные скандалы,"['Задержания генералов Минобороны', 'коррупция в органах государственного управления', 'окружающая среда Путина – воры']",1.0
2024-25,2024,25,"Праздники, дни памяти","['День памяти Великой Отечественной войны', 'День России, салют', 'День города Белогорска', 'Сабантуй', 'Троица']",1.0
2024-25,2024,25,Чемпионат Европы по футболу,"['Футбол – Чемпионат Европы', 'Чемпионат Европы по футболу']",1.0
2024-25,2024,25,Экономический форум в Санкт-Петербурге,"['Саммит в Санкт-Петербурге', 'петербургский форум', 'форум санкт-петербургский, заключение соглашений']",1.0
2024-25,2024,25,Визит российских военных кораблей на Кубу,"['Морской поход к Кубе', 'корабли на Кубу прибыли', 'подводная лодка на Кубе']",1.0
2024-25,2024,25,Другие события в России,"['Экзамены у детей', 'изменение названия банка Тинькофф', 'мигрант затушил свечи в православном храме']",1.0
2024-25,2024,25,Другие события в мире,"['Саммит в Швейцарии', 'конфликт в Израиле', 'стихийные бедствия в США']",1.0
2024-26,2024,26,"Затрудняюсь ответить, нет ответа",[],46.0
2024-26,2024,26,"СВО в целом, успехи российской армии","['«Сводки СВО»', '«спецоперация»', '«боевые действия в зоне СВО»', '«военные действия на Украине»', '«обстановка на фронте»', '«на фронте победы»', '«наши успехи в СВО»']",17.0
2024-26,2024,26,Обстрел пляжа в Севастополе,"['«Удар по пляжу»', '«в Севастополе расстрел на пляже»', '«в Севастополе погибли люди, погибло два ребёнка, двое взрослых, и сто пятьдесят пострадавших»', '«про теракт в Севастополе»', '«ракетная атака на Севастополь»']",15.0
2024-26,2024,26,Теракты в Дагестане,"['«События, связанные с Дагестаном, в Махачкале и Дербенте»', '«Дагестан, террористы напали»', '«теракт в Дагестане, который затеяли ваххабиты, погибло 17 правоохранителей»', '«в Дагестане теракт – расстреливали, церковь сожгли»', '«Дагестан – убийство священника»']",11.0
2024-26,2024,26,"Визиты В. Путина в КНДР, Вьетнам, другие поездки","['«Визит Путина в Северную Корею»', '«встречи Путина с лидером Кореи»', '«визит Путина в Корею и Вьетнам»', '«визит Путина во Вьетнам»', '«поездка президента в Азию»', '«визиты Путина за рубеж»', '«приезд Путина в Якутию»']",5.0
2024-26,2024,26,Обстрелы других российских территорий,"['«Бомбят мирные города»', '«бомбят по многим российским областям»', '«дроны летают»', '«каждый день в городе сирены»', '«часто ракетная опасность в городе»', '«бомбят всё постоянно – Курскую область и у нас, Воронежскую область»', '«дроны в Смоленской области»', '«Белгород бомбят»']",4.0
2024-26,2024,26,"Железнодорожная авария в Республике Коми, другие аварии, несчастные случаи","['«Опрокинулся поезд»', '«поезд пассажирский с рельс сошёл»', '«вагоны упали»', '«аварии»', '«ребёнок в Красноярске утонул»', '«тонут дети много у нас и в Кузбассе»']",4.0
2024-26,2024,26,Природные катаклизмы в России,"['«Аномальная жара»', '«наводнения, пожары»', '«наводнение в Амурской области»', '«ураган в Курской области и городе Железногорске»']",2.0
2024-26,2024,26,Работа властных структур,"['«Выступление Бастрыкина»', '«налоговая реформа»', '«отменили ОСАГО обязательное»', '«повышение ставок ЦБ»']",1.0
2024-26,2024,26,Предвыборные дебаты в США,"['«Дебаты в США»', '«дебаты Трампа и Байдена»']",1.0
2024-26,2024,26,Поставки Западом оружия Украине,"['«Страны НАТО поддерживают военный конфликт и снабжают Украину оружием»', '«Америка собралась помогать Украине, чтобы Украина могла воевать»']",1.0
2024-26,2024,26,"Праздники, дни поминовения","['«Алые паруса»', '«Родительская суббота»']",1.0
2024-26,2024,26,"Инфляция, рост цен","['«Повышение цен»', '«обвал рубля»', '«повышение цен на ЖКХ»']",1.0
2024-26,2024,26,Коррупционные скандалы в Министерстве обороны,"['«Министерство обороны как шерстят»', '«сняли погоны с верхушки армии»', '«что генералов сажают, правильно делают»']",1.0
2024-26,2024,26,Чемпионат Европы по футболу,"['«Футбол – Евро»', '«Чемпионат Европы по футболу»']",1.0
2024-26,2024,26,Другие события в России,['«Шевцова убежала за границу»'],1.0
2024-26,2024,26,Другие события в мире,"['«Грунт Китай привёз с Луны»', '«звонок Остина Белоусову»']",1.0
2024-27,2024,27,"СВО в целом, успехи российской армии","['Война на Украине, СВО', 'новости о состоянии на СВО', 'сводки с СВО', 'про СВО, следим за ходом событий', 'продвижение наших войск на СВО', 'СВО, взяли два села']",19.0
2024-27,2024,27,Обстрелы различных российских территорий,"['Атаки на российскую территорию', 'обстрелы российских городов', 'всё время эти обстрелы в городах, граничащих с Украиной', 'беспилотники везде у нас', 'дроны на Липецк', 'на Белгород атаки дронов', 'налёт на автовокзал Южный в нашем городе']",6.0
2024-27,2024,27,Обстрел пляжа в Севастополе,"['Постреляли наших людей на пляжах в Севастополе', 'Севастополь бомбили', 'Украина сбросила бомбу на пляж в Севастополе']",4.0
2024-27,2024,27,Природные катаклизмы в России,"['Град, шторм в Москве, очень переживала', 'погода. Вот что в Питере творилось, да и Москва тоже жарится', 'смерч в Питере', 'ливни, грозы и ураганы', 'передают, что жара будет продолжаться', 'погода – сушь стоит страшная, задыхаемся']",4.0
2024-27,2024,27,Теракты в Дагестане,"['События в Дагестане, нападение на храм, убийство священника и правоохранителей', 'теракты в Махачкале, в Дербенте', 'в Махачкале террористы напали на церковь']",3.0
2024-27,2024,27,Саммит ШОС в Астане,"['Встреча в Астане', 'саммит в Казахстане', 'ШОС в Астане']",2.0
2024-27,2024,27,"Визиты В. Путина в КНДР, Вьетнам, выступления В. Путина","['Визит в Корею Путина', 'поездка Путина в КНДР', 'поездки Путина – КНДР, Вьетнам', 'слушала выступление Путина']",2.0
2024-27,2024,27,Работа властных структур,"['Выступление Мишустина', 'выступление Белоусова в Госдуме', 'заявление Бастрыкина по поводу мигрантов', 'ставку ЦБ хотят повысить']",1.0
2024-27,2024,27,"Аварии, пожары, несчастные случаи","['Сошёл поезд с рельсов из-за оползня', 'трамвай сошёл с рельсов', 'девочек двух в Ангарске женщина сбила', 'Фрязино, горело здание НИИ']",1.0
2024-27,2024,27,"Инфляция, рост цен","['Инфляция большая', 'повышение цен', 'повышение коммуналки', 'повышение цены на ЖКХ и бензина']",1.0
2024-27,2024,27,Предвыборные дебаты в США,"['Дебаты Байдена и Трампа', 'дебаты с Байденом']",1.0
2024-27,2024,27,Коррупционные скандалы в Министерстве обороны,"['Как Белорусов разбирается с коррупцией', 'аресты в военном министерстве', 'Министерство обороны — разборки']",1.0
2024-27,2024,27,Визит В. Орбана в Россию,"['Приезд Орбана в Москву', 'приезд венгерского президента к Путину', 'Орбан встречался с Путиным', 'президент Венгрии приезжал к нам']",1.0
2024-27,2024,27,"Выборы в Евросоюзе, Великобритании, Франции","['Выборы в Европе', 'выборы в Великобритании и Франции, смена руководства Евросоюза', 'выборы во Франции']",1.0
2024-27,2024,27,"Праздники, памятные даты","['50 лет БАМу', 'столетие автономии нашей республики – национальный праздник', 'Сабантуй']",1.0
2024-27,2024,27,Другие события в России,"['Проверка очистных сооружений Волги', 'нам отремонтировали детсад']",1.0
2024-27,2024,27,Другие события в мире,"['Гибель туристов в Турции', 'разрешение США Киеву наносить ракетами удары средней и малой дальности вглубь нашей страны', 'чемпионат Европы по футболу']",1.0
2024-28,2024,28,"Затрудняюсь ответить, нет ответа",[],54.0
2024-28,2024,28,"СВО в целом, успехи российской армии","['В основном я смотрю, как наши военные воюют, переживаю', 'военное положение у нас с Украиной', 'дела на фронте', 'положение на фронте', 'сводки с передовой СВО', 'массовый пролёт на Киев', 'небольшие победы на Украине']",21.0
2024-28,2024,28,Обстрелы российских территорий,"['Дроны летают по Российской Федерации', 'беспилотники с их осколками', 'до нас дроны долетают', 'Севастополь, обстрел ракетами', 'гибнут мирные люди в Севастополе на пляже', 'дроны летают – Краснодар', 'беспилотник прилетел в Ступинский район', 'беспилотники появились в Астраханской области', 'постоянные обстрелы Белгородской области']",8.0
2024-28,2024,28,Работа властных структур,"['Дума приняла закон о налогах', 'работа правительства', 'работа нового министра обороны Белоусова', 'блокировка Ютьюб']",3.0
2024-28,2024,28,Природные катаклизмы в России,"['Аномальная жара', 'резкая перемена погоды, климата', 'горит всё и тонет, и мы тоже тонем', 'дожди, ливни', 'пожары в России, Якутия', 'ураган в Башкирии', 'пожары, у нас тоже всё горело, страшно']",2.0
2024-28,2024,28,Покушение на Д. Трампа,"['Ранение Трампа', 'Трампа подстрелили', 'Трампу ухо прострелили', 'Трампа в ухо ранили, покушение']",2.0
2024-28,2024,28,"Аварии, катастрофы, несчастные случаи","['Авиакатастрофа в Коломне', 'в Красноярске сошёл с рельсов трамвай', 'взрыв бытового газа в Стерлитамаке', 'отравление фруктами в Орле', 'утопленники']",2.0
2024-28,2024,28,Теракты в Дагестане,"['Теракты в Махачкале и Дербенте', 'теракт в Дагестане, убили священника', 'ситуация а Дагестане']",1.0
2024-28,2024,28,Визит Н. Моди в Москву,"['Приезд Моди в Россию', 'приезжал премьер-министр Индии', 'встреча нашего президента с премьер-министром Индии']",1.0
2024-28,2024,28,Рост цен и тарифов,"['Рост цен', 'повышение тарифов ЖКХ и цен на продукты питания', 'цены растут, и газ, и свет дорожают']",1.0
2024-28,2024,28,Саммит НАТО,"['Саммит НАТО юбилейный', 'саммит американский']",1.0
2024-28,2024,28,Предвыборные дебаты в США,"['В Америке дебаты', 'дебаты Трампа и Байдена', 'одно и то же про выборы в США']",1.0
2024-28,2024,28,"Визит В. Орбана в Россию, в другие страны","['Орбан прилетал к нам', 'визит президента Венгрии', 'президент Венгрии посетил Украину, Россию и Китай']",1.0
2024-28,2024,28,"Зарубежные визиты В. Путина, другие поездки, выступления","['Поездка Путина в Китай', 'визит Путина в КНДР', 'частые поездки президента', 'Путин посетил выставку на ВДНХ', 'выступление Путина']",1.0
2024-28,2024,28,Чемпионат Европы по футболу,"['Евро-24', 'футбол, чемпионат Европы', 'футбол: Испания – Франция']",1.0
2024-28,2024,28,Коррупционные скандалы в Министерстве обороны,"['Белоусов и его бурная деятельность', 'арест генералов', 'борьба с коррупцией в Министерстве обороны']",1.0
2024-28,2024,28,Поставки Западом оружия Украине,"['Поставка американского оружия Украине', 'поставки самолётов Украине', 'Великобритания разрешила атаки Украины на Россию']",1.0
2024-28,2024,28,Проблема мигрантов,"['Мигранты, их много', 'преступность мигрантов', 'ситуация с мигрантами']",1.0
2024-28,2024,28,Другие события в России,"['День любви и верности', 'праздник в Питере «Алые паруса»', 'смерть Вадима Туманова']",1.0
2024-28,2024,28,Другие события в мире,"['Байден назвал президентом Украины Путина', 'ШОС, саммит']",1.0
2024-29,2024,29,"Затрудняюсь ответить, нет ответа",[],55.0
2024-29,2024,29,"СВО в целом, успехи российской армии","['Специальная военная операция', 'военный конфликт на Украине', 'война на Украине', 'события в связи с СВО', 'военная обстановка на Украине', 'военная ситуация, успехи наших ребят на фронте', 'успехи в армии']",19.0
2024-29,2024,29,Покушение на Д. Трампа,"['Покушение на кандидата в президенты Трампа', 'в Трампа стреляли', 'Трампу в ухо стрельнули', 'покушение на ухо Трампа']",8.0
2024-29,2024,29,Обстрелы российских территорий,"['Атаки беспилотников', 'Белгород бомбят', 'дроны летали в Волгоградской области', 'атакуют Новороссийск, Анапу, Крымский мост', 'обстреляли Севастополь, попали осколки на пляж']",4.0
2024-29,2024,29,Природные катаклизмы в России,"['Катаклизмы природы', 'жара сильная убивает', 'пожары в России из-за высокой температуры', 'везде горит лес, тайга в Якутске', 'затопления по регионам', 'наводнения в России, в Сибири и на Дальнем Востоке – Томск, Курган, Благовещенск']",4.0
2024-29,2024,29,Работа властных структур,"['Лавров в Америке', 'Белоусов своим выступлением вызвал восхищение', 'налоги повысили', 'ключевую ставку повышают', 'индексация пенсий работающим пенсионерам', 'закон о матпомощи детям']",3.0
2024-29,2024,29,"Избирательная кампания в США, отказ Дж. Байдена от участия в выборах","['Выборы в США', 'выборы в Америке', 'президентская гонка в Америке', 'Байден отказался баллотироваться']",2.0
2024-29,2024,29,Отключения электричества,"['Отключение света', 'электричество отключили', 'веер по электричеству', 'отключение электроэнергии', 'отключение энергоблока в Ростове']",1.0
2024-29,2024,29,Проблема мигрантов,"['Миграционная политика', 'мигранты в России', 'плохое поведение мигрантов', 'нападение мигрантов на детей', 'граждане Узбекистана нападают на беременную женщину', 'беспредел мигрантов в Самаре, избили депутата']",1.0
2024-29,2024,29,Коррупционные скандалы в Министерстве обороны,"['Чистка в Минобороны', 'аресты в Минобороны', 'раскручивание коррупционных дел новым министром', 'когда сажают генералов']",1.0
2024-29,2024,29,"Аварии, катастрофы, несчастные случаи","['Одни аварии кругом', 'самолёт разбился в Коломне', 'галерея горела в Санкт-Петербурге', 'травятся люди доставкой еды', 'дети из окон падают']",1.0
2024-29,2024,29,Спортивные события,"['Подготовка к Олимпиаде в Париже', 'Россию на Олимпиаду не пускают', 'Олимпийские игры', 'чемпионат по футболу']",1.0
2024-29,2024,29,Рост цен и тарифов,"['Повышение цен', 'повышение цен на продуктовую корзину', 'повышение коммунальных услуг', 'повышение электрической энергии']",1.0
2024-29,2024,29,Визит Н. Моди в Москву,"['Приезд Нарендры Моди', 'визит премьер-министра Индии в Россию']",1.0
2024-29,2024,29,Другие события в России,"['День города', 'чеченец в Мариуполе на пляж заехал']",1.0
2024-29,2024,29,Другие события в мире,"['Просадка по винде по всему миру', 'убийство Фарион', 'развод Лопес', 'смерч в Белоруссии']",1.0
2024-30,2024,30,"Затрудняюсь ответить, нет ответа",[],60.0
2024-30,2024,30,"СВО в целом, успехи российской армии","['«Военное положение на Украине»', '«про СВО»', '«положение на фронте в СВО»', '«победа на фронте»', '«продвижение на СВО»', '«успехи России в СВО»', '«наши освободили часть Украины от нацистов»']",17.0
2024-30,2024,30,"Избирательная кампания в США, отказ Дж. Байдена от участия в выборах","['«Американские выборы»', '«предвыборная кампания в Америке»', '«Байден отказался от борьбы за выборы»', '«Байден снялся с предвыборной гонки»', '«Байден вышел из президентской гонки, а Харрис лидирует»']",5.0
2024-30,2024,30,Покушение на Д. Трампа,"['«Нападение на Трампа»', '«стрельба в Трампа»', '«Трампа чуть не убили»']",3.0
2024-30,2024,30,Работа властных структур,"['«Встречи Путина»', '«ключевая ставка поднялась»', '«министр образования: “Оставить общежития только для малоимущих”»']",3.0
2024-30,2024,30,Обстрелы российских территорий,"['«Дроны везде летят в России»', '«Белгород обстреливают»', '«бомбят в Ростовской области»', '«в Красноармейском районе дрон прилетел»', '«взрывы в Краснодаре»', '«обстрел Курска»']",2.0
2024-30,2024,30,Природные катаклизмы в России,"['«Пожары в России»', '«жара, наводнение в Сочи, пожары»', '«Иркутская область: наводнения»', '«затопление Челябинской области»', '«тайфун на Приморье»']",2.0
2024-30,2024,30,Открытие Олимпийских игр во Франции,"['«Игры Олимпийские в Париже»', '«Олимпиада началась»', '«открытие Олимпиады во Франции»']",2.0
2024-30,2024,30,"Аварии, катастрофы, несчастные случаи","['«Много аварий»', '«падение вертолёта, самолёта»', '«сгорел автобус в городе»', '«газ взорвался в квартире»', '«ДТП в Астрахани, дети в Астрахани утонули»']",2.0
2024-30,2024,30,Другие события в мире,"['«Вертолёт сбили в Мали»', '«вирус в Индии»', '«смерть инженеров компании “Боинг”»', '«убийство Фарион»']",2.0
2024-30,2024,30,Коррупционные скандалы в Министерстве обороны,"['«Арест Булгакова»', '«задержание очередного замминистра»', '«министр обороны всех гоняет»']",1.0
2024-30,2024,30,Праздники,"['«Всероссийский парад семьи»', '«День Военно-морского флота»', '«парад сегодняшний ВМФ в Санкт-Петербурге»']",1.0
2024-30,2024,30,Проблема мигрантов,"['«Мигранты плохо себя ведут»', '«мигранты бушуют»', '«рейды против мигрантов»']",1.0
2024-30,2024,30,Взрыв в Москве автомобиля с участником СВО,"['«В Москве взорвали автомобиль с участником СВО»', '«ранение офицера в Москве»']",1.0
2024-30,2024,30,Криминальные события,"['«В Самаре напали на губернатора»', '«задержание в Дагестане девушки: более 4 кг запрещённых веществ»', '«пытались украсть ребёнка»']",1.0
2024-30,2024,30,Другие события в России,"['«95 лет Шукшину»', '«замедление работы Ютуб»', '«Кавказский инвестиционный форум»', '«подорожали хлеб, сахар и масло»']",1.0
2024-31,2024,31,"СВО в целом, успехи российской армии","['Украина на первом месте всегда', 'про спецоперацию', 'СВО: сводки', 'на Украине продолжается война', 'СВО: молодёжь гибнет', 'беспокойство за СВО, когда же она кончится', 'наши наступают на Украине', 'фашистов гоним на Украине']",22.0
2024-31,2024,31,Обмен заключёнными между Россией и Западом,"['Вернули заключённых из других стран', 'обмен политзаключённых между Россией и странами Запада', 'освободили россиян из Германии', 'возвращение наших разведчиков из-за границы', 'освободили из США наших разведчиков: Красиков и другие восемь человек', 'Путин шпионов вернул и встретил']",5.0
2024-31,2024,31,Крушение пассажирского поезда под Волгоградом,"['ЧП с поездом', 'поезд сошёл с рельс', 'крушение поезда в Волгограде', 'поезд перевернулся под Волгоградом']",4.0
2024-31,2024,31,Природные катаклизмы в России,"['Катастрофы природные', 'паводки, наводнение', 'пожар, град', 'Карелию затопило', 'катаклизмы в Казани', 'град в Казани, смерч в Нижнекамске', 'ураган в селе']",4.0
2024-31,2024,31,Взрыв в жилом доме в Нижнем Тагиле,"['Взрыв бытового газа в Нижнем Тагиле', 'дом взорвался в Тагиле', 'Нижний Тагил: произошёл взрыв газа в квартире', 'недавно дом с газом взорвался']",4.0
2024-31,2024,31,Обстрелы российских территорий,"['Атака беспилотников на российской территории', 'обстрел Шебекино', 'обстрелы Белгородской области', 'Украина взрывает у нас дома', 'атака в Севастополе', 'страх после бомбёжки в Севастополе']",3.0
2024-31,2024,31,Олимпийские игры в Париже,"['Олимпиада в Париже 2024 самое шокирующее из всех последних новостей', 'провал Олимпиады во Франции', 'Олимпиада начудили']",3.0
2024-31,2024,31,Работа властных структур,"['Действия Белоусова вместе с Бастрыкиным', 'Мишустин пытается ввести новые реформы', 'повышение ставки финансовой ЦБ', 'энергетики детям запретили продавать']",3.0
2024-31,2024,31,Коррупционные скандалы,"['Чистка правительства', 'аресты коррупционеров', 'арест Булгакова', 'арест сенатора от Тульской области Савельева', 'в Министерстве обороны стырили 11 триллионов рублей']",1.0
2024-31,2024,31,"Избирательная кампания в США, отказ Дж. Байдена от участия в выборах","['Выборы в США', 'выборы в Америке и уход Байдена', 'может, Трампа выберут', 'отстранили Байдена и назначили женщину, которая не соответствует']",1.0
2024-31,2024,31,Напряжённая обстановка на Ближнем Востоке,"['Война в Израиле', 'убийство в Иране', 'Израиль погнал на Иран', 'желание Ирана ударить по Израилю', 'Палестина', 'что творят евреи в Газе']",1.0
2024-31,2024,31,Снижение скорости загрузки Ютуба и решение о запрете доступа к нему в России,"['Снижение скорости Ютуба', 'замедление скорости Ютуба', 'блокировка Ютуба на территории РФ', 'что отключают Ютуб']",1.0
2024-31,2024,31,"Рост цен, тарифов","['Повышение тарифов ЖКХ', 'рекордные цены на продукты', 'рост цен на топливо']",1.0
2024-31,2024,31,Проблема мигрантов,"['Миграционная политика', 'плохая работа с мигрантами', 'мигранты русских избивают', 'мигранты где-то кого-то насилуют, убивают, а им все привилегии']",1.0
2024-31,2024,31,Другие события в России,"['Парад Военно-морского флота', 'Первое сентября – подготовка', 'открытие фестиваля в Москве', 'благоустройство моего города', 'убийства и грабежи в России']",1.0
2024-31,2024,31,Другие события в мире,"['Вагнеровцев в Африке подставили: 83 человека убили', 'митинги в Англии из-за мигрантов', 'Запад просит Зеленского вступить в переговоры с Путиным', 'президент Мадуро борется – переворот идёт']",1.0
2024-32,2024,32,Нападение на Курскую область,"['«В Курской области вторжение»', '«ВСУ напали на Курскую область»', '«внедрение украинских подразделений на территорию Российской Федерации в Курской области»', '«Курская область: вторжение на территорию России»', '«прорыв в Курской области»', '«удар по Курску»']",57.0
2024-32,2024,32,"Затрудняюсь ответить, нет ответа",[],36.0
2024-32,2024,32,"СВО в целом, успехи российской армии","['«Военная операция на Украине»', '«война на Украине»', '«СВО в напряжении держит постоянно»', '«одна война на Украине»', '«продвижение наших войск на Украине»']",19.0
2024-32,2024,32,Обстрелы российских территорий,"['«Бомбят приграничные территории»', '«бомбят Россию»', '«дроны»', '«атака на Белгород»', '«боевики украинские напали на Воронеж»', '«нападение на Воронеж, Липецк»']",3.0
2024-32,2024,32,Природные катаклизмы в России,"['«Топит Башкирию и пожары в Якутии»', '«паводки в Приморье»', '«то, что жара и наводнение в Приморском крае, и затопления, и тайфун»']",2.0
2024-32,2024,32,"Олимпийские игры во Франции, их окончание","['«Олимпиада во Франции»', '«Олимпийские игры в Париже»', '«Олимпиада и её безобразие»', '«закрытие Олимпиады»']",2.0
2024-32,2024,32,"Аварии, катастрофы, несчастные случаи","['«Сошедший поезд Казань – Адлер»', '«дом взорвался в Нижнем Тагиле»', '«аварии в Оренбурге на дорогах»', '«много ДТП и утоплений много»', '«девочку убило в нашем городе деревом»']",1.0
2024-32,2024,32,Работа властных структур,"['«Закон о материнстве и детстве»', '«перестановка кадров»', '«выборы губернатора»']",1.0
2024-32,2024,32,Снижение скорости загрузки Ютуба и его возможная блокировка в России,"['«Блокировка Ютуба»', '«не работает Ютуб»', '«будет отключение в Ютубе»', '«закрывают Ютуб»']",1.0
2024-32,2024,32,Обмен заключёнными между Россией и Западом,"['«Возвращение наших разведчиков»', '«обмен заключёнными»']",1.0
2024-32,2024,32,Другие события в России,"['«Выставка на Манеже»', '«День физкультурника»', '«повышение утильсбора на авто»', '«смена рубля на электронные деньги»']",1.0
2024-32,2024,32,Другие события в мире,"['«Война в секторе Газа»', '«о претендентах в президенты в США»', '«самолёт упал в Бразилии»']",1.0
2024-33,2024,33,Нападение ВСУ на Курскую область,"['«Атака на Курскую область»', '«бандеровцы напали на Курскую область»', '«напали на Курскую область фашисты»', '«заход Украины на территорию Курской области, введение КТО на территории нашей области»', '«Курская область: где разведка наша была?! Там не десять, не пятьдесят, там тысячи зашли»', '«Украина захватила Суджу»', '«сдаём свои территории врагу»']",44.0
2024-33,2024,33,"Затрудняюсь ответить, нет ответа",[],36.0
2024-33,2024,33,СВО в целом,"['«Вести с фронта»', '«военные действия на Украине»', '«война на Украине»', '«специальная военная операция»']",17.0
2024-33,2024,33,Обстрелы российских территорий,"['«37 беспилотников на Воронеж»', '«беспилотные атаки в Курске, Воронеже, Волгограде и Ростове»', '«бомбили Пензенскую область»', '«дроны в Ярославле»']",2.0
2024-33,2024,33,Работа властных структур,"['«Выборы в гордуму и губернатора»', '«повышение ключевой ставки»']",1.0
2024-33,2024,33,Снижение скорости загрузки YouTube и его возможная блокировка в России,"['«Блокировка Ютуб»', '«про Ютуб»', '«Ютуб блокируют»']",1.0
2024-33,2024,33,"Рост цен, тарифов","['«Всё дорожает»', '«повышение цены на бензин»', '«подорожание всего»', '«цены растут»']",1.0
2024-33,2024,33,Природные катаклизмы в России,"['«В Сибири потопы, дамба прорвалась»', '«наводнение»']",1.0
2024-33,2024,33,Другие события в России,"['«Падение самолёта в Черемхово»', '«поезд сошёл с рельсов в Казани»', '«девочки из Чапаевска погибли»', '«собрать детей в школу»']",1.0
2024-33,2024,33,Другие события в мире,"['«Смерть Алена Делона»', '«в Африке открылась обезьянья оспа»', '«иранские угрозы в сторону Израиля»', '«Олимпиада в Париже»', '«авария самолёта в Бразилии»']",1.0
2024-34,2024,34,"Затрудняюсь ответить, нет ответа",[],40.0
2024-34,2024,34,Нападение ВСУ на Курскую область,"['«Курск, естественно»', '«ситуация в Курской области»', '«оккупация Курской области украинскими войсками»', '«вторжение в Курскую область»', '«захват Курска и помощь людям из Курска»', '«нападение на Курскую область, люди выезжают, волонтёры помогают»']",34.0
2024-34,2024,34,"СВО в целом, успехи российской армии","['«Внимание приковано к СВО»', '«всё вокруг войны»', '«каждый день события об СВО»', '«про СВО, и наши двигаются вперёд»', '«победы на СВО»']",18.0
2024-34,2024,34,Обстрелы российских территорий,"['«Дроны на территории России»', '«прилёты»', '«то, что на столицу дроны летят»', '«беспилотник в районе Краснодара»', '«беспилотники в Воронеже»', '«часто ракетная опасность в городе»']",3.0
2024-34,2024,34,Захват заложников в исправительной колонии в Волгоградской области,"['«В Волгограде в тюрьме взяли в заложники сотрудников тюрьмы, убили их»', '«заложников захватили террористы в Волгоградской области»', '«захват заложников во ФСИНе Волгоградской области»', '«случай в Волгоградской колонии»']",3.0
2024-34,2024,34,"Поездки, выступления В. Путина","['«Визит Путина в Азербайджан»', '«поездка на Кавказ Путина»', '«приезд Путина в Чечню»', '«приехал Путин в гости»', '«выступление Путина»']",1.0
2024-34,2024,34,Задержание во Франции П. Дурова,"['«Дурова арестовали во Франции»', '«арест Дурова Павла»', '«Павла Дурова задержали, он создатель Телеграм»']",1.0
2024-34,2024,34,"Аварии, пожары, несчастные случаи","['«Авария мотоциклиста у “Макси”»', '«пожар в Перми»', '«туристы в Горном недавно потерялись»']",1.0
2024-34,2024,34,Природные катаклизмы в России,"['«Наводнение в Приморском крае»', '«наводнение, шторм»']",1.0
2024-34,2024,34,Работа властных структур,"['«Выборы в Мосгордуму»', '«приезжал Филимонов к нам»']",1.0
2024-34,2024,34,"Снижение скорости загрузки YouTube, его возможная блокировка в России","['«Ютуб»', '«замедление Ютуба»', '«блокировка Ютуба»']",1.0
2024-34,2024,34,Другие события в России,"['«День шахтёра»', '«посевная, и убирают урожай»', '«цены растут сильно»']",1.0
2024-34,2024,34,Другие события в мире,"['«Умер Ален Делон»', '«затонул танкер»', '«выборы президента в Америке»']",1.0
2024-35,2024,35,"Затрудняюсь ответить, нет ответа",[],40.0
2024-35,2024,35,Нападение ВСУ на Курскую область,"['Военные действия под Курском', 'военные операции в Курской области', 'Курск: война на нашей территории', 'про Курск, что происходит там', 'основные события, которые интересуют, это в Курске. Хотелось бы, чтобы поскорее освободили территорию']",28.0
2024-35,2024,35,"СВО в целом, успехи российской армии","['Военные действия на Украине', 'насчёт СВО', 'Украина, интенсивное продвижение наших войск', 'наши войска продвигаются к Покровску', 'продвижение наших войск в ДНР', 'ждём окончания войны']",22.0
2024-35,2024,35,Обстрелы российских территорий,"['Атаки на Москву', 'атаки БПЛА', 'беспилотники в Саратове', 'Белгород обстреляли', 'беспилотники пролетали мимо Марийской республики, мимо Волжска и ударили в Кировской', 'близко к нам летают дроны']",9.0
2024-35,2024,35,Задержание во Франции П. Дурова,"['Заключение Дурова под стражу', 'Пашу Дурова задержали во Франции', 'арест Дурова']",3.0
2024-35,2024,35,Другие события в России,"['Захват исправительной колонии', 'в Краснодаре открылась Аллея бокса, концерт был', 'Ореховый Спас', 'подготовка к школе и тренды в образовании', 'рост цен']",2.0
2024-35,2024,35,Работа властных структур,"['Белоусов меняет кадры', 'выборы губернатора', 'губернатор посетил наш город', 'повышение ключевой ставки']",1.0
2024-35,2024,35,"Аварии, ДТП","['Аварии, и самолёты падают без конца', 'вертолёт упал на Камчатке', 'разбился вертолёт на Камчатке', 'аварии и ДТП']",1.0
2024-35,2024,35,"Поездки, выступления В. Путина","['Поездки Путина: Чечня, Азербайджан', 'приезд Путина в РСО-Аланию', 'приезд Путина']",1.0
2024-35,2024,35,Природные катаклизмы в России,"['Природные катаклизмы', 'аномальная жара', 'паводки в Оренбурге', 'пожары в стране']",1.0
2024-35,2024,35,Другие события в мире,"['Выборы президента Америки', 'победа параолимпийцев']",1.0
2024-36,2024,36,"СВО в целом, успехи российской армии","['«Война, война, война»', '«война на Украине»', '«военные сводки»', '«война, гибель людей»', '«успехи России на фронтах СВО»', '«наши войска берут новые рубежи на фронте»', '«наши пошли вперёд на СВО»', '«удар по учебному центру в Полтаве, по Львову удар»', '«волнуемся за СВО, чтоб быстрее закончилось всё»']",25.0
2024-36,2024,36,Нападение ВСУ на Курскую область,"['«Атака на Курскую область»', '«про Курск и появление военных действий на нашей территории»', '«вторжение украинской армии на Курскую область»', '«обстановка в Курской области и в районе Суджи»']",15.0
2024-36,2024,36,Обстрелы российских территорий,"['«Беспилотники были, враги запускали»', '«прилёты вражеских дронов»', '«налёты беспилотников на города Саратов, Курск, Брянск, все, что рядом с границей»', '«дроны в Саратове»', '«атака на Москву и Московскую область дронов»']",4.0
2024-36,2024,36,Задержание во Франции П. Дурова,"['«Новость про Дурова, о нём сейчас говорят»', '«Дурова во Франции скрутили»', '«арест Павла Дурова»']",3.0
2024-36,2024,36,"Поездки, выступления В. Путина","['«Визит Путина в Монголию»', '«Путин в Приморье»', '«поездка Путина на дальневосточный форум»', '«выступление Путина»']",2.0
2024-36,2024,36,Восточный экономический форум,"['«ВЭФ»', '«саммит во Владивостоке»', '«форум дальневосточный»', '«во Владивостоке экономический форум»']",1.0
2024-36,2024,36,Работа властных структур,"['«Ужесточение требований к мигрантам»', '«ограничение на въезд в Россию семей мигрантов»', '«закон об оружии»', '«выделение бюджетных средств на улучшение жизни в России»', '«отмена ипотеки “Молодая семья”»']",1.0
2024-36,2024,36,Единый день голосования,"['«Выборы муниципальные»', '«выборы в республике»', '«выборы в Курской области»', '«выборы курганские»', '«выборы губернатора Самары»']",1.0
2024-36,2024,36,Праздники,"['«Первое сентября, линейка»', '«школа началась, внучка поднимала флаг России»', '«День городов Москвы и Электростали»']",1.0
2024-36,2024,36,"Аварии, пожары","['«Часто самолёты падают»', '«вертолёт на Камчатке – авария»', '«аварии в Ногинске и в Электростали»', '«пожар на парковке в Одинцово»']",1.0
2024-36,2024,36,Коррупционные скандалы,"['«Арест воров из Министерства обороны»', '«коррупция в Министерстве обороны, 12 человек засадили»', '«арест чиновников»', '«аресты вышестоящих должностей»']",1.0
2024-36,2024,36,Природные катаклизмы в России,"['«Погода нехорошая»', '«погода не даёт собрать урожай»', '«затопляет, горит»', '«наводнения»']",1.0
2024-36,2024,36,Другие события в России,"['«Открыли станцию метро»', '«выросли цены на молочку»', '«убийство девочки в Нижнем Тагиле»', '«выступление Шамана»']",1.0
2024-36,2024,36,Другие события в мире,"['«Выборы президента США»', '«желание Турции вступить в БРИКС»', '«два космонавта американских зависли в космосе»', '«наводнение в Индии»', '«остановка производства завода “Фольксваген""»']",1.0
2024-37,2024,37,"Затрудняюсь ответить, нет ответа",[],48.0
2024-37,2024,37,"СВО в целом, успехи российской армии","['«Военные действия на Украине»', '«события на фронте»', '«все события, связанные с СВО»', '«мы их гоним»', '«мы побеждаем»', '«наступление хорошее идёт»', '«СВО, наступление наших войск»', '«успехи на фронте»']",24.0
2024-37,2024,37,Военные действия в Курской области,"['«Атаки на Курскую область»', '«ВСУ припёрлись в Курскую область, для меня был шок»', '«о Курской области, что там происходит»', '«контрнаступление в Курской области»', '«Курск освобождаем потихоньку»']",12.0
2024-37,2024,37,Обстрелы российских территорий,"['«Атаки БПЛА на Российскую Федерацию»', '«беспилотники в России из Украины»', '«дроны летят на нашу территорию»', '«атака дронов, в Люберцах сбили, на Москву в целом»', '«Московская область – дроны, Тульская»', '«обстрелы Белгородской области»', '«в Мурманск прилетели беспилотники»']",8.0
2024-37,2024,37,Дискуссия на Западе о разрешении Украине применять западное дальнобойное оружие,"['«Обсуждают, стрелять ли по нам дальнобойными ракетами»', '«американцы хотят разрешить стрелять по нашей территории»', '«разрешение на использование ракет дальнего действия»']",3.0
2024-37,2024,37,Единый день голосования,"['«Выборы в России»', '«выборы главы республики»', '«выборы губернатора»', '«выборы местные»', '«выборы в Городскую думу»']",2.0
2024-37,2024,37,Другие события в России,"['«Чемпионат России по художественной гимнастике»', '«авария в Благовещенске»', '«землетрясение на Камчатке»', '«девочка пропала в посёлке»']",2.0
2024-37,2024,37,Работа властных структур,"['«Идут заседания правительства»', '«повышение ключевой ставки ЦБ»', '«рассмотрение новых законов, которые мне не нравятся»']",1.0
2024-37,2024,37,"Поездки, выступления В. Путина","['«Встреча Путина с Лукашенко о будущем страны»', '«поездка в Монголию Путина»', '«выступление Путина»']",1.0
2024-37,2024,37,Восточный экономический форум,"['«ВЭФ-24»', '«Дальневосточный форум»', '«форум на Дальнем Востоке»']",1.0
2024-37,2024,37,Президентская избирательная кампания в США,"['«Дебаты в Америке»', '«дебаты Трампа»', '«общение Трампа с Харрис»']",1.0
2024-37,2024,37,Смерть А. Маслякова,"['«Масляков умер»', '«не стало Маслякова»', '«смерть Маслякова»']",1.0
2024-37,2024,37,Другие события в мире,"['«В Китае тайфун»', '«события в Палестине»']",1.0
2024-38,2024,38,"Затрудняюсь ответить, нет ответа",[],50.0
2024-38,2024,38,"СВО в целом, успехи российской армии","['Про войну – СВО', 'положение на фронте', 'военные действия на Украине', 'дела фронтовые', 'за военными действиями следим', 'гонят бандеровцев', 'наши на Украине продвигаются']",24.0
2024-38,2024,38,Военные действия в Курской области,"['Война в Курской области', 'войска РФ освобождают Курскую область от ВСУ', 'на Курском фронте освободили два села', 'мы пока застряли в Курской области', 'Курская область: долго выбивают нацистов']",10.0
2024-38,2024,38,Обстрелы российских территорий,"['Атаки БПЛА', 'беспилотники над Россией', 'Белгородская область: сирены', 'Тихорецк: взрыв', 'беспилотники в Тихорецке, эвакуация людей', 'дроны летают: Жуковский, Подольск, Мурманск, Раменское', 'дроны на Москву', 'Тверская область – взрыв, семь тысяч человек эвакуировали, и в леса сколько-то убежали']",7.0
2024-38,2024,38,Массовые взрывы пейджеров в Ливане,"['Пейджеры взорвались в Ливане', 'события в Ливане с пейджерами', 'теракты в Бейруте: пейджеры взорвали', 'про Израиль говорят, что они террористический акт на Ливан осуществили пейджерами, чудо-батарейками, которые взрываются']",4.0
2024-38,2024,38,Работа властных структур,"['Выступление Путина', 'заявление Лаврова', 'выступление Зюганова в Госдуме', 'повышение госпошлины', 'повышение ставки ЦБ']",2.0
2024-38,2024,38,Ситуация на Ближнем Востоке,"['Война на Ближнем Востоке', 'Израиль и Палестина. Обидно за палестинцев', 'атаки Израиля', 'операция Израиля на Хезболлу']",2.0
2024-38,2024,38,Другие события в России,"['Повышение цен в магазинах на продукты', 'проблемы с уборкой урожая', 'выставка в Кизилюрте', 'конфликт между чеченцами и ингушами', 'убийство в Махачкале: девушку зарезали']",2.0
2024-38,2024,38,Стрельба у центрального офиса Wildberries,"['Нападение на Вайлдберриз', 'перестрелка в офисе Вайлдберриз', 'стрельба в Вайлдберриз', 'стрельба около Кремля: в офис Вайлдберриз хотели ворваться']",1.0
2024-38,2024,38,"Президентская избирательная кампания в США, покушение на Д. Трампа","['Американские выборы', 'выборы в США', 'подготовка к выборам в США', 'второе покушение на Трампа']",1.0
2024-38,2024,38,Дискуссия на Западе о разрешении Украине применять западное дальнобойное оружие,"['Что дальние ракеты будут поставлять', 'разрешение бить дальнобойными ракетами по России']",1.0
2024-38,2024,38,Природные катаклизмы в России,"['Землетрясение в Шерегеше', 'наводнение в России']",1.0
2024-38,2024,38,Другие события в мире,"['Катаклизмы в мире', 'разлился Дунай, наводнение в Будапеште', 'информация про Дурова и Телеграм']",1.0
2024-39,2024,39,"Затрудняюсь ответить, нет ответа",[],53.0
2024-39,2024,39,"СВО в целом, успехи российской армии","['«Всегда в курсе СВО»', '«сводки с фронтов в первую очередь»', '«война: наши берут, захватывают что-то»', '«победы на фронтах»', '«военное окружение нашими украинского города Угледара»', '«Угледар берут в кольцо»']",22.0
2024-39,2024,39,Военные действия в Курской области,"['«Курск волнует»', '«Курская область, бои»', '«война в Курской области»', '«положительные тенденции в Курской области»']",6.0
2024-39,2024,39,Обстрелы российских территорий,"['«Нападение дронов на города России»', '«обстрелы Москвы и других областей»', '«беспилотные летательные аппараты в Тверской области»', '«взрывы ночью были в Воронеже»', '«обстрел Брянской области»', '«обстрелы Белгорода»']",5.0
2024-39,2024,39,Изменения в ядерной доктрине России,"['«Заседание по ядерной безопасности»', '«о новой ядерной политике»', '«ядерную доктрину поменяли»', '«новая ядерная доктрина. Можем ответить, и это мне нравится»']",5.0
2024-39,2024,39,"Выступление В. Путина о ядерной доктрине, другие его выступления, встречи","['«Выступление Путина по поводу изменений о применении ядерного оружия»', '«выступление Путина о ядерном отпоре»', '«сегодня Путин выступал»', '«отмена поездки Путина в Турцию»']",3.0
2024-39,2024,39,Военные действия на Ближнем Востоке,"['«Война на Ближнем Востоке»', '«военные действия в Израиле»', '«война в Газе»', '«про Палестину»', '«убийство лидера Хезболлы»']",2.0
2024-39,2024,39,Дискуссия на Западе о разрешении Украине применять западное дальнобойное оружие,"['«Вопрос об ударе внутрь России»', '«обсуждение темы о дальнобойном оружии США и Англии»', '«что американцы могут разрешить поставку и удары дальнобойными ракетами по России»']",1.0
2024-39,2024,39,Работа властных структур,"['«Переизбрание Матвиенко»', '«перестановка в Госдуме»', '«повышение ключевой ставки»', '«приезд Патрушева в Калининград»']",1.0
2024-39,2024,39,Массовые взрывы пейджеров в Ливане,"['«Взорвались пейджеры»', '«теракты со взрывами пейджеров»', '«взрывы в Ливане»']",1.0
2024-39,2024,39,"Аварии, ДТП, отравления детей","['«Аварии на дорогах»', '«ДТП в Архангельске»', '«аварии на юго-западе столицы автомобильные»', '«четверо детей отравились»', '«дети погибли от средств для тараканов»']",1.0
2024-39,2024,39,Криминальные события,"['«Мошенничества»', '«криминальная обстановка в Волгограде»', '«нападение мигрантов на женщин и детей»', '«перестрелка на Вайлд-берриз»']",1.0
2024-39,2024,39,Поездка В. Зеленского в США,"['«Зеленский ездил в Америку»', '«визит Зеленского в Вашингтон»', '«встреча Зеленского с Трампом»']",1.0
2024-39,2024,39,Генеральная Ассамблея ООН,"['«ООН заседать собиралась»', '«саммит ООН»', '«выступление Лаврова в ООН»']",1.0
2024-39,2024,39,Взрыв на АЗС в Махачкале,"['«Взрыв на бензоколонке в Дагестане»', '«вчера взрыв на АЗС в Махачкале»', '«вчерашнее событие – взрыв на заправке»']",1.0
2024-39,2024,39,Другие события в России,"['«Повышение цен»', '«отопление дадут»', '«увеличились доходы РЖД»', '«Ютуб, его замедление»']",1.0
2024-39,2024,39,Другие события в мире,"['«Выборы в Америке»', '«снег в Англии»', '«Трамп – покушение»']",1.0
2024-40,2024,40,"Затрудняюсь ответить, нет ответа",[],51.0
2024-40,2024,40,"СВО в целом, успехи российской армии","['В основном это война', 'военные действия на Украине', 'все события, касающиеся СВО. Всё внимательно смотрим', 'про СВО – какая творится ситуация', 'наступление на СВО', 'наши успехи на СВО', 'только СВО: наши наступают']",24.0
2024-40,2024,40,Военные действия на Ближнем Востоке,"['Война на Ближнем Востоке', 'удар по “Хезболле”', 'Израиль бомбит Ливан', 'война в Палестине', 'война Израиля с Тегераном', 'агрессия Израиля, события на Ближнем Востоке']",10.0
2024-40,2024,40,Военные действия в Курской области,"['Ситуация в Курской области', 'Курская область, боевые действия', 'взрывы в Курске и Курчатове', 'Курскую область опять атакуют']",5.0
2024-40,2024,40,Обстрелы российских территорий,"['Дроны летают над Россией, страшно', 'бомбят Подмосковье', 'беспилотники в Брянской области', 'беспилотники в Волгограде', 'бомбят Белгород', 'Орловская область, сирена гудков из-за дронов']",4.0
2024-40,2024,40,Взятие Угледара,"['Угледар забрали, очень рада', 'наши взяли Угледар', 'победа в Угледаре', 'Угледар взяли наши войска']",3.0
2024-40,2024,40,"Аварии, ДТП, пожары, отравления детей","['В Махачкале на АЗС авария', 'в Хабаровске сгорел Музтеатр', 'нефтепровод в Перми сгорел', 'человека сбили в Ногинске', 'ДТП с подростками в Измайлово', 'четверо детей отравилось в Красноярске']",2.0
2024-40,2024,40,Работа властных структур,"['Закон об усыплении бездомных животных', 'законы о легализации мигрантов', 'ключевая ставка по кредитам']",2.0
2024-40,2024,40,Другие события в России,"['День учителя', 'взятки в генеральском составе', 'повышение коммуналки, цены на еду', 'соревнования по ходьбе в Малой Пурге']",2.0
2024-40,2024,40,Природные катаклизмы в России,"['Катаклизмы', 'пожары в Тамбовской области', 'чрезвычайная ситуация по противопожарной безопасности, пожары']",1.0
2024-40,2024,40,Дискуссия на Западе о разрешении Украине применять западное дальнобойное оружие,"['Разрешение бить ракетами дальнего действия по России не решено', 'Америка не дала добро на дальнобойные ракеты']",1.0
2024-40,2024,40,Смерть В. Добрынина,"['Вячеслав Добрынин умер', 'Добрынин умер']",1.0
2024-40,2024,40,Изменения в ядерной доктрине России,"['Изменение ядерной доктрины', 'ядерная доктрина']",1.0
2024-40,2024,40,Другие события в мире,"['Выборы в США', 'ураган в США', 'помощь Ирану']",1.0
2024-41,2024,41,"Затрудняюсь ответить, нет ответа",[],56.0
2024-41,2024,41,"СВО в целом, успехи российской армии","['«Военное положение, которое сейчас существует»', '«подробности в военных действиях»', '«на фронте сдвиг»', '«наступление наших»', '«победа, успехи на СВО»', '«результат наших действий на военной операции»']",27.0
2024-41,2024,41,Военные действия в Курской области,"['«В Курской области события»', '«об обстановке в Курске»', '«события под Курском, вывод людей в безопасную зону»', '«в Курске нормализуется, наши там»']",4.0
2024-41,2024,41,Военные действия на Ближнем Востоке,"['«Война, Ближний Восток»', '«Израиль, Ближний Восток»', '«конфликт между Израилем и Палестиной»', '«бомбили Бейрут»', '«Иран бомбит Израиль»', '«Израиль и Иран, их отношения»']",3.0
2024-41,2024,41,Ураган в США,"['«Во Флориде второй ураган»', '«тайфун в Америке»', '«ураган “Милтон” в США»', '«ураган “Милтон” над Флоридой»']",3.0
2024-41,2024,41,Обстрелы российских территорий,"['«Дроны над страной»', '«дроны в Приморском, Ахтарске»', '«обстрелы Шебекино»', '«обстрелы Белгородской области»']",2.0
2024-41,2024,41,Работа властных структур,"['«Визит Лаврова в Армению»', '«изменение ядерной доктрины Российской Федерации»', '«обсуждение квадроберов»', '«бездетным платить налоги»']",2.0
2024-41,2024,41,Другие события в России,"['«Добрынин умер, и Василий Ливанов в критическом состоянии»', '«про пенсии – обещают увеличение»', '«убийство девочек в Тольятти сестрой»']",2.0
2024-41,2024,41,Взятие Угледара,"['«Освобождение Угледара»', '«Угледар взяли»']",1.0
2024-41,2024,41,"Аварии, ДТП, отравления детей","['«Авария в Серпухове»', '«в Чечне баллон взорвался»', '«утонул грузовик на мосту у нас»', '«сбили ребёнка в Иркутской области»', '«отравленные дети»']",1.0
2024-41,2024,41,"Блокировка Discord, YouTube","['«Блокировка Дискорда»', '«блокировка Ютуб и Дискорда»', '«Ютуб блокирован»', '«блокировка иностранных ресурсов»']",1.0
2024-41,2024,41,"Рост цен, тарифов","['«Повышение цен»', '«цены выросли, и причем на всё»', '«повышение ЖКХ, продуктов»', '«три раза повышали цены на ГСМ»']",1.0
2024-41,2024,41,Предстоящий саммит БРИКС в Казани,"['«БРИКС в Казани»', '«саммит БРИКС»']",1.0
2024-41,2024,41,День рождения В. Путина,"['«День рождения Путина»', '«день рождения президента»']",1.0
2024-41,2024,41,Другие события в мире,"['«Байден не поехал в Германию»', '«обсуждение мирного соглашения на Украине»', '«на Галапагосах самая старая черепаха померла»']",1.0
2024-42,2024,42,"СВО в целом, успехи российской армии","['«Внимательно слежу за операцией»', '«война в Украине»', '«военные действия на Украине»', '«СВО: два брата там»', '«продвижение наших войск»', '«на Украине продвигаемся вперёд»', '«взятие Нью-Йорка»']",26.0
2024-42,2024,42,Военные действия на Ближнем Востоке,"['«Арабо-израильский конфликт»', '«события на Ближнем Востоке»', '«бомбят Израиль»', '«война между Израилем и Ливаном»', '«война в секторе Газа»']",4.0
2024-42,2024,42,Военные действия в Курской области,"['«Война в Курской области»', '«плохая ситуация в Курской области»', '«прорыв в Курской области на СВО»']",3.0
2024-42,2024,42,Работа властных структур,"['«Закон о налогах на бездетных»', '«закон о мигрантах, ужесточение»', '«МРОТ – повышение»', '«хотят ввести поправки про авто-мобилистов»']",3.0
2024-42,2024,42,Обстрелы российских территорий,"['«Атака БПЛА»', '«атаки дорнов»', '«атаковали аэродром беспилотники»', '«в Адыгее украинские дроны разбомбили аэродром»', '«дрон в Майкопе»', '«до Перми прилетали беспилотники»']",2.0
2024-42,2024,42,"Аварии, ДТП, несчастные случаи","['«Аварии на дорогах»', '«Москва-Сити: происшествие на стройке»', '«на разрезе завалило шахтёров»', '«женщина в зоопарке погибла»', '«насчёт собак, что девочку покусали»']",2.0
2024-42,2024,42,Другие события в России,"['«Раздел имущества Вайлдберриз»', '«похолодание резкое»', '«боксёрский поединок между российскими боксёрами»']",2.0
2024-42,2024,42,"Заявления, высказывания В. Зеленского","['«“План победы"" Зеленского»', '«выступление Зеленского о ядерном вооружении»', '«заявление Зеленского, что он будет создавать атомную бомбу»']",1.0
2024-42,2024,42,Саммит БРИКС в Казани,"['«В Казани БРИКС»', '«саммит БРИКС»']",1.0
2024-42,2024,42,"Выступления, поездки В. Путина","['«Путин выступил на саммите»', '«Путин приезжал»', '«поездка Путина в Уфу»']",1.0
2024-42,2024,42,"Рост цен, тарифов","['«Цены растут»', '«повышение цен»', '«повысились цены на продукты, ЖКХ»', '«цена на хлеб»', '«автомобили подорожали»']",1.0
2024-42,2024,42,Спасение человека в Охотском море,"['«В Охотском море случай»', '«спасённый человек в Охотском море, который плыл два месяца на надувной лодке, и с ним два трупа»']",1.0
2024-42,2024,42,Стихийные бедствия,"['«Неприятность мировая – страшный ураган в Америке»', '«торнадо в Америке»', '«ураган во Флориде»', '«землетрясение в Турции»']",1.0
2024-42,2024,42,"Блокировка Discord, YouTube","['«Блокировка сервисов различных, Ютуба»', '«блокировка Дискорда»', '«блокировка мессенджера Дискорд»']",1.0
2024-42,2024,42,Выборы в США,"['«Выборы в Америке»', '«предвыборная кампания в США»', '«грызня в Америке»']",1.0
2024-42,2024,42,Другие события в мире,"['«Приезд Байдена в Германию»', '«конфликт КНДР и Южной Кореи»']",1.0
2024-43,2024,43,"Затрудняюсь ответить, нет ответа",[],54.0
2024-43,2024,43,"СВО в целом, успехи российской армии","['«Обстановка на СВО»', '«СВО, сводки с фронта»', '«события на войне, СВО»', '«действия нашей армии»', '«победа наша во многих населённых пунктах на Украине»', '«успехи на СВО»']",19.0
2024-43,2024,43,Саммит БРИКС в Казани,"['«БРИКС был»', '«БРИКС в Казани»', '«собрание глав государств в Казани, саммит»', '«страны БРИКС собирались на саммит»', '«БРИКС, приятно»', '«БРИКС, полмира собралось»']",18.0
2024-43,2024,43,Военные действия в Курской области,"['«Курские события»', '«Курск не освобождён»', '«освобождение Курской области»', '«победа наших в Курске»']",1.0
2024-43,2024,43,Обстрелы российских территорий,"['«Атаки беспилотников»', '«беспилотники, воздушная тревога»', '«дроны прилетают»', '«дрон упал в нашей области»', '«обстрелы приграничья»', '«дроны над Краснодарским краем»']",1.0
2024-43,2024,43,Убийство женщины в Коркино,"['«Двое цыган зарезали девушку-таксиста в Челябинской области»', '«убийство женщины в Коркино»', '«на Урале в посёлке цыгане убили женщину-таксиста. Местные жители встали на защиту, но были арестованы, а цыганам дали защиту»']",1.0
2024-43,2024,43,Военные действия на Ближнем Востоке,"['«Авиаудары Израиля по Ирану»', '«бомбёжки Израилем Ирана»', '«война в Газе»', '«как Израиль Палестину бомбил»', '«война началась на Ближнем Востоке»']",1.0
2024-43,2024,43,Повышение ключевой ставки,"['«Ключевая ставка ЦБ»', '«повышение ключевой ставки»', '«повышение ставки Центробанка»']",1.0
2024-43,2024,43,Работа властных структур,"['«Налог на бездетность»', '«плохая работа чиновников»', '«работа местного правительства»']",1.0
2024-43,2024,43,"Рост цен, тарифов","['«Цены повышаются»', '«всё дорожает»', '«удорожание продуктов, ЖКХ»', '«подорожание сливочного масла»']",1.0
2024-43,2024,43,"Поездки, выступления В. Путина","['«Путин в Казани»', '«выступление Путина»', '«пресс-конференция Путина»']",1.0
2024-43,2024,43,Криминальные события,"['«Нападение на покупателя с ножом в Санкт-Петербурге»', '«убийство в Тольятти»', '«нападение на полицейского в нашем городе»', '«побег заключённых»']",1.0
2024-43,2024,43,"Аварии, ДТП, пожары","['«Автоаварии»', '«мальчиков сбили на велосипедах»', '«пожар в Пермском крае, где погибли дети»', '«пожар в Реутове»']",1.0
2024-43,2024,43,Другие события в России,"['«Арест замглавы внутренних войск МВД»', '«блокировка Дискорда»', '«заразились бешенством хомяки в Люблино, карантин»']",1.0
2024-43,2024,43,Другие события в мире,"['«Выборы в Грузии и Молдавии»', '«выборы в США»', '«теракт в Турции»']",1.0
2024-44,2024,44,"Затрудняюсь ответить, нет ответа",[],56.0
2024-44,2024,44,"СВО в целом, успехи российской армии","['«Война на Украине»', '«Позиция в СВО»', '«о бойцах наших»', '«наши выигрывают на СВО»', '«наши стали освобождать сёла и города»', '«деревни берут постоянно»', '«идут на фронте победы СВО, занимают новые населённые пункты»', '«прорыв наших в Селидово»']",24.0
2024-44,2024,44,Саммит БРИКС в Казани,"['«БРИКС был»', '«в Казань приезжали с разных стран»', '«саммит в Казани»']",5.0
2024-44,2024,44,Обстрелы российских территорий,"['«Атака беспилотников»', '«атака дронов на Уфимский нефтехим»', '«БПЛА упал в центр Железногорска»', '«взрыв в деревне Московской области – взорвался дрон»', '«оборона Орла: ракетная опасность»', '«обстрел Брянска: прилёт в дом»']",3.0
2024-44,2024,44,Выборы в США,"['«Всё внимание приковано к событиям в Америке. Кто будет президентом?»', '«выборы в Америке скоро»', '«предвыборная кампания в США»']",3.0
2024-44,2024,44,Военные действия в Курской области,"['«События в Курской области»', '«война в Курской области»', '«вторжение в Курскую область»']",2.0
2024-44,2024,44,Работа властных структур,"['«Закон об ужесточении миграции»', '«законопроекты Госдумы: акцизы введут на конфеты, запрет чайлдфри, вопрос об абортах»', '«главу республики сняли с должности»', '«запрет на хиджаб во Владимирской области»']",2.0
2024-44,2024,44,Другие события в России,"['«Денежные выплаты для детей, про материнский капитал»', '«отлов собак»', '«побег из колонии»', '«розыск педофила»']",2.0
2024-44,2024,44,Другие события в мире,"['«Выборы в Грузии»', '«Запад, выборы в Молдавии»', ""«показ Victoria's Secret»"", '«упал козырёк в Сербии»']",2.0
2024-44,2024,44,Рост цен,"['«Рост цен»', '«цены повысили»', '«подорожание»', '«повышение цен на бензин»']",1.0
2024-44,2024,44,Повышение ключевой ставки,"['«Повышение процентной ставки Центробанка»', '«поднятие ключевой ставки Центробанка»', '«рост ключевой ставки»']",1.0
2024-44,2024,44,Военные действия на Ближнем Востоке,"['«Ситуация на Ближнем Востоке»', '«ситуация в Ливане»', '«связанные с Газой и Палестиной»', '«война в Израиле»', '«Сирия»']",1.0
2024-44,2024,44,Наводнение в Испании,"['«Испания – стихийное бедствие»', '«наводнение в Испании»']",1.0
2024-44,2024,44,Убийство женщины в Коркино,"['«Коркино – убийство женщины-таксистки»', '«разбирательство с цыганами»', '«цыганский погром»']",1.0
2024-44,2024,44,"Аварии, пожары, несчастные случаи","['«Взрыв газа в Новочеркасске»', '«слишком много пожаров в жилых домах Свердловской области»', '«гибель девочки от бездомных собак»']",1.0
2024-45,2024,45,"Затрудняюсь ответить, нет ответа",[],51.0
2024-45,2024,45,Избрание Д. Трампа президентом США,"['«В Америке выбрали нового президента»', '«выборы американского президента»', '«Трамп стал президентом»', '«выборы, Трамп выиграл»', '«Трамп выиграл, мы рады, что не подозрительная женщина»']",25.0
2024-45,2024,45,"СВО в целом, успехи российской армии","['«Сводки с фронта СВО»', '«наше положение на СВО, как там дела»', '«хорошо передают, что у нас происходит на фронтах»', '«война, война, война»', '«победы на фронте»', '«наши победы в СВО»', '«на Украине наши бьют»', '«наступление наших на Украине»']",17.0
2024-45,2024,45,Военные действия в Курской области,"['«Курское направление»', '«на Курском направлении состояние»', '«за Курском слежу»', '«Курская битва»', '«Суджа»']",2.0
2024-45,2024,45,Валдайский форум в Сочи,"['«Валдай»', '«Валдайский форум»', '«основная тема – это дискуссионный клуб “Валдай”»']",2.0
2024-45,2024,45,Обстрелы российских территорий,"['«Атака дронов»', '«дроны часто летают»', '«на Москву летают дроны»', '«атака дронов в Подмосковье»', '«в Саратове дроны»', '«обстрелы Белгородской области»']",1.0
2024-45,2024,45,Саммит БРИКС в Казани,"['«БРИКС»', '«саммит БРИКС»', '«саммит в Казани»', '«купюра на БРИКС»']",1.0
2024-45,2024,45,"Поездки, встречи, выступления В. Путина","['«Выступление президента на форуме в Сочи»', '«Путин ездил на “Валдай”»', '«выступление Путина»']",1.0
2024-45,2024,45,Работа властных структур,"['«Повышение ключевой ставки»', '«министр сельского хозяйства сказала, что масло подорожало, так как доходы людей растут»', '«поездка по районам главы республики»', '«смена губернатора»']",1.0
2024-45,2024,45,"Рост цен, тарифов","['«Повышение налогов, на продукты питания»', '«подорожание цен на продукты»', '«рост цен»', '«цены»', '«электричество, вводят новую норму»']",1.0
2024-45,2024,45,Криминальные события,"['«Аресты коррупционеров»', '«события в Коркино»', '«бомж в области изнасиловал девочку на кладбище»']",1.0
2024-45,2024,45,Другие события в России,"['«День единства и Казанская»', '«события в Каспийске»', '«ДТП в нашем городе»', '«пенсию прибавят»']",1.0
2024-45,2024,45,Другие события в мире,"['«Выборы в Молдавии»', '«волнения в Грузии»', '«ураган в Испании»', '«град в Австралии»']",1.0
2024-46,2024,46,"Затрудняюсь ответить, нет ответа",[],51.0
2024-46,2024,46,"СВО в целом, успехи российской армии","['Бои на Украине', 'военные действия на Украине', 'новости в зоне СВО', 'война, погибают наши дети', 'успехи наших парней на СВО', 'успешное продвижение наших войск на Украине', 'на СВО наши идут потихоньку вперёд', 'СВО: берут село за селом']",21.0
2024-46,2024,46,Избрание Д. Трампа президентом США,"['Выборы в Америке, победа Трампа', 'выборы президента США', 'выборы американского президента', 'победа Трампа на выборах']",17.0
2024-46,2024,46,Работа властных структур,"['Указ о выплатах за ранение', 'Госдума приняла закон о запрете чайлдфри', 'добавили пенсию', 'новый губернатор в Тамбове']",2.0
2024-46,2024,46,Другие события в России,"['Умерла Светлана Светличная', 'юбилей драмтеатра в городе Чита', 'плохая погода, выпало очень много снега', 'работа Ютуб', 'спасение касатки']",2.0
2024-46,2024,46,Другие события в мире,"['Бой Майка Тайсона с Джейком Полом', 'в Абхазии сняли президента', 'в Китае ярмарка-форум', 'вирус Коксаки']",2.0
2024-46,2024,46,Обстрелы российских территорий,"['Атака дронами', 'беспилотники в крае', 'беспилотники в Тимашевском районе – 36 сбили', 'дроны летают над нами, на почте говорили']",1.0
2024-46,2024,46,Военные действия в Курской области,"['Война в Курской области', 'события СВО в Курской области', 'мы освобождаем Курскую область']",1.0
2024-46,2024,46,"Рост цен, инфляция","['Масло подорожало растительное чуть ли не на 25%', 'повышение цен на масло и молочные продукты', 'в стране повышается инфляция', 'рост инфляции']",1.0
2024-46,2024,46,"Поездки, выступления, переговоры В. Путина","['Выступление Путина на Валдайском форуме', 'награждение наших героев – Путин', 'Шольц и Путин вели переговоры']",1.0
2024-46,2024,46,"Аварии, несчастные случаи","['В Оренбургской области очень много аварий', 'авария на водоканале', 'в Джанкое обвалился мост', 'девочка утонула в Кирово-Чепецке, 8 лет']",1.0
2024-46,2024,46,Валдайский форум в Сочи,"['Валдайский форум', 'форум на Валдае']",1.0
2024-46,2024,46,Саммит БРИКС в Казани,"['БРИКС в Казани', 'саммит БРИКС']",1.0
2024-46,2024,46,Криминальные события,"['В поселке подростки совершили поджог', 'люди, которых приняли с двумястами килограммами кокаина']",1.0
2024-47,2024,47,"Затрудняюсь ответить, нет ответа",[],47.0
2024-47,2024,47,"СВО в целом, успехи российской армии","['«Военные события»', '«всё, что связанно с СВО»', '«новости об СВО»', '«что творится на фронте»', '«бои на Запорожском направлении»', '«на войне идут дела хорошо»', '«наши в атаку идут»', '«освобождение городов на СВО»']",20.0
2024-47,2024,47,Нанесение удара по «Южмашу» в Днепропетровске российской баллистической ракетой «Орешник»,"['«Баллистическая ракета “Орешник”»', '«испытание нового нашего оружия “Орешник”»', '«бомбардировка Украины “Орешником”»', '«запуск ракет по заводу в Днепре»', '«ракета “Орешник” разбомбила завод “Южмаш”»']",16.0
2024-47,2024,47,Разрешение Украине дальнобойных ударов по территории России западным оружием,"['«Американцы разрешили бомбить дальнобойными ракетами по России»', '«Байден дал добро на запуск ракет»', '«разрешение бить дальнобойными снарядами вглубь России»']",6.0
2024-47,2024,47,"Обстрелы российских территорий, в том числе дальнобойным оружием","['«Начали бомбить дальнобойными ракетами»', '«ракеты США бомбят нас»', '«обстрелы наших территорий»', '«на Москву дроны»', '«прилёты по Курску и Брянску»', '«атака на Белгород»', '«дрон недавно упал здесь»']",4.0
2024-47,2024,47,Избрание Д. Трампа президентом США,"['«Выборы президента в Америке»', '«Дональд Трамп снова стал президентом Америки»', '«Трамп выиграл выборы»']",3.0
2024-47,2024,47,Выступления В. Путина,"['«Обращение Путина к народу»', '«последнее выступление Путина вчера»', '«видеообращение Путина об авиаударах»', '«выступление Путина о стратегическом положении»', '«речь Путина по поводу эскалации»']",2.0
2024-47,2024,47,Военные действия в Курской области,"['«Боевые действия, Курская область»', '«события в Курской области»', '«что происходит в Курске»']",1.0
2024-47,2024,47,"Напряжённая международная обстановка, угроза ядерной войны","['«Политика тревожная»', '«ухудшение международной обстановки»', '«о грядущей войне переживаем, которая будет всё серьёзней и серьёзней»', '«угроза миру, угроза ядерной и другой войны»', '«чуть ли не третья мировая грядёт»']",1.0
2024-47,2024,47,Работа властных структур,"['«Изменение ставки ЦБ»', '«изменение в пособиях для детей с 2025 года в лучшую сторону»', '«закон об обучении детей мигрантов русскому языку»', '«законотворчество по сельскому хозяйству»']",1.0
2024-47,2024,47,"Рост цен, тарифов","['«Повышение цен на всё»', '«повышение цен на молочку и яйца»', '«рост коммуналки»']",1.0
2024-47,2024,47,Изменения в ядерной доктрине России,"['«Изменения документа о ядерном оружии»', '«изменения в ядерной доктрине РФ»', '«вопрос с ядерным оружием связан»']",1.0
2024-47,2024,47,Другие события в России,"['«Лёвкин умер»', '«МРОТ прибавят»', '«посадка чиновников в связи с коррупцией и неисполнением должностных обязанностей»', '«убили в Вышнем Волочке мужчину»', '«утонула девочка в Кирово-Чепецке»']",1.0
2024-47,2024,47,Другие события в мире,"['«Биткоин вырос»', '«Бразилия, саммит»', '«конфликт между Израилем и Палестиной»']",1.0
2024-48,2024,48,"Затрудняюсь ответить, нет ответа",[],50.0
2024-48,2024,48,"СВО в целом, успехи российской армии","['«Военные действия на СВО»', '«сводки с фронта»', '«военное положение улучшается, наши вперёд пошли, наступают»', '«наступление наших войск на Украине»', '«взятие населённых пунктов. Марьинка»', '«парни наши продвигаются на СВО»']",20.0
2024-48,2024,48,Нанесение удара по «Южмашу» в Днепропетровске российской баллистической ракетой «Орешник»,"['«Испытание новой ракеты “Орешник”»', '«когда по Украине лупанули “Орешником”. Правильно сделали»', '«конечно, бомбардировка “Орешником” “Южмаша”»']",16.0
2024-48,2024,48,"Обстрелы российских территорий, в том числе дальнобойным оружием","['«Атаки украинских дронов на Сочи, в частности»', '«беспилотники летают в Краснодарском крае»', '«дроны у нас летают»', '«обстрел Брянщины ракетами дальнего действия»', '«обстрелы американскими ракетами наших территорий»']",3.0
2024-48,2024,48,"Рост цен, тарифов, инфляция","['«Повышение цен»', '«бензин дорожает»', '«повышение оплаты за жильё»', '«доллар и его рост»', '«курс доллара, инфляция»', '«обвал рубля»']",3.0
2024-48,2024,48,"Поездки, встречи, выступления В. Путина","['«Поездка Путина в Казахстан»', '«встреча в Казахстане Путина с Токаевым »', '«комментарии Путина на пресс-конференции с журналистами»', '«обращение Путина»']",2.0
2024-48,2024,48,Другие события в России,"['«Светлана Светличная ушла из жизни»', '«пенсия – доплата»', '«ДТП под Ухтой»', '«девочку загрызли собаки насмерть»', '«завозят трамваи новые в город Саратов, появление новой техники»']",2.0
2024-48,2024,48,Военные действия в Курской области,"['«Ситуация в Курске»', '«то, что происходит в Курской области»', '«война в Курской области»', '«не можем освободить Курскую область»']",1.0
2024-48,2024,48,Избрание Д. Трампа президентом США,"['«Всё, что касается выборов в Америке»', '«выборы в Америке»', '«итоги американских выборов»', '«выборы Трампа»']",1.0
2024-48,2024,48,Работа властных структур,"['«Повышение ключевой ставки Набиуллиной»', '«продлили семейную ипотеку»', '«прямая линия с губернатором Анохиным»']",1.0
2024-48,2024,48,"Напряжённая международная обстановка, угроза ядерной войны","['«Общее всемирное положение»', '«возможность ядерной войны»', '«готовится применение ядерного оружия»', '«развязывание третьей мировой войны – угроза»']",1.0
2024-48,2024,48,Разрешение Украине дальнобойных ударов по территории России западным оружием,"['«Дальнобойное оружие будут применять»', '«о том, что нас будут бомбить»']",1.0
2024-48,2024,48,Саммит ОДКБ в Астане,"['«Саммит в Казахстане»', '«форум в Казахстане»']",1.0
2024-48,2024,48,События в Сирии,"['«Сирийский конфликт»', '«вооруженное столкновение в Сирии»', '«террористы в Сирии»', '«атака на блокпост российских войск в Сирии»']",1.0
2024-48,2024,48,Другие события в мире,"['«Ближний Восток»', '«война в Израиле»', '«то, что происходит в Грузии»', '«заявление премьер-министра Японии»', '«матч за звание чемпиона мира по шахматам»']",1.0
2024-49,2024,49,"СВО в целом, успехи российской армии","['Всё про СВО', 'новости с СВО', 'положение на фронте', 'ход действия СВО', 'бои за Курахово', 'военные наступают', 'наша армия продвигается и гонит бандеровцев', 'СВО: наши наступают, берут сёла и города']",22.0
2024-49,2024,49,Нанесение удара по «Южмашу» в Днепропетровске российской баллистической ракетой «Орешник»,"['Испытание “Орешника”', 'суперракета “Орешник”', 'когда “Орешником” долбанули по Украине', 'удар “Орешником”» по заводу в Украине', 'бомбёжка “Южмаша”']",5.0
2024-49,2024,49,События в Сирии,"['В Сирии разборки', 'сдача города Алеппо', 'переворот в Сирии', 'падение Сирии', 'Сирия сдалась']",4.0
2024-49,2024,49,"Поездки, встречи, выступления В. Путина","['Встреча Лукашенко и Путина на территории Республики Беларусь', 'визит Путина в Казахстан', 'беседа Путина с молодёжью', 'Путин встречался с инвалидами войны']",2.0
2024-49,2024,49,Интервью С. Лаврова Т. Карлсону,"['Встреча Лаврова с Такером Карлсоном', 'интервью Лаврова Карлсону', 'визит Такера Карлсона в Россию, интервью с Лавровым', 'Карлсон приехал, с Лавровым разговаривал']",2.0
2024-49,2024,49,"Рост цен, тарифов, инфляция","['Повышение цен на ЖКХ на 17%', 'бензин дорожает', 'доллар взлетел', 'инфляция']",2.0
2024-49,2024,49,Другие события в России,"['Выступление патриарха Кирилла на Всемирном русском соборе', 'извержение вулкана на Камчатке', 'повсеместно блокировки интернета', 'в Красноярском крае отравление детей']",2.0
2024-49,2024,49,"Обстрелы российских территорий, в том числе дальнобойным оружием","['Атаки дронов', 'дроны появляются в больших количествах и часто', 'дроны на Брянск', 'обстрелы Белгородской области', 'две ракеты сбили в Тульской области', 'удары по России дальнобойным оружием']",1.0
2024-49,2024,49,Военные действия в Курской области,"['Курская область', 'события в Курской области', 'Курскую область освобождают']",1.0
2024-49,2024,49,Работа властных структур,"['Назначение нового губернатора Курской области', 'новые законопроекты', 'разбор бюджета в стране', 'увеличение штрафов за нарушение скорости']",1.0
2024-49,2024,49,События в Грузии,"['Майдан в Грузии', 'события в Грузии', 'беспорядки в Грузии', 'митинги в Грузии', 'безобразие в Грузии: заставляют детей идти на баррикады']",1.0
2024-49,2024,49,Избрание Д. Трампа президентом США,"['Выборы президента США', 'приход Трампа', 'Трамп выиграл']",1.0
2024-49,2024,49,"Напряжённая международная обстановка, угроза ядерной войны","['Когда Путин сказал, что ядерное оружие пойдёт в ход', 'третья мировая надвигается', 'будет мировая третья', 'угроза ядерной войны']",1.0
2024-49,2024,49,События в Южной Корее,"['Ситуация в Южной Корее', 'в Южной Корее военное положение', 'в Корее свергают президента']",1.0
2024-49,2024,49,Возможность мирных переговоров по Украине,"['Трамп хочет помирить Россию и Украину', 'заявление Трампа об урегулировании СВО', 'мирный план США по Украине', 'ожидаются мирные переговоры']",1.0
2024-49,2024,49,Повышение пенсий,"['Индексация пенсии', 'индексация в январе', 'пенсионная прибавка', 'про увеличение пенсии']",1.0
2024-49,2024,49,Другие события в мире,"['С Беларусью мы подписали союзные документы, и они вступили в силу', 'встреча во Франции Трампа и Зеленского', 'Китай приостановил поставки редкоземельных металлов', 'землетрясение в Калифорнии']",1.0
2024-50,2024,50,"Затрудняюсь ответить, нет ответа",[],57.0
2024-50,2024,50,"СВО в целом, успехи российской армии","['«Военная операция, ход событий»', '«сводка СВО»', '«действия на СВО»', '«на фронте положение»', '«достижения на СВО»', '«наши взяли города на Украине»', '«наши солдаты наступают на всех фронтах»', '«продвижение наших войск»']",20.0
2024-50,2024,50,Падение режима Б. Асада в Сирии,"['«В Сирии война, повстанцы, Асад сбежал»', '«в Сирии свергли власть, и президент приехал в Москву»', '«падение сирийского режима»', '«переворот в Сирии»', '«война в Сирии»']",7.0
2024-50,2024,50,Нанесение удара по «Южмашу» в Днепропетровске российской баллистической ракетой «Орешник»,"['«Испытание “Орешника”»', '«“Орешник” – про него услышала»', '«применение “Орешника”»', '«“Орешек” очень понравился»']",3.0
2024-50,2024,50,Работа властных структур,"['«Медведев красиво сказал»', '«съезд партии “Единая Россия”»', '«новый губернатор в Курской области»', '«приезд Хинштейна»', '«губернатор наш отчитывался»', '«новый законопроект о штрафах»']",3.0
2024-50,2024,50,"Обстрелы российских территорий, в том числе дальнобойным оружием","['«Атака на российскую территорию»', '«ракетные удары по России»', '«атаки дронов»', '«беспилотник в Ижевск прилетел»', '«дроны в Краснодаре»', '«беспилотники на юге Белгородской области»', '«обстрелы дальнобойными орудиями»']",2.0
2024-50,2024,50,"Встречи, выступления В. Путина, предстоящая прямая линия с президентом","['«Встреча Путина с молодежью, артистами»', '«Путин военных поздравляет»', '«обращение президента»', '«очень много говорят про прямую линию с Путиным»', '«прямая линия с Путиным предстоящая»']",2.0
2024-50,2024,50,"Рост цен, тарифов, инфляция","['«Повышение цен, понижение уровня жизни»', '«подорожание продуктов»', '«повышение тарифов на ЖКХ»', '«поднятие цен на бензин»', '«курс рубля»', '«доллар поднялся»', '«инфляция»']",2.0
2024-50,2024,50,Атака ВСУ на Таганрог,"['«Атака на Таганрог»', '«аэродром в Таганроге»', '«бомбили Таганрог»', '«удар по Таганрогу»']",1.0
2024-50,2024,50,Военные действия в Курской области,"['«Бои в Курской области»', '«освобождение Курской области»', '«освобождение территории в Курске»']",1.0
2024-50,2024,50,"Напряжённая международная обстановка, угроза ядерной войны","['«Нарастает эскалация»', '«ядерная угроза»', '«о предстоящей ядерной войне»', '«третья ядерная война»']",1.0
2024-50,2024,50,Избрание Д. Трампа президентом США,"['«Выборы президента США»', '«как будет себя проявлять Трамп»', '«беспокоит то, что будет делать Трамп»']",1.0
2024-50,2024,50,Возможность мирных переговоров по Украине,"['«Слухи о грядущих переговорах Украины и России»', '«Трамп пообещал, что прекратится война»', '«переговоры по Украине»']",1.0
2024-50,2024,50,Праздники,"['«День Конституции сегодня»', '«День Героя»', '«подготовка к Новому году»']",1.0
2024-50,2024,50,Другие события в России,"['«Блокировка Вайбера и вообще действия Роспотребнадзора за последние полгода»', '«повышение МРОТ после Нового года»']",1.0
2024-50,2024,50,Другие события в мире,"['«Грузия, переживаю за мирных людей»', '«Молдова»', '«события в Южной Корее»', '«теннис»']",1.0
2024-51,2024,51,"Затрудняюсь ответить, нет ответа",[],48.0
2024-51,2024,51,Прямая линия с В. Путиным,"['Вчерашнее выступление Путина', 'итоги года с Путиным', 'Путин, диалог с людьми', 'телеэфир, прямая линия с Путиным', 'вчерашнее выступление президента по итогам года', 'из хорошего – пресс-конференция Путина', 'прямой эфир, разговор с Путиным', 'обращение Путина не оправдало ожиданий']",17.0
2024-51,2024,51,"СВО в целом, успехи российской армии","['Всё, что касается СВО', 'новости с фронта', 'сводки с фронтов обязательно', 'действия наших военных', 'наши наступают, завоёвывают', 'продвижение наших войск', 'взятие Селидово', 'ситуация на СВО. От неё никуда не деться, и приходится каждый день смотреть, что там происходит']",14.0
2024-51,2024,51,Атака ВСУ на Казань,"['Атака беспилотника в Казани', 'беспилотники над Казанью', 'дроны по Казани', 'сегодня в Казани взорвались беспилотники']",5.0
2024-51,2024,51,Убийство генерал-лейтенанта И. Кириллова,"['Убийство генерала Кириллова', 'в Москве убийство генерала', 'генерала убили']",5.0
2024-51,2024,51,Катастрофа с танкерами в Азовском море,"['Два танкера в Анапе перевернулись', 'в Керчи ситуация с танкером, мазут разлился, экологическая катастрофа', 'нефть разлилась из-за крушения, экологическая катастрофа в Анапском районе']",4.0
2024-51,2024,51,Обстрелы российских территорий,"['Нас бомбят каждый день', 'обстрелы приграничья', 'бомбёжки в Курской области, в Ростове', 'Рыльск разбомбили', 'атака БПЛА на дома в Раменском, в Курской и Белгородской областях']",3.0
2024-51,2024,51,Падение режима Б. Асада в Сирии,"['Ситуация в Сирии', 'в Сирии беспорядки', 'буча в Сирии', 'Сирия, нашли ушли']",2.0
2024-51,2024,51,Нанесение удара по «Южмашу» в Днепропетровске российской баллистической ракетой «Орешник»,"['Запуск ""Орешника”', '“Орешник” долбанул', 'удар “Орешником”']",1.0
2024-51,2024,51,Военные действия в Курской области,"['Военное положение в Курской области', 'Курское направление', 'вчера Курск опять']",1.0
2024-51,2024,51,Работа властных структур,"['Заседание Центробанка', 'самокаты в метро – провоз, правила']",1.0
2024-51,2024,51,"Рост цен, тарифов, инфляция","['Рост цен постоянно', 'цены взлетели сильно', 'подъем цен на электроресурсы', 'рост коммуналки', 'инфляция']",1.0
2024-51,2024,51,"Взрывы, теракты в России","['Взрывы пенсионеров у банкоматов', 'теракты в Санкт-Петербурге в банках', 'теракты всякие', 'теракт в Новосибирске']",1.0
2024-51,2024,51,"Аварии, несчастные случаи","['Аварии на дорогах', 'крушение поезда под Мурманском', 'девочка переходила дорогу, и её сбили возле школы']",1.0
2024-51,2024,51,Другие события в России,"['Наводнение в Сочи', 'фигурное катание в Омске', 'чемпионат по водному спорту, наши на втором месте', 'Ютуб – непонятно, что происходит']",1.0
2024-51,2024,51,Другие события в мире,"['Теракт в Германии', 'протесты в Грузии', 'Тайсон проиграл бой']",1.0
2025-02,2025,2,"Затрудняюсь ответить, нет ответа",[],51.0
2025-02,2025,2,"СВО в целом, успехи российской армии","['Вести с фронта', 'военные действия на Украине', 'события на Украине всех волнуют', 'конечно, СВО. Разве может быть что-то более важное?', 'как наступают наши на СВО', 'наступление наших на Украине', 'взятие Курахово']",24.0
2025-02,2025,2,"Крушение танкеров в Керченском проливе, его последствия","['В Краснодарском крае танкеры столкнулись', 'катастрофа в Чёрном море', 'разлитие мазута в Анапе', 'мазут в Анапе, и не только', 'утечка мазута, загрязнение мазутом Чёрного моря', 'экологическая катастрофа в Чёрном море']",5.0
2025-02,2025,2,Пожары в Калифорнии,"['Пожар в Калифорнии', 'пожар в Лос-Анжелесе', 'Америка горит, видел', 'в Америке пожары, сгорели виллы', 'горят дома в США']",5.0
2025-02,2025,2,Обстрелы российских территорий,"['Атаки ракетами на Россию', 'беспилотники над нашими городами', 'ночные атаки беспилотников по территории России', 'атака БПЛА на Ростовскую область', 'атака дронов в Энгельсе']",4.0
2025-02,2025,2,Праздники,"['Новый год, Рождество', 'праздник Рождества', 'Рождество, колядки', 'новогодние подарки детям с ёлки', 'праздники']",3.0
2025-02,2025,2,Военные действия в Курской области,"['Боевые действия в Курской области', 'на Курскую область опять напали', 'попытка наступления ВСУ в Курской области', 'положительные сдвиги в Курске']",2.0
2025-02,2025,2,Другие события в мире,"['Армения в Евросоюз хочет и обвиняет нас', 'ситуация в Приднестровье', 'новый вирус в Китае', 'остановка транзита газа через Украину']",2.0
2025-02,2025,2,"Предстоящая инаугурация Д. Трампа, его высказывания","['Инаугурация Трампа', 'высказывания Трампа о Канаде и Панаме', 'Трамп хочет купить Гренландию', 'Трамп хочет присоединить Канаду', 'слежу за американским президентом']",1.0
2025-02,2025,2,"Рост цен, тарифов","['Цены подняли с января', 'рост цен', 'повышение цен на продукты', 'повысили цены на алкоголь', 'топливо – цены', 'повышение ЖКХ']",1.0
2025-02,2025,2,Авиакатастрофа в Казахстане,"['Авиакатастрофа, Казахстан', 'падение самолёта из Азербайджана', 'самолёт упал в Казахстане']",1.0
2025-02,2025,2,"Аварии, пожары","['Аварий автомобильных по Алтайскому краю очень много', 'ДТП в Сургуте', 'пожар в Выборге', 'пожар в церкви в Москве']",1.0
2025-02,2025,2,Работа властных структур,"['Изменение налогообложения для предпринимателей с января этого года', 'закон про фермерские хозяйства, про кур', 'о введении цифрового рубля']",1.0
2025-02,2025,2,Новогоднее поздравление В. Путина,"['Выступление Путина', 'поздравление с Новым годом президента России']",1.0
2025-02,2025,2,Повышение пенсий,"['Добавил пенсию', 'индексация пенсии', 'обещали пенсию повысить']",1.0
2025-02,2025,2,Другие события в России,"['Взрыв в подъезде генерала', 'Добровольская умерла', 'кома Тиграна Кеосаяна', 'убийство полицейского в Краснодаре']",1.0
2025-03,2025,3,"Затрудняюсь ответить, нет ответа",[],54.0
2025-03,2025,3,"СВО в целом, успехи российской армии","['«Военные сводки»', '«военные действия на Донбассе»', '«война на Украине»', '«война, наступление наших войск»', '«Курахово взяли»', '«наши военные хорошо воюют»', '«наши войска продвигаются в Украине»', '«СВО: освобождение Песчаного, Украинки»']",22.0
2025-03,2025,3,"Последствия крушения танкеров в Керченском проливе, разлив мазута","['«Выброс мазута в Чёрном море»', '«загрязнение моря из-за танкеров»', '«ликвидация последствий разлития мазута в Чёрном море»', '«мазут в акватории Чёрного моря»', '«экологическая проблема на Чёрном море»']",8.0
2025-03,2025,3,Обстрелы российских территорий,"['«Удары ракетами по нашей территории»', '«налёты на заводы и склады»', '«воздушная тревога»', '«в Белгородской области обстрел»', '«взрыв в Лисках на нефтебазе»', '«взрывы: Саратов и Энгельс»', '«дроны в Казани»', '«бомбёжка Тулы, Брянска, Татарстана»']",6.0
2025-03,2025,3,"Инаугурация Д. Трампа, его высказывания","['«Вступление в должность Трампа»', '«инаугурация Трампа»', '«Трамп формирует свою команду»', '«предложение Трампа о мире»']",2.0
2025-03,2025,3,Пожары в Калифорнии,"['«В Калифорнии пожары большие»', '«пожары в Калифорнии»', '«горел Голливуд»', '«Лос-Анджелес сгорел»']",2.0
2025-03,2025,3,Работа властных структур,"['«Мишустин был во Вьетнаме»', '«ЕГЭ, магистратуру хотят отменить»', '«сборы военные 2025 года»', '«повышение ставки ЦБ»']",2.0
2025-03,2025,3,Перемирие в секторе Газа,"['«Переговоры Палестины и Израиля»', '«перемирие в Израиле»', '«Израиль закончил войну»', '«война закончилась в Газе»', '«окончание войны в Палестине»']",2.0
2025-03,2025,3,Другие события в России,"['«Вирус ходит»', '«лыжные гонки»', '«позавчера на 15 минут отключали интернет по России»', '«праздник Крещения Господне»', '«тигра съела мужика»']",2.0
2025-03,2025,3,Другие события в мире,"['«Англичане подписали столетний договор с Зеленским»', '«Армения подписала с США стратегическое соглашение»', '«полёт ракеты Маска»', '«наши танкеры не принимают с нефтью около Индии и Китая, стоят там»', '«умер режиссёр Дэвид Линч»']",2.0
2025-03,2025,3,Военные действия в Курской области,"['«Что происходит в Курской области»', '«Курск освобождают»', '«освобождение Курской области»']",1.0
2025-03,2025,3,"Рост цен, тарифов","['«Повышение цен»', '«цены повышаются»', '«очередные повышения ЖКХ, тарифы»']",1.0
2025-03,2025,3,Визит президента Ирана в Россию,"['«Визит президента Ирана в Москву»', '«встреча Путина с президентом Ирана»', '«договор с Ираном о взаимопомощи»', '«соглашение с Ираном»']",1.0
2025-03,2025,3,Повышение пенсий,"['«Индексация пенсии»', '«пенсии добавят»', '«пенсию прибавят»']",1.0
2025-04,2025,4,"Затрудняюсь ответить, нет ответа",[],48.0
2025-04,2025,4,"СВО в целом, успехи российской армии","['Новости про СВО', 'положение на СВО', 'события военных действий, которые проходят в Донбассе', 'СВО: погибают люди, жалко их', 'действия на СВО, война, наши войска идут вперёд, освобождают территории', 'мы Украину отвоёвываем', 'победы на спецоперации', 'скорее бы победа!', 'на войне бьют наши врагов']",26.0
2025-04,2025,4,"Инаугурация Д. Трампа, его высказывания и действия","['В Америке поменялась власть', 'инаугурация Трампа', 'вступление Трампа в должность президента США', 'Трамп объявил два пола: мужчина и женщина', 'высказывания Трампа, что мы помогли США выиграть Вторую мировую войну', 'действия Трампа на посту президента', 'Трамп хочет присоединить к Америке Гренландию']",17.0
2025-04,2025,4,Обстрелы российских территорий,"['Атака беспилотников', 'двадцать дронов в Рязани этой ночью', 'атака БПЛА на Тульскую область', 'беспилотники в Татарстане', 'беспилотники в Балашихе', 'взрыв в Воронежской области', 'взрыв в Саратове', 'взрыв НПЗ в Пензе']",5.0
2025-04,2025,4,"Последствия крушения танкеров в Керченском проливе, разлив мазута","['Крушение танкеров в Чёрном море', 'в Анапе море засорили и животные погибли', 'мазут на море разлит', 'экология: Чёрное море, загрязнение']",4.0
2025-04,2025,4,Другие события в России,"['Крещение – народные гуляния', 'Кубок России по лыжным гонкам', 'мост в Рассказово пустили']",2.0
2025-04,2025,4,Военные действия в Курской области,"['Курская область, события в ней', 'обстановка в Курской области', 'продвижение российских войск в Курской области']",1.0
2025-04,2025,4,"Повышение пенсий, социальных выплат","['Пенсии повысили', 'подняли пенсии и пособия', 'индексация на 9,5%', 'индексация пособия', 'увеличение мер соцподдержки']",1.0
2025-04,2025,4,Подготовка встречи В. Путина и Д. Трампа,"['Предстоящий разговор Путина и Трампа', 'встреча Путина с американским президентом', 'переговоры Путина с Трампом: будут или не будут?', 'о переговорах Путина и Трампа']",1.0
2025-04,2025,4,"Рост цен, тарифов","['Дорожает всё', 'повышение цен на продукты', 'коммуналка повышается', 'таксисты не хотят везти, цены поднимают', 'бензин подорожал в Свердловской области, инфляция 10%']",1.0
2025-04,2025,4,Работа властных структур,"['Реорганизация учебных заведений', 'разговоры об электронных деньгах', 'указ Путина о том, что из запаса будут призывать мужчин на переподготовку на военные сборы']",1.0
2025-04,2025,4,Пожары в Калифорнии,"['В Америке пожар', 'пожары в Калифорнии', 'пожары в США']",1.0
2025-04,2025,4,Другие события в мире,"['Выборы в Беларуси президента', 'бунт в Словакии', 'пожар в Турции', 'остановка войны в Палестине']",1.0
2025-05,2025,5,"Затрудняюсь ответить, нет ответа",[],52.0
2025-05,2025,5,"СВО в целом, успехи российской армии","['Война на Украине', 'дела на фронте', 'СВО новости с фронта', 'наступление наших войск на Украине', 'освобождение наших территорий, СВО', 'продвижение войск на СВО']",21.0
2025-05,2025,5,"Инаугурация Д. Трампа, его высказывания и действия","['Трамп: прошла его инаугурация', 'вступление президента США в должность', 'Трамп выпускает всё новые и новые указы', 'Трамп Гренландию захотел у Дании купить, переименовать Панамский канал в Американский', 'Трамп сказал, что не будет поставок оружия и снабжения Украины']",8.0
2025-05,2025,5,Авиакатастрофа в Вашингтоне,"['Авиакатастрофа в Америке', 'разбился авиалайнер в США', 'в Америке столкновение вертолёта и самолёта', 'в США разбился самолёт, были на борту российские фигуристы', 'погибли ребята-спортсмены на самолёте']",7.0
2025-05,2025,5,Обстрелы российских территорий,"['Атаки дронов постоянные', 'беспилотники в Казани', 'беспилотники в Татарстане, по России', 'бомбёжки в Климово', 'бомбят Таганрог', 'налёт беспилотников в Смоленске']",3.0
2025-05,2025,5,Военные действия в Курской области,"['Военное положение в Курской области', 'улучшение на Курском направлении', 'атака на интернат в Судже', 'убийство мирных жителей в Курской области']",3.0
2025-05,2025,5,"Последствия крушения танкеров в Керченском проливе, разлив мазута","['В Анапе танкер потонул, мазут разлился', 'разлив мазута в Чёрном море', 'мазут убирают в море', 'Краснодарский край в мазуте, волонтёров там не поддерживают', 'спасение животных на Чёрном море']",2.0
2025-05,2025,5,Высказывания и действия В. Путина,"['Интервью с Путиным в Кремле', 'ответ на вопрос Путину об окончании СВО', 'Путин посетил Тольятти']",2.0
2025-05,2025,5,Другие события в России,"['Аномальное тепло в России', 'нехватка лекарств для льготников', 'четверня родилась в Грозном']",2.0
2025-05,2025,5,Другие события в мире,"['Вспышка новой болезни в Китае', 'китайский Новый год', 'пожар на курорте в Турции', 'релиз новой версии нейронных сетей']",2.0
2025-05,2025,5,Работа властных структур,"['Выступление Набиуллиной', 'высказывания министра просвещения', 'в Московской области изменяют правила получения субсидий на жильё']",1.0
2025-05,2025,5,"Рост цен, тарифов","['Цены выросли', 'повышение цен на коммунальные услуги и на всё', 'повышение тарифов', 'проезд подорожал']",1.0
2025-05,2025,5,"Повышение пенсий, социальных выплат","['Повышение зарплаты госслужащим', 'индексация пенсий и зарплат', 'перерасчёт пенсий', 'рост материнского капитала']",1.0
2025-05,2025,5,Выборы президента в Беларуси,"['Выборы в Белоруссии и победа Лукашенко', 'выборы президента Белоруссии', 'выборы президента Лукашенко в Белоруссии']",1.0
2025-05,2025,5,Перемирие в секторе Газа,"['Освобождение заложников в Газе', 'перемирие в Израиле', 'в Палестине временно прекратилась война']",1.0
2025-06,2025,6,"Затрудняюсь ответить, нет ответа",[],57.0
2025-06,2025,6,"СВО в целом, успехи российской армии","['«Военные действия на Украине»', '«все новости о войне»', '«как наши воюют»', '«война в ДНР»', '«война на Украине: убивают людей»', '«идём к победе»', '«победа наших»', '«успех наших в СВО на Украине»']",22.0
2025-06,2025,6,"Инаугурация Д. Трампа, его высказывания и действия","['«Инаугурация Трапа в президенты»', '«высказывания Трампа»', '«Трамп: его высказывания»', '«Трамп хочет отобрать Газу»', '«Трамп хочет забрать Гренландию»']",4.0
2025-06,2025,6,Военные действия в Курской области,"['«Серьёзная обстановка в Курской области»', '«обстрел Суджи»', '«контратака в Курской области»', '«попытка атаки ВСУ в Курской области»']",3.0
2025-06,2025,6,Обстрелы российских территорий,"['«Украинские беспилотники на территории России»', '«обстрелы в России»', '«обстрел Рязани»', '«обстрелы в Ростове»', '«у нас в области летали беспилотники, и их обломки упали»']",3.0
2025-06,2025,6,Подготовка к переговорам В. Путина и Д. Трампа,"['«Будущая встреча Путина и Трампа»', '«переговоры между Путиным и Трампом: будут или не будут?»']",3.0
2025-06,2025,6,Работа властных структур,"['«Введение новых налогов»', '«миграционное законодательство»', '«новые законы о доходах»', '«о цифровом рубле»', '«обсуждение реформы образования»']",2.0
2025-06,2025,6,"Последствия крушения танкеров в Керченском проливе, разлив мазута","['«Ликвидация мазута в Анапе»', '«мазут в Чёрном море»', '«про танкер и нефть»', '«танкер: ситуация в Анапе»']",1.0
2025-06,2025,6,"Аварии, пожары","['«Аварии дорожные, транспортные»', '«ДТП»', '«про аварии в нашем городе»', '«пожары в городе»']",1.0
2025-06,2025,6,"Рост цен, тарифов","['«Подорожание цен очень»', '«про рост цен»', '«рост цен на продукты»', '«цены на ЖКХ и продукты»', '«повышение тарифов ЖКХ»']",1.0
2025-06,2025,6,Высказывания и действия В. Путина,"['«Интервью Путина»', '«высказывания Путина про тревожное положение»', '«Путин выступал насчёт Украины и пенсионеров»', '«Путин приезжал в Тольятти»']",1.0
2025-06,2025,6,Теракт в ЖК «Алые паруса»,"['«""Алые паруса"" – теракт»', '«теракт на командира батальона “Арбат""»']",1.0
2025-06,2025,6,Выборы президента в Беларуси,"['«Белоруссия: выборы»', '«выборы президента Белоруссии»', '«выборы Лукашенко»']",1.0
2025-06,2025,6,Повышение пенсий,"['«Индексация пенсии»', '«индексация пенсий военнослужащим второй раз»', '«пенсию добавили»']",1.0
2025-06,2025,6,Авиакатастрофа в Вашингтоне,"['«Авария самолёта в США»', '«самолёт погиб со спортсменами в Америке»']",1.0
2025-06,2025,6,Другие события в России,"['«Ломка льда на реках»', '«много снега»', '«убийство парня в Тамбове»']",1.0
2025-06,2025,6,Другие события в мире,"['«Китайский Новый год»', '«конференция в Казахстане по ИИ»', '«с Азербайджаном какая-то непонятная ситуация»']",1.0
2025-07,2025,7,"Затрудняюсь ответить, нет ответа",[],53.0
2025-07,2025,7,"Телефонный разговор В. Путина и Д. Трампа, подготовка к встрече двух президентов","['Звонок Трампа Владимиру Владимировичу', 'разговор между Трампом и Путиным', 'пытаются урегулировать конфликт Трамп и Путин – был телефонный разговор', 'переговоры будут с Трампом', 'переговоры с американским президентом: идёт подготовка к встрече', 'Трамп собирается встретиться с Путиным']",20.0
2025-07,2025,7,"СВО в целом, успехи российской армии","['Как ребята воюют на СВО', 'сейчас на первом плане война, СВО', 'Украина, СВО, как на фронте дела', 'на Чернобыль с Украины забросили бомбу. Там что-то взорвалось, но всё обошлось', 'наступление наших войск в районе СВО', 'заняли город Покровск, отвоевали новую территорию']",18.0
2025-07,2025,7,Высказывания и действия Д. Трампа,"['Деятельность Трампа', 'Трамп пришёл к власти. Что сейчас будет, что поменяется?', 'Трамп поставил всех на место', 'Трамп: отношение к Украине, использует её как сырьевую базу']",3.0
2025-07,2025,7,Обстрелы российских территорий,"['Атака беспилотников', 'налетели дроны', 'обстрелы области', 'очень много дронов в России, предотвращение нападения дронов', 'беспилотник в Шексне']",2.0
2025-07,2025,7,Военные действия в Курской области,"['Военная операция в Курской области', 'идет война в Курской области', 'события в Курской области', 'освобождение под Курском']",1.0
2025-07,2025,7,Работа властных структур,"['14 февраля было заседание Центробанка, ставку оставили прежней', 'Усков и глава Оршанского района', 'смена губернатора Новгородской области']",1.0
2025-07,2025,7,"Аварии, катастрофы","['Аварии, ДТП', 'в Череповце “ауди” утонула', 'очищают море, где танкеры столкнулись']",1.0
2025-07,2025,7,"Рост цен, тарифов","['Повышение цен на жильё, и на продукты, и на бензин', 'повышение тарифов на ЖКХ', 'рост цен на продукты, на одежду', 'инфляция']",1.0
2025-07,2025,7,Криминальные события,"['Арест парней за продажу сим-карт в Иркутске', 'мошенники отнимают деньги у пенсионеров', 'убийство Егорова', 'убийство Тархова']",1.0
2025-07,2025,7,Другие события в России,"['Винер уходит – гимнастика упадёт без неё', 'землетрясение, Туапсинский район и Сочи', '“Поезд Победы” в Казани']",1.0
2025-07,2025,7,Другие события в мире,"['Мюнхенская конференция по безопасности', 'освобождение россиянина Винника в обмен на Фогеля', 'наезд афганский в Германии на толпу людей']",1.0
2025-08,2025,8,"Затрудняюсь ответить, нет ответа",[],48.0
2025-08,2025,8,"Телефонный разговор В. Путина и Д. Трампа, встреча делегаций России и США в Эр-Рияде","['Америка и Россия: переговоры', 'обсуждение Трампа и Путина: переговоры телефонные', 'будущая встреча Путина и Трампа', 'визит Лаврова для подготовки встречи Путина и Трампа', 'встреча в Арабских Эмиратах двух делегаций', 'дипломатические переговоры с американской группой, встреча Лаврова']",32.0
2025-08,2025,8,"СВО в целом, успехи российской армии","['Военные новости', 'ход СВО', 'СВО: я прямо слежу, как наша армия показывает себя на поле боя, стратегию и тактику. С каждым месяцем всё новые территории освобождает', 'мы побеждаем на Украине', 'взятие Курахово, Великой Новосёлки']",13.0
2025-08,2025,8,Обстрелы российских территорий,"['Беспилотники в крае', 'дроны влетают в дома', 'атака беспилотников в Астраханской области', 'атака беспилотных аппаратов на НПЗ Сызрани']",2.0
2025-08,2025,8,Высказывания и действия Д. Трампа,"['Дональд Трамп вступил на пост президента', 'Трамп, его высказывания', 'высказывания Трампа о завладении США землями и богатствами Украины', 'высказывание Трампа о Зеленском']",2.0
2025-08,2025,8,Военные действия в Курской области,"['Наступление русских в Курской области', 'освободили часть Курской области']",1.0
2025-08,2025,8,Работа властных структур,"['Изменения в налоговой системе', 'льготы по СВО для детей погибших', 'экономические решения России: внесение законопроекта о создании нескольких экономических форумов']",1.0
2025-08,2025,8,Криминальные события,"['Вымогательство денег у участников СВО', 'в Черняховске убили мальчика родители', 'мигранты нападают на людей, насилуют детей']",1.0
2025-08,2025,8,"Рост цен, тарифов","['Цены растут', 'поднятие цен', 'цены подняли на всё', 'повышение платы за ЖКХ']",1.0
2025-08,2025,8,Другие события в России,"['23 февраля', 'в Сочи снегопад', 'доллар снизился', 'заболевание – грипп']",1.0
2025-08,2025,8,Другие события в мире,"['О возможных выборах на Украине', 'снегопад в Казахстане']",1.0
2025-09,2025,9,"Затрудняюсь ответить, нет ответа",[],50.0
2025-09,2025,9,Налаживание контактов между Россией и США,"['«Америка пошла нам навстречу»', '«американо-российские переговоры»', '«беседа между Путиным и Трампом»', '«встреча дипмиссий России и США»', '«встреча Лаврова в Саудовской Аравии»', '«встреча Путина и Трампа планируется»']",18.0
2025-09,2025,9,"СВО в целом, успехи российской армии","['«Боевые действия и положение на Украине»', '«Украина: война»', '«война в Донбассе»', '«об СВО»', '«солдаты наступают в СВО»', '«успехи на фронте»', '«освобождение села в Харьковской области, из которого запускают сюда беспилотники»']",13.0
2025-09,2025,9,Встреча Д. Трампа и В. Зеленского в Вашингтоне,"['«Встреча в Вашингтоне Трампа и Зеленского»', '«встреча Трампа с Зеленским. По итогу Зеленский отказался прерывать военные действия, Трамп отказал в любой помощи Украине»', '«Зеленский с Трампом поругались»', '«вчера из Овального кабинета был выдворен Зеленский»']",13.0
2025-09,2025,9,Высказывания и действия Д. Трампа,"['«Америка: изменение политики Трампом»', '«переговоры Трампа с Макроном»', '«переговоры Трампа с премьер-министром Великобритании»', '«связанное с Трампом»']",2.0
2025-09,2025,9,Другие события в России,"['«Масленица»', '«снегопад в Сочи»', '«доллар упал»', '«в Ставрополье загрызли ребёнка собаки»']",2.0
2025-09,2025,9,Обстрелы российских территорий,"['«Беспилотники»', '«взрывы БПЛА»', '«дроны летают над городом»', '«дроны над Краснодарским краем»', '«дроны сбили в Ростове»']",1.0
2025-09,2025,9,Военные действия в Курской области,"['«Война в Курской области»', '«события в Курской области»', '«наступление наших в Курской области»']",1.0
2025-09,2025,9,Работа властных структур,"['«Интервью Путина Зарубину»', '«новые законы с первого марта»', '«законопроект о бездомных животных»', '«отмена сельской ипотеки»']",1.0
2025-09,2025,9,Криминальные события,"['«Покушение на митрополита Севастополя»', '«событие на Урале, когда девушек раздели и облили водой»']",1.0
2025-09,2025,9,"Рост цен, тарифов","['«В стране растут цены»', '«повышение цен на продукты и медикаменты»', '«медицина, образование, торговля, питание дорожают – всё печально»', '«ЖКХ подорожало»']",1.0
2025-09,2025,9,Другие события в мире,"['«Встреча премьер-министра Англии с Зеленским»', '«Макрон и Дуда – обсуждение ситуации в Европе»', '«высказывание Сакса в Европарламенте»', '«выборы в Абхазии»']",1.0
2025-10,2025,10,"Затрудняюсь ответить, нет ответа",[],50.0
2025-10,2025,10,"СВО в целом, успехи российской армии","['«Боевые действия, как ребята там воюют»', '«бои на Украине»', '«события на СВО»', '«только СВО»', '«нынешняя ситуация с СВО»', '«освобождение населённых пунктов в ДНР»', '«СВО, положительные результаты в освобождении территории»', '«победа на СВО идёт»', '«что мы идём к победе»']",18.0
2025-10,2025,10,Налаживание контактов между Россией и США,"['«Возможность переговоров США и России»', '«встреча представителей России и США»', '«встреча Трампа, точнее американцев, с нашими в Саудовской Аравии»', '«подвижки есть в переговорах между США и Россией»', '«подготовка к встрече президентов США и России»']",12.0
2025-10,2025,10,"Встреча Д. Трампа и В. Зеленского в Вашингтоне, её результаты","['«Зеленский и Трамп встречались. Разговор не получился»', '«Зеленского выставили из Белого дома»', '«разговор в Овальном кабинете между Трампом и Зеленским»', '«Трамп перестал поставлять оружие Украине и финансировать её»']",12.0
2025-10,2025,10,Высказывания и действия Д. Трампа,"['«Высказывания президента Трампа обо всём. Он довольно часто высказывается на разные темы»', '«выступление Трампа в Конгрессе»', '«пресс-конференция Трампа в США»', '«действия Трампа»', '«Трамп сделал закон о запрете гендеров»']",3.0
2025-10,2025,10,Военные действия в Курской области,"['«События под Курском»', '«Курск: небольшие продвижения»', '«освободили в Курской области три деревни»', '«успехи России в Курской области»']",2.0
2025-10,2025,10,Другие события в России,"['«Масленица»', '«Международный женский день»', '«перебои с инсулином»', '«похоронили олимпийского чемпиона Сайтиева»']",2.0
2025-10,2025,10,Другие события в мире,"['«Действия европейского правительства»', '«Макрон и Зеленский»', '«Тимошенко хочет стать президентом Украины»']",2.0
2025-10,2025,10,Обстрелы российских территорий,"['«Атака дронов»', '«беспилотники летают, страшно»', '«сирены»', '«систематические атаки беспилотников»', '«бомбили Сызрань»']",1.0
2025-10,2025,10,Работа властных структур,"['«Поздравление Путина с 8 Марта»', '«как Путин награждал матерей, у которых погибли дети на СВО»', '«новые правила дорожного движения»', '«дополнительные штрафы и налоги»', '«за рождение четвёртого ребенка закрывать ипотеку»']",1.0
2025-10,2025,10,"Рост цен, тарифов","['«Повышение цен»', '«подорожание бензина»', '«подъём цен на ГСМ и продукты»', '«рост цен, особенно на ЖКХ»']",1.0
2025-10,2025,10,Криминальные события,"['«Избиения, драки, убийства»', '«мошенники»', '«рост преступности, педофилия»']",1.0
2025-11,2025,11,"Затрудняюсь ответить, нет ответа",[],43.0
2025-11,2025,11,"СВО в целом, успехи российской армии","['«Беспокойство из-за СВО»', '«военные действия на Украине»', '«война, СВО»', '«всё про СВО»', '«обстановка на фронте»', '«ситуация на войне с Украиной»', '«на СВО наши хорошо продвигаются»']",19.0
2025-11,2025,11,"Налаживание контактов между Россией и США, обсуждение темы перемирия на Украине","['«Взаимоотношения США и России»', '«общение США и России»', '«переговоры о мире, о перемирии намечаются»', '«встреча в Саудовской Аравии»', '«Трамп отправил спецпосланника в Москву»', '«жду договорённости Путина с Трампом по поводу прекращения СВО»']",14.0
2025-11,2025,11,Военные действия в Курской области,"['«Бои в Курской области, освобождение»', '«операция спецназа в Курской области»', '«в Курской области окружили украинцев, зайдя по трубе»', '«взятие Суджи»', '«наши освободили Суджу»']",11.0
2025-11,2025,11,"Обстрелы российских территорий, атака беспилотников на Москву","['«Дроны по всей России»', '«воздушная тревога»', '«дроны летали по улицам деревни»', '«прилетели беспилотники в количестве 337 штук»', '«дроны ВСУ, отправленные на Москву»', '«дроны прилетели в Домодедово»', '«налёт массированный на Москву БПЛА»']",8.0
2025-11,2025,11,"Встреча Д. Трампа и В. Зеленского в Вашингтоне, её результаты","['«Переговоры Трампа с Зеленским»', '«поездка Зеленского к Трампу»', '«ситуация с Трампом и Зеленским»', '«Зеленский чудил в Овальном кабинете»']",3.0
2025-11,2025,11,Работа властных структур,"['«Высокий процент по ипотеке»', '«индексация пенсий»', '«поднятие налогов»', '«закон об эвтаназии животных»']",1.0
2025-11,2025,11,Высказывания и действия Д. Трампа,"['«С Трампом много новостей»', '«Трамп – его действия»']",1.0
2025-11,2025,11,Высказывания и действия В. Путина,"['«Приезд Путина в Курскую область»', '«Путин всё контролирует»', '«как правильно себя ведёт президент Путин»']",1.0
2025-11,2025,11,"Рост цен, тарифов","['«Всё дорожает»', '«повышение цен»', '«рост цен»', '«поднятие квартплаты»']",1.0
2025-11,2025,11,Встреча В. Путина и А. Лукашенко,"['«Встреча Путина и Лукашенко»', '«президент Белоруссии Лукашенко приехал в Россию – с Путиным встречался»']",1.0
2025-11,2025,11,Другие события в России,"['«Масленица»', '«пост начался»', '«лыжные гонки, чемпионат России»', '«погода тёплая»', '«с мигрантами ситуация была у нас в Хабаровске»', '«собаки нападают на детей»']",1.0
2025-11,2025,11,Другие события в мире,"['«“Оскар” – номинация, вручение»', '«Палестина»', '«Сербия»']",1.0
