date,year,week,event,description,percentage
2020-02,2020,2,,"['«Катастрофа украинского лайнера в Иране»', '«сбитый пассажирский “Боинг“ над Тегераном»', '«украинский самолёт сбили ракетой иранцы»', '«Иран признал свое участие в крушении украинского “Боинга”»']",
2020-02,2020,2,,"['«Иран, США, Сирия, Ливия – события там»', '«США уничтожили в Ираке иранского лидера»', '«Трамп напал на Иран и генерала приказал убить»', '«убили иранского генерала Сулеймани, Иран разгромил американские военные базы, которые в Ираке»', '«ответный удар Ирана по американским базам»']",
2020-02,2020,2,,"['«Австралия горит»', '«массовые пожары в Австралии»', '«горит Австралия – леса, бедные животные»']",
2020-02,2020,2,,"['«Новогодние праздники»', '«Рождество»', '«фестиваль в Рождество»', '«елка»', '«новогодняя площадь»']",
2020-02,2020,2,,"['«Цены растут»', '«размеры пенсий и заработной платы не соответствуют жизненным потребностям»', '«пенсионерам долго работать: пенсия поздно»', '«программы для многодетных семей, которые совершенно не работают, – ими воспользоваться невозможно»', '«собирают деньги на помощь больным детям через телевидение – позор для страны с бесплатным здравоохранением»']",
2020-02,2020,2,,"['«Трубопровод в Турцию»', '«поток газа через Турцию»', '«газопровод “Турецкий поток” открыли»', '«заработал “Турецкий поток”»']",
2020-02,2020,2,,"['«Новогоднее поздравление Путина»', '«президент решает вопросы Ливии»', '«поездка Путина на Черное море»', '«пресс-конференция Путина»']",
2020-02,2020,2,,"['«Медведев выдвинул предложение: охранные организации передать в частное ведомство»', '«о росте НДФЛ»', '«очередные льготы для крупного бизнеса»', '«увеличили на предпринимателей налоги»', '«электронные трудовые книжки вводят»', '«депутат Милонов предлагает женщинам служить в армии»']",
2020-02,2020,2,,"['«Ожидание повышения зарплаты бюджетникам»', '«повышение зарплаты у бюджетников»', '«повышение детского пособия»', '«увеличение пособия до трёх лет»', '«нам пенсию добавили на 6,6%»']",
2020-02,2020,2,,"['«Стрельба на Украине»', '«с Украиной беседуют наши»', '«новогоднее обращение Зеленского»']",
2020-02,2020,2,,"['«Хоккей, биатлон»', '«биатлон»', '«чемпионат мира по хоккею»', '«чемпионат по фигурному катанию»', '«молодежная команда хоккейная не заняла 1-е место на чемпионате мира»']",
2020-02,2020,2,,"['«Автокатастрофа»', '«авария в Томске на Коларовском тракте»', '«в Ухте пожар»']",
2020-02,2020,2,,"['«Учения наших моряков»', '«учения на Черном море»', '«военные учения в Черноморье»']",
2020-02,2020,2,,"['«Смерть Андрея Павленко»', '«перестрелка в Перми»', '«снегопад в центральной России»', '«сиротам выдали ключи»']",
2020-02,2020,2,,"['«Напряжение в мире»', '«сближение президентов против развязывания войны»', '«в Абхазии события»', '«крушение самолета в Казахстане»', '«вирус неизвестный в Китае»']",
2020-02,2020,2,,[],
2020-03,2020,3,,"['«Послание Путина Федеральному собранию»', '«отчет Путина Федеральному собранию»', '«послание путинское революционное»', '«Путин придумал изменить Конституцию»', '«прослушала Путина полностью и поддерживаю все, что он сказал»', '«Путин выступал, отчитывался, маткапитал повышен. Пособия до 7 лет»', '«выступление Путина 15 числа, забота о детях»']",
2020-03,2020,3,,"['«Кабинет министров убрали»', '«неожиданная смена премьер-министра»', '«отставка правительства, слава тебе, господи!»', '«утверждение премьер-министра сегодня в Думе»', '«избрание Мишустина»', '«Медведева перевели – жаль, что не выкинули совсем»']",
2020-03,2020,3,,"['«Американцы генерала в Иране взорвали»', '«убийство Сулеймани»', '«Иран и США – обострение отношений»', '«иранские новости, Ближний Восток»']",
2020-03,2020,3,,"['«Сбитый украинский “Боинг” над Ираном»', '«“Боинг” подстрелили»', '«Иран признал, что он сбил украинский самолет, а украинцы уже хотели приписать нас туда»']",
2020-03,2020,3,,"['«Повышение зарплаты»', '«добавка к пенсии»', '«индексация пенсий»']",
2020-03,2020,3,,"['«Австралия горит»', '«Австралия, пожары»']",
2020-03,2020,3,,"['«Скажу коротко: пенсию не повышают, коммуналка растет, денег не хватает»', '«о повышении цен в разных сферах жизни»', '«гречка и хлеб подорожали»', '«все налоги повышают да новые добавляют»']",
2020-03,2020,3,,"['«Принятие закона о защите животных»', '«закон о насилии»', '«ПДД без площадки»']",
2020-03,2020,3,,"['«Баскетбол»', '«бокс»', '«смотрю биатлон»', '«хоккейная команда “Сибирь” выиграла»']",
2020-03,2020,3,,"['«Про Украину»', '«конфликт с Украиной»', '«события на Украине»', '«Украина, переписывание истории»']",
2020-03,2020,3,,"['«Рождество. Крещение»', '«строительство ЦБК»', '«взрыв в Уфе»', '«вырубка леса в Сузунском районе»', '«забастовки»', '«коррупция замначальника таможни, у которого нашли 17 тонн золота и 30 миллионов»']",
2020-03,2020,3,,"['«Позиция польского парламента по поводу освобождения Польши. Они приравняли Россию к фашистской Германии, возложили вину»', '«США объявили о гиперзвуковом оружии»', '«сделка США с Китаем»', '«китайские эпидемии»']",
2020-03,2020,3,,[],
2020-04,2020,4,,['«выборы нового премьера и министров»'],
2020-04,2020,4,,['«формирование правительства»'],
2020-04,2020,4,,['«поменяли местами правительство»'],
2020-04,2020,4,,['«новое правительство назначили и не посадили прошлое»'],
2020-04,2020,4,,['«Послание президента»'],
2020-04,2020,4,,"['«то, что предложил Путин»']",
2020-04,2020,4,,['«новые предложения Путина в социальной сфере»'],
2020-04,2020,4,,['«материнский капитал ввели за первого ребенка»'],
2020-04,2020,4,,['«Путин внес предложение выплачивать пособия на детей от 3 до 7 лет»'],
2020-04,2020,4,,"['«Путин выступил, нам понравилось»']",
2020-04,2020,4,,['«В Китае новый короновирус»'],
2020-04,2020,4,,['«вирус из Китая»'],
2020-04,2020,4,,['«зараза в Китае»'],
2020-04,2020,4,,['«Китай – инфекция»'],
2020-04,2020,4,,"['«Ну, разумеется, в Конституцию поправки»']",
2020-04,2020,4,,"['«о том, что собираются менять Конституцию»']",
2020-04,2020,4,,['«преобразование Конституции»'],
2020-04,2020,4,,['«что Конституцию будут менять»'],
2020-04,2020,4,,"['«Израиль, форум против геноцида»']",
2020-04,2020,4,,"['«Путин посещал в Израиле мероприятия, посвященные Холокосту»']",
2020-04,2020,4,,['«годовщина прорыва блокады»'],
2020-04,2020,4,,['«открытие памятника в Израиле жертвам блокады»'],
2020-04,2020,4,,['«Везде война в Сирии»'],
2020-04,2020,4,,['«убийство иранского генерала»'],
2020-04,2020,4,,['«атака Ирана на базу США в Ираке»'],
2020-04,2020,4,,"['«в Сирии все бомбят, обстановка в Иране, Ираке»']",
2020-04,2020,4,,['«Бытовые аварии»'],
2020-04,2020,4,,['«много автомобильных аварий»'],
2020-04,2020,4,,['«в Перми прорыв теплосетей»'],
2020-04,2020,4,,['«катастрофа: “Сапсан” сбил человека»'],
2020-04,2020,4,,"['«женщина упала с девятого этажа, осталась жива»']",
2020-04,2020,4,,['«Самоотвод губернатора Решетникова»'],
2020-04,2020,4,,['«отставка губернатора»'],
2020-04,2020,4,,['«выступление Жириновского: не платить за электроэнергию»'],
2020-04,2020,4,,['«Индексация пенсии»'],
2020-04,2020,4,,['«пенсионерам обещают добавку»'],
2020-04,2020,4,,['«В Турции землетрясение»'],
2020-04,2020,4,,['«землетрясение в Турции»'],
2020-04,2020,4,,['«Гибель самолета в Иране»'],
2020-04,2020,4,,['«самолет в Иране сбили»'],
2020-04,2020,4,,['«Украина начинает отношения с Россией»'],
2020-04,2020,4,,['«с Украиной ладить начали»'],
2020-04,2020,4,,['«свинство президента Украины»'],
2020-04,2020,4,,"['«Фигурное катание, победа наших спортсменов»']",
2020-04,2020,4,,['«победа в лыжных гонках»'],
2020-04,2020,4,,['«смотрю КХЛ»'],
2020-04,2020,4,,['«чемпионат по биатлону»'],
2020-04,2020,4,,['«Много убийств»'],
2020-04,2020,4,,['«избили учительницу в Москве ученики»'],
2020-04,2020,4,,"['«начали расследовать дело об убийстве молодого человека, которого зарезали»']",
2020-04,2020,4,,['«Повышение коммунальных услуг»'],
2020-04,2020,4,,['«повышение цен на продукты и ЖКХ»'],
2020-04,2020,4,,['«табак повышают на 25 процентов»'],
2020-04,2020,4,,"['«Кизляр, эпидемия из-за воды»']",
2020-04,2020,4,,['«митинг в Ревде по вопросу сноса памятника»'],
2020-04,2020,4,,['«снега много выпало»'],
2020-04,2020,4,,['«высказывания против Алены Водонаевой»'],
2020-04,2020,4,,['«Английская королева подписала документ о выходе из “Брексита”»'],
2020-04,2020,4,,['«обратные интерпретации Великой Отечественной войны»'],
2020-04,2020,4,,['«наладились отношения с Белоруссией по поводу газа»'],
2020-04,2020,4,,['«горят леса в Австралии»'],
2020-05,2020,5,,"['«В Китае пошла какая-то болезнь, вирус какой-то»', '«про Китай – люди умирают от болезни»', '«в Китае за неделю построили больницу для больных коронавирусом»', '«на основных федеральных каналах тема коронавируса – номер один»', '«закрытие границ с Китаем из-за вируса»', '«коронавирус и методы борьбы, чтобы не пустить в Россию»']",
2020-05,2020,5,,"['«Перемена правительства»', '«правительство ушло в отставку»', '«убежало правительство»', '«смена правительства, и остались все те же люди при власти»']",
2020-05,2020,5,,"['«Выступление Путина о повышении социальных выплат»', '«выплаты материнского капитала на первого ребенка, увеличение вы-\nплат матерям детей до 7 лет»', '«за первого ребенка дали маткапитал»', '«доплата детям»', '«питание в школе»', '«учителям повысят зарплату и 5 тысяч рублей добавят за классное руководство»']",
2020-05,2020,5,,"['«Изменения в Конституции»', '«новости про Конституцию»', '«обновления в Конституции»', '«обсуждение изменений в Конституции»', '«поправки к Конституции»']",
2020-05,2020,5,,"['«Обращение к Федеральному собранию»', '«послание президента»', '«речь Путина»']",
2020-05,2020,5,,"['«На Украине»', '«на Украине возбудили уголовное дело против Порошенко»', '«похороны эсэсовца в Украине»']",
2020-05,2020,5,,"['«В Петербурге обрушилась крыша спортивно-концертного комплекса»', '«аварии, ДТП по местным каналам»', '«в Перми авария ЖКХ, подвальное помещение, погибли люди»', '«прорвало трубы в гостинице»']",
2020-05,2020,5,,"['«В Москве подорожал проезд в общественном транспорте»', '«повышение цен, штрафов»', '«рост цен на услуги ЖКХ»', '«понижение минимального прожиточного минимума»', '«прожиточный минимум снизили на тысячу»']",
2020-05,2020,5,,"['«Вокруг Ирана»', '«ситуация с Палестиной, Йемен»', '«Сирия»', '«США исключили скорый вывод войск из Сирии»', '«то, что США убили в Иране главаря военного и чуть не произошла война»']",
2020-05,2020,5,,"['«Путин помиловал израильтянку Нааму Иссахар»', '«совещание в Красногорске про муниципальные власти»', '«отказ Кадырова Рамзана от поста»', '«переход на электронные трудовые книжки»', '«вступили в силу новые правила увольнения»', '«в Чувашии глава администрации издевался над майором»']",
2020-05,2020,5,,"['«Увеличение зарплаты»', '«силовикам повысили зарплату»', '«добавка к пенсии»', '«на тысячу пенсию добавили»']",
2020-05,2020,5,,"['«Встреча по случаю освобождения Освенцима»', '«поездка Путина в Израиль, празднование снятия блокады Ленинграда»', '«в па-\nмять о Холокосте открытие стелы блокадникам»', '«открытие памятника в Израиле»']",
2020-05,2020,5,,"['«Завели уголовные дела на сотрудников полиции»', '«в Шереметьево отец бросил двух малолетних детей»', '«как мальчик избил учителя»']",
2020-05,2020,5,,"['«Брексит в Лондоне»', '«Британия вышла из Евросоюза»', '«выход Великобритании из Евросоюза»']",
2020-05,2020,5,,"['«Выступление главы православной церкви о семье»', '«названа зарплата Медведева на новой должности»', '«митинг на Урале»', '«рост акций “Детского мира” и “Магнита”»']",
2020-05,2020,5,,"['«Насильственные действия против мусульман в Китае»', '«о пожаре в Австралии»', '«погиб Коби Брайант»']",
2020-05,2020,5,,[],
2020-06,2020,6,,"['«Болезнь в Китае»', '«коронавирус, люди заражаются и гибнут»', '«инфекция – коронавирус»', '«смертельный грипп – вирус»', '«коронавирус, паника среди людей»', '«коронавирус. Мне кажется, что вранье, что нет заболеваемости у нас»']",
2020-06,2020,6,,"['«Замена правительства»', '«Мишустин. Ничего по сути не поменялось»', '«министр образования новый»', '«паника от последствий смены правительства»', '«работа нового правительства»']",
2020-06,2020,6,,"['«Будут платить за детей до 7 лет»', '«деньги за первого и второго ребенка»', '«повышение размера пособий на детей»', '«материнский капитал»', '«Путин даст деньги на первого»']",
2020-06,2020,6,,"['«Изменения в Конституции»', '«поправки к Конституции»', '«обсуждение поправок в Конституцию»', '«игры с нашей Конституцией»']",
2020-06,2020,6,,"['«Заседание Совбеза и правительства»', '«совет по вопросам образования»', '«главу Чувашии сместили»', '«бесплатные лекарства одобрили»', '«запрет весенней охоты на водоплавающую дичь»']",
2020-06,2020,6,,"['«Ливия»', '«вывезли детей из Сирии»', '«падение самолета Украины»', '«отношения Ирана и США»', '«события в Иране»']",
2020-06,2020,6,,"['«Обращение Путина к Федеральному собранию»', '«Путин в Череповец приезжал»', '«выступления президента и решения, принятые им»', '«Путин о Трампе»']",
2020-06,2020,6,,"['«Авария на дороге с летальным исходом в Тушино»', '«Хайруллин погиб в аварии вертолета»', '«обрушение спортивного комплекса и гибель рабочего»', '«мальчик пропал в Смоленской области»']",
2020-06,2020,6,,"['«Орудует маньяк в Южном микрорайоне Хабаровска»', '«убийство педофила в Уфе»', '«человеку дали 15 лет за то, что он убил педофила»']",
2020-06,2020,6,,"['«Переговоры Путина и Лукашенко»', '«в Сочи встреча Путина с Лукашенко»', '«Путин с Лукашенко играли в хоккей в Сочи»', '«Лукашенко выпрашивал на нефть скидку»']",
2020-06,2020,6,,"['«Тревожное в Украине»', '«про Украину: президент ведет себя неадекватно»', '«на Украине землю делят»', '«до безобразия гипертрофированное обсуждение проблем Украины»']",
2020-06,2020,6,,"['«Налоги повышают»', '«повышение тарифов»', '«повышение цен на овощи»', '«инвалидам не помогают»', '«медицина для ОМС, а не для людей»']",
2020-06,2020,6,,"['«Вспышка гриппа»', '«вирус, в Иваново школы все закрыли, эпидемия»', '«закрытие школ на карантин в Челябинске и Кургане»']",
2020-06,2020,6,,"['«Повышение уровня жизни»', '«повышение пенсии»', '«прибавка к пенсии»']",
2020-06,2020,6,,"['«Выставка Дали»', '«фигурное катание»', '«проверка аптек»', '«закрытие разрезов, предприятий в Кузбассе»', '«нашествие волков в области»']",
2020-06,2020,6,,"['«Белоруссия теперь нефть будет покупать у Америки»', '«бойня в Казахстане межнациональная»', '«массовая стрельба в Таиланде»', '«смерть Коби Брайанта»']",
2020-06,2020,6,,[],
2020-07,2020,7,,"['Про коронавирус, борьба с ним', 'Китай – грипп окаянный или пневмония', 'тестирование вакцины против коронавируса', 'лайнер в Японии задержан на карантин', 'коронавирус – что треть населения заболеет', 'коронавирус – бактериологическая война']",
2020-07,2020,7,,"['Вопросы, касающиеся поправок в Конституцию', 'про Конституцию, обсуждение, что можно добавить', 'перемены в Конституции', 'поправки в Конституцию обсуждаются, но не в пользу народа']",
2020-07,2020,7,,"['Кабинет министров сменился', 'перевыборы правительства', 'реформы в правительстве']",
2020-07,2020,7,,"['Выплаты будут детям от Путина', 'деньги дают за первого ребенка', 'детские пособия для детей до 7 лет обещали ввести', 'для семей программы путинские', 'материнский капитал подняли']",
2020-07,2020,7,,"['Война в Сирии', 'наша военные в Сирии', 'Сирию Израиль бомбит', 'события в Ливии', 'упал украинский самолет']",
2020-07,2020,7,,"['Покупка Сбербанка правительством', 'приезд министра здравоохранения в Новгород', 'выпущен указ о поступлении импортных лекарств', 'налоги хотят отслеживать', 'нововведение по техническому обслуживанию на автомашины']",
2020-07,2020,7,,"['Доверились Турции, а Турция нас подставит в любой момент', 'турки на нас бочки катят', 'угроза нашему послу в Турции']",
2020-07,2020,7,,"['Про Украину', 'Украина, Зеленский и все, что с этим связано', 'Украина трогает Донбасс']",
2020-07,2020,7,,"['Пензенское дело', 'застрелился какой-то полковник в суде в Москве', 'в Уфе осуждают педофила', 'убийца педофила', 'убили человека возле ТЭЦ в Тюмени']",
2020-07,2020,7,,"['Грипп', 'эпидемия гриппа', 'карантин', 'карантин во всех школах города от гриппа']",
2020-07,2020,7,,"['Авария под Тамбовом', 'много аварий в Кемерово', 'в бассейне утонула женщина', 'сбили женщину в Серпове']",
2020-07,2020,7,,"['Новости спорта', 'бега лыжные', 'биатлон, плохо наши стреляют', 'лишили медалей олимпийцев после Олимпиады в Сочи', 'бой Хабиба будет']",
2020-07,2020,7,,"['В феврале добавили очень небольшие деньги пенсионерам', 'пенсионные добавки', 'повышение пенсий', 'теперь платят праздничные и ночные в детском саду']",
2020-07,2020,7,,"['Путин постоянно проводит какие-то совещания', 'Путин старается для государства, много работает, везде успевает', 'с белорусским Лукашенко встречался Путин']",
2020-07,2020,7,,"['Жизнь народа ниже плинтуса', 'работу не найти', 'подняли налоги', 'скоро на пенсию, а буду получать минимум']",
2020-07,2020,7,,"['США гадости на Россию говорят', 'освободили американцы от фашистов Россию, переделывают историю']",
2020-07,2020,7,,"['День влюбленных', 'религиозный праздник – Сретенье', 'расширяют парковки', 'в Череповце скульптуры изо льда']",
2020-07,2020,7,,"['Беларусь согласилось с мировыми ценами на нефть', 'напряжение обстановки на постсоветском пространстве, например с Белоруссией', 'расстрел в Таиланде', 'в Австралии очень много пожаров']",
2020-07,2020,7,,[],
2020-08,2020,8,,"['«Китай болеет»', '«коронавирус, жалко китайцев»', '«закрыли границу с Китаем»', '«коронавирус распространяется в другие страны»', '«распространение короновируса в мире, появление случаев повторных заражений коронавирусом»', '«коронавирус, потому что у нас халатно к этому относятся»']",
2020-08,2020,8,,"['«Война на Украине»', '«Украина – бои начались»', '«украинцы закидывают своих же приезжающих из Китая камнями»']",
2020-08,2020,8,,"['«Конституцию менять собираются»', '«запущенная конституционная реформа»', '«голосование по поводу поправок в Конституцию»', '«сообщение СМИ о том, что голосование за поправки в Конституцию будет пакетным»', '«изменение Конституции, я против»']",
2020-08,2020,8,,"['«Ближний Восток»', '«в Сирии ситуация»', '«гибель сотрудников центра спецназначения в Сирии»', '«Ливия с Сирией»', '«Америка и Иран»']",
2020-08,2020,8,,"['«Государство выкупает акции у ""Сбербанка""»', '«Игнатьева сняли с должности»', '«министр посещал школу»', '«министерство здравоохранения объявило, что нет бюджетных денег на закупку лекарств»', '«приезд губернатора»']",
2020-08,2020,8,,"['«Визит Путина в Санкт-Петербург»', '«вопросы и ответы Путина»', '«Путин и его мероприятия»', '«Путин, что-то было»']",
2020-08,2020,8,,"['«Замена правительства»', '«отставка правительства»', '«новое правительство России»']",
2020-08,2020,8,,"['«Повышение цен, в том числе на вывоз мусора, зарплата не повышается»', '«про то, что подорожали продукты, подорожали бензин, ЖКХ»', '«налог повысили»', '«уровень жизни низкий»']",
2020-08,2020,8,,"['«Бесплатное питание детям в школах, выплаты за первого ребенка»', '«за первого ребенка обещают капитал»', '«материнский капитал увеличили»', '«детские пособия до семи лет»', '«повышение маткапитала за классное руководство»']",
2020-08,2020,8,,"['«Биатлон смотрю»', '«в биатлоне наших спортсменов лишили медалей за Сочи-2014»', '«Логинов взял золото в биатлоне»', '«соревнования по футболу»', '«спорт – футбол и хоккей»']",
2020-08,2020,8,,"['«Отношения Турции и России»', '«разногласия между Россией и Турцией»', '«Сирия, Турция – конфликт»', '«Эрдоган, президент Турции, ведет двойную политику в Сирии: события в Идлибе»', '«как Россия разрулит вопрос с Эрдоганом»']",
2020-08,2020,8,,"['«Застрелился в зале суда»', '«Керчь, мальчики хотели взорвать школу»', '«по интернету мне прислали информацию, как мать избила своего ребенка»']",
2020-08,2020,8,,"['«Катастрофы»', '«в Атамановке кто-то сгорел»', '«человека поездом сбило на Элеваторной»']",
2020-08,2020,8,,"['«Грипп»', '«школы на карантине»', '«снятие карантина»']",
2020-08,2020,8,,"['«Дело ""Сети""»', '«суд над ребятами из Пензы – ""Сеть""»']",
2020-08,2020,8,,"['«Повышение зарплат»', '«индексация пенсий»', '«я слышала, что индексируют социальную пенсию»', '«социальные выплаты нищим, одиноким»']",
2020-08,2020,8,,"['«Катаклизмы, аномалия с погодой»', '«наводнения»', '«погода в Иркутской области и Ленинградской области»']",
2020-08,2020,8,,"['«Присвоение звания генерала, это возмутило»', '«новые дороги в моем городе»', '«праздник черемши»']",
2020-08,2020,8,,"['«Решение арбитражного суда по делу о незаконном отъеме ЮКОСа в пользу государства»', '«скандал с Павленским во Франции»', '«ситуация в Новой Гвинее»']",
2020-09,2020,9,,"['Коронавирусная инфекция', 'коронавирус, его распространение', 'болезнь в Китае', 'болеют за границей вирусом', 'болезнь коронавирус в России', 'коронавирус сейчас самое интересное', 'коронавирус ожидаю. Только не пойму: то ли на самом деле или раздули в СМИ?']",
2020-09,2020,9,,"['Ближний Восток', 'бойня в Сирии', 'про Сирию: Турция с Сирией воевать начала', 'Турция в Сирии помогает радикалам', 'Турция: война на сирийской территории']",
2020-09,2020,9,,"['Дополнения к Конституции', 'изменение Конституции, внесение поправок', 'обсуждение Конституции', 'голосование по поправкам в Конституцию', '22 апреля состоится референдум']",
2020-09,2020,9,,"['Отношения с Турцией', 'конфликт России с Турцией', 'противостояние России и Турции в сирийском Идлибе', 'наши беспилотники в Турции', 'я вроде слышала, что Турция собирается напасть на Россию']",
2020-09,2020,9,,"['Про Украину больше интересует', 'ситуация на Украине', 'когда на Украине хотели жечь автобусы', 'отказ Зеленского от празднования Дня Победы']",
2020-09,2020,9,,"['Денежные пособия на детей', 'соцдоплата на детей', 'детей бесплатно кормить с 1-го по 4-й класс', 'материнский капитал за первого, за второго повысили', 'новые законы о материнском капитале, о пособиях', 'соцдобавки пенсионерам']",
2020-09,2020,9,,"['Мишустин хочет снизить ипотеку', 'новый закон в ГАИ', 'Хабиров посещал медучреждения', 'только хвастаются власти, а ничего не делается']",
2020-09,2020,9,,"['Плохо живут люди', 'как прожить на 10 тысяч?', 'подорожали продукты', 'плохая медицина: не могут поставить диагноз год', 'про детские сказали, что прибавили: итог – на 100 рублей']",
2020-09,2020,9,,"['Авария в Крылово', 'в Самаре трамвай сошел с рельсов', 'ДТП в Иркутске: машину на части разорвало', 'в Сочи детей унесло в море']",
2020-09,2020,9,,"['Про спорт', 'спорт – биатлон', 'скандал с биатлонистами', 'вольная борьба: победа', 'чемпионат мира по фристайлу']",
2020-09,2020,9,,"['""20 вопросов Путину""', 'Путин на вопросы отвечал', 'что интересное рассказывал Путин']",
2020-09,2020,9,,"['Смена правительства страны', 'новое правительство', 'назначение Мишустина', 'назначение нового премьер-министра']",
2020-09,2020,9,,"['23 февраля', 'Масленица', 'начало поста']",
2020-09,2020,9,,"['Мальчики в школе в Саратове планировали пострелять своих сверстников', 'про маньяка', 'убийство']",
2020-09,2020,9,,"['Суд над ""Сетью""', 'акции протеста', 'смерть Дмитрия Язова', 'Красноярск стал самым грязным городом в мире', 'икона в Сочи, которую выбросило на берег', 'много свадеб']",
2020-09,2020,9,,"['Продажа золота в Англию', 'продажа нашей земли китайцам', 'события в Казахстане']",
2020-09,2020,9,,[],
2020-10,2020,10,,"['«За коронавирусом следили»', '«вирус из Китая»', '«коронавирус уже гуляет по Европе и в Белоруссии»', '«коронавирус задолбал искусственно созданный»']",
2020-10,2020,10,,"['«Какие-то терки с Турцией»', '«обострение отношений с Турцией»', '«проблемы с Турцией»', '«встреча Путина с турецким лидером»', '«переговоры Эрдогана с Путиным»', '«Эрдоган приехал сдаваться на милость к Путину»']",
2020-10,2020,10,,"['«Конституция, поправки»', '«насчет Конституции»', '«изменение Конституции, которое уже напечатано»', '«вмешательство в Конституцию»', '«голосование по Конституции»']",
2020-10,2020,10,,"['«Активность в Сирии»', '«в Сирии что-то»', '«война в Сирии»', '«обстановка в Сирии»']",
2020-10,2020,10,,"['«ДТП в основном»', '«самолет почти разбился, но сделал аварийную посадку»', '«что у нас в Самаре трамвай упал»', '«мальчишки утонули в волнах в Лазаревском»']",
2020-10,2020,10,,"['«Последние события на Украине»', '«про Украину»', '«Украина людей не принимала из-за вируса»']",
2020-10,2020,10,,"['«Все время Путина слушаем»', '""20 вопросов Путину""', '«беседа Путина с журналистом»', '«Путин обещает что-то»', '«Путин вчера приезжал в Иваново»']",
2020-10,2020,10,,"['«Бесплатное питание в школе»', '«декретные продлят до семи лет»', '«за первого ребенка стали давать маткапитал»', '«повышение выплаты за первенца»']",
2020-10,2020,10,,"['«Биатлон»', '«биатлонистов оправдали»', '«футбол, чемпионат России»', '""Спартак"" выиграл»', '«наши барнаульские хоккеисты вышли в полуфинал»']",
2020-10,2020,10,,"['«Рост цен»', '«повышение цен на хлеб»', '«цены на бензин»', '«повышение курса доллара»']",
2020-10,2020,10,,"['«Мишустин вместо Медведева работает, это мне нравится»', '«выступление Сергея Иванова»', '«что работающим пенсионерам не будут индексировать пенсию»', '«налог на собак»']",
2020-10,2020,10,,"['«8 Марта»', '«Масленица»', '«подготовка к праздникам»']",
2020-10,2020,10,,"['«Пенсионерам добавка будет»', '«что в апреле пенсию добавят»', '«участники войны по 50 тысяч получат, а кто воевал 75 тысяч»']",
2020-10,2020,10,,"['«Открытие парка в Москве»', '«в Удмуртии выдаются деньги на бизнес»', '«подростки, организовывавшие теракт, то есть хотели организовать»', '«убили младенца»']",
2020-10,2020,10,,"['«Падение цен на нефть»', '«БМВ сменил логотип»', '«споры между арабскими странами»']",
2020-10,2020,10,,[],
2020-11,2020,11,,"['«Эпидемия коронавируса»', '«коронавирус, пандемия»', '«болезнь страшная, коронавирус»', '«угроза заболевания коронавирусом»', '«коронавирус, страх болезни»', '«вирус этот. Что-то боюсь, что до нас дойдет»', '«коронавирус: везде будут карантины»', '«коронавирус и меры предосторожности для общепита, ужесточение САНПИНов»', '«коронавирус в Италии: больше 1000 погибло людей»', '«коронавирус, Америку закрыли от вируса»', '«коронавирус, распространен в России»', '«коронавирус на Кубани»', '«в Питере обнаружили вирус»', '«первый случай коронавируса в Кирове»']",
2020-11,2020,11,,"['«Реформа Конституции»', '«Госдума приняла изменения Конституции»', '«Конституция и ее поправки»', '«добавки в Конституцию»', '«изменения и дополнения в Конституцию»', '«новая Конституция»', '«голосование за Конституцию»', '«голосование 22 апреля»']",
2020-11,2020,11,,"['«Падение курса нашей валюты»', '«снижение курса рубля»', '«рубль упал»', '«чёрный понедельник: упал рубль»', '«доллар вырос»', '«растёт доллар, и вырастут цены»', '«доллар существенно подскочил, и цены начали поднимать»', '«доллар поднялся, и цены скаканули»', '«обвал курса рубля»', '«доллар повысился до 75 рублей»']",
2020-11,2020,11,,"['«Выступление Терешковой»', '«нечто непонятное от Валентины Терешковой»', '«о сроке Путина»', '«о продлении президентского срока»', '«обнуление срока президента»', '«перевыборы президента»', '«продлят срок Путину»', '«выдвижение Путина на новый срок»', '«Путин продлевает свой срок службы до 2036»', '«Терешкова то сказала, что ей подсунули»']",
2020-11,2020,11,,"['«Нефть снизилась»', '«нефть подешевела»', '«падение котировок нефти»', '«дешевая нефть»', '«цена на нефть снизилась»']",
2020-11,2020,11,,"['«Работа Путина»', '«выступление Путина»', '«Путин разговаривает с Мишустиным»', '«ответы Путина на вопросы»', '«приезд Путина в Иваново»']",
2020-11,2020,11,,"['«Забота правительства о нашем здоровье»', '«реформы»', '«деятельность Мишустина»', '«приезд Мишустина»', '«штрафы на машину повысить хотят»']",
2020-11,2020,11,,"['«Детские выплаты»', '«о детских пособиях»', '«повышение денег на ребенка от трех до семи лет»', '«материнский капитал»']",
2020-11,2020,11,,"['«Сирия»', '«конфликт с Сирией»', '«встреча Путина с Эрдоганом и события в Сирии»', '«переговоры Путина и Эрдогана»', '«беседа Путина с Эрдоганом»']",
2020-11,2020,11,,"['«Украина»', '«Украина бесит»', '«Донбасс»']",
2020-11,2020,11,,"['«Спортивные»', '«полуфинальные игры чемпионата России»', '«отменили футбол»', '«отмена матча Лиги чемпионов»', '«единоборства отменили из-за коронавируса»', '«Емельяненко и Кадыров: бой должен быть, а его не было»']",
2020-11,2020,11,,"['«О нищете России»', '«задолженность по заработной плате в Кузбассе, снижение поставки и добычи кузбасского угля»', '«8 Марта»', '«суд над Харви Вайнштейном»', '«Мистер студенчество – 2020»', '«погодные аномалии в Москве: сильный ветер»']",
2020-11,2020,11,,"['«Международный кризис»', '«обвал рынков»', '«отказ стран ОПЕК сохранить сделку»', '«увеличение добычи сырой нефти в Саудовской Аравии»', '«митинг во Франции»']",
2020-11,2020,11,,[],
2020-12,2020,12,,"['«Эпидемия»', '«коронавирус в Европе и России»', '«вирус – паника»', '«закрытие границ»', '«карантины в школах»', '«отмена футбольных матчей – коронавирус»', '«скрытие инфо, что коронавирус распространился по России»']",
2020-12,2020,12,,"['«Обсуждение поправок в Конституцию России»', '«Конституционный суд признал законными инициированные президентом поправки в Конституцию»', '«голосование за поправки в Конституцию»', '«поправки Конституции, все поправки делаются не в нашу пользу»', '«конституционный переворот»']",
2020-12,2020,12,,"['«Рост доллара, падение рубля, рост цен на товары в России»', '«подъем доллара и падение рубля»', '«доллар растет»', '«повышение цен на все»', '«цены в магазинах»']",
2020-12,2020,12,,"['«Нефть – падение»', '«падение нефти»', '«нефтяные котировки»', '«падение фондового рынка»', '«обвал рынка»', '«срыв сделки с ОПЕК»', '«Саудовская Аравия – ситуация с нефтью»']",
2020-12,2020,12,,"['«""20 вопросов Путину""»', '«диалог Путина с корреспондентом»', '«поездка Путина в Крым»', '«Путин приезжал в Иваново»']",
2020-12,2020,12,,"['«Мусорная реформа»', '«национальные проекты»']",
2020-12,2020,12,,"['«Обстановка на Украине»', '«продолжение военных действий на Донбассе»', '«Украина»']",
2020-12,2020,12,,"['«Ажиотаж подняли, в магазинах крупу скупают»', '«отсутствие крупы и муки в магазинах»', '«почему-то в магазинах расхватывают продукты»', '«в городе нет стерильных масок в аптеках»']",
2020-12,2020,12,,"['«Сирия – конфликт»', '«положение в Сирии»', '«Сирия»']",
2020-12,2020,12,,"['«Изменения в маткапитале»', '«материнский капитал за второго ребенка повышается, и будут платить пособия на детей с трех до семи лет»', '«президентские детские»', '«питание в школах»']",
2020-12,2020,12,,"['«Военные учения в Воронеже»', '«Орловский форум»', '«попытка рейдерского захвата совхоза им. Ленина, председатель Грудинин»', '«пожары, сгорели дети в нашем городе»', '«уменьшение популяции желтобрюхих лягушек в Южном Зауралье»']",
2020-12,2020,12,,"['«В Америке и Англии хорошие выплаты, пособия»', '«с Турцией договорились по-мирному»']",
2020-12,2020,12,,[],
2020-13,2020,13,,"['«Коронавирус: о нем больше всего разговоров по телевидению и интернету»', '«одно событие – эпидемия коронавируса»', '«это коронавирус: кругом по Европе и везде борьба с ним»', '«уровень заболеваемости коронавирусом в России и в мире в целом»', '«неправильная оценка ситуации о коронавирусе, искусственное создание паники телеканалами новостей»', '«психоз нагнетается из-за коронавируса»']",
2020-13,2020,13,,"['«Ограничительные меры в связи с коронавирусом»', '«необходимость перейти на работу дома»', '«сидим на карантине»', '«нерабочая неделя»', '«люди работать не будут, стараемся дома сидеть»', '«рабочим пенсионерам отменили льготный проезд»', '«нельзя выходить пенсионерам, маму мою задержали в автобусе»', '«закрытие курортов и всех развлечений»', '«то, что закрывают города»']",
2020-13,2020,13,,"['«Поправки в Конституцию»', '«изменения в Конституции»', '«наверное, об изменении Конституции»', '«обнуление срока президентства»', '«изменение дня голосования за конституционные поправки»']",
2020-13,2020,13,,"['«Обращение Путина к народу»', '«обращение Путина к нации»', '«выступление президента»', '«указ Путина о мерах коронавируса»', '«Путин выступил и пообщался с людьми, поддержал всех. Молодец»', '«последняя речь Путина мне понравилась очень. И вообще мне нравятся все его речи»']",
2020-13,2020,13,,"['«Повышение зарплаты»', '«повышение пенсии»', '«пособие пенсионерам увеличили, увеличение пособий в целом»', '«повернулись лицом к детям и женщинам по поводу доплат»', '«социальные вопросы о помощи многодетным и бедным»', '«закон о детских от 3 до 7 лет»', '«материнский капитал за первого ребёнка»', '«поддержка семей выплаты семьям через материнский капитал»']",
2020-13,2020,13,,"['«Поднялись цены на продукты»', '«цены на продукты: ажиотаж, паника»', '«бензин дорожает»', '«финансовый кризис»', '«падение рубля»', '«доллар растет»', '«проблема с валютой»']",
2020-13,2020,13,,"['«Отправка помощи в Италию»', '«гуманитарная помощь Италии»', '«наших военврачей послали в Италию»', '«о том, что гуманитарная помощь, предоставленная Россией Италии, оказалась на 80% ненужная»']",
2020-13,2020,13,,"['«Налог, если вклады составляют больше миллиона, и на проценты будет 13% налога»', '«подоходный налог со вкладов свыше миллиона рублей ввели с 2021 года»', '«дополнительное обложение банковских средств»', '«вклады обложили налогами – несовершенная налоговая система»']",
2020-13,2020,13,,"['«Обесценилась нефть»', '«цены на нефть»', '«резко подешевела нефть»', '«нефть дешевеет»']",
2020-13,2020,13,,"['«Ситуация на Украине»', '«война на Украине, печалит очень эта неразбериха»', '«Украина – их скатывание вниз, теряют свое лицо»']",
2020-13,2020,13,,"['«Демонстрация в пользу Немцова»', '«освобождение Юлии Цветковой из-под домашнего ареста»', '«недоплачивают пенсионерам»']",
2020-13,2020,13,,"['«Соревнования, место проведения Олимпиады»', '«что происходит в Сирии»']",
2020-13,2020,13,,[],
2020-14,2020,14,,"['«Эпидемия, пандемия – все новости про нее»', '«инфекция, которая поразила нас всех»', '«коронавирус привлек внимание, волнуемся за людей, детей»', '«неблагоприятная обстановка по заболеванию, радует, что многое делается по преодолению заболевания»', '«этот коронавирус, мне как-то страшновато»', '«коронавирус на психику действует»', '«психоз по поводу эпидемии»']",
2020-14,2020,14,,"['«Введено положение самоизоляции»', '«о коронавирусе, о нерабочем оплачиваемом отпуске до 30 апреля»', '«выплаты социальной помощи и оплата труда на карантине»', '«продление выходных на месяц, ограничение передвижения»', '«выходные, из-за которых люди не могут работать»', '«всю страну посадили на целый месяц практически в тюрьму»']",
2020-14,2020,14,,"['«Два обращения Путина к народу»', '«выступление президента вчера»', '«обращение президента»', '«то, что Владимир Путин переживает за всех за нас»']",
2020-14,2020,14,,"['«Обнищание страны»', '«нищета народа»', '«отсутствие работы у людей»', '«нет соцподдержки от государства»', '«введение карантина, но не введение ЧС. Как кормить людям детей?»', '«в связи с коронавирусом нет денег у людей»', '«для всех большой шок – сидеть дома без работы, без денег. У среднего класса накоплений нет, очень трудно выживать в таких условиях»']",
2020-14,2020,14,,"['«Обновление в Конституцию»', '«поправки к Конституции»', '«новые поправки, голосование за новые поправки»', '«незаконные изменения в Конституции»', '«перенос голосования по изменению в Конституции»', '«перенесение голосования по внесению изменений в Конституцию»']",
2020-14,2020,14,,"['«Мы помогаем Италии и США»', '«что самолеты улетели у нас – 15 самолетов улетели в Италию с медикаментами, помогать итальянцам»', '«самолет улетел у нас в Америку, помощь им сделали, Путин помог. Великодушный человек»', '«не нравится, что помогают зарубежным странам»']",
2020-14,2020,14,,"['«Выступления Мишустина»', '«смена нашего главы Республики Коми»', '«Илюхин подал в отставку»', '«снятие с поста губернатора Архангельской области»', '«Воробьев уделил внимание пенсионерам»', '«принятие закона о налоге с вклада свыше миллиона»']",
2020-14,2020,14,,"['«Скачки нефти на биржах»', '«падение нефти»', '«упала цена на нефть»', '«цены на нефть»']",
2020-14,2020,14,,"['«О ценах, которые поднимаются»', '«про цены. Все говорят “будем следить”, но никто не следит»', '«падение рубля»', '«доллар растет»']",
2020-14,2020,14,,"['«Взрыв в Подмосковье»', '«день рождения Первого канала»', '«повышение социальных выплат»']",
2020-14,2020,14,,"['«Мировой экономический кризис»', '«Лукашенко выступал»', '«перенос “Евровидения”»']",
2020-14,2020,14,,[],
2020-15,2020,15,,"['Это пандемия коронавируса', 'коронавирус и статистика по всему миру и в России', 'вирус по стране', 'в основном про коронавирус говорят', 'коронавирус: где, кто, сколько заболели и что делать, какие меры предосторожности надо соблюдать', 'сейчас одна тема коронавирус']",
2020-15,2020,15,,"['Карантин продлили до 30 апреля', 'каникулы до 30 числа, QR-коды, пропуска', 'людей не выпускают из дома из-за вируса', 'ограничения на работу, передвижение, усиление нарядов полиции', 'карантин, то, что закрыли все города и невозможно въехать в город', 'пропускной режим с понедельника', 'введение пропусков в Москве']",
2020-15,2020,15,,"['Отсутствие внимания к населению Российской Федерации', 'никакой поддержки граждан', 'малый бизнес как будет выживать?', 'остановка работы, людям негде работать', 'маски по 70 рублей, а в аптеках их нет', 'почему бесплатно не делают тест на коронавирус и не выдают бесплатно маски?', 'в Москве ученикам дают пайки, а другим регионам не дают']",
2020-15,2020,15,,"['Низкая цена на нефть', 'провал ОПЕК по сокращению добычи, провал с нефтью', 'ОПЕК+ заседала, согласование о добыче нефти', 'переговоры России и Саудовской Аравии о нефти']",
2020-15,2020,15,,"['По поводу коронавируса: помощь населению', 'поддержка людей правительством', 'соцпособия, выплаты', 'врачей поддерживают, ветеранов войны и стариков поддерживают', 'выплаты, надбавки семьям, людям, которые потеряли работу', 'радует, что оказывается помощь безработным, малоимущим, детям и всем, кто нуждается в ней', 'насчет выплат за первого ребенка', 'пособие многодетным', 'пособие на детей до 7 лет']",
2020-15,2020,15,,"['Доллар поднялся, цены выросли', 'стоимость доллара, позиция рубля, повышение стоимости продуктов', 'продукты подрастают на 10-20%, бензин тоже']",
2020-15,2020,15,,"['Выступление Владимира Путина в связи с коронавирусом', 'обращение Путина к народу', 'обращение Путина о продлении самоизоляции до 30 апреля, видеоконференция с главами регионов', 'царь-батюшка пытался внедрить элементы земства']",
2020-15,2020,15,,"['Меры по стабилизации экономики', 'покупка государством акций Сбербанка', 'увольнение нашего губернатора, главы Минздрава']",
2020-15,2020,15,,"['Проблема с дистанционным обучением', 'дети бедные, особенно начальная школа, при дистанционном обучении', 'как в дальнейшем заканчивать школу будут наши дети в связи с карантином?', 'дистанционное обучение: как пройдут экзамены, как и куда поступит ребенок?']",
2020-15,2020,15,,"['Изменение Конституции', 'поправки в Конституцию', 'незаконное изменение Конституции', 'что не будут выборы 22 апреля о поправках в Конституцию']",
2020-15,2020,15,,"['Помощь, которую он оказывает другим государствам', 'помощь другим странам, когда нашим людям нужна помощь', 'от Трампа большое спасибо: он принял помощь с медмасками и препаратами']",
2020-15,2020,15,,"['Болезнь Бабкиной', 'Лещенко выздоровел', 'пожар в Москве в доме престарелых']",
2020-15,2020,15,,"['Борис Джонсон заболел', 'в Белоруссии не ввели карантин', 'спад экономики общемировой']",
2020-15,2020,15,,[],
2020-16,2020,16,,"['Коронавирус: сколько людей заболело, сколько умерло', 'пандемия коронавирусная, готовность к коронавирусу', 'распространение пандемии, болезни', 'рост заболеваемости коронавирусом в России', 'в связи с коронавирусом нагнетание паники']",
2020-16,2020,16,,"['Ограничения по передвижению и выходу из дома', 'самоизоляция и карантинные меры', 'ввели карантин на неограниченный срок', 'в Москве ввели пропускной режим', 'ужесточение мер в Москве с выходом на улицу']",
2020-16,2020,16,,"['Поддержка всех слоев населения. Тем, кто потерял работу, – выплаты', 'правительство говорит об оказании помощи нуждающимся', 'выплаты, компенсации безработным, помощь детям до трех лет', 'детские единовременные пособия: 5 тысяч обещают', 'социальные льготы малоимущим, и многодетным, и пенсионерам']",
2020-16,2020,16,,"['Выступление Путина по поводу действий в отношении эпидемии коронавируса. Ненагнетание паники по поводу эпидемии, освещение работы врачей', 'обращение президента к гражданам', 'последнее выступление Владимира Путина', 'выступление Путина, где он не сказал ни слова, что поможет простым людям']",
2020-16,2020,16,,"['Введение самоизоляции без введения карантина', 'введение штрафов за нарушение карантина, который не введен', 'новости о бесправном введении штрафов', 'негодование по самоизоляции', 'возмущение поведением власти', 'когда закончится ограничение прав граждан?', 'в связи с распространением коронавируса правительство отказывается вводить режим ЧС']",
2020-16,2020,16,,"['О том, что нет средств существования на время самоизоляции', 'посадили на изоляцию, а деньги никто не хочет платить', 'ввели самоизоляцию, не дают работать людям. Жить на что?', 'люди сидят, не работают, кормить детей нечем', 'о выплате заработных средств людям, которые работают неофициально. Предприятия их закрыты и что им делать?', 'остались без работы']",
2020-16,2020,16,,"['Внесение поправок в Конституцию', 'голосование будет по поводу Конституции, но из-за вируса отложили', 'зачем переписали Конституцию?']",
2020-16,2020,16,,"['Мишутин пришел к власти', 'работа в условиях именно сейчас правительства РФ', 'выделенные деньги на дополнительные заявки от губернаторов']",
2020-16,2020,16,,"['Решение правительства по поводу малого и среднего бизнеса', 'то, что правительство поддерживает малый бизнес', 'социальная поддержка малого и среднего бизнеса', 'действия относительно предпринимателей']",
2020-16,2020,16,,"['Цены поднимаются на продукты, на газ и свет', 'кризис экономический', 'об экономической ситуации в стране, о курсе доллара. Экономика очень тревожит', 'экономика – как выходим из этой ситуации']",
2020-16,2020,16,,"['Ситуация в школе', 'дистанционное обучение', 'то, что дети не учатся, то что образование проходит безобразно и заставляют сдавать ЕГЭ', 'дистанционное обучение в школах и вузах продляют']",
2020-16,2020,16,,"['Ситуация на нефтяном рынке', 'вопрос по нефти, что мы заключили сделку с Саудовской Аравией, договорились', 'сделка с ОПЕК', 'договоренность по добыче нефти']",
2020-16,2020,16,,"['6% ставка по ипотеке', 'ипотека под 6%', 'снижение ипотеки, квартиры не заморозятся', 'о снижении процента ипотеки']",
2020-16,2020,16,,"['Дня Победы праздника не будет', 'перенос Дня Победы', 'отмена парада к 75-летию Победы', 'перенесли парад 9 Мая']",
2020-16,2020,16,,"['То, что сейчас на территории нашей страны строится 16 медицинских центров в короткие сроки', 'строительство больницы', 'строительство клиники в Москве']",
2020-16,2020,16,,"['О компенсации потребительских кредитов граждан', 'перевернулся бензовоз в районе рядом с моим хозяйством. Думал, что все сгорит, но не сгорело']",
2020-16,2020,16,,"['Информация по Сирии и по Украине', 'чернобыльская зона горела', 'вулкан в Индонезии', 'Трамп решил Луну присоединить к США']",
2020-16,2020,16,,[],
2020-17,2020,17,,"['«Быстрое распространение коронавируса»', '«все события в связи с пандемией, ее развитие в России, за рубежом»', '«математические модели сроков окончания эпидемии»', '«мы скоро победим коронавирус»', '«нагнетание про коронавирус»', '«надуманный или не надуманный коронавирус»', '«ситуация с коронавирусом, показатель пошел вниз в целом мире»', '«что болезнь прогрессирует и не спадает»', '«что растет заболеваемость и смертность, пика еще нет»']",
2020-17,2020,17,,"['«В Москве ввели пропускную систему»', '«введение цифровых пропусков»', '«карантин будут продлять»', '«карантин, запрет на свободное перемещение»', '«продление карантина. Закрыли въезд и выезд в Москву и Московскую область»', '«то, что мы сидим на самоизоляции, и неизвестно, когда это все закончится»']",
2020-17,2020,17,,"['«Изменения с нефтью»', '«падение цен на нефть»', '«нефть стала вниз расти, это, с одной стороны, хорошо»', '«падение стоимости нефти»', '«цены на нефть, нефтяная война»']",
2020-17,2020,17,,"['«Волнение на Кавказе»', '«штрафами пугают, полицией – долой полицейское государство»', '«забастовки в связи с потерей работы»', '«незаконная самоизоляция»', '«полицейским разрешили стрелять по любому поводу»', '«штрафы ни за что людям»']",
2020-17,2020,17,,"['«Безработица и финансовые проблемы людей»', '«люди не работают, денег нет. У людей планка достатка понизится»', '«нет возможности зарабатывать»', '«люди без работы»', '«безработица из-за коронавируса»', '«у людей нет работы и средств к существованию»']",
2020-17,2020,17,,"['«Доллар подскочил»', '«акции упали, рубль падает, рынок обвалился»', '«бензин дорожает»', '«экономика – что будет дальше, как мы будем жить»', '«падение доллара»', '«экономика разваливается»', '«проблемы в экономике»']",
2020-17,2020,17,,"['«Благотворительность для малоимущих»', '«помощь народу России от президента, премьера и всего правительства»', '«детям до 5 лет выделяется помощь, пайки»', '«добавили выплаты на детей»', '«помогают людям, старикам, деньги одиноким, многодетным»', '«помощь населению России от правительства и государства»']",
2020-17,2020,17,,"['«Исполнение губернаторами своих обязанностей»', '«нововведения о действиях полиции»', '«по пенсионному фонду неправильное решение правительства»', '«связанные с работой нашего правительства»', '«закон о расширении прав полиции»']",
2020-17,2020,17,,"['«Выступление В. Путина о невыполнении его постановлений»', '«выступление президента о режиме самоизоляции, его действия»', '«из Ново-Огарева Путина показывают целый день»', '«реформы, которые создает Путин»', '«указы президента»']",
2020-17,2020,17,,"['«Вопрос с дистанционным обучением»', '«об образовании детей дистанционном, у меня волосы дыбом»', '«онлайн-обучение меня не устраивает»', '«учебный год закончить раньше»', '«в 11 классе ребенок – что по экзаменам, по ЕГЭ?»']",
2020-17,2020,17,,"['«Обсуждают Украину»', '«пожар в Чернобыле»', '«положение на Украине»', '«ситуация с Украиной»', '«Украина пустила ракеты»', '«что происходит в Украине, и что хотят идти на Крым»']",
2020-17,2020,17,,"['«Поправки в Конституцию»', '«поправки в Конституции переносят»', '«поправки в Конституцию ужасные»', '«принятие Конституции, ее поправки»', '«про Конституцию»']",
2020-17,2020,17,,"['«Беспокоит то, что ни одно обещание президента, озвученное в СМИ, никем не выполняется»', '«было обещано освободить граждан от оплаты ЖКХ, но граждане Башкирии не освобождаются»', '«отказ банков помогать гражданам»', '«помощь от Путина не оказана как многодетной маме»', '«сказали, будут оказывать помощь, но по факту ее нет»']",
2020-17,2020,17,,"['«Второй пакет мер о поддержке бизнеса»', '«касаемо того, что помочь малому бизнесу»', '«послабления бизнесу»', '«поддержка бизнеса»', '«поддержка бизнеса формальная»']",
2020-17,2020,17,,"['«Пожары в лесу»', '«пожар, горят леса в Сибири, в Забайкалье»', '«пожары страшные, везде там на Дальнем Востоке»', '«события, связанные с лесными пожарами»', '«пожар в Сибири, леса горят»']",
2020-17,2020,17,,"['«Все говорят, что больницы готовы к приему для больных коронавирусом, хотя я сама с ребенком лежу там, и нет никаких условий, ребенка заразили коронавирусом, никто не готов к эпидемии, в больнице инфекционной нет отделения, отсутствие врачей»', '«нехватка больничных мест»', '«в регионах стационары находятся в крайне плохом состоянии»', '«отсутствие у медперсонала средств защиты»']",
2020-17,2020,17,,"['«Ипотека 6%»', '«про ипотеку»', '«снижение процента по ипотеке»', '«условия по отсрочке выплат по ипотеке»']",
2020-17,2020,17,,"['«Возмутило, что 9 Мая перенесли на 3 сентября»', '«люди не соблюдают карантин и ходят без масок, это ни к чему хорошему не приведет»', '«несоответствие информации в СМИ с реальностью»', '«о приютах, где собаки, от том, что тяжело, надо помогать, голодают животные»', '«повышение зарплаты медицинским работникам, которые работают с пациентами, которые болеют коронавирусом»', '«повышение пенсии»', '«повышение преступности»', '«то, что строят больницы для людей, пострадавших от вируса»', '«у нас благоустраивается, высаживаются деревья, стал чистый город»']",
2020-17,2020,17,,"['«Информация про семью Ротшильдов и их взаимосвязь с Путиным. Путин планирует отойти от их владычества в мире»', '«события в Северной Корее»', '«у американцев еда заканчивается»']",
2020-17,2020,17,,[],
2020-19,2020,19,,"['«Пандемия»', '«о коронавирусе, который распространяется с большой скоростью»', '«эпидемия, ухудшение ситуации, возросло число заболевших»', '«об ужасном положении с коронавирусом»', '«много погибает народу от коронавируса»', '«коронавирусом замучили»', '«с вирусом выдуманное событие, и уже надоело»']",
2020-19,2020,19,,"['«В связи с коронавирусом введена самоизоляция»', '«пропускной режим»', '«введение обязательного ношения масок»', '«продление режима самоизоляции, штрафы за неношение перчаток»', '«штраф без маски 5 тысяч рублей»', '«продлена самоизоляция до конца мая»']",
2020-19,2020,19,,"['«День Победы»', '«организация праздника 9 Мая в этом году»', '«9 Мая отменили»', '«парада не было»', '«что будут красиво лететь самолеты в честь праздника, хоть и не будет парада»', '«салют, “Бессмертный полк”, песни, домашнее празднование 9 Мая»']",
2020-19,2020,19,,"['«Выплаты, которые обещают по потере работы»', '«забота о людях, врачах, выплаты семьям с детьми»', '«о доплатах пенсионерам и детям-инвалидам»', '«выплата 5 тысяч рублей малоимущим детям»', '«социальное обслуживание населения»']",
2020-19,2020,19,,"['«Все выступления президента, обращение к народу»', '«совещание у Путина»', '«конференция Путина 6 мая»', '«последнее выступление Путина»']",
2020-19,2020,19,,"['«Безработица из-за коронавируса, она нас уничтожает»', '«остановлена работа, люди обеднели»', '«нет рабочих мест. Как быть, на что жить? Долги растут – работы нет»', '«все плохо, и все мы живем на одну мою пенсию. Двое моих сыновей остались без работы»', '«как жить, на что жить нам дальше?»']",
2020-19,2020,19,,"['«Денежной нет поддержки населения»', '«государство людям не помогает»', '«никакой помощи нет»', '«медикам не выплачивают обещанные выплаты»', '«не выплачиваются пособия в связи с коронавирусом»', '«обещают 2 тысячи выплатить и никак не выплачивают»', '«обещают отсрочку ипотеки, а по факту ничего нет, никому ничего не платят»']",
2020-19,2020,19,,"['«Экономика в плачевном состоянии»', '«экономическое падение»', '«повышение цен»', '«цены растут»']",
2020-19,2020,19,,"['«О введении налогов на наши денежные средства, выступления Грефа»', '«высказывания МИД, Захаровой о том, что людям, у которых нет денег для выезда за рубеж, нечего там делать»', '«отставка мэра Нижнего Новгорода»']",
2020-19,2020,19,,"['«Изменения в Конституции»', '«поправки в Конституции»', '«голосовать за изменения и поправки в Конституцию»', '«голосование за Конституцию»']",
2020-19,2020,19,,"['«Болезнь главы правительства»', '«заболел Михаил Мишустин»', '«у премьера обнаружили коронавирус»']",
2020-19,2020,19,,"['«Вопросы образования и учебы на удалёнке»', '«образование: система дает сбои, некачественное»', '«досрочное окончание учебного года»', '«информация об экзаменах и окончании учебного года»']",
2020-19,2020,19,,"['«События, связанные с новостями о нефти»', '«ситуация с нефтью»', '«упадок нефти»', '«то, что рухнула нефть»']",
2020-19,2020,19,,"['«Вопросы о том, что открываются новые больницы»', '«об обеспечении медиков средствами индивидуальной защиты»', '«развитие медицины – строительство новых медицинских учреждений, развитие “скорых”, до деревни даже дошло»']",
2020-19,2020,19,,"['«Полиция выписывает незаконные штрафы людям, не соблюдающим меры самоизоляции»', '«лишили нас права на труд»']",
2020-19,2020,19,,"['«Пожары»', '«пожары в Забайкальском крае»', '«пожары на востоке»']",
2020-19,2020,19,,"['«Арест Анатолия Быкова»', '«помощь бизнесу»', '«сняли с эфира программу “Бесогон” на канале “Россия”»']",
2020-19,2020,19,,"['«Парад Победы в Белоруссии»', '«Лукашенко попросил поляков, чтобы они предоставили им нефть»', '«возобновление чемпионата по футболу в Германии»', '«снос памятника Коневу»', '«наши военные моют улицы в других странах»']",
2020-19,2020,19,,[],
2020-20,2020,20,,"['«Одна тема – коронавирус»', '«про обстановку с вирусом»', '«новости про коронавирус»', '«в основном про коронавирус – статистику, сколько выздоровело и сколько заразилось»', '«коронавирус. Смотрим, сколько заболело и сколько выздоровело, надеемся, что закончится»', '«новости о пандемии и о том, что выздоровевших много, а заболевших мало»', '«с коронавирусом не очень ясно, кому это выгодно. Насколько я в курсе, коронавируса вообще нет»', '«это сделано искусственным путем, чтобы опустить экономику России»']",
2020-20,2020,20,,"['«Выплаты из-за пандемии»', '«выплаты новых пособий»', '«выплаты социальные, помощь от государства»', '«государственная поддержка для семей, детей»', '«поддержка для детей: компенсация и матподдержка для населения»', '«поддержка детей в такой обстановке, семьи мало-обеспеченные поддерживают»', '«выплаты для детей»', '«выплата детям от 3 до 16 лет»', '«можно будет оформить для ребенка выплату 10 000 до 16 лет»']",
2020-20,2020,20,,"['«О частичной отмене изоляции»', '«разрешили выходить из дома – первый этап выхода из карантина»', '«заканчивается карантин»', '«завершение карантина»', '«отмена карантина и меры выхода из карантина, восстановление транспортного сообщения»', '«закончился период неработы предприятий»', '«выход на работу с 12 мая»', '«то, что сейчас всё открывается после коронавируса»', '«о снятии карантина в Московской области»']",
2020-20,2020,20,,"['«Путин заботится о своем народе»', '«работа президента в данный момент, его совещания с правительством, его указания, его контроль мне нравится»', '«Путин выступает, его люблю»', '«речь Путина 11 числа»', '«обращение президента от 11 мая»', '«обращение к людям Путина, уважение к людям – всё для народа он делает»', '«интервью Путина, где одно вранье, не соответствующее действительности»']",
2020-20,2020,20,,"['«Нерабочие дни, самоизоляция»', '«продление карантина»', '«запрет на перемещение в связи с коронавирусом»', '«ситуация с пропусками и продление нерабочих дней»', '«коронавирус: маски надо одевать и перчатки»', '«всё заточено на карантине и штрафах»', '«штрафы, которые за перчатки и за маски»', '«то, что не снимают карантин с Москвы»']",
2020-20,2020,20,,"['«Пособия медикам»', '«оплата медицинским работникам»', '«о зарплате медикам, которые работают с больными коронавирусом»', '«медикам затянули с выплатой»', '«невыплаты врачам»', '«скандал с выплатой медицинским работникам, работающими с COVID-19»', '«что медиками обещали выплатить денежку и не выплатили. Я возмущена!»', '«муж работает в скорой помощи. Должны были заплатить, но никто ничего не заплатил. И не будут платить»', '«то, что не выплатили деньги врачам, которые борются с эпидемией. Врач получил в Мурманской области 130 рублей»']",
2020-20,2020,20,,"['«Празднование 9 Мая, Дня Победы»', '«День Победы и трансляция»', '«насчет 9 Мая: будет переноситься, обязательно будет парад»', '«огорчило, что не было празднования Дня Победы»', '«празднование Дня Победы: авиационный пролет, песни с балконов, “Бессмертный полк"" в интернете, салют, общение с людьми, у которых кто-то погиб на войне»', '«участники Великой Отечественной войны должны быть в “Бессмертном полку”»']",
2020-20,2020,20,,"['«Скорее не совсем удачная борьба с нынешней эпидемией»', '«проблемы с воплощением центральных директив на местах»', '«решения, которые принимаются, на местах не исполняются»', '«региональное решение по ситуации с коронавирусом. Некомпетентность местных властей в обстановке коронавируса»', '«не будут помогать гражданам, которые на изоляции»', '«пособие на ребенка нельзя получить, удаленно сдав документы, хотя обещали удаленно»']",
2020-20,2020,20,,"['«С финансовой помощью для экономики»', '«национализировать рубль – программа Белоусова»', '«смена Мишутина Белоусовым – хороший мужчина»', '«запреты на охоту»']",
2020-20,2020,20,,"['«Вопросы, касающиеся ЕГЭ»', '«информация об ОГЭ и ЕГЭ и об окончании учебного года»', '«окончание учебного года школ и в целом образование»', '«отмена ЕГЭ и экзаменов, образование»', '«досрочное окончание учебного года»', '«отмена экзаменов для 9-го класса»']",
2020-20,2020,20,,"['«Строительство инфекционных больниц»', '«постройка новых госпиталей по коронавирусу»', '«госпитали построили»', '«молодцы наши военные, которые помогают со строительством госпиталей»']",
2020-20,2020,20,,"['«Экономика – растет безработица»', '«экономический кризис»', '«падение цен на нефть»', '«о ценах – рост»']",
2020-20,2020,20,,"['«Про Конституцию»', '«о том, что надо голосовать за изменения в Конституции»', '«референдум по Конституции»', '«про поправки, срок сидеть до пожизненного – про Путина»']",
2020-20,2020,20,,"['«Трамп о Победе»', '«заявления Трампа о победе в войне»', '«разговоры о роли Советского Союза в победе над Германией, и не нравится позиция США»', '«американцы фейки делают насчет Великой Отечественной войны – изменить историю хотят, всех возмущают»']",
2020-20,2020,20,,"['«Пожары и наводнения»', '«события с природными аномалиями или поджогами, наводнения, какие принимаются меры»', '«лес поджигали»', '«горят леса на Дальнем Востоке, Сибири»', '«затопление в Якутии, паводок»']",
2020-20,2020,20,,"['«Заболевание ковидом всего правительства»', '«оказание финансовой помощи предприятиям»', '«забастовки»', '«сроки начала курортного сезона в Сочи»', '«нечем прокормить семью и что будет дальше»', '«то, что погибли люди при использовании некачественных аппаратов вентиляции легких в больнице Святого Георгия в Петербурге»']",
2020-20,2020,20,,"['«Китай отправил ракету в Индию, Трамп ввел санкции против Китая, Европа активно снимает ограничения по самоизоляции»', '«открытие границ с Турцией на лечение»', '«начало футбола в Германии»', '«что Беларусь купила нефть у Америки»', '«в Америке китайцев стали избивать»']",
2020-20,2020,20,,[],
2020-21,2020,21,,"['«Вирус: сколько заболевших, сколько выздоровевших»', '«коронавирус и рост числа заболевших, вакцина от него»', '«коронавирус, очаговые проявления коронавируса»', '«погибло от коронавируса много людей. Это волнует, жалко людей»', '«недостоверная информация о заболевших коронавирусом»', '«вирус: есть он или он не существует?»']",
2020-21,2020,21,,"['«Мероприятия помощи населению»', '«про помощь населению»', '«выплаты материальные, поддержка»', '«о денежных выплатах в связи с карантином»', '«детям помогут, дали денег»', '«о помощи многодетным семьям, помощь детям»', '«соцвыплаты педагогам»']",
2020-21,2020,21,,"['«Введение масочно-перчаточного режима»', '«продление карантина до 1 июня»', '«введение штрафов за несоблюдение самоизоляции»', '«выход из самоизоляции»', '«то, что сняли пропуска в Московской области. Мы вчера кричали “ура!”»', '«снятие пропускного режима в нашем регионе»']",
2020-21,2020,21,,"['«Выплаты медработникам»', '«много говорили об оплате врачам»', '«врачам выплатили деньги»', '«проблемы с выплатами врачам»', '«злоупотребление денежными средствами, выделенными медработникам»', '«медработникам не выплатили обещанные премиальные»']",
2020-21,2020,21,,"['«Выступление президента»', '«как Путин обратился к народу о том, какие действия предприняты»', '«обращение президента последнее»', '«Путин дает указания, а никто ничего не исполняет»']",
2020-21,2020,21,,"['«Изменения в избирательном законодательстве»', '«поправки в законы»', '«выступление нашего губернатора Краснодарского края»', '«хотят принять закон о поведении чиновников»']",
2020-21,2020,21,,"['«Не забывают о поправках в Конституцию»', '«смена Конституции»', '«голосование о поправках»']",
2020-21,2020,21,,"['«О конце учебного года, образование»', '«больше всего онлайн-обучение»', '«про дистанционное образование. Склоняют к тому, что это заменит очное образование»', '«объявили о начале ЕГЭ»', '«перенос ЕГЭ, отмена ОГЭ»']",
2020-21,2020,21,,"['«События на Донбассе – обстрелы по мирным жителям»', '«Донецк, Луганск – политика»', '«о предательстве Порошенко, разговор Порошенко с Байденом»']",
2020-21,2020,21,,"['«Бездействие в области улучшения жизни населения»', '«ничего не исполняется, нет выплат»', '«поддержка, не дошедшая до предпринимательского сообщества»', '«пенсионеры не получают пенсии два месяца»']",
2020-21,2020,21,,"['«Обрушение экономики»', '«о кризисе финансовом»', '«падение рубля»', '«цены повышаются»', '«ЖКХ – больше цены»']",
2020-21,2020,21,,"['«Самое большое – День Победы»', '«9 Мая – уважение»', '«про “Бессмертный полк”»', '«не было парада на 9 Мая»']",
2020-21,2020,21,,"['«Безработица, безденежье»', '«у людей проблемы с деньгами и работой»', '«безработица большая»']",
2020-21,2020,21,,"['«Средний бизнес – помогают»', '«поддержка предпринимательства»', '«о поддержке предпринимательства и бизнеса, о выделении 25 млрд АвтоВАЗу – вот это запомнилось»', '«помощь компании “Роснефть”»']",
2020-21,2020,21,,"['«Ситуация в стране – пожары, наводнения»', '«вулкан на Дальнем Востоке»', '«вот эти пожары, наводнения»']",
2020-21,2020,21,,"['«“Бесогон"" Михалкова»', '«арест Быкова»', '«суд по делу пилота “Суперджета”»', '«возросшее количество недовольств»', '«бунт в колонии. Криминал больше всего волнует»', '«взрываются аппараты ИВЛ»', '«объявления о премиях “Книга.Ру” и премия “Лицей”»', '«пожары в больницах Зеленодольска»', '«будут строить приемники для бродячих собак»']",
2020-21,2020,21,,"['«Трамп вышел из договора по открытому небу»', '«восстановление положительных балансов по нефти в Америке»', '«самолет в Пакистане с жертвами»', '«то, что собираются хоккей в 2023 году перенести в Швецию»']",
2020-21,2020,21,,[],
2020-22,2020,22,,"['«Люди умирают от коронавируса»; «опять идет рост заболеваемости»; «коронавирус: что это, как это, откуда он взялся?»; «как обычно, этот чертов вирус. Когда он кончится?»; «борьба с короной, вакцину изобрели»; «разговоры о коронавирусе уже надоели, скорее бы кончалась эта тема».']",
2020-22,2020,22,,"['«Домосидение»; «ходить постоянно в масках»; «бесконечное продление карантина в Москве»; «послабления некоторые»; «можно выйти на улицу, и открываются магазины»; «введение режима прогулок в Москве».']",
2020-22,2020,22,,"['«Социальные выплаты»; «поддержка семей во время пандемии»; «помощь населению в связи с потерей доходов и работы»; «кто не работает, подняли по безработице пособие»; «выплата пособий семьям с детьми»; «дают деньги на детей в связи с карантином»; «информация о единовременных выплатах пенсионерам»; «о соцподдержке пенсионеров».']",
2020-22,2020,22,,"['«Парад – отмена и перенос»; «наверное, то, что объявили дату проведения парада 24 июня, дату проведения “Бессмертного полка"" 26 июля»; «очень понравилось, что парад Победы будет 24 июня, 26 июля будет “Бессмертный полк”».']",
2020-22,2020,22,,['«Мишустин выздоровел и вернулся к работе»; «без выборов назначили губернатора Брянской области»; «объединение НАО и Архангельска».'],
2020-22,2020,22,,"['«Поправки к Конституции, дата проведения»; «голосование за изменения в Конституции»; «объявили голосование за поправки к Конституции - отношусь к этому отрицательно».']",
2020-22,2020,22,,"['«Что было в Миннеаполисе, США – взрывоопасная ситуация»; «события в Америке, связанные с убийством чернокожего»; «беспорядки в Америке».']",
2020-22,2020,22,,"['«Заявления Путина по проблеме коронавируса»; «совещание у Путина»; «приказы и постановления Путина»; «Путин беспокоится обо всех»; «вся Россия обсуждает, как Путин психанул и бросался ручкой».']",
2020-22,2020,22,,"['«Народ остался без работы и без денег»; «возмутило, что люди сидят без денег, и с этим никак не борются»; «безработица»; «я нищая, я с голода умираю».']",
2020-22,2020,22,,"['«О повышении зарплат медикам, которые занимаются лечением коронавируса»; «врачам повысили пособие»; «медики столько стоят на посту, гибнут за идею, а им мало доплачивают»; «врачей обделили зарплатами, деньгами».']",
2020-22,2020,22,,['«Вчера Илон Маск запустил ракету в космос»; «запуск космического корабля американцами»; «в США запуск космического корабля с астронавтами».'],
2020-22,2020,22,,"['«Паводки и пожары»; «неблагополучие в стране – погода»; «наводнение в России, Приморский край»; «в Кузбассе ураган большой, люди погибли»; «ветер был очень сильный в Екатеринбурге»; «снег пошел в Москве».']",
2020-22,2020,22,,"['«События на Украине – политические»; «на Украине, в Донбассе продолжаются военные действия»; «на Украине хотят перекрыть воду и свет Донецку».']",
2020-22,2020,22,,['«Арест журналиста в одиночном пикете»; «мэра Владивостока перевели в СИЗО Владивостока».'],
2020-22,2020,22,,"['«Удивил Эрдоган, который не хочет брать нашу нефть из “Южного потока”, а берет, покупает в Америке»; «суждения Трампа о том, что в болезни заразной виноват Китай».']",
2020-22,2020,22,,[],
2020-23,2020,23,,"['«Пандемия»', '«о коронавирусе: текущее состояние»', '«международная ситуация, связанная с коронавирусом»', '«пока коронавирус – самый главный вопрос в России»', '«коронавирус – как за рубежом, как у нас лечат»', '«цифры о коронавирусе»', '«коронавирус: когда он закончится?»', '«коронавирус – непонятная ситуация»', '«снизился рост смертности от коронавируса»', '«увеличение заболеваемости коронавирусом в моём городе»']",
2020-23,2020,23,,"['«Катастрофа в Норильске»', '«авария с нефтепродуктами»', '«экологическая катастрофа, где разлилась нефть или топливо в тундре»', '«катастрофа на севере: 21 тысяча тонн соляры вытекла»', '«катастрофа на Севере: разлив экология – нефтяной коллапс»', '«разлив солярки и нефти. Была поражена, что богатое предприятие халатно отнеслось к этому»']",
2020-23,2020,23,,"['«Ситуация с убитым парнем в Америке, которого задушил полицейский»', '«волнения в Америке»', '«протест в США»', '«демонстрации в Америке»', '«в Америке страшные разбои»']",
2020-23,2020,23,,"['«Карантин и его окончание»', '«про продление карантина»', '«прогулки по районам: спецграфик составили»', '«о смягчении самоизоляции»', '«ослабление ограничений в Москве и Московской области»', '«о снятии ограничений»', '«не дают выезжать за границу»']",
2020-23,2020,23,,"['«Назначено голосование о поправке»', '«голосование 1 июля»', '«порядок голосования за изменения в Конституцию»', '«про поправку Конституции: скорее будут голосовать против»', '«Конституция принята без мнения граждан»']",
2020-23,2020,23,,"['«О социальных выплатах»', '«повышение пособий, выдача пособий, забота о человеке»', '«помощь родителям детей 3–16 лет и до 3 лет»', '«недавно всем детям раздали 10 тысяч. Это было необходимо»', '«указ, чтобы работающим пенсионерам была индексация»']",
2020-23,2020,23,,"['«Аномальные погодные явления»', '«пожары в стране»', '«наводнения, последние дожди»', '«наводнение на Камчатке, в Сибири»', '«ураган на Урале»', '«торнадо в Чечне»', '«смерч над нашей страной. Людей жалко. Что там творилось – крыши посрывало...»']",
2020-23,2020,23,,"['«Парад Победы назначили на 24 июня»', '«будем справлять День Победы»', '«великая война: парад Победы»', '«то, что будет парад»', '«назначен парад»', '«подготовка к параду Победы»']",
2020-23,2020,23,,"['«Рассмотрение законов по налогам»', '«будет новый налог с зарплаты на безработицу»', '«в связи с тем, что 1% зарплаты отчислять на безработицу, очень возмущен»', '«газ будут подключать бесплатно»', '«алкоголь всегда будут продавать до 19 часов»', '«лимит скорости 20 км в час убирают»']",
2020-23,2020,23,,"['«Изобретают вакцину против вируса»', '«создание вакцины»', '«вакцинация от ковида»', '«принудительная вакцинация от КОВИД-19»', '«обсуждение в Госдуме закона об обязательной вакцинации»']",
2020-23,2020,23,,"['«Арест Платошкина»', '«про екатеринбуржца, которого убили за рулон обоев»', '«убийство мальчика 8 лет»', '«арест бизнесмена Быкова»']",
2020-23,2020,23,,"['«Оплата медикам»', '«про выплаты медработникам»', '«выплаты медикам, которые работают на передовой»']",
2020-23,2020,23,,"['«Что Путин народу помогает»', '«изменения, про которые Путин рассказывал: помощь детям, помощь России»', '«выступление Путина о выплатах»', '«против открытия внешних границ с другими государствами – Путин»']",
2020-23,2020,23,,"['«Связанная с коронавирусом обстановка, при которой многие не могут найти работу»', '«бедные люди страдают»', '«рост цен из-за эпидемии»', '«безработица»']",
2020-23,2020,23,,"['«Старт нового американского корабля»', '«запуск космического корабля в США»', '«ракету Dragon в США запустили»', '«запуск многоразового корабля Илона Маска»']",
2020-23,2020,23,,"['«ОГЭ отменили»', '«футбол: возобновление чемпионата»', '«смерть жены Андрея Норкина Юлии»']",
2020-23,2020,23,,"['«Трамп ищет виновных в вирусе»', '«освещение событий в Сирии, гуманитарная помощь»', '«события в Белоруссии»']",
2020-23,2020,23,,[],
2020-24,2020,24,,"['«Связанное с КОВИД-19, с пандемией»', '«про коронавирус, откуда он взялся»', '«о коронавирусе и борьбе с ним»', '«про коронавирус – всё время информация льется потоком бесконечно»', '«новости, связанные с коронавирусом. Вторая волна в Китае»', '«идет на спад коронавирус»', '«коронавирус: цифры уменьшаются, это радует – идет к завершению»']",
2020-24,2020,24,,"['«Смертельное ДТП, Садовое кольцо»', '«Ефремов с убийством – сбил на машине насмерть мужчину. Как реагируют на это звезды, власть, что всё это останется безнаказанным»', '«Ефремов сбил человека на Садовом кольце в нетрезвом виде»', '«Ефремов на первом плане. Он сбил человека в пьяном виде, под наркотиками»']",
2020-24,2020,24,,"['«Отмена пропусков: можно без пропуска выходить»', '«закончилась самоизоляция для пенсионеров»', '«открытие торговых центров»', '«у нас начинают работать предприятия, бары, рестораны»', '«об открытии курортных сезонов, снятии ограничения»', '«отмена карантина в принципе в Москве. Это решение преждевременно – можешь нарваться на вторую, более тяжелую волну заболевания»', '«что продлевается у нас режим самоизоляции до конца месяца по Санкт-Петербургу»', '«карантин – продлевание – который не нужен»']",
2020-24,2020,24,,"['«О будущем голосовании»', '«выборы по изменению Конституции»', '«про дату голосования за Конституцию»', '«реклама про поправки выходит за все рамки»', '«слишком назойливая агитация по поправкам, уже тошнит»', '«выпуск государственных роликов о поправках в Конституцию – антипропаганда, высмеивающая ЛГБТ-сообщество»']",
2020-24,2020,24,,"['«Экологическая катастрофа в Норильске»', '«катастрофа в Норильске, разлив нефти»', '«авария на Севере под Норильском – утечка нефтепродуктов»', '«трагедия в Норильске»', '«разлив нефти у Потанина»']",
2020-24,2020,24,,"['«Беспорядки в Штатах»', '«события в Америке: те беспорядки, которые там происходят, и суть расовая»', '«события в США, связанные с убийством негра»', '«американские события: захват кварталов, бомбы»', '«революция в Америке»']",
2020-24,2020,24,,"['«Выплаты пенсионерам и детям»', '«пособия на детей и пособия безработным»', '«выплаты детям, выплаты пенсионерам, увеличение минималки»', '«выплаты детям до 16 лет – считаю, что это хорошая была помощь семьям, где есть дети»', '«отношение к людям в процессе пандемии, меры поддержки населения»', '«выплаты детские в связи коронавирусом»']",
2020-24,2020,24,,"['«Когда Мишустин заболел коронавирусом и вернулся загорелый»', '«законы в связи с коронавирусом»', '«по налогам и по перестановке руководителей»', '«постановления губернатора Воробьёва»']",
2020-24,2020,24,,"['«Второй День Победы скоро будет, парад»', '«подготовка к параду»', '«ситуация радостная, потому что скоро приближается парад и люди смогут в нем все-таки поучаствовать. Это очень радует, потому что это святое дело для нашего государства»']",
2020-24,2020,24,,"['«Наводнения и пожары»', '«наводнения и град на нашей территории»', '«затопило Краснодарский край»', '«наводнение в Сибири»', '«потоп в Ульяновске, пожары»', '«затопило Ленинград, а у нас нет дождей – мы молим»', '«ураган на Ставрополье»']",
2020-24,2020,24,,"['«Путин руководит хорошо, все указания нравятся»', '«борьба Путина с вирусом, помощь Путина людям без работы»', '«Путин говорил, давал приказы платить медикам»', '«Путин отчитывал за розлив нефти»']",
2020-24,2020,24,,"['«Криминальная хроника»', '«у нас в городе: расстрел подозреваемого в краже обоев. Это показывает работу властей»', '«полицейский беспредел»']",
2020-24,2020,24,,"['«Повернулись лицом к медицине»', '«по выплатам медработникам»', '«доплата медработникам»', '«невыплаты врачам»', '«медикам добавляли, и не выдали деньги медикам»']",
2020-24,2020,24,,"['«Открытие храма в Подмосковье: военный храм, связанный с Победой»', '«освящение храма»']",
2020-24,2020,24,,"['«Нашли вакцину от коронавируса»', '«насчет коронавируса: вакцинация будет»', '«обязательная вакцинация. Не хотим этого»']",
2020-24,2020,24,,"['«День города Севастополя; День России»', '«вопрос по сдаче экзаменов»', '«проценты ипотеки стали меньше»', '«забастовка шахтеров на шахте Комсомольска»']",
2020-24,2020,24,,"['«События в Ливии и Сирии»', '«рост и падение рынка акций, биржи»', '«расследование Нидерландов по поводу подрыва самолета»']",
2020-25,2020,25,,"['«О КОВИД-19»', '«ситуация с коронавирусом»', '«эпидемия коронавируса»', '«коронавирус: численность заболевших работников растет на предприятии и в нашем районе»', '«люди начали выздоравливать от вируса, болезнь заканчивается»', '«о том, что будет вторая пандемия, опять всё закроют»', '«то, что в Китае опять коронавирус начался, повторно»']",
2020-25,2020,25,,"['«Вся история с поправками в Конституцию»', '«Конституция и голосование за нее»', '«привлекает внимание шум о голосовании по поводу поправок в Конституцию»', '«интересует вопрос голосования о поправках: когда он будет и как будет проходить голосование»', '«выборы по Конституции, которую уже выбрали»', '«о Конституции: затронуты права пенсионеров, детей, учебы, работы»', '«касаемо выборов по Конституции, где говорится об обнулении сроков президента»']",
2020-25,2020,25,,"['«Эпидемия: транспорт не ходит, маски продают»', '«продление самоизоляции и карантина»', '«продление в Красноярском крае самоизоляции»', '«заканчивается карантин, и жизнь приходит в нормальное русло, к человеческим отношениям»', '«закрывают режим самоизоляции: это плохо умалчивают»', '«поэтапное снятие ограничений по пандемии, с увеличением числа зараженных»', '«открытие курортов в России»']",
2020-25,2020,25,,"['«Неспокойно в США»', '«протесты в Америке»', '«митинги в Америке»', '«ситуация в США в Сиэтле»', '«что в Америке поджигают и жгут»', '«что сейчас творится в Америке, что избивают чернокожих»']",
2020-25,2020,25,,"['«Разлитие нефтепродуктов в Норильске»', '«разлив нефти меня поразил: как могли люди недосмотреть – на Севере, на ТЭЦ!»', '«разлив топлива: ущерб природе, никого не наказывают»', '«о Норильске, когда 20 тысяч тонн солярки убежало в речку. Это нельзя такое делать!»']",
2020-25,2020,25,,"['«То, что парад состоится»', '«что не забывают наших дедов и прадедов, то, что они воевали, что они за нас жизнь отдали»', '«парад будет. Молодец, не забыл отцов и дедов»', '«парад хочется посмотреть»', '«перенесли парад. Зачем его перенесли?»']",
2020-25,2020,25,,"['«Новость про Ефремова: сбил человека»', '«о Ефремове – в состоянии алкогольного и наркотического опьянения сшиб машину так, что человек погиб»', '«джип Ефремова сбил человека, убил, а сейчас находится дома»', '«не нравится, как оскорбляют Ефремова»']",
2020-25,2020,25,,"['«Выплата пособий»', '«индексация пенсии и выплат»', '«пенсионерам обещали выплаты по три тысячи рублей»', '«выдали деньги многодетным в связи с коронавирусом»', '«помощь детям до 16 лет»', '«выплаты на ребенка по 10 тысяч – спасибо Мишустину и Путину»']",
2020-25,2020,25,,"['«Выступления Путина во всех сферах»', '«то, что Путин ругал за нефть»', '«когда Путин говорил о Победе»', '«интервью с Путиным»', '«статья Путина о войне для американского журнала»', '«вышла статья Путина об итогах Второй мировой войны»']",
2020-25,2020,25,,"['«Погодные аномалии, всевозможные потопы и пожары»', '«выбило градом весь урожай в Карачаево-Черкесии»', '«шквальные наводнения в Москве и Санкт-Петербурге, град»']",
2020-25,2020,25,,"['«Человек застрелил бывшую жену, ее ребенка и тёщу, и сам застрелился. В Москве»', '«в Москве вырезали семью»', '«мужчина ушёл из дома, взяв детей. Потом нашли детей в реке, а его нет»', '«криминальная обстановка в Татарстане»']",
2020-25,2020,25,,"['«Медицина: заработные платы»', '«давали премии медикам, а по факту им не дали»', '«местная власть творит с пособиями от Путина: медики не получили пособия»']",
2020-25,2020,25,,"['«Вакцина от коронавируса»', '«вакцина от ковида уже практически готова в России»', '«прививки от коронавируса. Обязательная вакцинация от коронавируса»', '«будут ли введены обязательные прививки? Я противник этого»']",
2020-25,2020,25,,"['«Снижение ключевой ставки Центробанка»', '«снижение ключевой ставки процента»', '«ставка Центробанка: снизили процент от 5,5 до 4,5%»']",
2020-25,2020,25,,"['«Возбуждение уголовного дела на Навального»', '«скончался от коронавируса глава Чувашии, который подавал заявление в Верховный суд на Путина»', '«85 лет Юрию Соломину»', '«бензин подорожал»', '«выдача аттестатов детям»']",
2020-25,2020,25,,"['«Выборы президента Белоруссии»', '«самолеты НАТО на границах наших»', '«конфликт между Индией и Китаем»', '«возобновление чемпионата Англии по футболу»']",
2020-25,2020,25,,[],
2020-26,2020,26,,"['«Агитация насчет поправок в Конституцию»', '«вовремя поправка в Конституцию происходит»', '«голосование за поправки к Конституции»', '«изменения ряда пунктов в Конституции»', '«оперативность в голосовании по поправкам в Конституцию»', '«электронное голосование по Конституции»', '«про Конституцию голосование, пытаются склонить всех на положительный ответ»']",
2020-26,2020,26,,"['«Парад в честь Победы»', '«парад Победы порадовал»', '«парад Победы, гордость за Россию»', '«парад Победы, несмотря на пандемию»', '«парад, который показал нашу всю технику»', '«празднование 24 числа взамен Дня Победы»', '«мне понравилось, как провели праздник 75-летия в Москве: были салюты, все хорошо подготовились»']",
2020-26,2020,26,,"['«Коронавирус пошел на спад»', '«коронавирус уходит постепенно, я считаю, Россия достойно вышла из вируса»', '«события о пандемии: она продолжается, заражений намного больше»', '«коронавирус. Нет вспышки, но она идет, всё скрывается»']",
2020-26,2020,26,,"['«Помощь и выплаты гражданам»', '«выплаты в связи с коронавирусом»', '«вопросы выплат для неработающих граждан, у которых есть дети»', '«выплата детям, семьям, которые без работы»', '«помощь детям, семьям выплачивают пособия»']",
2020-26,2020,26,,"['«Выступал Путин, всё подробно описывал»', '«обращение президента к нации»', '«последнее обращение Путина»', '«интервью Путина о войне, о попытках исказить правду»', '«статья Путина про войну и мировой порядок»']",
2020-26,2020,26,,"['«Самоизоляция и ограничение»', '«окончание карантина»', '«карантин отменяют, садики открывают»', '«снятие ограничений, открытие магазинов»', '«резкое снятие ограничений по коронавирусу. Давно пора это сделать»']",
2020-26,2020,26,,"['«Американский полицейский при задержании задушил черного, а потом началось забастовки, ломай-круши, демократия на коне»', '«беспорядки в США»', '«события в США, демократия, пример подражания»', '«то, что в Америке бунт черных, настораживает»']",
2020-26,2020,26,,"['«В Норильске разлили нефть»', '«разлив нефтепродуктов в Норильске»', '«катастрофа на Севере»', '«утечка топлива, загрязнение окружающей среды»', '«нефть пролилась, не помню где»']",
2020-26,2020,26,,"['«Все, что делал Мишустин со своей командой»', '«снижение ключевой ставки»', '«драка в саратовской Думе»']",
2020-26,2020,26,,"['«События с Михаилом Ефремовым»', '«Ефремов сбил человека»', '«артист пьяный сбил машину»', '«артист человека убил в пьяном виде и под наркотиками, Ефремов Михаил»']",
2020-26,2020,26,,"['«Будет индексироваться пенсия»', '«добавка к пенсии с 1 августа»', '«должны увеличивать пенсии»']",
2020-26,2020,26,,"['«Подъем цен в ЖКХ»', '«с июля поднимаются коммунальные услуги»', '«цены на ЖКХ поднимают»', '«цены на свет повышаются»', '«повышение цен с 1 июля»']",
2020-26,2020,26,,"['«Международное положение про Украину»', '«события на Донбассе»', '«события на Украине: обстрел Донбасса»']",
2020-26,2020,26,,"['«Умер Игнатьев»', '«дело по режиссеру Серебренникову»', '«Собчак избили»', '«перестрелка на шоссе, которая была с полицией. Это только в Москве»', '«затопляет Дальний Восток»']",
2020-26,2020,26,,"['«События в Белоруссии»', '«наводнение в Турции»']",
2020-26,2020,26,,[],
2020-27,2020,27,,"['«итоги референдума, процент “за” и “против”»', '«положительные результаты по поправкам в Конституцию»', '«про выборы – больше проголосовало за поправки»', '«общероссийское голосование по одобрению поправок в Конституцию»', '«поправки в Конституцию, фальсификация в голосовании»', '«голосование и радость жителей Нарьян-Мара о результате голосования»']",
2020-27,2020,27,,"['«борьба с пандемией»', '«информация о коронавирусе»', '«обстановка в стране и крае по коронавирусу»', '«про коронавирус: что его остановили»', '«вторая волна коронавируса»']",
2020-27,2020,27,,"['«помощь незащищенным, малообеспеченным людям»', '«помощь детям, социальные выплаты»', '«начисляют детские пособия, помощь многодетным»', '«добавляют детские пособия»', '«вторая выплата детям до 16 лет»', '«детям выплатили по 10 тысяч - спасибо правительству»']",
2020-27,2020,27,,"['«ситуация в Америке, связанная с расовыми волнениями, погромами»', '«бунт в Америке»', '«в США – снос памятников, целование ног у негров»', '«прекращение существования “свободной зоны Сиэтла”»']",
2020-27,2020,27,,['«парад на Красной площади»'],
2020-27,2020,27,,"['«продление карантина в Волгоградской области»', '«на 12 дней карантин опять продлили»', '«закрытые границы пока на выезд»', '«окончание коронавируса: открытие магазинов, открытие предприятий»', '«карантин с понедельника снимают, Крым открывают, кафе, торговые центры открывают»']",
2020-27,2020,27,,"['«обращение президента»', '«выступление Путина»', '«выступление Путина про коронавирус»', '«заявление Путина о войне»', '«Путин обещал, что скоро будет вакцина»', '«Путин приезжал на открытие памятника»']",
2020-27,2020,27,,"['«со всеми главами регионов. Это очень правильно»', '«очередные налоги, которых раньше не было – например, на воду»', '«снижение НДС по налоговым ставкам»', '«присвоение городам звания “Трудовой славы”»']",
2020-27,2020,27,,"['«повышение коммунальных услуг»', '«повышение с 1 июля цен на ЖКХ»']",
2020-27,2020,27,,"['«открытие памятника под Ржевом»', '«открылся памятник солдату – с пятиэтажный дом, подсветка»']",
2020-27,2020,27,,"['«о повышении пенсии»', '«повышение пенсии в мае, июне, но не для моего возраста»']",
2020-27,2020,27,,"['«шторм, крушения кругом, пожары и наводнения»', '«пожары в Сибири, на Дальнем Востоке»', '«о пожарах на Камчатке»']",
2020-27,2020,27,,"['«сложная ситуация с актером Михаилом Ефремовым»', '«Ефремов был пьян, и из-за него погиб Захаров. Родные Захарова не берут от него помощь»']",
2020-27,2020,27,,"['«о забастовках в Москве в день выборов»', '«смерть отца Хабиба Нурмагомедова»', '«перевод времени в Волгограде назад»']",
2020-27,2020,27,,"['«на границе с Монголией обнаружена чума»', '«в Африке 350 слонов погибли почему-то»']",
2020-27,2020,27,,[],
2020-28,2020,28,,"['«Были конституционные выборы»', '«выборы по Конституции»', '«голосование за Конституцию»', '«смена Конституции»', '«вступление в силу поправок в Конституцию»', '«Путин обнулился»', '«голосование по поправкам провели грамотно»', '«поправки к Конституции нечестные»', '«всё вранье, что проголосовали 78%, – народ устал»']",
2020-28,2020,28,,"['«Губернатор, которого обвиняют в убийстве в 90-е годы»', '«губернатор Хабаровского области оказался причастен к убийству»', '«посадка Фургала»', '«задержание Фургала, митинг в Хабаровске»', '«выступления в Хабаровске, история с губернатором Фургалом»', '«Хабаровск: восстание за Фургала – губернатора»', '«в Хабаровске на защиту губернатора народ встал и пошел на митинги. Это самое яркое»']",
2020-28,2020,28,,"['«Вопросы борьбы с коронавирусом»', '«информация о коронавирусе»', '«сведения оперативного штаба по коронавирусу»', '«коронавирус нас покидает»', '«сокращаются заболевания, сокращается смертность»', '«рост заболеваемости коронавирусом»', '«вторая волна коронавируса»', '«о том, что второй волны коронавируса не будет. Отменили»']",
2020-28,2020,28,,"['«Аномальная жара по всей России»', '«наводнения, пожары»', '«жара 40 градусов, ливень»', '«ливень в Геленджике»', '«пожары лесные, затопление, дамбу прорвало»', '«дамбу прорвало в Подмосковье, пожар в Якутии»']",
2020-28,2020,28,,"['«Выплаты безработным»', '«выплаты малоимущим»', '«соцвыплаты семьям с детьми и гражданам преклонного возраста»', '«помогают многодетным семьям»', '«помощь ветеранам, отношение к ветеранам»', '«пособие на детей»', '«повторная выплата детям до 16 лет»']",
2020-28,2020,28,,"['«Продление карантина»', '«ужесточение масочного режима»', '«отменяют с 13 июля масочный режим»', '«снятие ограничений»', '«возможность введения новых ограничений в связи с ухудшением ситуации с коронавирусом»', '«в Москве открываются детские сады»', '«всё открыли в Москве – стадионы и вузы»']",
2020-28,2020,28,,"['«Политические репрессии»', '«политические аресты»', '«задержание журналистов, давление на них»', '«арест журналиста Сафронова»', '«арест советника Роскосмоса»', '«я переживаю за Ивана Сафронова. Чтобы остался он на свободе»', '«арест Верзилова»', '«Платошкина оставили под домашним арестом»']",
2020-28,2020,28,,"['«Хорошая работа правительства»', '«работа правительства – отслеживаю»', '«разрешение продажи алкоголя до 23 часов»']",
2020-28,2020,28,,"['«Бывший член партии “Единая Россия” зарезал ножом 44-летнего мужчину»', '«пропала девочка, нашли сегодня мертвой»', '«убили бабушек»', '«перестрелка в городе, убийство и кража из местных новостей»']",
2020-28,2020,28,,"['«Ситуация с Ефремовым»', '«авария, которую совершил пьяный Ефремов»', '«авария нашего артиста защищают»', '«обсуждение Ефремова»']",
2020-28,2020,28,,"['«Привлекают события на Украине»', '«волнуют наши люди на востоке Украины, в Донбассе»', '«нарастание действий на Украине негативных»']",
2020-28,2020,28,,"['«Ситуация в США с черными бунтами»', '«про массовые беспорядки в США»', '«негры в Америке»']",
2020-28,2020,28,,"['«Сдача ЕГЭ»', '«дистанционное обучение детей»', '«образование: выходим ли в школу или нет»', '«1 сентября не будет линейки»', '«первого звонка в сентябре не будет»']",
2020-28,2020,28,,"['«Деятельность президента»', '«выступления Путина про политику»', '«Путин высказался, что мы ценим человека труда, а зарплата 22 тысячи рублей»']",
2020-28,2020,28,,"['«Возмущает повышение на ЖКХ без причины»', '«по поводу дорожания отопления»', '«подорожало ЖКХ»']",
2020-28,2020,28,,"['«Парад Победы»', '«Парад Победы: душа радуется, и я благодарна всем»']",
2020-28,2020,28,,"['«Что собор Святой Софии перевели в мечеть»', '«Турция: по поводу Софийского собора»', '«перевод собора Софии»']",
2020-28,2020,28,,"['«Обращение жителей Оренбургской области к Путину»', '«сокращение реализации нефти и газа»', '«Московский экономический форум»', '«обелиск под Ржевом»', '«фестиваль в Крыму»', '«в Брянске прошёл праздник – “Всероссийский день поля”»']",
2020-28,2020,28,,"['«Бубонная чума в Китае»', '«обвинение России в подкупе талибов, снос памятников по всему миру»', '«индейцам вернули Оклахому»', '«события в Белграде»']",
2020-28,2020,28,,[],
2020-29,2020,29,,"['«Весь народ бастует в Хабаровском крае»', '«возбуждение волны в Хабаровском крае, что посадили губернатора»', '«как наши митингуют за Фургала»', '«на Дальнем Востоке восстание»', '«порадовала новость о задержании Фургала»', '«события на востоке нашей страны: забрали губернатора в Москву, арестовали»', '«хабаровская трагедия, забрали несправедливо губернатора»']",
2020-29,2020,29,,"['«Болезнь, умирают люди от вируса»', '«борьба с пандемией»', '«изобрели вакцину от коронавируса»', '«коронавирус распространяется по всей стране»', '«коронавирус спадает»', '«о второй волне коронавируса»', '«статистика заболеваемости»']",
2020-29,2020,29,,"['«Всякие катаклизмы: Ростов заливает, в Поволжье жара»', '«катастрофы в России – пожары, наводнения, смерч, страдают люди»', '«много пожаров в России, много наводнений, с пожарами Россия справляется хорошо»', '«наводнение в Подмосковье»', '«наводнение – Сочи, Краснодар»', '«потоп в Ростове-на-Дону»', '«ЧС в связи с пожарами и наводнениями»']",
2020-29,2020,29,,"['«Конституция и поправки в нее»', '«по Конституции там хотели что-то обновить»', '«последние выборы о Конституции»', '«проценты по голосованию по внесению поправок в Конституцию»', '«прошедшее голосование о Конституции»', '«результаты голосования»']",
2020-29,2020,29,,"['«Выплаты, детские пособия»', '«выплаты денежные»', '«о выплатах»', '«получение пособий для самозанятых»', '«помощь людям, которые потеряли работу, дополнительные выплаты»', '«обещали пенсионерам 4-5 тысяч из-за пандемии»', '«выплата пособий детям и безработным»']",
2020-29,2020,29,,"['«Повышение цен на газ с 1 августа»', '«цены на газ повышают»', '«цены на продукты питания»', '«цены поднялись на квартиру, газ, воду»']",
2020-29,2020,29,,"['«В Питере продлили режим закрытия заведений – баров, кафе и т.д.»', '«выход из карантина, третий или второй этап»', '«ковид-19 что идет на спад, снимают ограничения»', '«отмена коронавирусных мер»', '«продление карантина»', '«снятие масочного режима»']",
2020-29,2020,29,,"['«Выход Украины из Минских соглашений: значит, война будет»', '«отношение с Украиной»', '«подготовка к войне на Украине»', '«Украина и Донбасс»', '«Украина интересует»']",
2020-29,2020,29,,"['«Конфликт Азербайджана с Арменией»', '«ситуация между Арменией и Азербайджаном»', '«нападение азербайджанцев на Армению»', '«армяно-азербайджанский конфликт»', '«эскалация конфликта Азербайджан – Армения»']",
2020-29,2020,29,,"['«Авария на “Норникеле” очередная»', '«разлив нефти в реку»', '«разлив топлива в Норильске, заражение окружающей среды»', '«разлив мазута под Норильском»', '«разлив дизтоплива в Сибири в ХМАО»', '«экологическая катастрофа»']",
2020-29,2020,29,,"['«Вопрос с деноминацией»', '«Набиулина согласилась с мнением Гладьева»', '«ограничили права приставов»', '«упрощенное усыновление детей»', '«штрафы для владельцев автомобилей»']",
2020-29,2020,29,,"['«Беспорядки в США»', '«протесты в США»', '«Америка буянит»', '«обстановка в США – черно-белое взаимодействие, противостояние»', '«события в Америке с притеснением прав черных людей»', '«демонстрации чернокожих в Америке»']",
2020-29,2020,29,,"['«Митинги в Питере и Москве, против Путина, против обнуления»', '«протесты в Москве и Петербурге»', '«разгон демонстрации в Москве»', '«митинги в Москве»']",
2020-29,2020,29,,"['«Будет парад военно-морской»', '«парад военно-морского флота»', '«подготовка к параду в Питере»', '«предстоящий праздник – День ВМФ»']",
2020-29,2020,29,,"['«Арест журналиста Сафронова»', '«аресты политических противников»', '«задержание журналистов»', '«задержание в Москве»', '«незаконный арест журналиста»']",
2020-29,2020,29,,"['«О повышении пенсии»', '«про пенсии»', '«лишь бы мне увеличили индексацию пенсии, обещанную еще полгода назад»']",
2020-29,2020,29,,"['«Был пожар в Самаре»', '«гибель водителя кормовоза»', '«девочка погибла в Листвянке, шли в поход»', '«Ефремов»', '«пожар на заводе пластика»', '«церковь Петра и Павла горела»']",
2020-29,2020,29,,"['«175 лет праздновали географическому обществу»', '«всеобщая мобилизация»', '«депутата Московской области должны были посадить за кражу»', '«за выслугу лет удерживают у пенсионеров надбавку»', '«закрытие “Ленэкспо”»', '«что первое сентября онлайн, и будет ли учеба как обычно»', '«обещали не арестовывать счета во время пандемии, но у меня арестовали»', '«подступает бубонная чума, очередная пандемия»', '«то, что жестоко избивают людей на улице и сажают в тюрьму за демократический разговор»']",
2020-29,2020,29,,"['«В Сирии поймали бандитов»', '«встреча с Лукашенко»', '«выборы в Беларуси»', '«нападки со стороны иностранных государств США, Великобритании по поводу вакцины от коронавируса»', '«не нравится поведение США»', '«о сбитом самолете»', '«попытка открыть границу с Республикой Беларусь»', '«решение президента Турции Эрдогана – собор Святой Софии будет мечетью»', '«самолеты-разведчики летали в небе»', '«санкции против “Северного потока-2”, “Турецкого потока”»']",
2020-29,2020,29,,[],
2020-30,2020,30,,"['«Про Фургала: его выставили не в лучшем свете, и во всем виновато правительство»', '«посадили в тюрьму Фургала»', '«Фургал много людям давал, и его захапали»', '«что происходит в Хабаровском крае: общественные движения народа на защиту своего губернатора»', '«в Хабаровске идут массовые волнения, люди в поддержку избранного губернатора делают демонстрации»', '«митинги в Хабаровске. Полностью поддерживаю людей. К сожалению, это не освещает телевидение»', '«хабаровские протесты – молодцы»', '«Хабаровск – сменили главу края»', '«события в Хабаровском крае. Со стороны президента это плевок людям в лицо: назначили глупого губернатора, в его резюме куча глупостей»']",
2020-30,2020,30,,"['«Борьба с коронавирусом»', '«информация по ковид-19»', '«о количестве заболевших от ковида за день»', '«правительство снимает ограничения после пандемии»', '«заканчивается самоизоляция»', '«снижается количество заболевших и увеличивается количество выздоровевших от коронавируса»', '«коронавирус. Разработка вакцины»', '«по области продлили ограничительные меры»', '«вновь будет карантин»', '«опять возвращается коронавирус»', '«вторая волна ковида – обсуждения в СМИ»']",
2020-30,2020,30,,"['«26 июля будет День военно-морского флота»', '«День ВМФ»', '«подготовка к параду ВМФ»', '«военно-морской парад»', '«сегодняшний день привлек внимание – День морского флота, парад замечательный!»']",
2020-30,2020,30,,"['«Аномальные погодные условия»', '«пожар в Сибири в лесах»', '«пожары в лесах Якутии, Сибири»', '«Свердловская область затоплена»', '«ливень в Краснодаре»', '«затопило на Байкале людей»']",
2020-30,2020,30,,"['«В России готовится деноминация и девальвация рубля»', '«изменение порядка получения российского гражданства»', '«отчет правительства в Думе»', '«списание кредита Сбербанку – 150 млрд»', '«Мизулина предлагает законодательно закрепить, что брак – это только союз мужчины и женщины»', '«штраф для грибников»']",
2020-30,2020,30,,"['«Поддержка семей с детьми»', '«помогает многодетным семьям государство»', '«детям-инвалидам, пенсионерам хорошо помогает государство»', '«дополнительные разовые выплаты детских пособий в связи с пандемией. Это очень разумное предложение»', '«о постоянной выплате пособий для детей до 7 лет»']",
2020-30,2020,30,,"['«Голосование об изменении в Конституции»', '«поправки по Конституции и заинтересованность, как это будет в дальнейшем работать»', '«голосование за поправки»', '«о нечестном голосовании за поправки в Конституцию в некоторых регионах»']",
2020-30,2020,30,,"['«Отношения России с Украиной»', '«ужас в Украине. Жалко мне их»', '«захват заложников на Украине»', '«захват автобуса в Луцке»']",
2020-30,2020,30,,"['«Открывают полеты за границу»', '«открытие авиасообщения с зарубежными странами»', '«открытие границ международного сообщения с 1 августа»', '«открытие границ с тремя странами»', '«открытие Турции»']",
2020-30,2020,30,,"['«О повышении пенсии»', '«надбавки пенсионерам обещают»', '«повышение с 1 августа пенсии»', '«мизерные добавки к пенсии»']",
2020-30,2020,30,,"['«Конфликт Армении и Азербайджана»', '«инцидент в Армении, Азербайджане»', '«война между Азербайджаном и Арменией»', '«армяне с азербайджанцами воюют»']",
2020-30,2020,30,,"['«О работе школ, начиная с сентября»', '«по поводу школ. Обрадовало то, что не будет дистанционного образования»', '«про учебу: будет или нет 1 сентября»', '«информация по поводу ЕГЭ: математика и химия сложные»']",
2020-30,2020,30,,"['«Ситуация в США»', '«что в Америке делается»', '«в Америке творится что-то плохое»', '«в Америке бардак»']",
2020-30,2020,30,,"['«Про Путина»', '«хорошая политическая работа Путина»', '«президент выдал помощь на детей»', '«поездка Путина в Крым»', '«на параде у Путина был плохой вид – наверное, болеет»']",
2020-30,2020,30,,"['«Летний отдых: компенсация за отдых»', '«указ о возвращении денег, потраченных на турпутевку»', '«компенсируют людям отдыхающим от-дых»', '«будут туристам возвращать 50% тем, кто будет отдыхать на российских курортах»']",
2020-30,2020,30,,"['«Суд над Дмитриевым из Карелии»', '«падает процент по вкладам»', '«победа “Зенита” в кубке, проигрыш Александра Емельяненко Исмаилу в боях без правил»', '«отдых в Краснодарском крае: большой наплыв отдыхающих»', '«в Забайкальском крае появилось заболевание, от которого погибают свиньи»']",
2020-30,2020,30,,"['«Протесты в Белоруссии»', '«храм Софии перешел в Турции в мусульманское владение из христианского»', '«попытки американских и не-мецких самолетов проникнуть на нашу территорию»', '«американский самолет очень близко летел к иранскому самолету – это меня обеспокоило»']",
2020-32,2020,32,,"['«Бейрут – страшные вещи»', '«взрыв в порту Ливана»', '«катастрофа в Бейруте – взрыв гигантский»', '«взрыв аммиачной селитры»', '«взрыв селитры русского какого-то бизнесмена. Жалко людей»', '«взрыв, по которому оказывали гуманитарную помощь, — наша положительная черта»']",
2020-32,2020,32,,"['«Фургала задержали – люди протестуют, а их не слышат»', '«ситуация в Хабаровске, связанная с Михаилом Дегтяревым»', '«ситуация в Хабаровске – театр с губернатором»', '«события в Хабаровске, митинги в связи с арестом Фургала»', '«насчет протестов в Хабаровске – молодцы, стоят, отстаивают своего губернатора»', '«Хабаровск, вся Сибирь негодует»', '«почему по телевидению не показывают забастовки в Хабаровском крае?»']",
2020-32,2020,32,,"['«Борьба с коронавирусом»', '«текущие события с коронавирусом в России и мире»', '«ковид беспокоит, радует, что пошло в лучшую сторону»', '«информация о пандемии, вторая волна»', '«вакцину нашли и вторая волна»', '«увеличивающееся количество зараженных в Омской области»', '«в Башкирии пик заболеваемости, и это скрывают, больницы переполнены, скорые не едут»']",
2020-32,2020,32,,"['«Проблемы с нашими гражданами в Беларуси»', '«господин Лукашенко: задержаны 33 богатыря»', '«в Белоруссии захватили наших российских людей»', '«арест российских граждан в Белоруссии»', '«задержание представителей частной военной компании на территории Беларуси»']",
2020-32,2020,32,,"['«Ситуация с выборами президента в Белоруссии»', '«Беларусь – выборы, энтузиазм народа»', '«митинги в Белоруссии»', '«протесты в Белоруссии»']",
2020-32,2020,32,,"['«Наводнения в Сибири»', '«наводнения в Забайкалье»', '«потопы везде, идет помощь всем людям, которые пострадали»', '«горит лес в России, тушить некому»', '«пожары в Сибири»', '«пожары в Якутии медленно ликвидируют»', '«засуха в Курганской области меня как жителя волнует больше всего. Лесные пожары от засухи в области»']",
2020-32,2020,32,,"['«Выплаты в связи с коронавирусом»', '«выплаты медработникам»', '«выплаты детям продолжаются»', '«добавки на детей Путин ввел»', '«выплаты детям во второй половине августа»', '«выплаты детям от 3 до 16 лет»', '«о выплатах на ребенка как матери-одиночке»', '«выплаты капитала за третьего ребенка»']",
2020-32,2020,32,,"['«Очередные законы, которые работают против граждан»', '«распределение бюджета на образование и медицину»', '«решили бюджет убавить у армии и медицины»', '«закон о закрытии кальянов»', '«деньги выделяли на госнужды в районах региона»']",
2020-32,2020,32,,"['«Инцидент с Михаилом Ефремовым»', '«Ефремов под домашним арестом»', '«Ефремов, суд»', '«какой будет приговор Михаилу Ефремову? Мы считаем, что должна восторжествовать справедливость, хоть он и известный актер»']",
2020-32,2020,32,,"['«Голосование по изменениям в Конституции»', '«то, что после голосования сразу начались изменения»', '«обман с Конституцией»']",
2020-32,2020,32,,"['«Украина»', '«на Украине ничего хорошего»', '«Донбасс»']",
2020-32,2020,32,,"['«Открытие границ с другими странами, авиасообщения отлажены, именно чартерные рейсы»', '«открыли границы Турции и Великобритании»', '«Турция открылась»']",
2020-32,2020,32,,"['«Падение самолета в Индии»', '«самолет в Индии упал»', '«самолет в Индии сел, вылетел за полосу и развалился»']",
2020-32,2020,32,,"['«Об образовании»', '«дистанционка – продление»', '«коронавирус – обучение детей в школе»']",
2020-32,2020,32,,"['«Повышение цен»', '«различные повышения налогов, повышение НДФЛ»', '«рост цен на бензин, на газ»', '«то, что цены поднялись на “Платон"". Зажимают и зажимают. Ничего хорошего не слышал пока»']",
2020-32,2020,32,,"['«Отмена статуса озера Байкал»', '«закрытие Фонда борьбы с коррупцией»', '«много людей отдыхает на Черном море, в Крыму, не соблюдают масочный режим»', '«начали делать дороги в Иркутской области, и в самом Иркутске строят торговые центры»']",
2020-32,2020,32,,"['«Конфликт Трампа и Китая»', '«конфликт в Армении»', '«митинги в Германии»', '«в Китае открыли новый вирус»']",
2020-32,2020,32,,[],
2020-33,2020,33,,"['«Беларусь, Минск, выборы»', '«совершенно нечестные выборы в Белоруссии и связанные с этим протесты»', '«события в Белоруссии: много народу выступает против Лукашенко»', '«ситуация в Белоруссии: выборы и митинги, избиение людей»', '«Беларусь – вопиющая фальсификация на выборах, издевательство над людьми, которые вышли против фальсификации»', '«Беларусь: о мирных протестах, как власть проявляет насилие против протестующих»']",
2020-33,2020,33,,"['«Хабаровские волнения»', '«в Хабаровске требуют честного суда»', '«Хабаровск – стабильные митинги в поддержку Фургала и против централизации российской власти»', '«Хабаровск – народ больше месяца выходит на улицу, а их не слышат»', '«народ в Хабаровске встает против Путина»']",
2020-33,2020,33,,"['«Коронавирус – заболевшие и распространение»', '«ситуация в Москве с коронавирусом, как скоро он закончится»', '«ограничения сняты»', '«о том, что вторая волна коронавируса»', '«лекарство от коронавируса»', '«об эпидемии коронавируса и про прививки против пандемии»']",
2020-33,2020,33,,"['«События в Бейруте»', '«за границей взорвался аммиак»', '«большой взрыв в Ливане, много погибших»']",
2020-33,2020,33,,"['«Отчет в Госдуме Мишустина»', '«Мишустин поехал на Дальний Восток»', '«приезд Володина в Саратов»', '«сказали, что прибавят пенсию, ноне прибавили»']",
2020-33,2020,33,,"['«Помощь людям в период коронавируса»', '«детям добавляют выплаты, врачам, которые боролись с вирусом»', '«пособия на детей, выплаты»', '«пособие на детей от 3 до 16 лет»', '«выплата 10 тысяч рублей»']",
2020-33,2020,33,,"['«Леса горят»', '«ситуация в стране: пожары, наводнения»', '«наводнения и пожары. Краснодарский край тонет, Новороссийск тонет»', '«Дальний Восток, где произошло наводнение, пожары в стране»', '«пожары на Амуре, на Урале»']",
2020-33,2020,33,,"['«Отслеживаю, что пишет пресса о начале учебного года»', '«образование, школа: будет ли дистанционное обучение?»', '«образование: заинтересовало, будут ли дети учиться: во многих семьях нет компьютеров. Поломался ноутбук, и я не в силах его купить»']",
2020-33,2020,33,,"['«Вопросы о высоких налогах»', '«повышение тарифов на жилье и цены в магазинах»', '«повышение цен на электронику»']",
2020-33,2020,33,,"['«Захватили в Белоруссии наших людей – 30 с лишним человек»', '«Белоруссия: когда 33 человека российских взяли там, задержали»', '«как попали 33 русских в Белоруссии: заявления Лукашенко разные по смыслу»']",
2020-33,2020,33,,"['«Встречи Путина с различными руководителями»', '«встреча Путина с губернатором Камчатки»', '«Путин подписал указ, что сейчас генералы не будут носить каракулевые шапки»']",
2020-33,2020,33,,"['«Всё то, что творится на Украине»', '«Украина – беспорядки»']",
2020-33,2020,33,,"['«Ситуация в Башкортостане: гора Куштау»', '«митингуют: события в Башкирии, где хотят уничтожить шиханы»', '«движение в защиту горы Куштау»']",
2020-33,2020,33,,"['«Митинги в Питере, Москве, других городах»', '«митинг в Новосибирске»', '«в Северной Осетии арест некоторых чиновников»', '«в Москве опубликован план переселения по реновации»', '«в Волгограде заправка взорвалась»']",
2020-33,2020,33,,"['«Крушение японского танкера»', '«погромы в Америке, Чикаго»']",
2020-33,2020,33,,[],
2020-34,2020,34,,"['«Беларусь, всё, что ее касается»', '«Беларусь: вся ситуация, что там происходит»', '«больше слушаем, что делается в Белоруссии, переживаем»', '«мы переживаем за Белоруссию: это наш сосед, партнер»', '«митинги в Белоруссии по поводу президентских выборов»', '«народное восстание в Минске, в Белоруссии, восстание народа»', '«в Белоруссии революция»', '«в Минске и в Белоруссии не очень хорошо: страшновато становится»', '«в Белоруссии ситуация, которая напоминает Украину в 2014 году»', '«выборы в Белоруссии, мы за Лукашенко»']",
2020-34,2020,34,,"['«Ситуация с Навальным»', '«события в Омске: отравление Навального»', '«отравление Навального»', '«попытка убийства Навального»', '«Навальный в коме»', '«как Навального сняли с самолета»']",
2020-34,2020,34,,"['«Ситуация с Фургалом»', '«в Хабаровске Фургала посадили»', '«митинги в Хабаровске»', '«события в Хабаровске: забастовки»', '«Дальний Восток: забастовки в Хабаровске»']",
2020-34,2020,34,,"['«Обстановка с коронавирусом»', '«развитие пандемии в стране»', '«изоляция заканчивается»', '«в связи с ковидом – прививки»', '«вакцинация от коронавируса»', '«в Челябинске снятие ограничительных мер»']",
2020-34,2020,34,,"['«Мишустин ездил по областям с проверками»', '«ездил по Северу Мишустин»', '«поездки Мишустина по Сибири и дальше»', '«поездка Мишустина по Дальнему Востоку»', '«премьер проехал на Дальний Восток»', '«Мишустин был в Приморском крае»', '«Мишустин был на Дальнем Востоке и меры поддержки предпримет»']",
2020-34,2020,34,,"['«Начало нового учебного года»', '«обучение 1 сентября»', '«как в школе начнется учебный год»', '«пойдут ли дети в школу»', '«про обучение детей в школе»', '«как будут школьники учиться и будут ли учиться»', '«карантин могут опять поставить в школе с 15 сентября»']",
2020-34,2020,34,,"['«Глобальное потепление и похолодание, дожди»', '«пожары везде в Сибири»', '«леса горят»', '«пожары в Красноярском крае»', '«пожары, наводнения всякие, Алтайский край горит сильно, люди страдают, мучаются»', '«город затопило – наш город, Благовещенск»']",
2020-34,2020,34,,"['«События в Башкирии – насчет горы»', '«в Башкирии хотят гору забрать, чтобы добывать известняк»', '«в Башкирии разрабатывают производство соды, что привело к митингу»', '«бунт в Башкирии»', '«в Башкирии защищали гору Куштау, историческая гора. Ее отстояли»']",
2020-34,2020,34,,"['«Украина: все разговоры»', '«что происходит на Украине»', '«плачевная ситуация в Украине»', '«Украина: плохо там всё, фашисты пришли к власти почти»', '«люди, которые пострадали в Донбассе»']",
2020-34,2020,34,,"['«Что будет позволяться налоговой службе»', '«решение по поводу отслеживания пенсионеров, кто сдает жильё»', '«изменение закона для автовладельцев»', '«транспортный налог хотят отменить»', '«готовятся выборы, у нас ездит Махонин везде, светится на стройках»']",
2020-34,2020,34,,"['«Выплаты детям»', '«обещают выплаты на детей в августе»', '«выплаты с 3 до 16 лет»', '«десять тысяч на ребенка каждому к 1 сентябрю»', '«пенсия: добавку пенсионерам»']",
2020-34,2020,34,,"['«Про Михаила Ефремова»', '«когда закончится трёп по поводу Ефремова»', '«актер сделал аварию, задавил человека, отмазывают его. Если бы был простой человек, давно бы сидел на нарах. Закон для всех одинаковый должен быть»']",
2020-34,2020,34,,"['«Взрыв в Бейруте»', '«взрыв: аммиачная селитра взорвалась»']",
2020-34,2020,34,,"['«Цены растут как грибы»', '«платеж за квартиру повышается, цены в магазине повышаются»', '«цены на услуги ЖКХ»', '«нефть дорожает или дешевеет, а бензин дорожает»']",
2020-34,2020,34,,"['«В Ярославле взорвался дом, жертвы есть»', '«День российского флага»', '«деньги медработникам не доходят»', '«провели телефонизацию села нашей области»', '«смерть Легкоступовой»', '«губернатор Архангельской области хорошо начал работать»']",
2020-34,2020,34,,"['«Что творится в США»', '«события в Иране»', '«футбол шел у нас, первенство Европы»', '«Илон Маск спросил, чем может помочь Белорус-сии»', '«смерть российского генерала в Сирии»']",
2020-34,2020,34,,[],
2020-35,2020,35,,"['«Все события в братской Белоруссии»', '«беспорядки в Белоруссии»', '«то, что творится в Белоруссии. Лукашенко молодец, что сражается за власть, это происки извне»', '«Белоруссия: хотят американцы устроить майдан»', '«тема Белоруссии. Если Беларусь добьют, возьмутся за нас»', '«беда в Белоруссии»', '«новости Белоруссии»']",
2020-35,2020,35,,"['«Информация о коронавирусе»', '«масочный режим коронавируса, ограничение передвижения»', '«рост заболеваний в нашей области»', '«события о коронавирусе. Людей замучили карантином, из мухи сделали слона, еще и штрафы заставляют платить»', '«создали вакцину против коронавируса»', '«вторая волна эпидемии»', '«когда пандемия закончится?»']",
2020-35,2020,35,,"['«Новости про Навального»', '«что происходит с Алексеем Навальным»', '«об отравлении Навального – кто, зачем?»', '«жалко Навального»']",
2020-35,2020,35,,"['«События в Хабаровске»', '«митинги в Хабаровске, равнодушие власти к этому вопросу»', '«митинги в Хабаровске проходят уже месяц»']",
2020-35,2020,35,,"['«Природные аномалии в нашей стране – наводнения, пожары. Большие масштабы, и страдают люди»', '«пожары в российских лесах»', '«тайга горит, всё горит»', '«пожаров очень много – это страшно, где-то затопило»', '«наводнение на Дальнем Востоке»', '«затопило Амур-скую область»', '«пожар в Оренбургской области»']",
2020-35,2020,35,,"['«Интервью Путина»', '«высказывание Путина о Белоруссии»', '«Путин собрался спецназ отправлять на помощь Лукашенко»', '«Путин сказал, что зарплаты всем поднимет»', '«Путин приехал в Крым на открытие дороги»']",
2020-35,2020,35,,"['«Сведения о школе, как учебный год начнется»', '«порядок выхода детей на учебу»', '«новости об учебе: дистанционно или не дистанционно?»', '«возможность очно с 1 сентября пойти учиться в школу»', '«школьники начинают учиться не дистанционно»']",
2020-35,2020,35,,"['«Выборы губернатора»', '«в нашем регионе выборы в Думу»', '«ЛДПР выступает в СМИ»']",
2020-35,2020,35,,"['«Гора Куштау в Башкирии, события вокруг нее»', '«гора в Башкирии, содовая компания»', '«проверка содовой компании»', '«надеюсь, что не будут гору пилить в Башкортостане»']",
2020-35,2020,35,,"['«Ситуация в Украине»', '«больше всего волнует Украина»', '«украинские – обстрел автобуса»']",
2020-35,2020,35,,"['«Материальные выплаты»', '«пособия на детей»', '«выплаты на детей, детские пособия»', '«поддержка врачей»', '«выплаты медикам»']",
2020-35,2020,35,,"['«Америка: выборы»', '«подготовка к выборам президента США»', '«США: там Дональд Трамп никак не может разобраться с неграми»', '«о митингах в США»', '«погромы в штатах»', '«пожар в Калифорнии»']",
2020-35,2020,35,,"['«Падение курса рубля»', '«выплаты низкие»', '«пенсионеры не могут получить денег, цены на бензин всё выше»', '«ЖКХ – рост тарифов»', '«повышение стоимости коммунальных услуг и всех остальных услуг»']",
2020-35,2020,35,,"['«Новости региона Крыма»', '«пожар в Крыму»', '«открытие дороги в Крыму»', '«открыли трассу “Таврида”»', '«открытие автомагистрали “Таврида”»']",
2020-35,2020,35,,"['«Ефремов: суд над ним»', '«Ефремов: виноват или не виноват?»', '«осуждение Ефремова»']",
2020-35,2020,35,,"['«Поездка Мишустина на Дальний Восток»', '«Мишутин появился на Дальнем Востоке»', '«поездка Мишустина по регионам»']",
2020-35,2020,35,,"['«Благовещенск: перегородили дорогу»', '«митинг в Норильске»', '«забастовки курьеров в Москве и шахтеров в Сибири»', '«авария в Воронежской области заинтересовала»']",
2020-35,2020,35,,"['«Уход с поста японского правителя»', '«турецкое правительство выявило газ»', '«о спасении российской туристки в Альпах»']",
2020-35,2020,35,,[],
2020-36,2020,36,,"['«Белоруссия – что творится в Белоруссии»', '«митинги в Белоруссии»', '«поддержка Белоруссии»', '«репрессии в Белоруссии»', '«цветная революция в Белоруссии»', '«смотрю про Белоруссию. Хотят сделать как в Украине, Лукашенко молодец»']",
2020-36,2020,36,,"['«Нашего оппозиционера отравили и вывезли его из страны»', '«история с Навальным»', '«разговоры об отравлении Навального»', '«якобы отравление Навального»', '«подтверждение Германией факта отравления Навального»', '«с Алексеем Навальным какие-то проблемы, со здоровьем сейчас происходят, обвиняют в этом Путина»']",
2020-36,2020,36,,"['«Закрытие на карантин»', '«закончилась пандемия»', '«о том, что увеличились случаи заражения коронавирусом у нас в России и за границей»', '«информация о новой волне ковида»', '«вакцинация от коронавируса и вопрос второй волны»', '«производится вакцинация. Вакцина российская продвигается»']",
2020-36,2020,36,,"['«Аномальная жара»', '«во Владивостоке наводнение»', '«всё горит и полыхает, леса горят»', '«пожары, наводнения, стихийные бедствия, под Анапой сгорел заповедник»', '«наводнение в Приморском крае, пожары в Ростовской области»', '«пожары в лесах, ураган во Владивостоке»', '«Ростовская область полыхает, горят степи, леса»']",
2020-36,2020,36,,"['«По Ефремову судебные тяжбы»', '«Ефремова посадят или не посадят?»', '«процесс с Ефремовым раздражает»', '«Михаил Ефремов как себя ведет»', '«Ефремов – слишком много о нем говорят»']",
2020-36,2020,36,,"['«О Фургале»', '«Фургал в Лефортово»', '«акции протеста в Хабаровском крае»', '«митинги в Хабаровске»', '«митинги на Дальнем Востоке»']",
2020-36,2020,36,,"['«1 сентября дети вышли в школу»', '«организация работы в школах 1 сентября»', '«начало учебного года. Вопросы школьного образования»', '«школьное образование: как будут учиться дети?»', '«не нравится обучение школьников онлайн»', '«дистанционное обучение»']",
2020-36,2020,36,,"['«Будут выдавать детские пособия»', '«выплата из бюджета на детей»', '«о социальной помощи в 10 тысяч»', '«помощь детям и пенсионерам»', '«помощь малоимущим семьям»']",
2020-36,2020,36,,"['«Рост цен, вопрос зарплат»', '«дорожают продукты и ЖКХ»', '«безработица»', '«благосостояние пенсионеров, маленькая пенсия»', '«обещал пенсии прибавить – не прибавил»', '«бедность»']",
2020-36,2020,36,,"['«Как ведет себя Украина»', '«на Украине то, что случилось»', '«на Украине не очень хорошо»']",
2020-36,2020,36,,"['«Вопросы об отмене вменённого налога»', '«отмена транспортного налога»', '«Цыбульский положительно к нам отнесся»']",
2020-36,2020,36,,"['«Ирина Печерникова, артистка – ее смерть»', '«смерть Бориса Клюева»', '«смерть актера Клюева, Андреева, Печерниковой»', '«смерть актера 1 сентября»', '«смерть хорошего актера»']",
2020-36,2020,36,,"['«Предстоящие выборы»', '«выборы скоро»', '«голосование ожидается»']",
2020-36,2020,36,,"['«Трагическая дата в Беслане»', '«годовщина Беслана, окончание Второй мировой войны»', '«День города – Москва»']",
2020-36,2020,36,,"['«Что в Америке творится»', '«события в Америке»']",
2020-36,2020,36,,"['«Мишустин ездил во Владивосток»', '«Мишустин на Дальнем Востоке»', '«Мишустин полетел на Дальний Восток со своей командой. Мне понравилось»']",
2020-36,2020,36,,"['«Газовый взрыв в Москве»', '«взрыв газа в регионе. Очень часто стали взрываться дома от газа»', '«разлив нефти на Енисее»', '«девочка пропала трех лет»']",
2020-36,2020,36,,"['«Гора Куштау»', '«башкирские дела по горе»', '«по поводу горы Куштау, где хотели построить завод»']",
2020-36,2020,36,,"['«Открытие трассы “Таврида” в Крыму»', '«трасса “Таврида”, сделали хорошую дорогу»', '«знаю, что достроили трассу»', '«ситуация в Крыму о воде»']",
2020-36,2020,36,,"['«Форум “Армия-2020”»', '«танковый биатлон»', '«в Челябинской области неизвестными были украдены 38 миллионов из бюджета»']",
2020-36,2020,36,,"['«Новость о том, что ""Северный поток"" остановили»', '«спортивные события больше – триатлон, футбол»', '«Месси уходит из “Барселоны”»']",
2020-36,2020,36,,[],
2020-37,2020,37,,"['«С Белоруссией: отвергают президента»', '«проблемы в Белоруссии – общественные разногласия»', '«избиение в Белоруссии людей ОМОНом»', '«волнения в Белоруссии»', '«протесты в Белоруссии»', '«нехорошая обстановка в Белоруссии, это все-таки наши западные границы»', '«Белоруссия – очень мягко, надо было не жалеть предателей и расстрелять прилюдно на площади»']",
2020-37,2020,37,,"['«Навального отравили и скрывают данные – от чего Навальный впал в кому, причина»', '«Навального отравили, а в новостях об этом ничего не сказали и уголовное дело не завели»', '«Навальный вышел из комы»']",
2020-37,2020,37,,"['«Все время про ковид говорят»', '«коронавируса вспышки»', '«увеличение роста заболеваемости ковидом в 11 регионах»', '«карантин, который хотят ввести»', '«рассказывали про вакцину от коронавируса»']",
2020-37,2020,37,,"['«Дело Ефремова»', '«Ефремова посадили – 8 лет дали»', '«срок Ефремову – большой слишком»', '«дали 8 лет Ефремову, и правильно сделали»']",
2020-37,2020,37,,"['«Хабаровск – демонстрации, требования людей вернуть на пост Фургала»', '«Фургал в суде показал, что на него наседают, что суд был закрытый, не дали прессе на нем присутствовать»', '«волнует то, что люди митингуют в Хабаровске и что их никто не слушает и не решают вопрос. Не зря же сотни тысяч человек выходят»']",
2020-37,2020,37,,"['«13 числа выборы, и всё, что с ними связано»', '«предвыборная кампания»', '«про выборы в основном говорят сейчас»', '«выборы губернатора»', '«пройдут региональные выборы глав местных муниципалитетов»']",
2020-37,2020,37,,"['«Сейчас людям стали помогать»', '«денежные пособия»', '«выплата пособий на детей»', '«выплаты с 3 до 16 лет»', '«доплаты многодетным, поддержка семей»', '«о выплатах детям: когда и сколько»']",
2020-37,2020,37,,"['«Как топит Петербург»', '«на Дальнем Востоке тайфун»', '«наводнение в Приморском крае»', '«пожары в Красноярском крае»', '«пожары в Ростовской области»', '«пожары в Сибири и Краснодарском крае, и у нас в районе»', '«пожары, везде всё горит по России всей»']",
2020-37,2020,37,,"['«Заседание правительства, выступления Собянина, информация о работе правительства»', '«поездка Мишустина на Дальний Восток»']",
2020-37,2020,37,,"['«Пенсия маленькая, жить всё хуже, плохо питаюсь, ЖКХ дорожает»', '«повышение тарифов ЖКХ, пенсии маленькие, цены растут»', '«очень много народу потеряло работу, и мало кто получил выплаты»', '«неоплата президентских выплат на детей до трёх лет по Башкирии»']",
2020-37,2020,37,,"['«Начало учебного года»', '«что хотят закрыть школы на карантин»', '«что дети должны учиться дистанционно и платно»', '«дистанционное образование в школе»']",
2020-37,2020,37,,"['«Про Украину»', '«Украина – больной вопрос»', '«Украина: ДНР, ЛНР»', '«Украина: не могут договориться по Минским соглашениям»']",
2020-37,2020,37,,"['«Общение Путина с Лукашенко»', '«выступления Путина»', '«последняя конференция Путина»', '«разговор Путина и и. о. губернатора Уйбы об обстановке в сфере медицины и о развитии вакцины от ковид-19»']",
2020-37,2020,37,,"['«Пожар в Калифорнии»', '«пожары в Америке»', '«в Америке погромы, у них выборы; новые правила для фильмов, которые претендуют на ""Оскар""»']",
2020-37,2020,37,,"['«Госпитализация Платошкина»', '«пост в Фейсбуке Марии Захаровой»', '«прививка от гриппа»', '«регион против того, чтобы везли мусор в наш регион»', '«в Чувашии запустят судоходный транспорт новый»']",
2020-37,2020,37,,"['«Визит Вучича»', '«военные действия в Сирии»', '«убийство политических активистов в Колумбии»']",
2020-37,2020,37,,[],
2020-39,2020,39,,"['«Все о коронавирусе»', '«всех волнует ситуация с коронавирусом»', '«про коронавирус: прирост заболеваемости»', '«подъем эпидемии»', '«коронавирус: очень много болеют, это волнует больше всего»', '«с понедельника будет ограничение на выход из дома для пожилых в Москве»', '«вакцина от ковида»', '«о том, что появилась вакцина от коронавируса и проходит вакцинация»']",
2020-39,2020,39,,"['«Связанные с Белоруссией: прошли выборы, и сейчас митинги»', '«обстановка в Белоруссии, хотелось бы, чтобы там не повторилась Украина»', '«события в Белоруссии – это страшно»', '«в Белоруссии безобразия творятся против Лукашенко»', '«что вытворяет Лукашенко»', '«ситуация в Беларуси: в роликах пихают подростков, женщин и детей. Разгонять дубинками неправильно»', '«хотят отжать Белоруссию»']",
2020-39,2020,39,,"['«Информация о Навальном»', '«Навальный – о нем везде»', '«отравление Навального»', '«о Навальном: что его якобы отравили»', '«выздоровление Навального»', '«по Навальному странная история о том, что Германия не предоставляет информацию о нём»']",
2020-39,2020,39,,"['«Конституцию пересматривают – законы хотят внести о семье»', '«отчисление будет отчисляться от олигархов на лечение детей»', '«повышается МРОТ»', '«Минтранс предложил отменить запрет на тонировку боковых стекол»', '«работа нашего губернатора Бабушкина»']",
2020-39,2020,39,,"['«Ситуация в Украине»', '«идет война в Украине»', '«разбился самолет под Харьковом. Жалко людей, сколько молодежи погибло»', '«на Украине разбился самолет, погибли люди»', '«под Харьковом самолет с курсантами сгорел»']",
2020-39,2020,39,,"['«Обстановка в нашей стране экономическая»', '«инфляция, галопирующая инфляция»', '«падение рубля»', '«цены растут сильно»', '«возмутила цена на препараты от коронавируса»', '«внеплановое поднятие акцизов на табак и топливо с 2023 года»', '«пенсию не поднимают»']",
2020-39,2020,39,,"['«Наводнения, пожары, стихия»', '«землетрясение на Байкале, в Иркутской области»', '«потрясло землетрясение на Байкале»', '«наводнение на Дальнем Востоке. Переживали очень»', '«переживаю за пожары, залило Хабаровский край»', '«Хабаровский край – потоп, не справляются»', '«пожар в Краснодаре»']",
2020-39,2020,39,,"['«Прямая связь с регионами»', '«Путин выделит на дороги 6 триллионов»', '«Путин выступал с речью по поводу выплат на детей»', '«разговор Макрона с Путиным об отравлении Навального»']",
2020-39,2020,39,,"['«Выплаты детских пособий»', '«выплаты на детей: 5 тысяч и 10 тысяч идут своевременно»', '«выплаты по пособию в связи с карантином»', '«правительство поможет родителям детей с 3 до 16 лет пособием в размере 10 тысяч рублей»', '«продление ковидных выплат работникам, работающим с коронавирусом»']",
2020-39,2020,39,,"['«Выступление президента в ООН»', '«выступление Путина на Ассамблее»']",
2020-39,2020,39,,"['«В Хабаровске: как отстаивают свою точку зрения, свои интересы»', '«нравится поведение хабаровчан»', '«митинги в Хабаровске»', '«поддерживаю Хабаровск, митинги, что они требуют»', '«Хабаровск: народ бастует за своего губернатора и против Путина»']",
2020-39,2020,39,,"['«Выборы в губернаторы»', '«выборы в областную думу»', '«были выборы мэра»', '«в какой-то глубинке на выборах победила барышня, которая работала уборщицей, а не глава»', '«выборы глав муниципальных образований Костромской области»', '«выборы губернатора в Краснодаре – Кондратьева»']",
2020-39,2020,39,,"['«Учения “Кавказ-2020”»', '«последние военные учения в Капустином Яре Астраханской области»', '«учения-2020 нашей армии»']",
2020-39,2020,39,,"['«Детей начали сажать на дистанционное обучение, они тупеют от этого»', '«открыли школы и садики. Дети стали учиться. В интернете им тяжело учиться, а родители помочь не могут»', '«учёба детей: о переводе детей на дистанционное обучение»']",
2020-39,2020,39,,['«“Северный поток - 2”»'],
2020-39,2020,39,,"['«События, связанные с насилием над детьми»', '«убил ненормальный жену и ребёнка»', '«в поселке Неклюдовке найдено тело девятилетней девочки»']",
2020-39,2020,39,,"['«Ефремов: суд»', '«про Ефремова»', '«Ефремов загремел в тюрьму»', '«Ефремов: раздули, позорище, сделали шоу»']",
2020-39,2020,39,,"['«Про США, что там происходит»', '«акции американских компаний упали»', '«Америка напирает на Россию и на Китай»']",
2020-39,2020,39,,"['«Изменение названия Сбербанка, продажа “Тинькофф” Яндексу»', '«смерть Максима “Тесака”»', '«“Формула-1” в России»', '«конкурс “Воспитатель года”»', '«московский марафон»', '«на Смоленщине день города»', '«отопление дали нам в Сибири»']",
2020-39,2020,39,,"['«Устав ООН менялся: реформировали»', '«презентация Илона Маска»']",
2020-39,2020,39,,[],
2020-40,2020,40,,"['«Столкновение между Арменией и Азербайджаном в Нагорном Карабахе»', '«война наших братьев азербайджанцев и армян»', '«разжигание войны в Карабахе»', '«беспокоят карабахские события, я против войны»', '«война в Карабахе, потому что России очень тяжело выбирать между Арменией и Азербайджаном»']",
2020-40,2020,40,,"['«Ковидные новости»', '«ухудшение эпидемиологической обстановки в мире и в России»', '«коронавирус активизировался»', '«про пандемию, о количестве заболевших»', '«сейчас извечная проблема – коронавирус»', '«вирус проклятый, всё время о нем передачи»', '«хотят закрыть всех на карантин»', '«введение мер по самоизоляции»', '«вакцинация против коронавируса»', '«насчет коронавируса, вакцину выпустили»']",
2020-40,2020,40,,"['«В Белоруссии протестные выступления оппозиции»', '«в Белоруссии заваруха»', '«протесты в Беларуси»', '«судьба Белоруссии»']",
2020-40,2020,40,,"['«Дальний Восток залит водой»', '«Воронеж горит, Ростов песчаные бури»', '«пожар в Воронежской области, горят леса, трагедия»', '«пожары в Сибири и наводнение на Амуре»', '«пожары и потопы в Сибири»', '«пожары ужасные, тайга горит, Ростовская и Воронежская область»']",
2020-40,2020,40,,"['«Навальный, его отравление»', '«Навальный поправляется от отравления»', '«реакция Запада на отравление Навального»', '«заявление Навального о том, что его отравил Путин»', '«про Навального, то, что про него говорят»']",
2020-40,2020,40,,"['«Бюджет новый на три года»', '«понравилось, что Мишустин взялся за Дальний Восток»', '«закон о вольерной охоте»', '«законопроект отклонила Дума о бесплатной газификации»', '«компенсация за отдых в России»']",
2020-40,2020,40,,"['«Цены скачут»', '«повышение цен на продукты»', '«подорожание на сигареты, газ, электроэнергию»', '«рост курса валют»', '«стоимость рубля»']",
2020-40,2020,40,,"['«Про губернатора Хабаровского края»', '«про Фургала, по-моему, он положительный»', '«суд над Фургалом»', '«беспокоит суд над Фургалом, возмущена этим»', '«протесты в Хабаровске»', '«митинги в Хабаровске»']",
2020-40,2020,40,,"['«Дональд Трамп заболел коронавирусом»', '«предвыборная кампания в США»', '«дебаты в США проходят»']",
2020-40,2020,40,,"['«Занялись лесом, перестали разбазаривать ресурсы»', '«вопрос о борьбе с вырубкой незаконной леса»', '«запрет на вывоз леса»', '«запрет на продажу необработанного дерева»', '«изменения в лесной промышленности, запрет экспорта необработанной древесины»']",
2020-40,2020,40,,"['«Возможное закрытие школ на карантин»', '«каникулы для детей внеплановые»', '«опять детей отправляют на дом на две недели раньше каникул»', '«школа, дистанционное обучение»', '«дистанционное обучение в школе»']",
2020-40,2020,40,,"['«Социальная поддержка населения»', '«большая поддержка многодетным семьям»', '«выплаты, детские пособия»', '«помощь детям»', '«поддержка граждан от коронавируса»']",
2020-40,2020,40,,"['«Не прекращается война на Украине»', '«ситуация в Донбассе»', '«на Украине упал военный самолет»', '«крушение самолета под Харьковом»']",
2020-40,2020,40,,"['«Повышение заработной платы»', '«повышение зарплаты некоторым сферам»', '«добавление к зарплате»', '«увеличение бюджетной зарплаты и пенсии военнослужащим»', '«пенсия повысится»']",
2020-40,2020,40,,"['«Акт самосожжения журналистки Ирины Славиной»', '«самосожжение главного редактора в Нижнем Новгороде»', '«женщина сожгла себя в Нижнем Новгороде»']",
2020-40,2020,40,,"['«Экологическая катастрофа на Камчатке»', '«загрязнение моря у Камчатки»', '«гибель морских животных»']",
2020-40,2020,40,,"['«Учения, на которых был Путин, “Кавказ-2020”»', '«“Яндекс” приобрел “Тинькофф Банк”»', '«про Конкина дочь, она утонула»', '«громкие скандалы коррупционные в Минэнерго»', '«день города Тулы»', '«шахтерам в Кузбассе не платят зарплату»']",
2020-40,2020,40,,"['«Возможные санкции против нашей страны, попытки остановить “Северный поток – 2”»', '«в Англии какой-то служащий ниже среднего достатка выиграл несколько миллионов»', '«вывели новую породу жирафов»']",
2020-40,2020,40,,[],
2020-41,2020,41,,"['«Военный конфликт между Арменией и Азербайджаном в Нагорном Карабахе»', '«в Карабахе и Армении военные обстрелы»', '«страшно, что происходит в Карабахе»', '«Карабах Нагорный, Турция вмешивается в войну между Арменией и Азербайджаном»', '«переговоры о перемирии в Карабахе»']",
2020-41,2020,41,,"['«Насчет коронавируса, то, что вторая волна пошла, что много людей болеют»', '«пандемия, борьба с ней»', '«усиление режима в связи коронавирусом, удаленная работа»', '«всё, что связано с коронавирусом, что пенсионеров загоняют по домам»', '«бесит масочный режим, карантин»', '«препарат от коронавируса имеет побочные эффекты, и он дорого стоит»', '«о вакцине от коронавируса»']",
2020-41,2020,41,,"['«В Белоруссии смута против Лукашенко»', '«митинги в Белоруссии»', '«беспорядки в Белоруссии»', '«Белоруссия, хотелось бы, чтобы всё успокоилось»', '«в Беларуси – там, по сути дела, назревала цветная революция, но, слава богу, она не получилась»']",
2020-41,2020,41,,"['«Революция в Киргизии»', '«переворот в Киргизии»', '«беспорядки в Киргизии»', '«Киргизия, бунты там»', '«в Киргизии смена правительства и забастовки»']",
2020-41,2020,41,,"['«Пожар на военных складах в Рязани»', '«в Рязанской области жуткий пожар в связи со взрывами боеприпасов, пострадали люди»', '«взрывы в Рязанской области складов артиллерийских»']",
2020-41,2020,41,,"['«Камчатка: проблема с окружающей средой, загрязнение»', '«катастрофа экологическая на Камчатке»', '«загрязнение моря на Камчатке»', '«Камчатка – трагедия»', '«экологическая проблема на Камчатке, и не найти крайних»']",
2020-41,2020,41,,"['«Отравление Навального»', '«ситуация с Навальным»', '«интервью Навального»']",
2020-41,2020,41,,"['«Поменялся глава Дагестана»', '«отставка Васильева»', '«про лес, чтобы лес круглый, необработанный, не продавали за границу»', '«вольерная охота»']",
2020-41,2020,41,,"['«Потопы, пожары»', '«пожары, наводнения»', '«горят леса»', '«пожар в Воронежской области»', '«пожары в Ростовской области и в Сибири, леса горят часто»']",
2020-41,2020,41,,"['«События в Хабаровске»', '«Хабаровск, люди – и на них никто внимания не обращает»', '«в Хабаровске ситуация, которую замалчивают»']",
2020-41,2020,41,,"['«Повышение цен на всё, всё дорожает»', '«проезд подорожал»', '«сахар поднялся»', '«повышение курса валют и рост цен на горюче-смазочные материалы»', '«слабый рубль»', '«курс доллара повысился»']",
2020-41,2020,41,,"['«Если честно, привлекла информация о выплатах»', '«какие льготы, какие социальные выплаты положены для пенсионеров, детей до 16 лет»', '«детские выплаты»', '«финансовые пособия»']",
2020-41,2020,41,,"['«Про “Циркон” слышал, ракету испытали»', '«испытания “Циркона” – гиперзвуковой ракеты»', '«ракету запустили»']",
2020-41,2020,41,,"['«США накануне выборов»', '«предвыборная обстановка в Америке»', '«коронавирусом заболел Трамп»']",
2020-41,2020,41,,"['«О журналистке, которая сожгла себя»', '«история с журналисткой в Нижнем Новгороде, самосожжение»', '«похороны Ирины Славиной»']",
2020-41,2020,41,,"['«Война на Донбассе»', '«на Украине опять убили депутата»']",
2020-41,2020,41,,"['«Школы закрываются, хотя на улице всё равно дети общаются»', '«отправление детей на две недели на дистанционное обучение»', '«школы переведут на дистанционное обучение»']",
2020-41,2020,41,,['«День рождения Путина»'],
2020-41,2020,41,,"['«Оклад повысили с октября»', '«индексация работающим пенсионерам»', '«что учителям за классное руководство прибавили зарплату»', '«индексация пенсий»']",
2020-41,2020,41,,"['«Сгорел санаторий “Ялта” и пропавший ребенок в Крыму»', '«в Челябинской области перестали скорые приезжать по вызову»', '«откладывают пуск новых станций метро»']",
2020-41,2020,41,,"['«Меня возмущает отрицательное отношение зарубежных стран – Франции, Англии, США, Нидерландов – к России»']",
2020-41,2020,41,,[],
2020-42,2020,42,,"['«Всё, что касается коронавируса»', '«эпидемиологическая обстановка в стране»', '«введение обязательного масочного режима»', '«вводят режим изоляции, масочный режим, будут штрафовать»', '«сейчас Москва выходит на самоизоляцию, проблемы с ковидом»', '«вакцина против коронавируса»', '«зарегистрировали вторую вакцину»', '«вакцинация медработников»', '«враньё с ковидом»']",
2020-42,2020,42,,"['«Конфликт Азербайджана с Арменией»', '«армяне воюют с азербайджанцами, и Турция там же»', '«война в Нагорном Карабахе»', '«Карабах – военный конфликт»']",
2020-42,2020,42,,"['«Положение в Беларуси»', '«то, что творится в Беларуси»', '«за Белоруссию переживаю»', '«митинги – Беларусь»', '«события в Белоруссии – не удался переворот»']",
2020-42,2020,42,,"['«События в Киргизии»', '«беспорядки в Киргизии»', '«Киргизия – начинается недопонимание между людьми»', '«путч в Киргизии»']",
2020-42,2020,42,,"['«На Камчатке погибли животные»', '«события на Камчатке, отравление воды»', '«в океане, с животными»', '«разлив химикатов в океан»', '«Камчатка и замалчивание»']",
2020-42,2020,42,,"['«Мишустин приезжал в Чебоксары»', '«повышение налогов»', '«с 2021 года запретят вывоз леса-кругляка»', '«что люди, не имеющие детей, будут платить налоги по 500 рублей. Было в обсуждении»']",
2020-42,2020,42,,"['«Отравление Навального и последующие действия по отношению к нему»', '«Навальный – интервью Дудю»', '«санкции Евросоюза»']",
2020-42,2020,42,,"['«За Фургала выступление в Хабаровске людей»', '«в Хабаровске стали применять силу против мирных жителей»', '«Хабаровск – разгон демонстрации»']",
2020-42,2020,42,,"['«Война на Донбассе»', '«события на Донбассе»']",
2020-42,2020,42,,"['«Снимают руководителей районов из-за мошенничества»', '«мальчик расстрелял людей и застрелился»', '«девочку 15 лет убили»', '«в Волгограде задержали террористов»']",
2020-42,2020,42,,"['«Изоляция школьников – каникулы»', '«карантин в школе»', '«в связи с состоянием по ковиду обучение стало дистанционным»', '«перевод школ на дистанционное обучение»']",
2020-42,2020,42,,"['«Пожары идут, наводнения»', '«пожары в Воронежской области»', '«Кубанское водохранилище пересохло»']",
2020-42,2020,42,,"['«Забота о населении – помощь»', '«выделение пособий для детей»', '«выплаты детям до 16 лет»', '«выплаты семьям, имеющим детей, социальная поддержка»']",
2020-42,2020,42,,"['«Налоги, повышение цен»', '«рост тарифов ЖКХ»', '«падение курса рубля»', '«курс евро более 91 рубля»']",
2020-42,2020,42,,"['«Выборы в США»', '«продление договора про вооружение»']",
2020-42,2020,42,,"['«Забота Путина о нашей безопасности»', '«переговоры Путина и Пашиняна»', '«Путин борется против вируса»']",
2020-42,2020,42,,"['«В Нижнем Новгороде самосожжение журналиста-блогерши»', '«гибель журналистки»', '«самосожжение журналистки»']",
2020-42,2020,42,,"['«Испытание новых систем вооружения, строительство крупных судов, о развитии нефтяной промышленности»', '«Куштау: разрешили не разрабатывать»', '«ледокол “Арктика” спустили на воду»', '«продажа Тинькофф-банка»', '«сгорел ресторан “Засека”»', '«тигрица-альбинос родила тигренка»', '«юбилей Андрея Тихонова»']",
2020-42,2020,42,,"['«В Париже убийство учителя»', '«то, что творится в Абхазии, Грузии, у наших границ»']",
2020-42,2020,42,,[],
2020-43,2020,43,,"['«Ситуация по коронавирусу: что мы вышли на пик; такие же показатели, как весной»', '«процент эпидемии: жалко детей, заболевание сильнейшее»', '«коронавирус на первом месте: что нет ни лекарств, ни помощи, все говорят про тесты, а в больнице нет такого»', '«люди болеют коронавирусом и не могут попасть в больницу: говорят, всё заполнено, не хватает врачей»', '«про ковид: что в области долго ждать результат, это платно и приходится в очереди по 5-6 часов стоять»', '«масочный режим»', '«не будут вводиться дополнительные ограничения по коронавирусу»', '«регистрация новой вакцины от вируса»']",
2020-43,2020,43,,"['«Ситуация в Карабахе»', '«война в Нагорном Карабахе и Армении»', '«война на Кавказе в Карабахе»', '«конфликт Армении и Азербайджана»', '«продолжающиеся бои в Нагорном Карабахе»']",
2020-43,2020,43,,"['«Ситуация в Беларуси»', '«забастовки в Белоруссии»', '«восстание в Белоруссии»', '«то, что в Белоруссии может быть переворот: как Украина будет Белоруссия»', '«очень беспокоит Белоруссия. Я не понимаю Лукашенко в том плане, что давно уже пора было обратиться к России и стать единым целым»']",
2020-43,2020,43,,"['«Поездка Мишустина на открытие новой больницы»', '«выступление Матвиенко в отношении “Норильского никеля”»', '«сократить армию на 10% предложил финансово-экономический блок правительства»', '«заморозка накопительной части пенсии»', '«принятие 15-процентной ставки НДФЛ после дохода 5 млн рублей»', '«новые штрафы вводятся»']",
2020-43,2020,43,,"['«Беспокойно, что война идет недалеко от нас: что происходит на Украине, на Донбассе»', '«выборы на Украине»', '«события в Украине: как будет обстоять ситуация с Донбассом и Крымом?»']",
2020-43,2020,43,,"['«Было очень много информации по встречам Путина с разными политическими и общественными деятелями»', '«выступление Путина перед зарубежными журналистами»', '«Путин на “Валдае”»']",
2020-43,2020,43,,"['«Валдайская встреча»', '«Валдайский форум»']",
2020-43,2020,43,,"['«Бензин дорогой, зарплаты низкие, цены высокие»', '«цены на хлебобулочные изделия»', '«состояние экономики: ослабление рубля, падение роста ВВП, намечаемый рост цен»', '«выросло в России число безработных»', '«тяжело стало жить, особенно пенсионерам»']",
2020-43,2020,43,,"['«Президентские выборы в Соединенных Штатах Америки – Дональд Трамп и Джо Байден»', '«дебаты кандидатов в президенты в США»', '«США уничтожили отправленные Путиным ИВЛ»']",
2020-43,2020,43,,"['«Экологическая катастрофа на Камчатке»', '«загрязнение побережья Камчатки: много флоры, фауны погибло, много животных. И назывались причины этого»', '«позиция неясная Следственного комитета по Камчатке: какие-то водоросли»']",
2020-43,2020,43,,"['«Выплаты на детей»', '«выплаты по 10 тысяч возобновят»', '«детские деньги продлят до марта месяца»', '«по поводу детских: до 7 лет выплачивают, а потом нет»', '«выплаты медикам, которые работают с ковидом»']",
2020-43,2020,43,,"['«Всё, что связано с Навальным»', '«попытка убийства Навального»', '«ситуация с Навальным, с эвакуацией в Германию»', '«санкции из-за Навального»', '«Навальный – увезли в Германию. Нечего его было отпускать: придумали отравление и увезли его»']",
2020-43,2020,43,,"['«Хабаровский край поднялся за своего губернатора»', '«митинги за Фургала»', '«рукоприкладство ОМОНа к жителям Хабаровского края»', '«Хабаровск: то, что там происходит, и что сделал Фургал для людей. Преступник сделал для народа больше хорошего, чем правительство»']",
2020-43,2020,43,,"['«Беспокоит Кыргызстан»', '«в Киргизии волнения»', '«революция в Киргизии очередная»', '«недовольство в Киргизии»']",
2020-43,2020,43,,"['«Министр Абызов: изъяли 32 миллиарда рублей в доход государства»', '«судят доцента Соколова за убийство и расчленение»', '«в Барнауле полный подвал трупов»', '«про девочку, которую нашли в шкафу»']",
2020-43,2020,43,,"['«Запустили новый атомный ледокол “Арктика”»', '«смерть протоиерея Смирнова»', '«мост открыли на полуострове Ямал»', '«чемпионат России по футболу»']",
2020-43,2020,43,,"['«События во Франции с убийством учителя»', '«продление договора об ограничении ядерных вооружений»', '«разгром бандформирований ИГИЛ в Сирии»']",
2020-43,2020,43,,[],
2020-44,2020,44,,"['«Коронавирус, который ходит по миру»', '«сильно возросло количество зараженных коронавирусом»', '«борьба с коронавирусом, как его преодолеть»', '«изобретение вакцины от коронавируса»', '«ковид, не хватает ИВЛ и не хватает врачей»', '«новые ограничения в связи с коронавирусом»', '«про коронавирус, про лекарства от него»']",
2020-44,2020,44,,"['«Нагорный Карабах, что там военные действия»', '«идет война Армении и Азербайджана»', '«насчет Нагорного Карабаха, когда закончится война»', '«участие Турции в карабахском конфликте»']",
2020-44,2020,44,,"['«События во Франции, связанные с убийством преподавателя»', '«террористические выходки во Франции»', '«происходящее во Франции с мусульманами»', '«конфликт между Эрдоганом и Макроном»']",
2020-44,2020,44,,"['«То, что делается в Белоруссии»', '«беспорядки в Беларуси»', '«в Белоруссии идут выступления против Лукашенко»', '«демонстрации против президента Белоруссии»', '«белорусов жалко»']",
2020-44,2020,44,,"['«Пленум партии КПРФ в Москве»', '«увольнения чиновников в Ростовской области»']",
2020-44,2020,44,,"['«В Турции гремело землетрясение, погибли люди»', '«землетрясение, которое случилось в Турции»']",
2020-44,2020,44,,"['«Помощь населению, выплаты при вирусе»', '«продление детских пособий, субсидий на ЖКХ»', '«выплаты матерям на детей»', '«о выплате детских пособий детям до трех лет в период пандемии»', '«поддержка малоимущим семьям»']",
2020-44,2020,44,,"['«“Валдай”, форум»', '«выступление Путина в клубе “Валдай”»']",
2020-44,2020,44,,"['«Ситуация в Америке»', '«ситуация предвыборная в США»', '«выборы в США президента»']",
2020-44,2020,44,,"['«Повышение цен»', '«цены на сахар растут»', '«повышение тарифов ЖКХ»', '«все дорожает»', '«падение курса рубля»']",
2020-44,2020,44,,"['«Протесты в Хабаровске»', '«действия в Хабаровске относительно их губернатора»', '«то, что происходит в Хабаровске»']",
2020-44,2020,44,,"['«Сильно беспокоит Киргизия»', '«Киргизия – забастовки»']",
2020-44,2020,44,,"['«События на Украине, тема очень беспокойная»', '«Украина, ситуация на Донбассе»', '«Донбассу отправили гуманитарную помощь»']",
2020-44,2020,44,,"['«Экологическая катастрофа на Камчатке»', '«засоряют окружающую среду на Камчатке»', '«экологический случай на Камчатке, Дальнем Востоке»']",
2020-44,2020,44,,"['«Идет хорошее вооружение в армии»', '«испытание новой ракеты»', '«ракету “Посейдон” придумали»', '«военные исследования»']",
2020-44,2020,44,,"['«Про пенсию»', '«индексация пенсии работающим пенсионерам»', '«что будут помогать пенсионерам, в следующем году прибавят пенсии»']",
2020-44,2020,44,,"['«Школьное образование»', '«о школе - карантин»', '«каникулы объявили, дистанционное обучение»']",
2020-44,2020,44,,"['«Про Навального»', '«отравление Алексея Навального»', '«отношение России к ситуации с Навальным, то, что равнодушно отнеслись к ситуации с ним»']",
2020-44,2020,44,,"['«С 1 января 2021 года будут выделяться деньги на больных детей»', '«мы идем хорошо по цифровым технологиям, экономика держится достаточно хорошо»', '«мужчина лежал в больнице 5 часов, и никто к нему не подходил в Севастополе»']",
2020-44,2020,44,,"['«Установление дипломатических отношений между Суданом и Израилем»', '«протесты в Польше»']",
2020-44,2020,44,,[],
2020-45,2020,45,,"['Вот эта болезнь, всё это. Везде все болеют, и ничего не могут сделать', 'информация о заболеваемости коронавирусом, о том, что медицина не справляется с контролем над ситуацией', 'недостоверность данных по ковид-19', 'ковид: не хватает лекарств, мест в больнице', 'коронавирус мутирует', 'об испытании третьего этапа вакцины от коронавируса', 'вакцина скоро будет']",
2020-45,2020,45,,"['Американские выборы', 'всё слушаю, как в Америке идут выборы', 'выборы в Америке, показывали подготовку, дебаты показывают в Америке', 'смешные выборы в США']",
2020-45,2020,45,,"['Война Армении с Азербайджаном', 'события в Нагорном Карабахе', 'война в Карабахе', 'Карабах, не могут договориться, чтобы остановить войну']",
2020-45,2020,45,,"['Отрубили голову во Франции учителю', 'высказывание президента Франции, которое разрешило печатать в газетах карикатуры на тему ислама. О теракте в Вене', 'французский президент высказывался не очень корректно', 'серия терактов в Европе – во Франции и в Австрии', 'теракты исламистов в Европе']",
2020-45,2020,45,,"['Указ о неприкосновенности сенаторов, президента', 'закон, что Путин – неприкосновенная личность', 'действия правительства', 'новый закон о лишении родительских прав']",
2020-45,2020,45,,"['Что творится в Белоруссии', 'протесты в Белоруссии', 'бунт в Белоруссии', 'против Лукашенко ввели санкции другие страны']",
2020-45,2020,45,,"['Обстановка с рублем в России', 'курс доллара, цены', 'о подорожании тарифов и цен', 'повышение цен на продукты, на услуги ЖКХ и на всё остальное', 'финансовые: рубль падает, доллар повышается']",
2020-45,2020,45,,"['Как Путин проводит беседы с губернаторами на удаленке', 'заседание Совета безопасности, который возглавляет президент', 'Путин наградил орденом Скворцову']",
2020-45,2020,45,,"['Закрытие школ', 'про онлайн-учебу', 'вопросы обучения детей на дистанционном обучении', 'дистанционное обучение']",
2020-45,2020,45,,"['Аварии и любые происшествия', 'авария в городе, погибли люди, в университет врезался автобус', 'авария, автобус съехал', 'взрыв кислорода в Челябинске', 'в Подмосковье что-то горело']",
2020-45,2020,45,,"['Выплаты на детей до трех лет', 'помогают молодым семьям, выделили средства от трех до семи лет', 'детям добавили денег', 'выплаты многодетным семьям', 'дают много привилегий семьям с детьми', 'пособия']",
2020-45,2020,45,,"['Землетрясение в Турции', 'землетрясение в Турции, в Эгейском море']",
2020-45,2020,45,,"['Надбавки пенсионерам', 'о пенсиях', 'пенсию на тысячу поднимут']",
2020-45,2020,45,,"['Новости об Украине', 'события в Украине – выборы были местного самоуправления по партиям']",
2020-45,2020,45,,"['Митинг в Хабаровске', 'хабаровские протесты', 'Хабаровск: на людей не обращают внимания']",
2020-45,2020,45,,"['Жванецкий умер', 'присвоение Хабибу Нурмагомедову звания “Герой России”', 'Уральскому университету 100 лет', 'концерт в День народного единства мне понравился', 'сжигание фермы индеек в Татарии']",
2020-45,2020,45,,['Забастовки в Польше из-за введения запрета на аборт'],
2020-45,2020,45,,[],
2020-46,2020,46,,"['«Армения, карабахский результат, определились с этим делом»', '«заключили мирное соглашение на Карабахе»', '«остановка войны в Нагорном Карабахе»', '«Россия мирный коридор создает в Азербайджане и Армении»', '«введение миротворческих сил в Нагорном Карабахе»']",
2020-46,2020,46,,"['«Коронавирус – рост заболеваемости и смертность»', '«масочный режим, пенсионеры дома»', '«о ковиде, отсутствие лекарственных препаратов и отсутствие коечных мест в стационарах для больных ковидом»', '«всем, кто болеет на дому, будут давать лекарство бесплатно»', '«новости о вакцине и о коронавирусе»', '«халатное отношение к больным в связи с эпидемией»']",
2020-46,2020,46,,"['«Выборы американского президента»', '«итоги выборов в США»', '«победа Байдена»', '«Трамп: нечестные выборы. Хотелось бы, чтобы остался Трамп»', '«выборы в США. Интересует, выгодно это России или нет»']",
2020-46,2020,46,,"['«Хорошо выступает Мишустин»', '«перестановка в правительстве»', '«кабинет министров. Назначил Мишустин кучу замов»', '«отставка министра транспорта»', '«Государственная дума начала решать вопросы»']",
2020-46,2020,46,,"['«То, что связано с Белоруссией»', '«обстановка в Беларуси»', '«минские протесты»', '«события в Белоруссии, про митинги, которые не заканчиваются»']",
2020-46,2020,46,,"['«Выход на дистанционное обучение детей»', '«переход на дистанционное обучение»', '«школы закрывают на дистанционку»']",
2020-46,2020,46,,"['«Повышение цен на всё»', '«рост цен на продукты питания»', '«падение курса рубля»', '«повышение тарифов ЖКХ»', '«понижение курса рубля»']",
2020-46,2020,46,,"['«Путин дает детям пособия»', '«помощь многодетным во время ковида»', '«пособие на детей»', '«поддержка населения»', '«это выплаты, компенсация»']",
2020-46,2020,46,,"['«Положение в Хабаровске»', '«митинги в Хабаровске»', '«протесты в Хабаровске»', '«почему не реагируют на хабаровских граждан? Их игнорируют»']",
2020-46,2020,46,,"['«О Сирии»', '«то, что мы помогли Сирии»', '«выделение денег Сирии»', '«трата миллиарда долларов в Сирию»']",
2020-46,2020,46,,"['«Убегают солдаты из воинских частей с автоматами. Если человек психически нестабилен, на каком основании ему доверяют оружие?»', '«события в Воронеже со стрельбой и убийством офицеров и сослуживцев»', '«избиение мальчика сверстниками»']",
2020-46,2020,46,,"['«Жванецкий»', '«смерть артиста»', '«похороны Жванецкого»']",
2020-46,2020,46,,"['«Ситуация с Навальным»', '«об отравлении Навального»', '«Навальный – выписали, выздоровел»', '«заявление по отравлению Навального»']",
2020-46,2020,46,,"['«События на Украине»', '«о Донбассе, о ситуации, что там происходит»', '«закрытие торгпредставительства на Украине»']",
2020-46,2020,46,,"['«Индексация пенсий работающим пенсионерам и предстоящий брифинг президента»', '«суд над Николаем Николаевичем Платошкиным»', '«скандал вокруг Дзюбы»', '«пожар в Рязани»']",
2020-46,2020,46,,"['«Теракт в Австрии»', '«отношения с бывшими союзными республиками»']",
2020-46,2020,46,,[],
2020-47,2020,47,,"['«Армения и Азербайджан»', '«Карабах, проблемы с ним»', '«приостановили войну в Армении, это очень большое событие. Ни за что пострадало много людей»', '«ввод миротворцев в Карабах, прекращение там войны»', '«миротворцев послали в Карабах, хоть людей не убивают сейчас»']",
2020-47,2020,47,,"['«Ковид – вакцина, лечение, количество зараженных и больных»', '«ограничения в связи с коронавирусом»', '«ситуация с пандемией: лекарств не хватает, платные тесты в больницах»', '«коронавирус, на местах ужас что творится, бардак в здравоохранении»', '«про ковид, что в регионах бросили людей на произвол судьбы»', '«новости насчет карантинных мер и занижение официальной статистики смертности и заболеваемости ковидом»']",
2020-47,2020,47,,"['«Выборы в Америке»', '«выборы президента США»', '«выборы в США, победил Байден»']",
2020-47,2020,47,,"['«Что происходит в Государственной думе: законы все против народа»', '«больше цензуры вводят, неприкосновенность президентов, законы под себя принимают»', '«неприкосновенность Путина»', '«Путин с Медведевым пытаются сделать себя сенаторами пожизненно»', '«смена главы Республики Мордовия»']",
2020-47,2020,47,,"['«Белоруссия»', '«в Белоруссии непонятно что творится»', '«митинги в Белоруссии»', '«Белоруссия – оппозиция выступала»', '«Белоруссия. Смотрю, как Лукашенко и нашим, и вашим»']",
2020-47,2020,47,,"['«Дети не получают образование, дистанционное обучение не устраивает»', '«дистанционное обучение. Что это за обучение?»', '«о переходе на дистанционное обучение старшеклассников»', '«то, что ввели дистанционку в школах и высших учебных заведениях»', '«закрылись вузы из-за коронавируса, ушли на дистанционное обучение»']",
2020-47,2020,47,,"['«Гололед»', '«двойной снегопад»', '«прогноз погоды плохой»', '«о непогоде в Приморском крае»', '«циклон во Владивостоке»', '«ураган на Дальнем Востоке»']",
2020-47,2020,47,,"['«Сообщения об уходе из жизни деятелей культуры»', '«умирают артисты»', '«смерть актера Джигарханяна»', '«смерть Жванецкого и Джигарханяна»', '«смерть Жванецкого, Джигарханяна, Виктюка»', '«смерть режиссера Романа Виктюка»']",
2020-47,2020,47,,"['«Артем Дзюба»', '«как наши проиграли сербам в футбол»', '«фигурное катание»', '«Хабиб выиграл чемпионат»']",
2020-47,2020,47,,"['«Проведение Путиным заседания Совета безопасности»', '«интервью Путина о коронавирусе и обстановке в регионах»', '«совместное телевидение с другими странами, где Путин ведет переговоры»']",
2020-47,2020,47,,"['«Хабаровск»', '«митинги в Хабаровске»', '«чтобы выпустили губернатора Хабаровского края Фургала»', '«новости про Фургала»']",
2020-47,2020,47,,"['«Мероприятия по поддержке населения в сложной эпидемиологической обстановке»', '«детям помогают с выплатами»', '«повышение льгот, детские пособия»']",
2020-47,2020,47,,"['«Нашли мальчика семилетнего, которого искали два месяца»', '«убийство за отсутствие маски в Коломенском»', '«убийство из-за чата, из-за переписки»', '«убили девушку в нашем крае»']",
2020-47,2020,47,,"['«Хищения с госбюджета»', '«арест Меня»', '«коррупционный скандал, связанный с Менем»', '«мэр Томска»', '«мэра посадили»']",
2020-47,2020,47,,"['«Молдова, политика»', '«интересные новости о выборах в Молдавии»', '«выборы в Молдаве»']",
2020-47,2020,47,,"['«Увеличение налогов и растут цены»', '«инфляция рубля»']",
2020-47,2020,47,,"['«Украина, новости сейчас смотрю»', '«события на Украине»']",
2020-47,2020,47,,"['«Газпром и Роснефть подали минусовые декларации»', '«отмена выплаты медперсоналу в связи с ковидом»', '«повышение пенсии»', '«день рождения города Миасс»']",
2020-47,2020,47,,"['«Илон Маск оправил на МКС частный корабль»', '«возобновление авиасообщения между Россией и Грецией»']",
2020-47,2020,47,,[],
2020-48,2020,48,,"['«Вспышка ковида самая сильная»', '«ковид не останавливается, рост числа заболевших»', '«о коронавирусе – что нет койкомест, лекарств»', '«ковидникам стали давать бесплатные лекарства»', '«о продлении масочного режима, карантина и общей ситуации по поводу пандемии»', '«лишение массовых новогодних мероприятий»', '«Европа ослабляет ограничения в связи с ковидом»', '«искусственное раздувание опасности коронавируса»']",
2020-48,2020,48,,"['«Нагорный Карабах, Путин остановил войну»', '«Нагорный Карабах, за счет России прекратилась война»', '«завершение конфликта в Карабахе»', '«мирный процесс в Нагорном Карабахе»', '«то, что миротворцы вошли в Карабах и установили нормальный образ жизни»']",
2020-48,2020,48,,"['«Мишустин предлагал сократить штат служащих»', '«закон о пожизненной неприкосновенности для Медведева и Путина»', '«200 миллиардов премии депутатам Госдумы»', '«отказ Госдумы рассматривать пособия для участников боевых действий»', '«указ о замораживании пенсионного фонда»', '«разговоры о законе об иностранных агентах»']",
2020-48,2020,48,,"['«Что произошло во Владивостоке – ураган, обледенение»', '«события во Владивостоке – тайфун, снег, всё обледенело. XXI век, а люди сидят без света. Страна не готова к катаклизмам»', '«Дальний Восток сидит без воды и света»']",
2020-48,2020,48,,"['«Смерть Диего Марадоны, футболист скончался позавчера»', '«смерть легендарного футболиста»', '«смерть Марадоны»', '«похороны Марадоны»']",
2020-48,2020,48,,"['«Самое заметное событие – это выборы американского президента»', '«Трамп – что проиграл, согласился»', '«выборы президента США – обсуждения»', '«выборы в Америке, этот цирк, который у них. Они показали, что демократии у них нет в принципе»']",
2020-48,2020,48,,"['«Государственные выплаты»', '«деньги распределяют из-за ковида медикам»', '«выплаты на детей»', '«о новых выплатах семьям с детьми»']",
2020-48,2020,48,,"['«Новости из Беларуси»', '«о положении в Белоруссии»', '«события в Белоруссии, протесты»', '«беспорядки в Минске, Белоруссии»']",
2020-48,2020,48,,"['«Дистанционное обучение»', '«информация о дистанционном обучении детей»', '«учеба детей, беспокоит дистанционка»', '«митинг против дистанционного обучения»']",
2020-48,2020,48,,"['«Экономические вопросы: падение рубля, рост курса доллара, рушится экономика»', '«удорожание всего»', '«бензин дорожает, хлеб дорожает»', '«повышение цен на лекарства»', '«рост цен, повышение налогообложения»', '«повышение налогов до 15%»']",
2020-48,2020,48,,"['«Заход американского корабля в территориальные воды России»', '«заход эсминца в залив Петра Великого»', '«когда катер прошел нашу границу, а мы ничем не ответили»', '«про американский эсминец, мне это не нравится»']",
2020-48,2020,48,,"['«Восстановление Сирии на бюджетные деньги России»', '«об оказании помощи Сирии»']",
2020-48,2020,48,,"['«То, что происходит на Украине сейчас»', '«Донбасс»', '«обстановка какая в Украине»']",
2020-48,2020,48,,"['«Конференция, к которой готовится президент»', '«о поездке Путина в Нижегородскую область»', '«Путин приезжал в маленький городок Саров»']",
2020-48,2020,48,,"['«Проблемы с Усольским химпромом»', '«у нас авария произошла автомобильная здесь, под Екатеринбургом»', '«ребенка сбили на автомобиле»']",
2020-48,2020,48,,"['«Лига чемпионов»', '«фигурное катание»', '«футбольный клуб ЦСКА в очередной раз не выиграл кубка»', '«скоро бокс с Тайсоном»']",
2020-48,2020,48,,"['«В Петербурге на просьбу надеть маску зарезали»', '«отец взял шестерых детей в заложники, военнослужащий расстрелял солдат»', '«таджик зарезал двух узбеков на рынке, таксиста зарезали в Подольске»', '«теракт готовился во Владимирской области»']",
2020-48,2020,48,,"['«Коррупция – это ужас. Раньше были миллионы, а теперь миллиарды. Куда смотрят?»', '«коррупция Меня»', '«задерживают за взятки, естественно, губернаторов»']",
2020-48,2020,48,,"['«Мы вышли на второе место в мире по судостроению»', '«завод по выпуску турбин показывали по телевизору, это было интересно»', '«открытие завода по производству лекарств в Иркутской области»']",
2020-48,2020,48,,"['«То, что продлили срок ареста Фургала»', '«Хабаровск: там же забастовка, за мэра народ восстал»', '«митинги в Хабаровске и отсутствие реакции властей на них»', '«впервые за три месяца показали Хабаровск, а то все молчали»']",
2020-48,2020,48,,"['«Начинают наезды на артистов, которые жалуются, что нет денег на питание»', '«положение на дорогах, гололед, не обработали дороги»', '«стали убирать свалки во Владивостоке»']",
2020-48,2020,48,,"['«Навальный в Европарламенте призвал ввести санкции против российских олигархов»', '«убили иранского физика-ядерщика»', '«рост цен на нефть»', '«Молдавия, убирают президента»', '«китайская ракета - освоение космоса»']",
2020-48,2020,48,,[],
2020-49,2020,49,,"['«О ковиде: статистика»', '«информация о состоянии медицины в связи с пандемией»', '«новые ограничения из-за коронавируса»', '«новогодние праздники как будем проводить с ограничительными мероприятиями»', '«открытие ковидного центра на ВДНХ»', '«проблема вируса, особенно для пожилых»', '«коронавирус: тестов нет, анализы не берут»', '«с коронавирусом: лекарств нет, лечат плохо»', '«будут выделять бесплатное лекарство людям, которые болеют ковидом»']",
2020-49,2020,49,,"['«Информация о Нагорном Карабахе»', '«прекратилась в Нагорном Карабахе война благодаря Путину»', '«что закончилась война в Карабахе, ввод российских миротворцев, что Россия прекратила войну»', '«помощь в Нагорном Карабахе»', '«поставили миротворцев в Карабах»']",
2020-49,2020,49,,"['«О том, что будет вакцинация массовая»', '«вакцинация поголовная с понедельника»', '«прививки от ковида запустили в ход. Большое дело делают»', '«началась вакцинация среди учителей, медработников и соцработников»', '«вакцинация не принудительна, а по факту принудительна – нас не допускают к работе»', '«о принудительном вакцинировании людей от коронавируса»']",
2020-49,2020,49,,"['«Множество законов пытается принять Госдума, которые ограничивают свободы и права граждан»', '«о внесении изменений в федеральный закон о физической культуре и спорте и федеральный закон об образовании»', '«переход Волгоградской области на московское время, подписание закона о повышенном налоге на доход физлиц свыше 5 млн рублей»', '«приезд министра просвещения в область нашу»']",
2020-49,2020,49,,"['«Об отставке Чубайса»', '«Чубайс поменял работу»', '«Чубайса с одного места поставили на другое»', '«Чубайса сняли с управления в ""Роснано” и поставили представителем президента в международных делах»']",
2020-49,2020,49,,"['«Выборы президента в США»', '«про борьбу президентов Америки»', '«надоела Америка, и выборы у них надоели»']",
2020-49,2020,49,,"['«О выплатах»', '«выплаты государством помощи на детей»', '«выплаты детских пособий и пособий малоимущим»', '«про выплаты детям в связи с коронавирусом»', '«что пособие на следующий год изменится детское»']",
2020-49,2020,49,,"['«Различные заявления Владимира Путина по улучшению жизни россиян»', '«совещание президента о нефтехимической отрасли в России»', '«Путин выступал и отвечал на вопросы: прямая линия была с областями»', '«Путин ездил в город Саров»', '«визит Путина в Тобольск»', '«встреча Путина с волонтерами. Очень хорошая работа, хорошо диалог прошел»', '«17 декабря будет прямая линия»']",
2020-49,2020,49,,"['«На Дальнем Востоке прошел дождь ледяной»', '«Владивосток: обледенение моста»', '«уборка снега после ледового дождя»', '«черная пурга в Норильске»']",
2020-49,2020,49,,"['«Общий спад экономики»', '«плачевная ситуация с бизнесом»', '«очередное поднятие цен»', '«повышение коммунальных услуг»', '«работы нет, и зарплаты нет, цены высокие на продукты»']",
2020-49,2020,49,,"['«Плохие дела на Украине»', '«на Украине что творят. Жалко просто людей на Украине и по Донбассу. Наши люди, а сколько лет уже война»', '«события с Донецком: не хотят подписать соглашение»']",
2020-49,2020,49,,"['«Криминальная хроника»', '«убийства»', '«убийство человека, который ехал в автобусе без маски»', '«ситуация с мальчиком, который в прямом эфире убил девушку в интернете»']",
2020-49,2020,49,,"['«Выборы в Молдавии»', '«проблема Приднестровья»', '«когда президент Молдавии попросила, чтобы Россия убрала войска»']",
2020-49,2020,49,,"['«Биатлон: чемпионат мира»', '«чемпионат мира по боксу»', '«плохо наши сыграли на футболе»', '«“Зенит” проиграл»']",
2020-49,2020,49,,"['«События в Белоруссии»', '«протест в Белоруссии»', '«союз с Белоруссией сдвинулся с мертвой точки»']",
2020-49,2020,49,,"['«Дистант детей»', '«по поводу учебы интересует, сколько будет дистанционное обучение»']",
2020-49,2020,49,,"['«Марадона умер»', '«смерть Диего Марадоны»']",
2020-49,2020,49,,"['«Американский корабль переехал нашу границу»', '«американский корабль вошел в наши воды»', '«заход американского судна в Чёрное море»']",
2020-49,2020,49,,"['«Отключение электроснабжения в Приморском крае в течение 9 часов»', '«Хабаровск: разгоняли демонстрацию»', '«концерт Басты»', '«транспортная реформа в Кемеровской области»']",
2020-49,2020,49,,"['«Выступление Навального в Европарламенте»', '«физика иранского убили»', '«радиотелескоп упал в Пуэрто-Рико»', '«курс биткоина»']",
2020-49,2020,49,,[],
2020-50,2020,50,,"['Информация о том, сколько людей умирает от коронавируса, и достоверна ли эта информация', 'говорят о коронавирусе: нет лекарств, лечить нечем, скорая не приезжает', 'коронавирус, переполнены больницы по факту, а говорят, что есть свободные места', 'бесплатная выдача лекарств от коронавируса', 'о продлении карантина', 'рост заболеваний в Петербурге и усиление мер по коронавирусу']",
2020-50,2020,50,,"['О повышении цен на продукты первой необходимости', 'рост цен на сахар и масло', 'борьба с подорожанием продуктов', 'решение вопроса об исключении самопроизвольного поднятия цен нашими производителями', 'когда разбирали, что продукты подорожали', 'ценами на продовольствие занялись']",
2020-50,2020,50,,"['Массовая вакцинация самое актуальное, что запомнилось', 'вакцинация от ковида в России', 'прививка от коронавируса, что началась вакцинация', 'вакцинация, как она будет проходить в регионах']",
2020-50,2020,50,,"['Будет проводиться прямая линия с президентом Путиным', 'ждем конференцию с Путиным', 'пресс-конференция с Путиным, которая будет 17 декабря', 'прямой эфир с Путиным']",
2020-50,2020,50,,"['Встреча Путина с правозащитниками', 'встреча с волонтерами', 'президент не знал, что людям денег не хватает на еду']",
2020-50,2020,50,,"['Обстановка между Арменией и Азербайджаном узаконилась', 'Нагорный Карабах, что вошли наши войска, помогают', 'что люди начали возвращаться в Нагорный Карабах', 'парад победы Азербайджана над Арменией']",
2020-50,2020,50,,"['Дума, которая печатает законы, направленные на то, чтобы запретить и ущемить что-то', 'отмена накопительной пенсии', 'о свободе действий сотрудников полиции, о расширении их полномочий', 'о новых законах про мусор', 'приезд главы здравоохранения в Калининградскую область', 'увольнение Чубайса']",
2020-50,2020,50,,"['Вопрос о дополнительных выплатах медикам', 'доплата пенсионерам Москвы', 'льготы пенсионерам', 'дотационные выплаты на погребение', 'новые выплаты пенсионерам и детям до 18 лет', 'о выплатах в декабре всем, у кого есть дети']",
2020-50,2020,50,,"['Нагнетание напряженности на линии Луганск – Днепропетровск – Украина', 'на Украину США перебросили какую-то военную технику']",
2020-50,2020,50,,"['Преступность, грабеж государства', 'ограбление Сбербанка', '89 эпизодов педофилии православного священника, на которого завели дело', 'в Петербурге бывший работник МВД поломал руку маленькому мальчику', 'убийство в Армавире девушки и ее брата']",
2020-50,2020,50,,"['События в Белоруссии меня привлекли', 'Лукашенко делает всё, чтобы остаться у власти']",
2020-50,2020,50,,"['Об онлайн-обучении', 'дистанционное обучение детей', 'то, что собираются закрыть школы на самоизоляцию']",
2020-50,2020,50,,"['Землетрясение в республики Бурятия', 'землетрясение в Сибири – 7 баллов', 'землетрясение на Байкале', 'наводнение в Иркутской области', 'ситуация с ледяным дождем во Владивостоке']",
2020-50,2020,50,,"['О выборах в США', 'победа американского президента', 'ситуация в США, подтасовка с Байденом']",
2020-50,2020,50,,"['Мы помогаем Сирии', 'гуманитарная помощь беженцам в Сирии', 'Сирия нам ни к чему, лучше бы все затраты делались внутри страны']",
2020-50,2020,50,,"['Скончался Валентин Гафт, это грустно', 'губернатор Михайлов умер', 'дело Платошкина в суде', 'отсутствие лекарств в аптеках', 'пожар на рынке из-за фейерверка в Таганроге']",
2020-50,2020,50,,"['Начало вакцинации в Европе', 'выборы в Молдове – последствия', 'отказ сборной Норвегии от участия в нескольких этапах лыжных соревнований']",
2020-50,2020,50,,[],
2020-51,2020,51,,"['«Вчерашнее выступление президента»', '«телемост Путина с журналистами»', '«17 декабря – ежегодная пресс-конференция Путина»', '«смотрела конференцию 17 декабря»', '«вчерашняя пресс-конференция Путина: хорошо выступил. Можно было, конечно, пожёстче чуть-чуть с некоторыми журналистами»', '«не понравилась пресс-конференция»']",
2020-51,2020,51,,"['«Ситуация с пандемией»', '«вопросы о пандемии»', '«коронавирус: говорят, что болеют много, умирают люди»', '«коронавирус и какие средства от него готовятся»', '«ухудшение заболеваемости»', '«на 30% выросла смертность»', '«сплошная ложь: количество заболевших ковидом людей никто не считает, цифры берут с потолка»']",
2020-51,2020,51,,"['«Вопрос роста цен»', '«вопрос о повышении цен на продукты»', '«о поднятии цен, о ЖКХ»', '«о повышении цен в магазинах»', '«о снижении цен»', '«обещание снижения цен»', '«сброс цен на продукты и на зерно»']",
2020-51,2020,51,,"['«Помощь на детей»', '«увеличение пособия на ребенка»', '«выплаты для детей многодетным и вообще»', '«помощь молодым семьям»', '«выплата на детей на Новый год»', '«будут выплаты на детей, но не для всех детей. Это возмутительно»']",
2020-51,2020,51,,"['«Расследование зарубежных журналистов об отравлении Навального: участие российских спецслужб в отравлении»', '«последнее расследование Навального о его отравлении»', '«Навальный знает, кто его хотел отравить»', '«этапы расследования отравления Навального»']",
2020-51,2020,51,,"['«В Нагорном Карабахе события»', '«в Карабахе войну остановили»', '«события в Карабахе, попытки срыва перемирия со стороны Азербайджана»', '«в Нагорном Карабахе было столкновение»']",
2020-51,2020,51,,"['«Законопроект в первом чтении приняли о применении оружия сотрудниками милиции против гражданского населения»', '«налог для предпринимателей»', '«о работающих пенсионерах»', '«круглый стол КПРФ, который прошел в Госдуме против дистанционного образования»', '«о создании вытрезвителей»']",
2020-51,2020,51,,"['«Прививка от ковида»', '«запуск вакцины»', '«вакцинация от коронавируса»', '«объявленная вакцинация полномасштабная»']",
2020-51,2020,51,,"['«Испытания стратегические»', '«наши ракеты полетели как метеориты»', '«запуск “Ангары”»', '«испытания: “Авангард"" полетел»', '«запуск четырех баллистических ракет, и ИД-114 запустили»', '«пуск баллистических ракет “Булава”, подводной лодки “Владимир Мономах”»']",
2020-51,2020,51,,"['«Уровень здравоохранения»', '«нет лекарств, нет медицины»', '«нехватка лекарств, невозможно попасть в медучреждения»', '«почему мы должны помогать больным детям, а не государство?»', '«в Тверской области в Ржеве в больнице осталось два терапевта»']",
2020-51,2020,51,,"['«Большая коррупция, воруют»', '«подростки убивают друг друга и насилуют»', '«ограбили Сбербанк в Санкт-Петербурге, большая преступность»']",
2020-51,2020,51,,"['«Дисквалификация спортсменов с Олимпиады»', '«Олимпиада лишила в очередной раз флага российских спортсменов»', '«только футбол»', '«биатлон, всё, что связано со спортом»', '«молодые хоккеисты выиграли»']",
2020-51,2020,51,,"['«Рассказывают только о том, как выбирают президента в США»', '«подтвержденные выборы в США»', '«Байден победил»', '«утверждение Байдена президентом»']",
2020-51,2020,51,,"['«Одно и то же: Украина, Украина»', '«положение на Украине»', '«слежу, что происходит на Украине»', '«ситуация в ДНР»']",
2020-51,2020,51,,"['«Дистанционное образование»', '«дистанционное обучение детей»', '«образование: не хотят дома заниматься дети»']",
2020-51,2020,51,,"['«Гафт умер»', '«смерть Гафта»']",
2020-51,2020,51,,"['«Продление ареста Фургала»', '«развитие Западно-Сибирской магистрали»', 'в Северобайкальске будут проводить газ»', '«дети заблудились под Домодедово в пещере»']",
2020-51,2020,51,,"['«Темы, связанные с ""Северным потоком 2""»', '«с Лавровым не захотел встречаться кто-то из официальных лиц»', '«отправлена гуманитарная помощь в Сирию – 476 тонн продуктов»', '«Молдова приняла русский язык как общественный»']",
2020-51,2020,51,,[],
2020-52,2020,52,,,
2020-52,2020,52,,,
2020-52,2020,52,,,
2020-52,2020,52,,,
2020-52,2020,52,,,
2020-52,2020,52,,,
2020-52,2020,52,,,
2020-52,2020,52,,,
2020-52,2020,52,,,
2020-52,2020,52,,,
2020-52,2020,52,,,
2020-52,2020,52,,,
2020-52,2020,52,,,
2020-52,2020,52,,,
2020-52,2020,52,,,
2020-52,2020,52,,,
2020-52,2020,52,,,
2020-52,2020,52,,,
2020-52,2020,52,,,
2020-52,2020,52,,,
2020-52,2020,52,,,
2020-52,2020,52,,,
2020-52,2020,52,,,
2020-52,2020,52,,,
2020-52,2020,52,,,
2020-52,2020,52,,,
2020-52,2020,52,,,
2020-52,2020,52,,,
2020-52,2020,52,,,
2020-52,2020,52,,,
2020-52,2020,52,,,
2020-52,2020,52,,,
2020-52,2020,52,,,
2020-52,2020,52,,,
2020-52,2020,52,,,
2020-52,2020,52,,,
2020-52,2020,52,,,
2020-52,2020,52,,,
2020-52,2020,52,,,
2020-52,2020,52,,,
2020-52,2020,52,,,
2020-52,2020,52,,,
2020-52,2020,52,,,
2020-52,2020,52,,,
2020-52,2020,52,,,
2020-52,2020,52,,,
2020-52,2020,52,,,
2020-52,2020,52,,,
2020-52,2020,52,,,
2020-52,2020,52,,,
2020-52,2020,52,,,
2020-52,2020,52,,,
2020-52,2020,52,,,
2020-52,2020,52,,,
2020-52,2020,52,,,
2020-52,2020,52,,,
2020-52,2020,52,,,
2020-52,2020,52,,,
2020-52,2020,52,,,
2020-52,2020,52,,,
2020-52,2020,52,,,
2020-52,2020,52,,,
2020-52,2020,52,,,
2020-52,2020,52,,,
2020-52,2020,52,,,
2020-52,2020,52,,,
2020-52,2020,52,,,
2020-52,2020,52,,,
2020-52,2020,52,,,
2020-52,2020,52,,,
2020-52,2020,52,,,
2020-52,2020,52,,,
2020-52,2020,52,,,
2020-52,2020,52,,,
2020-52,2020,52,,,
2020-52,2020,52,,,
2020-52,2020,52,,,
2020-52,2020,52,,,
2020-52,2020,52,,,
2020-52,2020,52,,,
2020-52,2020,52,,,
2020-52,2020,52,,,
2020-52,2020,52,,,
2020-52,2020,52,,,
2020-52,2020,52,,,
2020-52,2020,52,,,
2020-52,2020,52,,,
2020-52,2020,52,,,
2020-52,2020,52,,,
2020-52,2020,52,,,
2020-52,2020,52,,,
2020-52,2020,52,,,
2020-52,2020,52,,,
2020-52,2020,52,,,
2020-52,2020,52,,,
2020-52,2020,52,,,
2020-52,2020,52,,,
2020-52,2020,52,,,
2020-52,2020,52,,,
2020-52,2020,52,,,
2020-52,2020,52,,,
2020-52,2020,52,,,
2020-52,2020,52,,,
2020-52,2020,52,,,
2020-52,2020,52,,,
2020-52,2020,52,,,
2020-52,2020,52,,,
2020-52,2020,52,,,
2020-52,2020,52,,,
2020-52,2020,52,,,
2020-52,2020,52,,,
2020-52,2020,52,,,
2020-52,2020,52,,,
2020-52,2020,52,,,
2020-52,2020,52,,,
2020-52,2020,52,,,
2020-52,2020,52,,,
2020-52,2020,52,,,
2020-52,2020,52,,,
2020-52,2020,52,,,
2020-52,2020,52,,,
2020-52,2020,52,,,
2020-52,2020,52,,,
2020-52,2020,52,,,
2020-52,2020,52,,,
2020-52,2020,52,,,
2020-52,2020,52,,,
2020-52,2020,52,,,
2020-52,2020,52,,,
2020-52,2020,52,,,
2020-52,2020,52,,,
2020-52,2020,52,,,
2020-52,2020,52,,,
2020-52,2020,52,,,
2020-52,2020,52,,,
2020-52,2020,52,,,
2020-52,2020,52,,,
2020-52,2020,52,,,
2020-52,2020,52,,,
2020-52,2020,52,,,
2020-52,2020,52,,,
2020-52,2020,52,,,
2020-52,2020,52,,,
2020-52,2020,52,,,
2020-52,2020,52,,,
2020-52,2020,52,,,
2020-52,2020,52,,,
2020-52,2020,52,,,
2020-52,2020,52,,,
2020-52,2020,52,,,
2020-52,2020,52,,,
2020-52,2020,52,,,
2020-52,2020,52,,,
2020-52,2020,52,,,
2020-52,2020,52,,,
2020-52,2020,52,,,
2020-52,2020,52,,,
2020-52,2020,52,,,
2020-52,2020,52,,,
2020-52,2020,52,,,
2020-52,2020,52,,,
2020-52,2020,52,,,
2020-52,2020,52,,,
2020-52,2020,52,,,
2020-52,2020,52,,,
2020-52,2020,52,,,
2020-52,2020,52,,,
2020-52,2020,52,,,
2020-52,2020,52,,,
2020-52,2020,52,,,
2020-52,2020,52,,,
2020-52,2020,52,,,
2020-52,2020,52,,,
2020-52,2020,52,,,
2020-52,2020,52,,,
2020-52,2020,52,,,
2020-52,2020,52,,,
2020-52,2020,52,,,
2020-52,2020,52,,,
2020-52,2020,52,,,
2020-52,2020,52,,,
2020-52,2020,52,,,
2020-52,2020,52,,,
2020-52,2020,52,,,
2020-52,2020,52,,,
2020-52,2020,52,,,
2020-52,2020,52,,,
2020-52,2020,52,,,
2020-52,2020,52,,,
2020-52,2020,52,,,
2020-52,2020,52,,,
2020-52,2020,52,,,
2020-52,2020,52,,,
2020-52,2020,52,,,
2020-52,2020,52,,,
2020-52,2020,52,,,
2020-52,2020,52,,,
2020-52,2020,52,,,
2020-52,2020,52,,,
2020-52,2020,52,,,
2020-52,2020,52,,,
2020-52,2020,52,,,
2020-52,2020,52,,,
2020-52,2020,52,,,
2020-52,2020,52,,,
2020-52,2020,52,,,
2020-52,2020,52,,,
2020-52,2020,52,,,
2020-52,2020,52,,,
2020-52,2020,52,,,
2020-52,2020,52,,,
2020-52,2020,52,,,
2020-52,2020,52,,,
2020-52,2020,52,,,
2020-52,2020,52,,,
2020-52,2020,52,,,
2020-52,2020,52,,,
2020-52,2020,52,,,
2020-52,2020,52,,,
2020-52,2020,52,,,
2020-52,2020,52,,,
2020-52,2020,52,,,
2020-52,2020,52,,,
2020-52,2020,52,,,
2020-52,2020,52,,,
2020-52,2020,52,,,
2020-52,2020,52,,,
2020-52,2020,52,,,
2020-52,2020,52,,,
2020-52,2020,52,,,
2020-52,2020,52,,,
2020-52,2020,52,,,
2020-52,2020,52,,,
2020-52,2020,52,,,
2020-52,2020,52,,,
2020-52,2020,52,,,
2020-52,2020,52,,,
2020-52,2020,52,,,
2020-52,2020,52,,,
2020-52,2020,52,,,
2020-52,2020,52,,,
2020-52,2020,52,,,
2020-52,2020,52,,,
2020-52,2020,52,,,
2020-52,2020,52,,,
2020-52,2020,52,,,
2020-52,2020,52,,,
2020-52,2020,52,,,
2020-52,2020,52,,,
2020-52,2020,52,,,
2020-52,2020,52,,,
2020-52,2020,52,,,
2020-52,2020,52,,,
2020-52,2020,52,,,
2020-52,2020,52,,,
2020-52,2020,52,,,
2020-52,2020,52,,,
2020-52,2020,52,,,
2020-52,2020,52,,,
2020-52,2020,52,,,
2020-52,2020,52,,,
2020-52,2020,52,,,
2020-52,2020,52,,,
2020-52,2020,52,,,
2020-52,2020,52,,,
2020-52,2020,52,,,
2020-52,2020,52,,,
2020-52,2020,52,,,
2020-52,2020,52,,,
2020-52,2020,52,,,
2020-52,2020,52,,,
2020-52,2020,52,,,
2020-52,2020,52,,,
2020-52,2020,52,,,
2020-52,2020,52,,,
2020-52,2020,52,,,
2020-52,2020,52,,,
2020-52,2020,52,,,
2020-52,2020,52,,,
2020-52,2020,52,,,
2020-52,2020,52,,,
2020-52,2020,52,,,
2020-52,2020,52,,,
2020-52,2020,52,,,
2020-52,2020,52,,,
2020-52,2020,52,,,
2020-52,2020,52,,,
2020-52,2020,52,,,
2020-52,2020,52,,,
2020-52,2020,52,,,
2020-52,2020,52,,,
2020-52,2020,52,,,
2020-52,2020,52,,,
2020-52,2020,52,,,
2020-52,2020,52,,,
2020-52,2020,52,,,
2020-52,2020,52,,,
2020-52,2020,52,,,
2020-52,2020,52,,,
2020-52,2020,52,,,
2020-52,2020,52,,,
2020-52,2020,52,,,
2020-52,2020,52,,,
2020-52,2020,52,,,
2020-52,2020,52,,,
2020-52,2020,52,,,
2020-52,2020,52,,,
2020-52,2020,52,,,
2020-52,2020,52,,,
2020-52,2020,52,,,
2020-52,2020,52,,,
2020-52,2020,52,,,
2020-52,2020,52,,,
2020-52,2020,52,,,
2020-52,2020,52,,,
2020-52,2020,52,,,
2020-52,2020,52,,,
2020-52,2020,52,,,
2020-52,2020,52,,,
2020-52,2020,52,,,
2020-52,2020,52,,,
2020-52,2020,52,,,
2020-52,2020,52,,,
2020-52,2020,52,,,
2020-52,2020,52,,,
2020-52,2020,52,,,
2020-52,2020,52,,,
2020-52,2020,52,,,
2020-52,2020,52,,,
2020-52,2020,52,,,
2020-52,2020,52,,,
2020-52,2020,52,,,
2020-52,2020,52,,,
2020-52,2020,52,,,
2020-52,2020,52,,,
2020-52,2020,52,,,
2020-52,2020,52,,,
2020-52,2020,52,,,
2020-52,2020,52,,,
2020-52,2020,52,,,
2020-52,2020,52,,,
2020-52,2020,52,,,
2020-52,2020,52,,,
2020-52,2020,52,,,
2020-52,2020,52,,,
2020-52,2020,52,,,
2020-52,2020,52,,,
2020-52,2020,52,,,
2020-52,2020,52,,,
2020-52,2020,52,,,
2020-52,2020,52,,,
2020-52,2020,52,,,
2020-52,2020,52,,,
2020-52,2020,52,,,
2020-52,2020,52,,,
2020-52,2020,52,,,
2020-52,2020,52,,,
2020-52,2020,52,,,
2020-52,2020,52,,,
2020-52,2020,52,,,
2020-52,2020,52,,,
2020-52,2020,52,,,
2020-52,2020,52,,,
2020-52,2020,52,,,
2020-52,2020,52,,,
2020-52,2020,52,,,
2020-52,2020,52,,,
2020-52,2020,52,,,
2020-52,2020,52,,,
2020-52,2020,52,,,
2020-52,2020,52,,,
2020-52,2020,52,,,
2020-52,2020,52,,,
2020-52,2020,52,,,
2020-52,2020,52,,,
2020-52,2020,52,,,
2020-52,2020,52,,,
2020-52,2020,52,,,
2020-52,2020,52,,,
2020-52,2020,52,,,
2020-52,2020,52,,,
2020-52,2020,52,,,
2020-52,2020,52,,,
2020-52,2020,52,,,
2020-52,2020,52,,,
2020-52,2020,52,,,
2020-52,2020,52,,,
2020-52,2020,52,,,
2020-52,2020,52,,,
2020-52,2020,52,,,
2020-52,2020,52,,,
2020-52,2020,52,,,
2020-52,2020,52,,,
2020-52,2020,52,,,
2020-52,2020,52,,,
2020-52,2020,52,,,
2020-52,2020,52,,,
2020-52,2020,52,,,
2020-52,2020,52,,,
2020-52,2020,52,,,
2020-52,2020,52,,,
2020-52,2020,52,,,
2020-52,2020,52,,,
2020-52,2020,52,,,
2020-52,2020,52,,,
2020-52,2020,52,,,
2020-52,2020,52,,,
2020-52,2020,52,,,
2020-52,2020,52,,,
2020-52,2020,52,,,
2020-52,2020,52,,,
2020-52,2020,52,,,
2020-52,2020,52,,,
2020-52,2020,52,,,
2020-52,2020,52,,,
2020-52,2020,52,,,
2020-52,2020,52,,,
2020-52,2020,52,,,
2020-52,2020,52,,,
2020-52,2020,52,,,
2020-52,2020,52,,,
2020-52,2020,52,,,
2020-52,2020,52,,,
2020-52,2020,52,,,
2020-52,2020,52,,,
2020-52,2020,52,,,
2020-52,2020,52,,,
2020-52,2020,52,,,
2020-52,2020,52,,,
2020-52,2020,52,,,
2020-52,2020,52,,,
2020-52,2020,52,,,
2020-52,2020,52,,,
2020-52,2020,52,,,
2020-52,2020,52,,,
2020-52,2020,52,,,
2020-52,2020,52,,,
2020-52,2020,52,,,
2020-52,2020,52,,,
2020-52,2020,52,,,
2020-52,2020,52,,,
2020-52,2020,52,,,
2020-52,2020,52,,,
2020-52,2020,52,,,
2020-52,2020,52,,,
2020-52,2020,52,,,
2020-52,2020,52,,,
2020-52,2020,52,,,
2020-52,2020,52,,,
2020-52,2020,52,,,
2020-52,2020,52,,,
2020-52,2020,52,,,
2020-52,2020,52,,,
2020-52,2020,52,,,
2020-52,2020,52,,,
2020-52,2020,52,,,
2020-52,2020,52,,,
2020-52,2020,52,,,
2020-52,2020,52,,,
2020-52,2020,52,,,
2020-52,2020,52,,,
2020-52,2020,52,,,
2020-52,2020,52,,,
2020-52,2020,52,,,
2020-52,2020,52,,,
2020-52,2020,52,,,
2020-52,2020,52,,,
2020-52,2020,52,,,
2020-52,2020,52,,,
2020-52,2020,52,,,
2020-52,2020,52,,,
2020-52,2020,52,,,
2020-52,2020,52,,,
2020-52,2020,52,,,
2020-52,2020,52,,,
2020-52,2020,52,,,
2020-52,2020,52,,,
2020-52,2020,52,,,
2020-52,2020,52,,,
2020-52,2020,52,,,
2020-52,2020,52,,,
2020-52,2020,52,,,
2020-52,2020,52,,,
2020-52,2020,52,,,
2020-52,2020,52,,,
2020-52,2020,52,,,
2020-52,2020,52,,,
2020-52,2020,52,,,
2020-52,2020,52,,,
2020-52,2020,52,,,
2020-52,2020,52,,,
2020-52,2020,52,,,
2020-52,2020,52,,,
2020-52,2020,52,,,
2020-52,2020,52,,,
2020-52,2020,52,,,
2020-52,2020,52,,,
2020-52,2020,52,,,
2020-52,2020,52,,,
2020-52,2020,52,,,
2020-52,2020,52,,,
2020-52,2020,52,,,
2020-52,2020,52,,,
2020-52,2020,52,,,
2020-52,2020,52,,,
2020-52,2020,52,,,
2020-52,2020,52,,,
2020-52,2020,52,,,
2020-52,2020,52,,,
2020-52,2020,52,,,
2020-52,2020,52,,,
2020-52,2020,52,,,
2020-52,2020,52,,,
2020-52,2020,52,,,
2020-52,2020,52,,,
2020-52,2020,52,,,
2020-52,2020,52,,,
2020-52,2020,52,,,
2020-52,2020,52,,,
2020-52,2020,52,,,
2020-52,2020,52,,,
2020-52,2020,52,,,
2020-52,2020,52,,,
2020-52,2020,52,,,
2020-52,2020,52,,,
2020-52,2020,52,,,
2020-52,2020,52,,,
2020-52,2020,52,,,
2020-52,2020,52,,,
2020-52,2020,52,,,
2020-52,2020,52,,,
2020-52,2020,52,,,
2020-52,2020,52,,,
2020-52,2020,52,,,
2020-52,2020,52,,,
2020-52,2020,52,,,
2020-52,2020,52,,,
2020-52,2020,52,,,
2020-52,2020,52,,,
2020-52,2020,52,,,
2020-52,2020,52,,,
2020-52,2020,52,,,
2020-52,2020,52,,,
2020-52,2020,52,,,
2020-52,2020,52,,,
2020-52,2020,52,,,
2020-52,2020,52,,,
2020-52,2020,52,,,
2020-52,2020,52,,,
2020-52,2020,52,,,
2020-52,2020,52,,,
2020-52,2020,52,,,
2020-52,2020,52,,,
2020-52,2020,52,,,
2020-52,2020,52,,,
2020-52,2020,52,,,
2020-52,2020,52,,,
2020-52,2020,52,,,
2020-52,2020,52,,,
2020-52,2020,52,,,
2020-52,2020,52,,,
2020-52,2020,52,,,
2020-52,2020,52,,,
2020-52,2020,52,,,
2020-52,2020,52,,,
2020-52,2020,52,,,
2020-52,2020,52,,,
2020-52,2020,52,,,
2020-52,2020,52,,,
2020-52,2020,52,,,
2020-52,2020,52,,,
2020-52,2020,52,,,
2020-52,2020,52,,,
2020-52,2020,52,,,
2020-52,2020,52,,,
2020-52,2020,52,,,
2020-52,2020,52,,,
2020-52,2020,52,,,
2020-52,2020,52,,,
2020-52,2020,52,,,
2020-52,2020,52,,,
2020-52,2020,52,,,
2020-52,2020,52,,,
2020-52,2020,52,,,
2020-52,2020,52,,,
2020-52,2020,52,,,
2020-52,2020,52,,,
2020-52,2020,52,,,
2020-52,2020,52,,,
2020-52,2020,52,,,
2020-52,2020,52,,,
2020-52,2020,52,,,
2020-52,2020,52,,,
2020-52,2020,52,,,
2020-52,2020,52,,,
2020-52,2020,52,,,
2020-52,2020,52,,,
2020-52,2020,52,,,
2020-52,2020,52,,,
2020-52,2020,52,,,
2020-52,2020,52,,,
2020-52,2020,52,,,
2020-52,2020,52,,,
2020-52,2020,52,,,
2020-52,2020,52,,,
2020-52,2020,52,,,
2020-52,2020,52,,,
2020-52,2020,52,,,
2020-52,2020,52,,,
2020-52,2020,52,,,
2020-52,2020,52,,,
2020-52,2020,52,,,
2020-52,2020,52,,,
2020-52,2020,52,,,
2020-52,2020,52,,,
2020-52,2020,52,,,
2020-52,2020,52,,,
2020-52,2020,52,,,
2020-52,2020,52,,,
2020-52,2020,52,,,
2020-52,2020,52,,,
2020-52,2020,52,,,
2020-52,2020,52,,,
2020-52,2020,52,,,
2020-52,2020,52,,,
2020-52,2020,52,,,
2020-52,2020,52,,,
2020-52,2020,52,,,
2020-52,2020,52,,,
2020-52,2020,52,,,
2020-52,2020,52,,,
2020-52,2020,52,,,
2020-52,2020,52,,,
2020-52,2020,52,,,
2020-52,2020,52,,,
2020-52,2020,52,,,
2020-52,2020,52,,,
2020-52,2020,52,,,
2020-52,2020,52,,,
2020-52,2020,52,,,
2020-52,2020,52,,,
2020-52,2020,52,,,
2020-52,2020,52,,,
2020-52,2020,52,,,
2020-52,2020,52,,,
2020-52,2020,52,,,
2020-52,2020,52,,,
2020-52,2020,52,,,
2020-52,2020,52,,,
2020-52,2020,52,,,
2020-52,2020,52,,,
2020-52,2020,52,,,
2020-52,2020,52,,,
2020-52,2020,52,,,
2020-52,2020,52,,,
2020-52,2020,52,,,
2020-52,2020,52,,,
2020-52,2020,52,,,
2020-52,2020,52,,,
2020-52,2020,52,,,
2020-52,2020,52,,,
2020-52,2020,52,,,
2020-52,2020,52,,,
2020-52,2020,52,,,
2020-52,2020,52,,,
2020-52,2020,52,,,
2020-52,2020,52,,,
2020-52,2020,52,,,
2020-52,2020,52,,,
2020-52,2020,52,,,
2020-52,2020,52,,,
2020-52,2020,52,,,
2020-52,2020,52,,,
2020-52,2020,52,,,
2020-52,2020,52,,,
2020-52,2020,52,,,
2020-52,2020,52,,,
2020-52,2020,52,,,
2020-52,2020,52,,,
2020-52,2020,52,,,
2020-52,2020,52,,,
2020-52,2020,52,,,
2020-52,2020,52,,,
2020-52,2020,52,,,
2020-52,2020,52,,,
2020-52,2020,52,,,
2020-52,2020,52,,,
2020-52,2020,52,,,
2020-52,2020,52,,,
2020-52,2020,52,,,
2020-52,2020,52,,,
2020-52,2020,52,,,
2020-52,2020,52,,,
2020-52,2020,52,,,
2020-52,2020,52,,,
2020-52,2020,52,,,
2020-52,2020,52,,,
2020-52,2020,52,,,
2020-52,2020,52,,,
2020-52,2020,52,,,
2020-52,2020,52,,,
2020-52,2020,52,,,
2020-52,2020,52,,,
2020-52,2020,52,,,
2020-52,2020,52,,,
2020-52,2020,52,,,
2020-52,2020,52,,,
2020-52,2020,52,,,
2020-52,2020,52,,,
2020-52,2020,52,,,
2020-52,2020,52,,,
2020-52,2020,52,,,
2020-52,2020,52,,,
2020-52,2020,52,,,
2020-52,2020,52,,,
2020-52,2020,52,,,
2020-52,2020,52,,,
2020-52,2020,52,,,
2020-52,2020,52,,,
2020-52,2020,52,,,
2020-52,2020,52,,,
2020-52,2020,52,,,
2020-52,2020,52,,,
2020-52,2020,52,,,
2020-52,2020,52,,,
2020-52,2020,52,,,
2020-52,2020,52,,,
2020-52,2020,52,,,
2020-52,2020,52,,,
2020-52,2020,52,,,
2020-52,2020,52,,,
2020-52,2020,52,,,
2020-52,2020,52,,,
2020-52,2020,52,,,
2020-52,2020,52,,,
2020-52,2020,52,,,
2020-52,2020,52,,,
2020-52,2020,52,,,
2020-52,2020,52,,,
2020-52,2020,52,,,
2020-52,2020,52,,,
2020-52,2020,52,,,
2020-52,2020,52,,,
2020-52,2020,52,,,
2020-52,2020,52,,,
2020-52,2020,52,,,
2020-52,2020,52,,,
2020-52,2020,52,,,
2020-52,2020,52,,,
2020-52,2020,52,,,
2020-52,2020,52,,,
2020-52,2020,52,,,
2020-52,2020,52,,,
2020-52,2020,52,,,
2020-52,2020,52,,,
2020-52,2020,52,,,
2020-52,2020,52,,,
2020-52,2020,52,,,
2020-52,2020,52,,,
2020-52,2020,52,,,
2020-52,2020,52,,,
2020-52,2020,52,,,
2020-52,2020,52,,,
2020-52,2020,52,,,
2020-52,2020,52,,,
2020-52,2020,52,,,
2020-52,2020,52,,,
2020-52,2020,52,,,
2020-52,2020,52,,,
2020-52,2020,52,,,
2020-52,2020,52,,,
2020-52,2020,52,,,
2020-52,2020,52,,,
2020-52,2020,52,,,
2020-52,2020,52,,,
2020-52,2020,52,,,
2020-52,2020,52,,,
2020-52,2020,52,,,
2020-52,2020,52,,,
2020-52,2020,52,,,
2020-52,2020,52,,,
2020-52,2020,52,,,
2020-52,2020,52,,,
2020-52,2020,52,,,
2020-52,2020,52,,,
2020-52,2020,52,,,
2020-52,2020,52,,,
2020-52,2020,52,,,
2020-52,2020,52,,,
2020-52,2020,52,,,
2020-52,2020,52,,,
2020-52,2020,52,,,
2020-52,2020,52,,,
2020-52,2020,52,,,
2020-52,2020,52,,,
2020-52,2020,52,,,
2020-52,2020,52,,,
2020-52,2020,52,,,
2020-52,2020,52,,,
2020-52,2020,52,,,
2020-52,2020,52,,,
2020-52,2020,52,,,
2020-52,2020,52,,,
2020-52,2020,52,,,
2020-52,2020,52,,,
2020-52,2020,52,,,
2020-52,2020,52,,,
2020-52,2020,52,,,
2020-52,2020,52,,,
2020-52,2020,52,,,
2020-52,2020,52,,,
2020-52,2020,52,,,
2020-52,2020,52,,,
2020-52,2020,52,,,
2020-52,2020,52,,,
2020-52,2020,52,,,
2020-52,2020,52,,,
2020-52,2020,52,,,
2020-52,2020,52,,,
2020-52,2020,52,,,
2020-52,2020,52,,,
2020-52,2020,52,,,
2020-52,2020,52,,,
2020-52,2020,52,,,
2020-52,2020,52,,,
2020-52,2020,52,,,
2020-52,2020,52,,,
2020-52,2020,52,,,
2020-52,2020,52,,,
2020-52,2020,52,,,
2020-52,2020,52,,,
2020-52,2020,52,,,
2020-52,2020,52,,,
2020-52,2020,52,,,
2020-52,2020,52,,,
2020-52,2020,52,,,
2020-52,2020,52,,,
2020-52,2020,52,,,
2020-52,2020,52,,,
2020-52,2020,52,,,
2020-52,2020,52,,,
2020-52,2020,52,,,
2020-52,2020,52,,,
2020-52,2020,52,,,
2020-52,2020,52,,,
2020-52,2020,52,,,
2020-52,2020,52,,,
2020-52,2020,52,,,
2020-52,2020,52,,,
2020-52,2020,52,,,
2020-52,2020,52,,,
2020-52,2020,52,,,
2020-52,2020,52,,,
2020-52,2020,52,,,
2020-52,2020,52,,,
2020-52,2020,52,,,
2020-52,2020,52,,,
2020-52,2020,52,,,
2020-52,2020,52,,,
2020-52,2020,52,,,
2020-52,2020,52,,,
2020-52,2020,52,,,
2020-52,2020,52,,,
2020-52,2020,52,,,
2020-52,2020,52,,,
2020-52,2020,52,,,
2020-52,2020,52,,,
2020-52,2020,52,,,
2020-52,2020,52,,,
2020-52,2020,52,,,
2020-52,2020,52,,,
2020-52,2020,52,,,
2020-52,2020,52,,,
2020-52,2020,52,,,
2020-52,2020,52,,,
2020-52,2020,52,,,
2020-52,2020,52,,,
2020-52,2020,52,,,
2020-52,2020,52,,,
2020-52,2020,52,,,
2020-52,2020,52,,,
2020-52,2020,52,,,
2020-52,2020,52,,,
2020-52,2020,52,,,
2020-52,2020,52,,,
2020-52,2020,52,,,
2020-52,2020,52,,,
2020-52,2020,52,,,
2020-52,2020,52,,,
2020-52,2020,52,,,
2020-52,2020,52,,,
2020-52,2020,52,,,
2020-52,2020,52,,,
2020-52,2020,52,,,
2020-52,2020,52,,,
2020-52,2020,52,,,
2020-52,2020,52,,,
2020-52,2020,52,,,
2020-52,2020,52,,,
2020-52,2020,52,,,
2020-52,2020,52,,,
2020-52,2020,52,,,
2020-52,2020,52,,,
2020-52,2020,52,,,
2020-52,2020,52,,,
2020-52,2020,52,,,
2020-52,2020,52,,,
2020-52,2020,52,,,
2020-52,2020,52,,,
2020-52,2020,52,,,
2020-52,2020,52,,,
2020-52,2020,52,,,
2020-52,2020,52,,,
2020-52,2020,52,,,
2020-52,2020,52,,,
2020-52,2020,52,,,
2020-52,2020,52,,,
2020-52,2020,52,,,
2020-52,2020,52,,,
2020-52,2020,52,,,
2020-52,2020,52,,,
2020-52,2020,52,,,
2020-52,2020,52,,,
2020-52,2020,52,,,
2020-52,2020,52,,,
2020-52,2020,52,,,
2020-52,2020,52,,,
2020-52,2020,52,,,
2020-52,2020,52,,,
2020-52,2020,52,,,
2020-52,2020,52,,,
2020-52,2020,52,,,
2020-52,2020,52,,,
2020-52,2020,52,,,
2020-52,2020,52,,,
2020-52,2020,52,,,
2020-52,2020,52,,,
2020-52,2020,52,,,
2020-52,2020,52,,,
2020-52,2020,52,,,
2020-52,2020,52,,,
2020-52,2020,52,,,
2020-52,2020,52,,,
2020-52,2020,52,,,
2020-52,2020,52,,,
2020-52,2020,52,,,
2020-52,2020,52,,,
2020-52,2020,52,,,
2020-52,2020,52,,,
2020-52,2020,52,,,
2020-52,2020,52,,,
2020-52,2020,52,,,
2020-52,2020,52,,,
2020-52,2020,52,,,
2020-52,2020,52,,,
2020-52,2020,52,,,
2020-52,2020,52,,,
2020-52,2020,52,,,
2020-52,2020,52,,,
2020-52,2020,52,,,
2020-52,2020,52,,,
2020-52,2020,52,,,
2020-52,2020,52,,,
2020-52,2020,52,,,
2020-52,2020,52,,,
2020-52,2020,52,,,
2020-52,2020,52,,,
2020-52,2020,52,,,
2020-52,2020,52,,,
2020-52,2020,52,,,
2020-52,2020,52,,,
2020-52,2020,52,,,
2020-52,2020,52,,,
2020-52,2020,52,,,
2020-52,2020,52,,,
2020-52,2020,52,,,
2020-52,2020,52,,,
2020-52,2020,52,,,
2020-52,2020,52,,,
2020-52,2020,52,,,
2020-52,2020,52,,,
2020-52,2020,52,,,
2020-52,2020,52,,,
2020-52,2020,52,,,
2020-52,2020,52,,,
2020-52,2020,52,,,
2020-52,2020,52,,,
2020-52,2020,52,,,
2020-52,2020,52,,,
2020-52,2020,52,,,
2020-52,2020,52,,,
2020-52,2020,52,,,
2020-52,2020,52,,,
2020-52,2020,52,,,
2020-52,2020,52,,,
2020-52,2020,52,,,
2020-52,2020,52,,,
2020-52,2020,52,,,
2020-52,2020,52,,,
2020-52,2020,52,,,
2020-52,2020,52,,,
2020-52,2020,52,,,
2020-52,2020,52,,,
2020-52,2020,52,,,
2020-52,2020,52,,,
2020-52,2020,52,,,
2020-52,2020,52,,,
2020-52,2020,52,,,
2020-52,2020,52,,,
2020-52,2020,52,,,
2020-52,2020,52,,,
2020-52,2020,52,,,
2020-52,2020,52,,,
2020-52,2020,52,,,
2020-52,2020,52,,,
2020-52,2020,52,,,
2020-52,2020,52,,,
2020-52,2020,52,,,
2020-52,2020,52,,,
2020-52,2020,52,,,
2020-52,2020,52,,,
2020-52,2020,52,,,
2020-52,2020,52,,,
2020-52,2020,52,,,
2020-52,2020,52,,,
2020-52,2020,52,,,
2020-52,2020,52,,,
2020-52,2020,52,,,
2020-52,2020,52,,,
2020-52,2020,52,,,
2020-52,2020,52,,,
2020-52,2020,52,,,
2020-52,2020,52,,,
2020-52,2020,52,,,
2020-52,2020,52,,,
2020-52,2020,52,,,
2020-52,2020,52,,,
2020-52,2020,52,,,
2020-52,2020,52,,,
2020-52,2020,52,,,
2020-52,2020,52,,,
2020-52,2020,52,,,
2020-52,2020,52,,,
2020-52,2020,52,,,
2020-52,2020,52,,,
2020-52,2020,52,,,
2020-52,2020,52,,,
2020-52,2020,52,,,
2020-52,2020,52,,,
2020-52,2020,52,,,
2020-52,2020,52,,,
2020-52,2020,52,,,
2020-52,2020,52,,,
2020-52,2020,52,,,
2020-52,2020,52,,,
2020-52,2020,52,,,
2020-52,2020,52,,,
2020-52,2020,52,,,
2020-52,2020,52,,,
2020-52,2020,52,,,
2020-52,2020,52,,,
2020-52,2020,52,,,
2020-52,2020,52,,,
2020-52,2020,52,,,
2020-52,2020,52,,,
2020-52,2020,52,,,
2020-52,2020,52,,,
2020-52,2020,52,,,
2020-52,2020,52,,,
2020-52,2020,52,,,
2020-52,2020,52,,,
2020-52,2020,52,,,
2020-52,2020,52,,,
2020-52,2020,52,,,
2020-52,2020,52,,,
2020-52,2020,52,,,
2020-52,2020,52,,,
2020-52,2020,52,,,
2020-52,2020,52,,,
2020-52,2020,52,,,
2020-52,2020,52,,,
2020-52,2020,52,,,
2020-52,2020,52,,,
2020-52,2020,52,,,
2020-52,2020,52,,,
2020-52,2020,52,,,
2020-52,2020,52,,,
2020-52,2020,52,,,
2020-52,2020,52,,,
2020-52,2020,52,,,
2020-52,2020,52,,,
2020-52,2020,52,,,
2020-52,2020,52,,,
2020-52,2020,52,,,
2020-52,2020,52,,,
2020-52,2020,52,,,
2020-52,2020,52,,,
2020-52,2020,52,,,
2020-52,2020,52,,,
2020-52,2020,52,,,
2020-52,2020,52,,,
2020-52,2020,52,,,
2020-52,2020,52,,,
2020-52,2020,52,,,
2020-52,2020,52,,,
2020-52,2020,52,,,
2020-52,2020,52,,,
2020-52,2020,52,,,
2020-52,2020,52,,,
2020-52,2020,52,,,
2020-52,2020,52,,,
2020-52,2020,52,,,
2020-52,2020,52,,,
2020-52,2020,52,,,
2020-52,2020,52,,,
2020-52,2020,52,,,
2020-52,2020,52,,,
2020-52,2020,52,,,
2020-52,2020,52,,,
2020-52,2020,52,,,
2020-52,2020,52,,,
2020-52,2020,52,,,
2020-52,2020,52,,,
2020-52,2020,52,,,
2020-52,2020,52,,,
2020-52,2020,52,,,
2020-52,2020,52,,,
2020-52,2020,52,,,
2020-52,2020,52,,,
2020-52,2020,52,,,
2020-52,2020,52,,,
2020-52,2020,52,,,
2020-52,2020,52,,,
2020-52,2020,52,,,
2020-52,2020,52,,,
2020-52,2020,52,,,
2020-52,2020,52,,,
2020-52,2020,52,,,
2020-52,2020,52,,,
2020-52,2020,52,,,
2020-52,2020,52,,,
2020-52,2020,52,,,
2020-52,2020,52,,,
2020-52,2020,52,,,
2020-52,2020,52,,,
2020-52,2020,52,,,
2020-52,2020,52,,,
2020-52,2020,52,,,
2020-52,2020,52,,,
2020-52,2020,52,,,
2020-52,2020,52,,,
2020-52,2020,52,,,
2020-52,2020,52,,,
2020-52,2020,52,,,
2020-52,2020,52,,,
2020-52,2020,52,,,
2020-52,2020,52,,,
2020-52,2020,52,,,
2020-52,2020,52,,,
2020-52,2020,52,,,
2020-52,2020,52,,,
2020-52,2020,52,,,
2020-52,2020,52,,,
2020-52,2020,52,,,
2020-52,2020,52,,,
2020-52,2020,52,,,
2020-52,2020,52,,,
2020-52,2020,52,,,
2020-52,2020,52,,,
2020-52,2020,52,,,
2020-52,2020,52,,,
2020-52,2020,52,,,
2020-52,2020,52,,,
2020-52,2020,52,,,
2020-52,2020,52,,,
2020-52,2020,52,,,
2020-52,2020,52,,,
2020-52,2020,52,,,
2020-52,2020,52,,,
2020-52,2020,52,,,
2020-52,2020,52,,,
2020-52,2020,52,,,
2020-52,2020,52,,,
2020-52,2020,52,,,
2020-52,2020,52,,,
2020-52,2020,52,,,
2020-52,2020,52,,,
2020-52,2020,52,,,
2020-52,2020,52,,,
2020-52,2020,52,,,
2020-52,2020,52,,,
2020-52,2020,52,,,
2020-52,2020,52,,,
2020-52,2020,52,,,
2020-52,2020,52,,,
2020-52,2020,52,,,
2020-52,2020,52,,,
2020-52,2020,52,,,
2020-52,2020,52,,,
2020-52,2020,52,,,
2020-52,2020,52,,,
2020-52,2020,52,,,
2020-52,2020,52,,,
2020-52,2020,52,,,
2020-52,2020,52,,,
2020-52,2020,52,,,
2020-52,2020,52,,,
2020-52,2020,52,,,
2020-52,2020,52,,,
2020-52,2020,52,,,
2020-52,2020,52,,,
2020-52,2020,52,,,
2020-52,2020,52,,,
2020-52,2020,52,,,
2020-52,2020,52,,,
2020-52,2020,52,,,
2020-52,2020,52,,,
2020-52,2020,52,,,
2020-52,2020,52,,,
2020-52,2020,52,,,
2020-52,2020,52,,,
2020-52,2020,52,,,
2020-52,2020,52,,,
2020-52,2020,52,,,
2020-52,2020,52,,,
2020-52,2020,52,,,
2020-52,2020,52,,,
2020-52,2020,52,,,
2020-52,2020,52,,,
2020-52,2020,52,,,
2020-52,2020,52,,,
2020-52,2020,52,,,
2020-52,2020,52,,,
2020-52,2020,52,,,
2020-52,2020,52,,,
2020-52,2020,52,,,
2020-52,2020,52,,,
2020-52,2020,52,,,
2020-52,2020,52,,,
2020-52,2020,52,,,
2020-52,2020,52,,,
2020-52,2020,52,,,
2020-52,2020,52,,,
2020-52,2020,52,,,
2020-52,2020,52,,,
2020-52,2020,52,,,
2020-52,2020,52,,,
2020-52,2020,52,,,
2020-52,2020,52,,,
2020-52,2020,52,,,
2020-52,2020,52,,,
2020-52,2020,52,,,
2020-52,2020,52,,,
2020-52,2020,52,,,
2020-52,2020,52,,,
2020-52,2020,52,,,
2020-52,2020,52,,,
2020-52,2020,52,,,
2020-52,2020,52,,,
2020-52,2020,52,,,
2020-52,2020,52,,,
2020-52,2020,52,,,
2020-52,2020,52,,,
2020-52,2020,52,,,
2020-52,2020,52,,,
2020-52,2020,52,,,
2020-52,2020,52,,,
2020-52,2020,52,,,
2020-52,2020,52,,,
2020-52,2020,52,,,
2020-52,2020,52,,,
2020-52,2020,52,,,
2020-52,2020,52,,,
2020-52,2020,52,,,
2020-52,2020,52,,,
2020-52,2020,52,,,
2020-52,2020,52,,,
2020-52,2020,52,,,
2020-52,2020,52,,,
2020-52,2020,52,,,
2020-52,2020,52,,,
2020-52,2020,52,,,
2020-52,2020,52,,,
2020-52,2020,52,,,
2020-52,2020,52,,,
2020-52,2020,52,,,
2020-52,2020,52,,,
2020-52,2020,52,,,
2020-52,2020,52,,,
2020-52,2020,52,,,
2020-52,2020,52,,,
2020-52,2020,52,,,
2020-52,2020,52,,,
2020-52,2020,52,,,
2020-52,2020,52,,,
2020-52,2020,52,,,
2020-52,2020,52,,,
2020-52,2020,52,,,
2020-52,2020,52,,,
2020-52,2020,52,,,
2020-52,2020,52,,,
2020-52,2020,52,,,
2020-52,2020,52,,,
2020-52,2020,52,,,
2020-52,2020,52,,,
2020-52,2020,52,,,
2020-52,2020,52,,,
2020-52,2020,52,,,
2020-52,2020,52,,,
2020-52,2020,52,,,
2020-52,2020,52,,,
2020-52,2020,52,,,
2020-52,2020,52,,,
2020-52,2020,52,,,
2020-52,2020,52,,,
2020-52,2020,52,,,
2020-52,2020,52,,,
2020-52,2020,52,,,
2020-52,2020,52,,,
2020-52,2020,52,,,
2020-52,2020,52,,,
2020-52,2020,52,,,
2020-52,2020,52,,,
2020-52,2020,52,,,
2020-52,2020,52,,,
2020-52,2020,52,,,
2020-52,2020,52,,,
2020-52,2020,52,,,
2020-52,2020,52,,,
2020-52,2020,52,,,
2020-52,2020,52,,,
2020-52,2020,52,,,
2020-52,2020,52,,,
2020-52,2020,52,,,
2020-52,2020,52,,,
2020-52,2020,52,,,
2020-52,2020,52,,,
2020-52,2020,52,,,
2020-52,2020,52,,,
2020-52,2020,52,,,
2020-52,2020,52,,,
2020-52,2020,52,,,
2020-52,2020,52,,,
2020-52,2020,52,,,
2020-52,2020,52,,,
2020-52,2020,52,,,
2020-52,2020,52,,,
2020-52,2020,52,,,
2020-52,2020,52,,,
2020-52,2020,52,,,
2020-52,2020,52,,,
2020-52,2020,52,,,
2020-52,2020,52,,,
2020-52,2020,52,,,
2020-52,2020,52,,,
2020-52,2020,52,,,
2020-52,2020,52,,,
2020-52,2020,52,,,
2020-52,2020,52,,,
2020-52,2020,52,,,
2020-52,2020,52,,,
2020-52,2020,52,,,
2020-52,2020,52,,,
2020-52,2020,52,,,
2020-52,2020,52,,,
2020-52,2020,52,,,
2020-52,2020,52,,,
2020-52,2020,52,,,
2020-52,2020,52,,,
2020-52,2020,52,,,
2020-52,2020,52,,,
2020-52,2020,52,,,
2020-52,2020,52,,,
2020-52,2020,52,,,
2020-52,2020,52,,,
2020-52,2020,52,,,
2020-52,2020,52,,,
2020-52,2020,52,,,
2020-52,2020,52,,,
2020-52,2020,52,,,
2020-52,2020,52,,,
2020-52,2020,52,,,
2020-52,2020,52,,,
2020-52,2020,52,,,
2020-52,2020,52,,,
2020-52,2020,52,,,
2020-52,2020,52,,,
2020-52,2020,52,,,
2020-52,2020,52,,,
2020-52,2020,52,,,
2020-52,2020,52,,,
2020-52,2020,52,,,
2020-52,2020,52,,,
2020-52,2020,52,,,
2020-52,2020,52,,,
2020-52,2020,52,,,
2020-52,2020,52,,,
2020-52,2020,52,,,
2020-52,2020,52,,,
2020-52,2020,52,,,
2020-52,2020,52,,,
2020-52,2020,52,,,
2020-52,2020,52,,,
2020-52,2020,52,,,
2020-52,2020,52,,,
2020-52,2020,52,,,
2020-52,2020,52,,,
2020-52,2020,52,,,
2020-52,2020,52,,,
2020-52,2020,52,,,
2020-52,2020,52,,,
2020-52,2020,52,,,
2020-52,2020,52,,,
2020-52,2020,52,,,
2020-52,2020,52,,,
2020-52,2020,52,,,
2020-52,2020,52,,,
2020-52,2020,52,,,
2020-52,2020,52,,,
2020-52,2020,52,,,
2020-52,2020,52,,,
2020-52,2020,52,,,
2020-52,2020,52,,,
2020-52,2020,52,,,
2020-52,2020,52,,,
2020-52,2020,52,,,
2020-52,2020,52,,,
2020-52,2020,52,,,
2020-52,2020,52,,,
2020-52,2020,52,,,
2020-52,2020,52,,,
2020-52,2020,52,,,
2020-52,2020,52,,,
2020-52,2020,52,,,
2020-52,2020,52,,,
2020-52,2020,52,,,
2020-52,2020,52,,,
2020-52,2020,52,,,
2020-52,2020,52,,,
2020-52,2020,52,,,
2020-52,2020,52,,,
2020-52,2020,52,,,
2020-52,2020,52,,,
2020-52,2020,52,,,
2020-52,2020,52,,,
2020-52,2020,52,,,
2020-52,2020,52,,,
2020-52,2020,52,,,
2020-52,2020,52,,,
2020-52,2020,52,,,
2020-52,2020,52,,,
2020-52,2020,52,,,
2020-52,2020,52,,,
2020-52,2020,52,,,
2020-52,2020,52,,,
2020-52,2020,52,,,
2020-52,2020,52,,,
2020-52,2020,52,,,
2020-52,2020,52,,,
2020-52,2020,52,,,
2020-52,2020,52,,,
2020-52,2020,52,,,
2020-52,2020,52,,,
2020-52,2020,52,,,
2020-52,2020,52,,,
2020-52,2020,52,,,
2020-52,2020,52,,,
2020-52,2020,52,,,
2020-52,2020,52,,,
2020-52,2020,52,,,
2020-52,2020,52,,,
2020-52,2020,52,,,
2020-52,2020,52,,,
2020-52,2020,52,,,
2020-52,2020,52,,,
2020-52,2020,52,,,
2020-52,2020,52,,,
2020-52,2020,52,,,
2020-52,2020,52,,,
2020-52,2020,52,,,
2020-52,2020,52,,,
2020-52,2020,52,,,
2020-52,2020,52,,,
2020-52,2020,52,,,
2020-52,2020,52,,,
2020-52,2020,52,,,
2020-52,2020,52,,,
2020-52,2020,52,,,
2020-52,2020,52,,,
2020-52,2020,52,,,
2020-52,2020,52,,,
2020-52,2020,52,,,
2020-52,2020,52,,,
2020-52,2020,52,,,
2020-52,2020,52,,,
2020-52,2020,52,,,
2020-52,2020,52,,,
2020-52,2020,52,,,
2020-52,2020,52,,,
2020-52,2020,52,,,
2020-52,2020,52,,,
2020-52,2020,52,,,
2020-52,2020,52,,,
2020-52,2020,52,,,
2020-52,2020,52,,,
2020-52,2020,52,,,
2020-52,2020,52,,,
2020-52,2020,52,,,
2020-52,2020,52,,,
2020-52,2020,52,,,
2020-52,2020,52,,,
2020-52,2020,52,,,
2020-52,2020,52,,,
2020-52,2020,52,,,
2020-52,2020,52,,,
2020-52,2020,52,,,
2020-52,2020,52,,,
2020-52,2020,52,,,
2020-52,2020,52,,,
2020-52,2020,52,,,
2020-52,2020,52,,,
2020-52,2020,52,,,
2020-52,2020,52,,,
2020-52,2020,52,,,
2020-52,2020,52,,,
2020-52,2020,52,,,
2020-52,2020,52,,,
2020-52,2020,52,,,
2020-52,2020,52,,,
2020-52,2020,52,,,
2020-52,2020,52,,,
2020-52,2020,52,,,
2020-52,2020,52,,,
2020-52,2020,52,,,
2020-52,2020,52,,,
2020-52,2020,52,,,
2020-52,2020,52,,,
2020-52,2020,52,,,
2020-52,2020,52,,,
2020-52,2020,52,,,
2020-52,2020,52,,,
2020-52,2020,52,,,
2020-52,2020,52,,,
2020-52,2020,52,,,
2020-52,2020,52,,,
2020-52,2020,52,,,
2020-52,2020,52,,,
2020-52,2020,52,,,
2020-52,2020,52,,,
2020-52,2020,52,,,
2020-52,2020,52,,,
2020-52,2020,52,,,
2020-52,2020,52,,,
2020-52,2020,52,,,
2020-52,2020,52,,,
2020-52,2020,52,,,
2020-52,2020,52,,,
2020-52,2020,52,,,
2020-52,2020,52,,,
2020-52,2020,52,,,
2020-52,2020,52,,,
2020-52,2020,52,,,
2020-52,2020,52,,,
2020-52,2020,52,,,
2020-52,2020,52,,,
2020-52,2020,52,,,
2020-52,2020,52,,,
2020-52,2020,52,,,
2020-52,2020,52,,,
2020-52,2020,52,,,
2020-52,2020,52,,,
2020-52,2020,52,,,
2020-52,2020,52,,,
2020-52,2020,52,,,
2020-52,2020,52,,,
2020-52,2020,52,,,
2020-52,2020,52,,,
2020-52,2020,52,,,
2020-52,2020,52,,,
2020-52,2020,52,,,
2020-52,2020,52,,,
2020-52,2020,52,,,
2020-52,2020,52,,,
2020-52,2020,52,,,
2020-52,2020,52,,,
2020-52,2020,52,,,
2020-52,2020,52,,,
2020-52,2020,52,,,
2020-52,2020,52,,,
2020-52,2020,52,,,
2020-52,2020,52,,,
2020-52,2020,52,,,
2020-52,2020,52,,,
2020-52,2020,52,,,
2020-52,2020,52,,,
2020-52,2020,52,,,
2020-52,2020,52,,,
2020-52,2020,52,,,
2020-52,2020,52,,,
2020-52,2020,52,,,
2020-52,2020,52,,,
2020-52,2020,52,,,
2020-52,2020,52,,,
2020-52,2020,52,,,
2020-52,2020,52,,,
2020-52,2020,52,,,
2020-52,2020,52,,,
2020-52,2020,52,,,
2020-52,2020,52,,,
2020-52,2020,52,,,
2020-52,2020,52,,,
2020-52,2020,52,,,
2020-52,2020,52,,,
2020-52,2020,52,,,
2020-52,2020,52,,,
2020-52,2020,52,,,
2020-52,2020,52,,,
2020-52,2020,52,,,
2020-52,2020,52,,,
2020-52,2020,52,,,
2020-52,2020,52,,,
2020-52,2020,52,,,
2020-52,2020,52,,,
2020-52,2020,52,,,
2020-52,2020,52,,,
2020-52,2020,52,,,
2020-52,2020,52,,,
2020-52,2020,52,,,
2020-52,2020,52,,,
2020-52,2020,52,,,
2020-52,2020,52,,,
2020-52,2020,52,,,
2020-52,2020,52,,,
2020-52,2020,52,,,
2020-52,2020,52,,,
2020-52,2020,52,,,
2020-52,2020,52,,,
2020-52,2020,52,,,
2020-52,2020,52,,,
2020-52,2020,52,,,
2020-52,2020,52,,,
2020-52,2020,52,,,
2020-52,2020,52,,,
2020-52,2020,52,,,
2020-52,2020,52,,,
2020-52,2020,52,,,
2020-52,2020,52,,,
2020-52,2020,52,,,
2020-52,2020,52,,,
2020-52,2020,52,,,
2020-52,2020,52,,,
2020-52,2020,52,,,
2020-52,2020,52,,,
2020-52,2020,52,,,
2020-52,2020,52,,,
2020-52,2020,52,,,
2020-52,2020,52,,,
2020-52,2020,52,,,
2020-52,2020,52,,,
2020-52,2020,52,,,
2020-52,2020,52,,,
2020-52,2020,52,,,
2020-52,2020,52,,,
2020-52,2020,52,,,
2020-52,2020,52,,,
2020-52,2020,52,,,
2020-52,2020,52,,,
2020-52,2020,52,,,
2020-52,2020,52,,,
2020-52,2020,52,,,
2020-52,2020,52,,,
2020-52,2020,52,,,
2020-52,2020,52,,,
2020-52,2020,52,,,
2020-52,2020,52,,,
2020-52,2020,52,,,
2020-52,2020,52,,,
2020-52,2020,52,,,
2020-52,2020,52,,,
2020-52,2020,52,,,
2020-52,2020,52,,,
2020-52,2020,52,,,
2020-52,2020,52,,,
2020-52,2020,52,,,
2020-52,2020,52,,,
2020-52,2020,52,,,
2020-52,2020,52,,,
2020-52,2020,52,,,
2020-52,2020,52,,,
2020-52,2020,52,,,
2020-52,2020,52,,,
2020-52,2020,52,,,
2020-52,2020,52,,,
2020-52,2020,52,,,
2020-52,2020,52,,,
2020-52,2020,52,,,
2020-52,2020,52,,,
2020-52,2020,52,,,
2020-52,2020,52,,,
2020-52,2020,52,,,
2020-52,2020,52,,,
2020-52,2020,52,,,
2020-52,2020,52,,,
2020-52,2020,52,,,
2020-52,2020,52,,,
2020-52,2020,52,,,
2020-52,2020,52,,,
2020-52,2020,52,,,
2020-52,2020,52,,,
2020-52,2020,52,,,
2020-52,2020,52,,,
2020-52,2020,52,,,
2020-52,2020,52,,,
2020-52,2020,52,,,
2020-52,2020,52,,,
2020-52,2020,52,,,
2020-52,2020,52,,,
2020-52,2020,52,,,
2020-52,2020,52,,,
2020-52,2020,52,,,
2020-52,2020,52,,,
2020-52,2020,52,,,
2020-52,2020,52,,,
2020-52,2020,52,,,
2020-52,2020,52,,,
2020-52,2020,52,,,
2020-52,2020,52,,,
2020-52,2020,52,,,
2020-52,2020,52,,,
2020-52,2020,52,,,
2020-52,2020,52,,,
2020-52,2020,52,,,
2020-52,2020,52,,,
2020-52,2020,52,,,
2020-52,2020,52,,,
2020-52,2020,52,,,
2020-52,2020,52,,,
2020-52,2020,52,,,
2020-52,2020,52,,,
2020-52,2020,52,,,
2020-52,2020,52,,,
2020-52,2020,52,,,
2020-52,2020,52,,,
2020-52,2020,52,,,
2020-52,2020,52,,,
2020-52,2020,52,,,
2020-52,2020,52,,,
2020-52,2020,52,,,
2020-52,2020,52,,,
2020-52,2020,52,,,
2020-52,2020,52,,,
2020-52,2020,52,,,
2020-52,2020,52,,,
2020-52,2020,52,,,
2020-52,2020,52,,,
2020-52,2020,52,,,
2020-52,2020,52,,,
2020-52,2020,52,,,
2020-52,2020,52,,,
2020-52,2020,52,,,
2020-52,2020,52,,,
2020-52,2020,52,,,
2020-52,2020,52,,,
2020-52,2020,52,,,
2020-52,2020,52,,,
2020-52,2020,52,,,
2020-52,2020,52,,,
2020-52,2020,52,,,
2020-52,2020,52,,,
2020-52,2020,52,,,
2020-52,2020,52,,,
2020-52,2020,52,,,
2020-52,2020,52,,,
2020-52,2020,52,,,
2020-52,2020,52,,,
2020-52,2020,52,,,
2020-52,2020,52,,,
2020-52,2020,52,,,
2020-52,2020,52,,,
2020-52,2020,52,,,
2020-52,2020,52,,,
2020-52,2020,52,,,
2020-52,2020,52,,,
2020-52,2020,52,,,
2020-52,2020,52,,,
2020-52,2020,52,,,
2020-52,2020,52,,,
2020-52,2020,52,,,
2020-52,2020,52,,,
2020-52,2020,52,,,
2020-52,2020,52,,,
2020-52,2020,52,,,
2020-52,2020,52,,,
2020-52,2020,52,,,
2020-52,2020,52,,,
2020-52,2020,52,,,
2020-52,2020,52,,,
2020-52,2020,52,,,
2020-52,2020,52,,,
2020-52,2020,52,,,
2020-52,2020,52,,,
2020-52,2020,52,,,
2020-52,2020,52,,,
2020-52,2020,52,,,
2020-52,2020,52,,,
2020-52,2020,52,,,
2020-52,2020,52,,,
2020-52,2020,52,,,
2020-52,2020,52,,,
2020-52,2020,52,,,
2020-52,2020,52,,,
2020-52,2020,52,,,
2020-52,2020,52,,,
2020-52,2020,52,,,
2020-52,2020,52,,,
2020-52,2020,52,,,
2020-52,2020,52,,,
2020-52,2020,52,,,
2020-52,2020,52,,,
2020-52,2020,52,,,
2020-52,2020,52,,,
2020-52,2020,52,,,
2020-52,2020,52,,,
2020-52,2020,52,,,
2020-52,2020,52,,,
2020-52,2020,52,,,
2020-52,2020,52,,,
2020-52,2020,52,,,
2020-52,2020,52,,,
2020-52,2020,52,,,
2020-52,2020,52,,,
2020-52,2020,52,,,
2020-52,2020,52,,,
2020-52,2020,52,,,
2020-52,2020,52,,,
2020-52,2020,52,,,
2020-52,2020,52,,,
2020-52,2020,52,,,
2020-52,2020,52,,,
2020-52,2020,52,,,
2020-52,2020,52,,,
2020-52,2020,52,,,
2020-52,2020,52,,,
2020-52,2020,52,,,
2020-52,2020,52,,,
2020-52,2020,52,,,
2020-52,2020,52,,,
2020-52,2020,52,,,
2020-52,2020,52,,,
2020-52,2020,52,,,
2020-52,2020,52,,,
2020-52,2020,52,,,
2020-52,2020,52,,,
2020-52,2020,52,,,
2020-52,2020,52,,,
2020-52,2020,52,,,
2020-52,2020,52,,,
2020-52,2020,52,,,
2020-52,2020,52,,,
2020-52,2020,52,,,
2020-52,2020,52,,,
2020-52,2020,52,,,
2020-52,2020,52,,,
2020-52,2020,52,,,
2020-52,2020,52,,,
2020-52,2020,52,,,
2020-52,2020,52,,,
2020-52,2020,52,,,
2020-52,2020,52,,,
2020-52,2020,52,,,
2020-52,2020,52,,,
2020-52,2020,52,,,
2020-52,2020,52,,,
2020-52,2020,52,,,
2020-52,2020,52,,,
2020-52,2020,52,,,
2020-52,2020,52,,,
2020-52,2020,52,,,
2020-52,2020,52,,,
2020-52,2020,52,,,
2020-52,2020,52,,,
2020-52,2020,52,,,
2020-52,2020,52,,,
2020-52,2020,52,,,
2020-52,2020,52,,,
2020-52,2020,52,,,
2020-52,2020,52,,,
2020-52,2020,52,,,
2020-52,2020,52,,,
2020-52,2020,52,,,
2020-52,2020,52,,,
2020-52,2020,52,,,
2020-52,2020,52,,,
2020-52,2020,52,,,
2020-52,2020,52,,,
2020-52,2020,52,,,
2020-52,2020,52,,,
2020-52,2020,52,,,
2020-52,2020,52,,,
2020-52,2020,52,,,
2020-52,2020,52,,,
2020-52,2020,52,,,
2020-52,2020,52,,,
2020-52,2020,52,,,
2020-52,2020,52,,,
2020-52,2020,52,,,
2020-52,2020,52,,,
2020-52,2020,52,,,
2020-52,2020,52,,,
2020-52,2020,52,,,
2020-52,2020,52,,,
2020-52,2020,52,,,
2020-52,2020,52,,,
2020-52,2020,52,,,
2020-52,2020,52,,,
2020-52,2020,52,,,
2020-52,2020,52,,,
2020-52,2020,52,,,
2020-52,2020,52,,,
2020-52,2020,52,,,
2020-52,2020,52,,,
2020-52,2020,52,,,
2020-52,2020,52,,,
2020-52,2020,52,,,
2020-52,2020,52,,,
2020-52,2020,52,,,
2020-52,2020,52,,,
2020-52,2020,52,,,
2020-52,2020,52,,,
2020-52,2020,52,,,
2020-52,2020,52,,,
2020-52,2020,52,,,
2020-52,2020,52,,,
2020-52,2020,52,,,
2020-52,2020,52,,,
2020-52,2020,52,,,
2020-52,2020,52,,,
2020-52,2020,52,,,
2020-52,2020,52,,,
2020-52,2020,52,,,
2020-52,2020,52,,,
2020-52,2020,52,,,
2020-52,2020,52,,,
2020-52,2020,52,,,
2020-52,2020,52,,,
2020-52,2020,52,,,
2020-52,2020,52,,,
2020-52,2020,52,,,
2020-52,2020,52,,,
2020-52,2020,52,,,
2020-52,2020,52,,,
2020-52,2020,52,,,
2020-52,2020,52,,,
2020-52,2020,52,,,
2020-52,2020,52,,,
2020-52,2020,52,,,
2020-52,2020,52,,,
2020-52,2020,52,,,
2020-52,2020,52,,,
2020-52,2020,52,,,
2020-52,2020,52,,,
2020-52,2020,52,,,
2020-52,2020,52,,,
2020-52,2020,52,,,
2020-52,2020,52,,,
2020-52,2020,52,,,
2020-52,2020,52,,,
2020-52,2020,52,,,
2020-52,2020,52,,,
2020-52,2020,52,,,
2020-52,2020,52,,,
2020-52,2020,52,,,
2020-52,2020,52,,,
2020-52,2020,52,,,
2020-52,2020,52,,,
2020-52,2020,52,,,
2020-52,2020,52,,,
2020-52,2020,52,,,
2020-52,2020,52,,,
2020-52,2020,52,,,
2020-52,2020,52,,,
2020-52,2020,52,,,
2020-52,2020,52,,,
2020-52,2020,52,,,
2020-52,2020,52,,,
2020-52,2020,52,,,
2020-52,2020,52,,,
2020-52,2020,52,,,
2020-52,2020,52,,,
2020-52,2020,52,,,
2020-52,2020,52,,,
2020-52,2020,52,,,
2020-52,2020,52,,,
2020-52,2020,52,,,
2020-52,2020,52,,,
2020-52,2020,52,,,
2020-52,2020,52,,,
2020-52,2020,52,,,
2020-52,2020,52,,,
2020-52,2020,52,,,
2020-52,2020,52,,,
2020-52,2020,52,,,
2020-52,2020,52,,,
2020-52,2020,52,,,
2020-52,2020,52,,,
2020-52,2020,52,,,
2020-52,2020,52,,,
2020-52,2020,52,,,
2020-52,2020,52,,,
2020-52,2020,52,,,
2020-52,2020,52,,,
2020-52,2020,52,,,
2020-52,2020,52,,,
2020-52,2020,52,,,
2020-52,2020,52,,,
2020-52,2020,52,,,
2020-52,2020,52,,,
2020-52,2020,52,,,
2020-52,2020,52,,,
2020-52,2020,52,,,
2020-52,2020,52,,,
2020-52,2020,52,,,
2020-52,2020,52,,,
2020-52,2020,52,,,
2020-52,2020,52,,,
2020-52,2020,52,,,
2020-52,2020,52,,,
2020-52,2020,52,,,
2020-52,2020,52,,,
2020-52,2020,52,,,
2020-52,2020,52,,,
2020-52,2020,52,,,
2020-52,2020,52,,,
2020-52,2020,52,,,
2020-52,2020,52,,,
2020-52,2020,52,,,
2020-52,2020,52,,,
2020-52,2020,52,,,
2020-52,2020,52,,,
2020-52,2020,52,,,
2020-52,2020,52,,,
2020-52,2020,52,,,
2020-52,2020,52,,,
2020-52,2020,52,,,
2020-52,2020,52,,,
2020-52,2020,52,,,
2020-52,2020,52,,,
2020-52,2020,52,,,
2020-52,2020,52,,,
2020-52,2020,52,,,
2020-52,2020,52,,,
2020-52,2020,52,,,
2020-52,2020,52,,,
2020-52,2020,52,,,
2020-52,2020,52,,,
2020-52,2020,52,,,
2020-52,2020,52,,,
2020-52,2020,52,,,
2020-52,2020,52,,,
2020-52,2020,52,,,
2020-52,2020,52,,,
2020-52,2020,52,,,
2020-52,2020,52,,,
2020-52,2020,52,,,
2020-52,2020,52,,,
2020-52,2020,52,,,
2020-52,2020,52,,,
2020-52,2020,52,,,
2020-52,2020,52,,,
2020-52,2020,52,,,
2020-52,2020,52,,,
2020-52,2020,52,,,
2020-52,2020,52,,,
2020-52,2020,52,,,
2020-52,2020,52,,,
2020-52,2020,52,,,
2020-52,2020,52,,,
2020-52,2020,52,,,
2020-52,2020,52,,,
2020-52,2020,52,,,
2020-52,2020,52,,,
2020-52,2020,52,,,
2020-52,2020,52,,,
2020-52,2020,52,,,
2020-52,2020,52,,,
2020-52,2020,52,,,
2020-52,2020,52,,,
2020-52,2020,52,,,
2020-52,2020,52,,,
2020-52,2020,52,,,
2020-52,2020,52,,,
2020-52,2020,52,,,
2020-52,2020,52,,,
2020-52,2020,52,,,
2020-52,2020,52,,,
2020-52,2020,52,,,
2020-52,2020,52,,,
2020-52,2020,52,,,
2020-52,2020,52,,,
2020-52,2020,52,,,
2020-52,2020,52,,,
2020-52,2020,52,,,
2020-52,2020,52,,,
2020-52,2020,52,,,
2020-52,2020,52,,,
2020-52,2020,52,,,
2020-52,2020,52,,,
2020-52,2020,52,,,
2020-52,2020,52,,,
2020-52,2020,52,,,
2020-52,2020,52,,,
2020-52,2020,52,,,
2020-52,2020,52,,,
2020-52,2020,52,,,
2020-52,2020,52,,,
2020-52,2020,52,,,
2020-52,2020,52,,,
2020-52,2020,52,,,
2020-52,2020,52,,,
2020-52,2020,52,,,
2020-52,2020,52,,,
2020-52,2020,52,,,
2020-52,2020,52,,,
2020-52,2020,52,,,
2020-52,2020,52,,,
2020-52,2020,52,,,
2020-52,2020,52,,,
2020-52,2020,52,,,
2020-52,2020,52,,,
2020-52,2020,52,,,
2020-52,2020,52,,,
2020-52,2020,52,,,
2020-52,2020,52,,,
2020-52,2020,52,,,
2020-52,2020,52,,,
2020-52,2020,52,,,
2020-52,2020,52,,,
2020-52,2020,52,,,
2020-52,2020,52,,,
2020-52,2020,52,,,
2020-52,2020,52,,,
2020-52,2020,52,,,
2020-52,2020,52,,,
2020-52,2020,52,,,
2020-52,2020,52,,,
2020-52,2020,52,,,
2020-52,2020,52,,,
2020-52,2020,52,,,
2020-52,2020,52,,,
2020-52,2020,52,,,
2020-52,2020,52,,,
2020-52,2020,52,,,
2020-52,2020,52,,,
2020-52,2020,52,,,
2020-52,2020,52,,,
2020-52,2020,52,,,
2020-52,2020,52,,,
2020-52,2020,52,,,
2020-52,2020,52,,,
2020-52,2020,52,,,
2020-52,2020,52,,,
2020-52,2020,52,,,
2020-52,2020,52,,,
2020-52,2020,52,,,
2020-52,2020,52,,,
2020-52,2020,52,,,
2020-52,2020,52,,,
2020-52,2020,52,,,
2020-52,2020,52,,,
2020-52,2020,52,,,
2020-52,2020,52,,,
2020-52,2020,52,,,
2020-52,2020,52,,,
2020-52,2020,52,,,
2020-52,2020,52,,,
2020-52,2020,52,,,
2020-52,2020,52,,,
2020-52,2020,52,,,
2020-52,2020,52,,,
2020-52,2020,52,,,
2020-52,2020,52,,,
2020-52,2020,52,,,
2020-52,2020,52,,,
2020-52,2020,52,,,
2020-52,2020,52,,,
2020-52,2020,52,,,
2020-52,2020,52,,,
2020-52,2020,52,,,
2020-52,2020,52,,,
2020-52,2020,52,,,
2020-52,2020,52,,,
2020-52,2020,52,,,
2020-52,2020,52,,,
2020-52,2020,52,,,
2020-52,2020,52,,,
2020-52,2020,52,,,
2020-52,2020,52,,,
2020-52,2020,52,,,
2020-52,2020,52,,,
2020-52,2020,52,,,
2020-52,2020,52,,,
2020-52,2020,52,,,
2020-52,2020,52,,,
2020-52,2020,52,,,
2020-52,2020,52,,,
2020-52,2020,52,,,
2020-52,2020,52,,,
2020-52,2020,52,,,
2020-52,2020,52,,,
2020-52,2020,52,,,
2020-52,2020,52,,,
2020-52,2020,52,,,
2020-52,2020,52,,,
2020-52,2020,52,,,
2020-52,2020,52,,,
2020-52,2020,52,,,
2020-52,2020,52,,,
2020-52,2020,52,,,
2020-52,2020,52,,,
2020-52,2020,52,,,
2020-52,2020,52,,,
2020-52,2020,52,,,
2020-52,2020,52,,,
2020-52,2020,52,,,
2020-52,2020,52,,,
2020-52,2020,52,,,
2020-52,2020,52,,,
2020-52,2020,52,,,
2020-52,2020,52,,,
2020-52,2020,52,,,
2020-52,2020,52,,,
2020-52,2020,52,,,
2020-52,2020,52,,,
2020-52,2020,52,,,
2020-52,2020,52,,,
2020-52,2020,52,,,
2020-52,2020,52,,,
2020-52,2020,52,,,
2020-52,2020,52,,,
2020-52,2020,52,,,
2020-52,2020,52,,,
2020-52,2020,52,,,
2020-52,2020,52,,,
2020-52,2020,52,,,
2020-52,2020,52,,,
2020-52,2020,52,,,
2020-52,2020,52,,,
2020-52,2020,52,,,
2020-52,2020,52,,,
2020-52,2020,52,,,
2020-52,2020,52,,,
2020-52,2020,52,,,
2020-52,2020,52,,,
2020-52,2020,52,,,
2020-52,2020,52,,,
2020-52,2020,52,,,
2020-52,2020,52,,,
2020-52,2020,52,,,
2020-52,2020,52,,,
2020-52,2020,52,,,
2020-52,2020,52,,,
2020-52,2020,52,,,
2020-52,2020,52,,,
2020-52,2020,52,,,
2020-52,2020,52,,,
2020-52,2020,52,,,
2020-52,2020,52,,,
2020-52,2020,52,,,
2020-52,2020,52,,,
2020-52,2020,52,,,
2020-52,2020,52,,,
2020-52,2020,52,,,
2020-52,2020,52,,,
2020-52,2020,52,,,
2020-52,2020,52,,,
2020-52,2020,52,,,
2020-52,2020,52,,,
2020-52,2020,52,,,
2020-52,2020,52,,,
2020-52,2020,52,,,
2020-52,2020,52,,,
2020-52,2020,52,,,
2020-52,2020,52,,,
2020-52,2020,52,,,
2020-52,2020,52,,,
2020-52,2020,52,,,
2020-52,2020,52,,,
2020-52,2020,52,,,
2020-52,2020,52,,,
2020-52,2020,52,,,
2020-52,2020,52,,,
2020-52,2020,52,,,
2020-52,2020,52,,,
2020-52,2020,52,,,
2020-52,2020,52,,,
2020-52,2020,52,,,
2020-52,2020,52,,,
2020-52,2020,52,,,
2020-52,2020,52,,,
2020-52,2020,52,,,
2020-52,2020,52,,,
2020-52,2020,52,,,
2020-52,2020,52,,,
2020-52,2020,52,,,
2020-52,2020,52,,,
2020-52,2020,52,,,
2020-52,2020,52,,,
2020-52,2020,52,,,
2020-52,2020,52,,,
2020-52,2020,52,,,
2020-52,2020,52,,,
2020-52,2020,52,,,
2020-52,2020,52,,,
2020-52,2020,52,,,
2020-52,2020,52,,,
2020-52,2020,52,,,
2020-52,2020,52,,,
2020-52,2020,52,,,
2020-52,2020,52,,,
2020-52,2020,52,,,
2020-52,2020,52,,,
2020-52,2020,52,,,
2020-52,2020,52,,,
2020-52,2020,52,,,
2020-52,2020,52,,,
2020-52,2020,52,,,
2020-52,2020,52,,,
2020-52,2020,52,,,
2020-52,2020,52,,,
2020-52,2020,52,,,
2020-52,2020,52,,,
2020-52,2020,52,,,
2020-52,2020,52,,,
2020-52,2020,52,,,
2020-52,2020,52,,,
2020-52,2020,52,,,
2020-52,2020,52,,,
2020-52,2020,52,,,
2020-52,2020,52,,,
2020-52,2020,52,,,
2020-52,2020,52,,,
2020-52,2020,52,,,
2020-52,2020,52,,,
2020-52,2020,52,,,
2020-52,2020,52,,,
2020-52,2020,52,,,
2020-52,2020,52,,,
2020-52,2020,52,,,
2020-52,2020,52,,,
2020-52,2020,52,,,
2020-52,2020,52,,,
2020-52,2020,52,,,
2020-52,2020,52,,,
2020-52,2020,52,,,
2020-52,2020,52,,,
2020-52,2020,52,,,
2020-52,2020,52,,,
2020-52,2020,52,,,
2020-52,2020,52,,,
2020-52,2020,52,,,
2020-52,2020,52,,,
2020-52,2020,52,,,
2020-52,2020,52,,,
2020-52,2020,52,,,
2020-52,2020,52,,,
2020-52,2020,52,,,
2020-52,2020,52,,,
2020-52,2020,52,,,
2020-52,2020,52,,,
2020-52,2020,52,,,
2020-52,2020,52,,,
2020-52,2020,52,,,
2020-52,2020,52,,,
2020-52,2020,52,,,
2020-52,2020,52,,,
2020-52,2020,52,,,
2020-52,2020,52,,,
2020-52,2020,52,,,
2020-52,2020,52,,,
2020-52,2020,52,,,
2020-52,2020,52,,,
2020-52,2020,52,,,
2020-52,2020,52,,,
2020-52,2020,52,,,
2020-52,2020,52,,,
2020-52,2020,52,,,
2020-52,2020,52,,,
2020-52,2020,52,,,
2020-52,2020,52,,,
2020-52,2020,52,,,
2020-52,2020,52,,,
2020-52,2020,52,,,
2020-52,2020,52,,,
2020-52,2020,52,,,
2020-52,2020,52,,,
2020-52,2020,52,,,
2020-52,2020,52,,,
2020-52,2020,52,,,
2020-52,2020,52,,,
2020-52,2020,52,,,
2020-52,2020,52,,,
2020-52,2020,52,,,
2020-52,2020,52,,,
2020-52,2020,52,,,
2020-52,2020,52,,,
2020-52,2020,52,,,
2020-52,2020,52,,,
2020-52,2020,52,,,
2020-52,2020,52,,,
2020-52,2020,52,,,
2020-52,2020,52,,,
2020-52,2020,52,,,
2020-52,2020,52,,,
2020-52,2020,52,,,
2020-52,2020,52,,,
2020-52,2020,52,,,
2020-52,2020,52,,,
2020-52,2020,52,,,
2020-52,2020,52,,,
2020-52,2020,52,,,
2020-52,2020,52,,,
2020-52,2020,52,,,
2020-52,2020,52,,,
2020-52,2020,52,,,
2020-52,2020,52,,,
2020-52,2020,52,,,
2020-52,2020,52,,,
2020-52,2020,52,,,
2020-52,2020,52,,,
2020-52,2020,52,,,
2020-52,2020,52,,,
2020-52,2020,52,,,
2020-52,2020,52,,,
2020-52,2020,52,,,
2020-52,2020,52,,,
2020-52,2020,52,,,
2020-52,2020,52,,,
2020-52,2020,52,,,
2020-52,2020,52,,,
2020-52,2020,52,,,
2020-52,2020,52,,,
2020-52,2020,52,,,
2020-52,2020,52,,,
2020-52,2020,52,,,
2020-52,2020,52,,,
2020-52,2020,52,,,
2020-52,2020,52,,,
2020-52,2020,52,,,
2020-52,2020,52,,,
2020-52,2020,52,,,
2020-52,2020,52,,,
2020-52,2020,52,,,
2020-52,2020,52,,,
2020-52,2020,52,,,
2020-52,2020,52,,,
2020-52,2020,52,,,
2020-52,2020,52,,,
2020-52,2020,52,,,
2020-52,2020,52,,,
2020-52,2020,52,,,
2020-52,2020,52,,,
2020-52,2020,52,,,
2020-52,2020,52,,,
2020-52,2020,52,,,
2020-52,2020,52,,,
2020-52,2020,52,,,
2020-52,2020,52,,,
2020-52,2020,52,,,
2020-52,2020,52,,,
2020-52,2020,52,,,
2020-52,2020,52,,,
2020-52,2020,52,,,
2020-52,2020,52,,,
2020-52,2020,52,,,
2020-52,2020,52,,,
2020-52,2020,52,,,
2020-52,2020,52,,,
2020-52,2020,52,,,
2020-52,2020,52,,,
2020-52,2020,52,,,
2020-52,2020,52,,,
2020-52,2020,52,,,
2020-52,2020,52,,,
2020-52,2020,52,,,
2020-52,2020,52,,,
2020-52,2020,52,,,
2020-52,2020,52,,,
2020-52,2020,52,,,
2020-52,2020,52,,,
2020-52,2020,52,,,
2020-52,2020,52,,,
2020-52,2020,52,,,
2020-52,2020,52,,,
2020-52,2020,52,,,
2020-52,2020,52,,,
2020-52,2020,52,,,
2020-52,2020,52,,,
2020-52,2020,52,,,
2020-52,2020,52,,,
2020-52,2020,52,,,
2020-52,2020,52,,,
2020-52,2020,52,,,
2020-52,2020,52,,,
2020-52,2020,52,,,
2020-52,2020,52,,,
2020-52,2020,52,,,
2020-52,2020,52,,,
2020-52,2020,52,,,
2020-52,2020,52,,,
2020-52,2020,52,,,
2020-52,2020,52,,,
2020-52,2020,52,,,
2020-52,2020,52,,,
2020-52,2020,52,,,
2020-52,2020,52,,,
2020-52,2020,52,,,
2020-52,2020,52,,,
2020-52,2020,52,,,
2020-52,2020,52,,,
2020-52,2020,52,,,
2020-52,2020,52,,,
2020-52,2020,52,,,
2020-52,2020,52,,,
2020-52,2020,52,,,
2020-52,2020,52,,,
2020-52,2020,52,,,
2020-52,2020,52,,,
2020-52,2020,52,,,
2020-52,2020,52,,,
2020-52,2020,52,,,
2020-52,2020,52,,,
2020-52,2020,52,,,
2020-52,2020,52,,,
2020-52,2020,52,,,
2020-52,2020,52,,,
2020-52,2020,52,,,
2020-52,2020,52,,,
2020-52,2020,52,,,
2020-52,2020,52,,,
2020-52,2020,52,,,
2020-52,2020,52,,,
2020-52,2020,52,,,
2020-52,2020,52,,,
2020-52,2020,52,,,
2020-52,2020,52,,,
2020-52,2020,52,,,
2020-52,2020,52,,,
2020-52,2020,52,,,
2020-52,2020,52,,,
2020-52,2020,52,,,
2020-52,2020,52,,,
2020-52,2020,52,,,
2020-52,2020,52,,,
2020-52,2020,52,,,
2020-52,2020,52,,,
2020-52,2020,52,,,
2020-52,2020,52,,,
2020-52,2020,52,,,
2020-52,2020,52,,,
2020-52,2020,52,,,
2020-52,2020,52,,,
2020-52,2020,52,,,
2020-52,2020,52,,,
2020-52,2020,52,,,
2020-52,2020,52,,,
2020-52,2020,52,,,
2020-52,2020,52,,,
2020-52,2020,52,,,
2020-52,2020,52,,,
2020-52,2020,52,,,
2020-52,2020,52,,,
2020-52,2020,52,,,
2020-52,2020,52,,,
2020-52,2020,52,,,
2020-52,2020,52,,,
2020-52,2020,52,,,
2020-52,2020,52,,,
2020-52,2020,52,,,
2020-52,2020,52,,,
2020-52,2020,52,,,
2020-52,2020,52,,,
2020-52,2020,52,,,
2020-52,2020,52,,,
2020-52,2020,52,,,
2020-52,2020,52,,,
2020-52,2020,52,,,
2020-52,2020,52,,,
2020-52,2020,52,,,
2020-52,2020,52,,,
2020-52,2020,52,,,
2020-52,2020,52,,,
2020-52,2020,52,,,
2020-52,2020,52,,,
2020-52,2020,52,,,
2020-52,2020,52,,,
2020-52,2020,52,,,
2020-52,2020,52,,,
2020-52,2020,52,,,
2020-52,2020,52,,,
2020-52,2020,52,,,
2020-52,2020,52,,,
2020-52,2020,52,,,
2020-52,2020,52,,,
2020-52,2020,52,,,
2020-52,2020,52,,,
2020-52,2020,52,,,
2020-52,2020,52,,,
2020-52,2020,52,,,
2020-52,2020,52,,,
2020-52,2020,52,,,
2020-52,2020,52,,,
2020-52,2020,52,,,
2020-52,2020,52,,,
2020-52,2020,52,,,
2020-52,2020,52,,,
2020-52,2020,52,,,
2020-52,2020,52,,,
2020-52,2020,52,,,
2020-52,2020,52,,,
2020-52,2020,52,,,
2020-52,2020,52,,,
2020-52,2020,52,,,
2020-52,2020,52,,,
2020-52,2020,52,,,
2020-52,2020,52,,,
2020-52,2020,52,,,
2020-52,2020,52,,,
2020-52,2020,52,,,
2020-52,2020,52,,,
2020-52,2020,52,,,
2020-52,2020,52,,,
2020-52,2020,52,,,
2020-52,2020,52,,,
2020-52,2020,52,,,
2020-52,2020,52,,,
2020-52,2020,52,,,
2020-52,2020,52,,,
2020-52,2020,52,,,
2020-52,2020,52,,,
2020-52,2020,52,,,
2020-52,2020,52,,,
2020-52,2020,52,,,
2020-52,2020,52,,,
2020-52,2020,52,,,
2020-52,2020,52,,,
2020-52,2020,52,,,
2020-52,2020,52,,,
2020-52,2020,52,,,
2020-52,2020,52,,,
2020-52,2020,52,,,
2020-52,2020,52,,,
2020-52,2020,52,,,
2020-52,2020,52,,,
2020-52,2020,52,,,
2020-52,2020,52,,,
2020-52,2020,52,,,
2020-52,2020,52,,,
2020-52,2020,52,,,
2020-52,2020,52,,,
2020-52,2020,52,,,
2020-52,2020,52,,,
2020-52,2020,52,,,
2020-52,2020,52,,,
2020-52,2020,52,,,
2020-52,2020,52,,,
2020-52,2020,52,,,
2020-52,2020,52,,,
2020-52,2020,52,,,
2020-52,2020,52,,,
2020-52,2020,52,,,
2020-52,2020,52,,,
2020-52,2020,52,,,
2020-52,2020,52,,,
2020-52,2020,52,,,
2020-52,2020,52,,,
2020-52,2020,52,,,
2020-52,2020,52,,,
2020-52,2020,52,,,
2020-52,2020,52,,,
2020-52,2020,52,,,
2020-52,2020,52,,,
2020-52,2020,52,,,
2020-52,2020,52,,,
2020-52,2020,52,,,
2020-52,2020,52,,,
2020-52,2020,52,,,
2020-52,2020,52,,,
2020-52,2020,52,,,
2020-52,2020,52,,,
2020-52,2020,52,,,
2020-52,2020,52,,,
2020-52,2020,52,,,
2020-52,2020,52,,,
2020-52,2020,52,,,
2020-52,2020,52,,,
2020-52,2020,52,,,
2020-52,2020,52,,,
2020-52,2020,52,,,
2020-52,2020,52,,,
2020-52,2020,52,,,
2020-52,2020,52,,,
2020-52,2020,52,,,
2020-52,2020,52,,,
2020-52,2020,52,,,
2020-52,2020,52,,,
2020-52,2020,52,,,
2020-52,2020,52,,,
2020-52,2020,52,,,
2020-52,2020,52,,,
2020-52,2020,52,,,
2020-52,2020,52,,,
2020-52,2020,52,,,
2020-52,2020,52,,,
2020-52,2020,52,,,
2020-52,2020,52,,,
2020-52,2020,52,,,
2020-52,2020,52,,,
2020-52,2020,52,,,
2020-52,2020,52,,,
2020-52,2020,52,,,
2020-52,2020,52,,,
2020-52,2020,52,,,
2020-52,2020,52,,,
2020-52,2020,52,,,
2020-52,2020,52,,,
2020-52,2020,52,,,
2020-52,2020,52,,,
2020-52,2020,52,,,
2020-52,2020,52,,,
2020-52,2020,52,,,
2020-52,2020,52,,,
2020-52,2020,52,,,
2020-52,2020,52,,,
2020-52,2020,52,,,
2020-52,2020,52,,,
2020-52,2020,52,,,
2020-52,2020,52,,,
2020-52,2020,52,,,
2020-52,2020,52,,,
2020-52,2020,52,,,
2020-52,2020,52,,,
2020-52,2020,52,,,
2020-52,2020,52,,,
2020-52,2020,52,,,
2020-52,2020,52,,,
2020-52,2020,52,,,
2020-52,2020,52,,,
2020-52,2020,52,,,
2020-52,2020,52,,,
2020-52,2020,52,,,
2020-52,2020,52,,,
2020-52,2020,52,,,
2020-52,2020,52,,,
2020-52,2020,52,,,
2020-52,2020,52,,,
2020-52,2020,52,,,
2020-52,2020,52,,,
2020-52,2020,52,,,
2020-52,2020,52,,,
2020-52,2020,52,,,
2020-52,2020,52,,,
2020-52,2020,52,,,
2020-52,2020,52,,,
2020-52,2020,52,,,
2020-52,2020,52,,,
2020-52,2020,52,,,
2020-52,2020,52,,,
2020-52,2020,52,,,
2020-52,2020,52,,,
2020-52,2020,52,,,
2020-52,2020,52,,,
2020-52,2020,52,,,
2020-52,2020,52,,,
2020-52,2020,52,,,
2020-52,2020,52,,,
2020-52,2020,52,,,
2020-52,2020,52,,,
2020-52,2020,52,,,
2020-52,2020,52,,,
2020-52,2020,52,,,
2020-52,2020,52,,,
2020-52,2020,52,,,
2020-52,2020,52,,,
2020-52,2020,52,,,
2020-52,2020,52,,,
2020-52,2020,52,,,
2020-52,2020,52,,,
2020-52,2020,52,,,
2020-52,2020,52,,,
2020-52,2020,52,,,
2020-52,2020,52,,,
2020-52,2020,52,,,
2020-52,2020,52,,,
2020-52,2020,52,,,
2020-52,2020,52,,,
2020-52,2020,52,,,
2020-52,2020,52,,,
2020-52,2020,52,,,
2020-52,2020,52,,,
2020-52,2020,52,,,
2020-52,2020,52,,,
2020-52,2020,52,,,
2020-52,2020,52,,,
2020-52,2020,52,,,
2020-52,2020,52,,,
2020-52,2020,52,,,
2020-52,2020,52,,,
2020-52,2020,52,,,
2020-52,2020,52,,,
2020-52,2020,52,,,
2020-52,2020,52,,,
2020-52,2020,52,,,
2020-52,2020,52,,,
2020-52,2020,52,,,
2020-52,2020,52,,,
2020-52,2020,52,,,
2020-52,2020,52,,,
2020-52,2020,52,,,
2020-52,2020,52,,,
2020-52,2020,52,,,
2020-52,2020,52,,,
2020-52,2020,52,,,
2020-52,2020,52,,,
2020-52,2020,52,,,
2020-52,2020,52,,,
2020-52,2020,52,,,
2020-52,2020,52,,,
2020-52,2020,52,,,
2020-52,2020,52,,,
2020-52,2020,52,,,
2020-52,2020,52,,,
2020-52,2020,52,,,
2020-52,2020,52,,,
2020-52,2020,52,,,
2020-52,2020,52,,,
2020-52,2020,52,,,
2020-52,2020,52,,,
2020-52,2020,52,,,
2020-52,2020,52,,,
2020-52,2020,52,,,
2020-52,2020,52,,,
2020-52,2020,52,,,
2020-52,2020,52,,,
2020-52,2020,52,,,
2020-52,2020,52,,,
2020-52,2020,52,,,
2020-52,2020,52,,,
2020-52,2020,52,,,
2020-52,2020,52,,,
2020-52,2020,52,,,
2020-52,2020,52,,,
2020-52,2020,52,,,
2020-52,2020,52,,,
2020-52,2020,52,,,
2020-52,2020,52,,,
2020-52,2020,52,,,
2020-52,2020,52,,,
2020-52,2020,52,,,
2020-52,2020,52,,,
2020-52,2020,52,,,
2020-52,2020,52,,,
2020-52,2020,52,,,
2020-52,2020,52,,,
2020-52,2020,52,,,
2020-52,2020,52,,,
2020-52,2020,52,,,
2020-52,2020,52,,,
2020-52,2020,52,,,
2020-52,2020,52,,,
2020-52,2020,52,,,
2020-52,2020,52,,,
2020-52,2020,52,,,
2020-52,2020,52,,,
2020-52,2020,52,,,
2020-52,2020,52,,,
2020-52,2020,52,,,
2020-52,2020,52,,,
2020-52,2020,52,,,
2020-52,2020,52,,,
2020-52,2020,52,,,
2020-52,2020,52,,,
2020-52,2020,52,,,
2020-52,2020,52,,,
2020-52,2020,52,,,
2020-52,2020,52,,,
2020-52,2020,52,,,
2020-52,2020,52,,,
2020-52,2020,52,,,
2020-52,2020,52,,,
2020-52,2020,52,,,
2020-52,2020,52,,,
2020-52,2020,52,,,
2020-52,2020,52,,,
2020-52,2020,52,,,
2020-52,2020,52,,,
2020-52,2020,52,,,
2020-52,2020,52,,,
2020-52,2020,52,,,
2020-52,2020,52,,,
2020-52,2020,52,,,
2020-52,2020,52,,,
2020-52,2020,52,,,
2020-52,2020,52,,,
2020-52,2020,52,,,
2020-52,2020,52,,,
2020-52,2020,52,,,
2020-52,2020,52,,,
2020-52,2020,52,,,
2020-52,2020,52,,,
2020-52,2020,52,,,
2020-52,2020,52,,,
2020-52,2020,52,,,
2020-52,2020,52,,,
2020-52,2020,52,,,
2020-52,2020,52,,,
2020-52,2020,52,,,
2020-52,2020,52,,,
2020-52,2020,52,,,
2020-52,2020,52,,,
2020-52,2020,52,,,
2020-52,2020,52,,,
2020-52,2020,52,,,
2020-52,2020,52,,,
2020-52,2020,52,,,
2020-52,2020,52,,,
2020-52,2020,52,,,
2020-52,2020,52,,,
2020-52,2020,52,,,
2020-52,2020,52,,,
2020-52,2020,52,,,
2020-52,2020,52,,,
2020-52,2020,52,,,
2020-52,2020,52,,,
2020-52,2020,52,,,
2020-52,2020,52,,,
2020-52,2020,52,,,
2020-52,2020,52,,,
2020-52,2020,52,,,
2020-52,2020,52,,,
2020-52,2020,52,,,
2020-52,2020,52,,,
2020-52,2020,52,,,
2020-52,2020,52,,,
2020-52,2020,52,,,
2020-52,2020,52,,,
2020-52,2020,52,,,
2020-52,2020,52,,,
2020-52,2020,52,,,
2020-52,2020,52,,,
2020-52,2020,52,,,
2020-52,2020,52,,,
2020-52,2020,52,,,
2020-52,2020,52,,,
2020-52,2020,52,,,
2020-52,2020,52,,,
2020-52,2020,52,,,
2020-52,2020,52,,,
2020-52,2020,52,,,
2020-52,2020,52,,,
2020-52,2020,52,,,
2020-52,2020,52,,,
2020-52,2020,52,,,
2020-52,2020,52,,,
2020-52,2020,52,,,
2020-52,2020,52,,,
2020-52,2020,52,,,
2020-52,2020,52,,,
2020-52,2020,52,,,
2020-52,2020,52,,,
2020-52,2020,52,,,
2020-52,2020,52,,,
2020-52,2020,52,,,
2020-52,2020,52,,,
2020-52,2020,52,,,
2020-52,2020,52,,,
2020-52,2020,52,,,
2020-52,2020,52,,,
2020-52,2020,52,,,
2020-52,2020,52,,,
2020-52,2020,52,,,
2020-52,2020,52,,,
2020-52,2020,52,,,
2020-52,2020,52,,,
2020-52,2020,52,,,
2020-52,2020,52,,,
2020-52,2020,52,,,
2020-52,2020,52,,,
2020-52,2020,52,,,
2020-52,2020,52,,,
2020-52,2020,52,,,
2020-52,2020,52,,,
2020-52,2020,52,,,
2020-52,2020,52,,,
2020-52,2020,52,,,
2020-52,2020,52,,,
2020-52,2020,52,,,
2020-52,2020,52,,,
2020-52,2020,52,,,
2020-52,2020,52,,,
2020-52,2020,52,,,
2020-52,2020,52,,,
2020-52,2020,52,,,
2020-52,2020,52,,,
2020-52,2020,52,,,
2020-52,2020,52,,,
2020-52,2020,52,,,
2020-52,2020,52,,,
2020-52,2020,52,,,
2020-52,2020,52,,,
2020-52,2020,52,,,
2020-52,2020,52,,,
2020-52,2020,52,,,
2020-52,2020,52,,,
2020-52,2020,52,,,
2020-52,2020,52,,,
2020-52,2020,52,,,
2020-52,2020,52,,,
2020-52,2020,52,,,
2020-52,2020,52,,,
2020-52,2020,52,,,
2020-52,2020,52,,,
2020-52,2020,52,,,
2020-52,2020,52,,,
2020-52,2020,52,,,
2020-52,2020,52,,,
2020-52,2020,52,,,
2020-52,2020,52,,,
2020-52,2020,52,,,
2020-52,2020,52,,,
2020-52,2020,52,,,
2020-52,2020,52,,,
2020-52,2020,52,,,
2020-52,2020,52,,,
2020-52,2020,52,,,
2020-52,2020,52,,,
2020-52,2020,52,,,
2020-52,2020,52,,,
2020-52,2020,52,,,
2020-52,2020,52,,,
2020-52,2020,52,,,
2020-52,2020,52,,,
2020-52,2020,52,,,
2020-52,2020,52,,,
2020-52,2020,52,,,
2020-52,2020,52,,,
2020-52,2020,52,,,
2020-52,2020,52,,,
2020-52,2020,52,,,
2020-52,2020,52,,,
2020-52,2020,52,,,
2020-52,2020,52,,,
2020-52,2020,52,,,
2020-52,2020,52,,,
2020-52,2020,52,,,
2020-52,2020,52,,,
2020-52,2020,52,,,
2020-52,2020,52,,,
2020-52,2020,52,,,
2020-52,2020,52,,,
2020-52,2020,52,,,
2020-52,2020,52,,,
2020-52,2020,52,,,
2020-52,2020,52,,,
2020-52,2020,52,,,
2020-52,2020,52,,,
2020-52,2020,52,,,
2020-52,2020,52,,,
2020-52,2020,52,,,
2020-52,2020,52,,,
2020-52,2020,52,,,
2020-52,2020,52,,,
2020-52,2020,52,,,
2020-52,2020,52,,,
2020-52,2020,52,,,
2020-52,2020,52,,,
2020-52,2020,52,,,
2020-52,2020,52,,,
2020-52,2020,52,,,
2020-52,2020,52,,,
2020-52,2020,52,,,
2020-52,2020,52,,,
2020-52,2020,52,,,
2020-52,2020,52,,,
2020-52,2020,52,,,
2020-52,2020,52,,,
2020-52,2020,52,,,
2020-52,2020,52,,,
2020-52,2020,52,,,
2020-52,2020,52,,,
2020-52,2020,52,,,
2020-52,2020,52,,,
2020-52,2020,52,,,
2020-52,2020,52,,,
2020-52,2020,52,,,
2020-52,2020,52,,,
2020-52,2020,52,,,
2020-52,2020,52,,,
2020-52,2020,52,,,
2020-52,2020,52,,,
2020-52,2020,52,,,
2020-52,2020,52,,,
2020-52,2020,52,,,
2020-52,2020,52,,,
2020-52,2020,52,,,
2020-52,2020,52,,,
2020-52,2020,52,,,
2020-52,2020,52,,,
2020-52,2020,52,,,
2020-52,2020,52,,,
2020-52,2020,52,,,
2020-52,2020,52,,,
2020-52,2020,52,,,
2020-52,2020,52,,,
2020-52,2020,52,,,
2020-52,2020,52,,,
2020-52,2020,52,,,
2020-52,2020,52,,,
2020-52,2020,52,,,
2020-52,2020,52,,,
2020-52,2020,52,,,
2020-52,2020,52,,,
2020-52,2020,52,,,
2020-52,2020,52,,,
2020-52,2020,52,,,
2020-52,2020,52,,,
2020-52,2020,52,,,
2020-52,2020,52,,,
2020-52,2020,52,,,
2020-52,2020,52,,,
2020-52,2020,52,,,
2020-52,2020,52,,,
2020-52,2020,52,,,
2020-52,2020,52,,,
2020-52,2020,52,,,
2020-52,2020,52,,,
2020-52,2020,52,,,
2020-52,2020,52,,,
2020-52,2020,52,,,
2020-52,2020,52,,,
2020-52,2020,52,,,
2020-52,2020,52,,,
2020-52,2020,52,,,
2020-52,2020,52,,,
2020-52,2020,52,,,
2020-52,2020,52,,,
2020-52,2020,52,,,
2020-52,2020,52,,,
2020-52,2020,52,,,
2020-52,2020,52,,,
2020-52,2020,52,,,
2020-52,2020,52,,,
2020-52,2020,52,,,
2020-52,2020,52,,,
2020-52,2020,52,,,
2020-52,2020,52,,,
2020-52,2020,52,,,
2020-52,2020,52,,,
2020-52,2020,52,,,
2020-52,2020,52,,,
2020-52,2020,52,,,
2020-52,2020,52,,,
2020-52,2020,52,,,
2020-52,2020,52,,,
2020-52,2020,52,,,
2020-52,2020,52,,,
2020-52,2020,52,,,
2020-52,2020,52,,,
2020-52,2020,52,,,
2020-52,2020,52,,,
2020-52,2020,52,,,
2020-52,2020,52,,,
2020-52,2020,52,,,
2020-52,2020,52,,,
2020-52,2020,52,,,
2020-52,2020,52,,,
2020-52,2020,52,,,
2020-52,2020,52,,,
2020-52,2020,52,,,
2020-52,2020,52,,,
2020-52,2020,52,,,
2020-52,2020,52,,,
2020-52,2020,52,,,
2020-52,2020,52,,,
2020-52,2020,52,,,
2020-52,2020,52,,,
2020-52,2020,52,,,
2020-52,2020,52,,,
2020-52,2020,52,,,
2020-52,2020,52,,,
2020-52,2020,52,,,
2020-52,2020,52,,,
2020-52,2020,52,,,
2020-52,2020,52,,,
2020-52,2020,52,,,
2020-52,2020,52,,,
2020-52,2020,52,,,
2020-52,2020,52,,,
2020-52,2020,52,,,
2020-52,2020,52,,,
2020-52,2020,52,,,
2020-52,2020,52,,,
2020-52,2020,52,,,
2020-52,2020,52,,,
2020-52,2020,52,,,
2020-52,2020,52,,,
2020-52,2020,52,,,
2020-52,2020,52,,,
2020-52,2020,52,,,
2020-52,2020,52,,,
2020-52,2020,52,,,
2020-52,2020,52,,,
2020-52,2020,52,,,
2020-52,2020,52,,,
2020-52,2020,52,,,
2020-52,2020,52,,,
2020-52,2020,52,,,
2020-52,2020,52,,,
2020-52,2020,52,,,
2020-52,2020,52,,,
2020-52,2020,52,,,
2020-52,2020,52,,,
2020-52,2020,52,,,
2020-52,2020,52,,,
2020-52,2020,52,,,
2020-52,2020,52,,,
2020-52,2020,52,,,
2020-52,2020,52,,,
2020-52,2020,52,,,
2020-52,2020,52,,,
2020-52,2020,52,,,
2020-52,2020,52,,,
2020-52,2020,52,,,
2020-52,2020,52,,,
2020-52,2020,52,,,
2020-52,2020,52,,,
2020-52,2020,52,,,
2020-52,2020,52,,,
2020-52,2020,52,,,
2020-52,2020,52,,,
2020-52,2020,52,,,
2020-52,2020,52,,,
2020-52,2020,52,,,
2020-52,2020,52,,,
2020-52,2020,52,,,
2020-52,2020,52,,,
2020-52,2020,52,,,
2020-52,2020,52,,,
2020-52,2020,52,,,
2020-52,2020,52,,,
2020-52,2020,52,,,
2020-52,2020,52,,,
2020-52,2020,52,,,
2020-52,2020,52,,,
2020-52,2020,52,,,
2020-52,2020,52,,,
2020-52,2020,52,,,
2020-52,2020,52,,,
2020-52,2020,52,,,
2020-52,2020,52,,,
2020-52,2020,52,,,
2020-52,2020,52,,,
2020-52,2020,52,,,
2020-52,2020,52,,,
2020-52,2020,52,,,
2020-52,2020,52,,,
2020-52,2020,52,,,
2020-52,2020,52,,,
2020-52,2020,52,,,
2020-52,2020,52,,,
2020-52,2020,52,,,
2020-52,2020,52,,,
2020-52,2020,52,,,
2020-52,2020,52,,,
2020-52,2020,52,,,
2020-52,2020,52,,,
2020-52,2020,52,,,
2020-52,2020,52,,,
2020-52,2020,52,,,
2020-52,2020,52,,,
2020-52,2020,52,,,
2020-52,2020,52,,,
2020-52,2020,52,,,
2020-52,2020,52,,,
2020-52,2020,52,,,
2020-52,2020,52,,,
2020-52,2020,52,,,
2020-52,2020,52,,,
2020-52,2020,52,,,
2020-52,2020,52,,,
2020-52,2020,52,,,
2020-52,2020,52,,,
2020-52,2020,52,,,
2020-52,2020,52,,,
2020-52,2020,52,,,
2020-52,2020,52,,,
2020-52,2020,52,,,
2020-52,2020,52,,,
2020-52,2020,52,,,
2020-52,2020,52,,,
2020-52,2020,52,,,
2020-52,2020,52,,,
2020-52,2020,52,,,
2020-52,2020,52,,,
2020-52,2020,52,,,
2020-52,2020,52,,,
2020-52,2020,52,,,
2020-52,2020,52,,,
2020-52,2020,52,,,
2020-52,2020,52,,,
2020-52,2020,52,,,
2020-52,2020,52,,,
2020-52,2020,52,,,
2020-52,2020,52,,,
2020-52,2020,52,,,
2020-52,2020,52,,,
2020-52,2020,52,,,
2020-52,2020,52,,,
2020-52,2020,52,,,
2020-52,2020,52,,,
2020-52,2020,52,,,
2020-52,2020,52,,,
2020-52,2020,52,,,
2020-52,2020,52,,,
2020-52,2020,52,,,
2020-52,2020,52,,,
2020-52,2020,52,,,
2020-52,2020,52,,,
2020-52,2020,52,,,
2020-52,2020,52,,,
2020-52,2020,52,,,
2020-52,2020,52,,,
2020-52,2020,52,,,
2020-52,2020,52,,,
2020-52,2020,52,,,
2020-52,2020,52,,,
2020-52,2020,52,,,
2020-52,2020,52,,,
2020-52,2020,52,,,
2020-52,2020,52,,,
2020-52,2020,52,,,
2020-52,2020,52,,,
2020-52,2020,52,,,
2020-52,2020,52,,,
2020-52,2020,52,,,
2020-52,2020,52,,,
2020-52,2020,52,,,
2020-52,2020,52,,,
2020-52,2020,52,,,
2020-52,2020,52,,,
2020-52,2020,52,,,
2020-52,2020,52,,,
2020-52,2020,52,,,
2020-52,2020,52,,,
2020-52,2020,52,,,
2020-52,2020,52,,,
2020-52,2020,52,,,
2020-52,2020,52,,,
2020-52,2020,52,,,
2020-52,2020,52,,,
2020-52,2020,52,,,
2020-52,2020,52,,,
2020-52,2020,52,,,
2020-52,2020,52,,,
2020-52,2020,52,,,
2020-52,2020,52,,,
2020-52,2020,52,,,
2020-52,2020,52,,,
2020-52,2020,52,,,
2020-52,2020,52,,,
2020-52,2020,52,,,
2020-52,2020,52,,,
2020-52,2020,52,,,
2020-52,2020,52,,,
2020-52,2020,52,,,
2020-52,2020,52,,,
2020-52,2020,52,,,
2020-52,2020,52,,,
2020-52,2020,52,,,
2020-52,2020,52,,,
2020-52,2020,52,,,
2020-52,2020,52,,,
2020-52,2020,52,,,
2020-52,2020,52,,,
2020-52,2020,52,,,
2020-52,2020,52,,,
2020-52,2020,52,,,
2020-52,2020,52,,,
2020-52,2020,52,,,
2020-52,2020,52,,,
2020-52,2020,52,,,
2020-52,2020,52,,,
2020-52,2020,52,,,
2020-52,2020,52,,,
2020-52,2020,52,,,
2020-52,2020,52,,,
2020-52,2020,52,,,
2020-52,2020,52,,,
2020-52,2020,52,,,
2020-52,2020,52,,,
2020-52,2020,52,,,
2020-52,2020,52,,,
2020-52,2020,52,,,
2020-52,2020,52,,,
2020-52,2020,52,,,
2020-52,2020,52,,,
2020-52,2020,52,,,
2020-52,2020,52,,,
2020-52,2020,52,,,
2020-52,2020,52,,,
2020-52,2020,52,,,
2020-52,2020,52,,,
2020-52,2020,52,,,
2020-52,2020,52,,,
2020-52,2020,52,,,
2020-52,2020,52,,,
2020-52,2020,52,,,
2020-52,2020,52,,,
2020-52,2020,52,,,
2020-52,2020,52,,,
2020-52,2020,52,,,
2020-52,2020,52,,,
2020-52,2020,52,,,
2020-52,2020,52,,,
2020-52,2020,52,,,
2020-52,2020,52,,,
2020-52,2020,52,,,
2020-52,2020,52,,,
2020-52,2020,52,,,
2020-52,2020,52,,,
2020-52,2020,52,,,
2020-52,2020,52,,,
2020-52,2020,52,,,
2020-52,2020,52,,,
2020-52,2020,52,,,
2020-52,2020,52,,,
2020-52,2020,52,,,
2020-52,2020,52,,,
2020-52,2020,52,,,
2020-52,2020,52,,,
2020-52,2020,52,,,
2020-52,2020,52,,,
2020-52,2020,52,,,
2020-52,2020,52,,,
2020-52,2020,52,,,
2020-52,2020,52,,,
2020-52,2020,52,,,
2020-52,2020,52,,,
2020-52,2020,52,,,
2020-52,2020,52,,,
2020-52,2020,52,,,
2020-52,2020,52,,,
2020-52,2020,52,,,
2020-52,2020,52,,,
2020-52,2020,52,,,
2020-52,2020,52,,,
2020-52,2020,52,,,
2020-52,2020,52,,,
2020-52,2020,52,,,
2020-52,2020,52,,,
2020-52,2020,52,,,
2020-52,2020,52,,,
2020-52,2020,52,,,
2020-52,2020,52,,,
2020-52,2020,52,,,
2020-52,2020,52,,,
2020-52,2020,52,,,
2020-52,2020,52,,,
2020-52,2020,52,,,
2020-52,2020,52,,,
2020-52,2020,52,,,
2020-52,2020,52,,,
2020-52,2020,52,,,
2020-52,2020,52,,,
2020-52,2020,52,,,
2020-52,2020,52,,,
2020-52,2020,52,,,
2020-52,2020,52,,,
2020-52,2020,52,,,
2020-52,2020,52,,,
2020-52,2020,52,,,
2020-52,2020,52,,,
2020-52,2020,52,,,
2020-52,2020,52,,,
2020-52,2020,52,,,
2020-52,2020,52,,,
2020-52,2020,52,,,
2020-52,2020,52,,,
2020-52,2020,52,,,
2020-52,2020,52,,,
2020-52,2020,52,,,
2020-52,2020,52,,,
2020-52,2020,52,,,
2020-52,2020,52,,,
2020-52,2020,52,,,
2020-52,2020,52,,,
2020-52,2020,52,,,
2020-52,2020,52,,,
2020-52,2020,52,,,
2020-52,2020,52,,,
2020-52,2020,52,,,
2020-52,2020,52,,,
2020-52,2020,52,,,
2020-52,2020,52,,,
2020-52,2020,52,,,
2020-52,2020,52,,,
2020-52,2020,52,,,
2020-52,2020,52,,,
2020-52,2020,52,,,
2020-52,2020,52,,,
2020-52,2020,52,,,
2020-52,2020,52,,,
2020-52,2020,52,,,
2020-52,2020,52,,,
2020-52,2020,52,,,
2020-52,2020,52,,,
2020-52,2020,52,,,
2020-52,2020,52,,,
2020-52,2020,52,,,
2020-52,2020,52,,,
2020-52,2020,52,,,
2020-52,2020,52,,,
2020-52,2020,52,,,
2020-52,2020,52,,,
2020-52,2020,52,,,
2020-52,2020,52,,,
2020-52,2020,52,,,
2020-52,2020,52,,,
2020-52,2020,52,,,
2020-52,2020,52,,,
2020-52,2020,52,,,
2020-52,2020,52,,,
2020-52,2020,52,,,
2020-52,2020,52,,,
2020-52,2020,52,,,
2020-52,2020,52,,,
2020-52,2020,52,,,
2020-52,2020,52,,,
2020-52,2020,52,,,
2020-52,2020,52,,,
2020-52,2020,52,,,
2020-52,2020,52,,,
2020-52,2020,52,,,
2020-52,2020,52,,,
2020-52,2020,52,,,
2020-52,2020,52,,,
2020-52,2020,52,,,
2020-52,2020,52,,,
2020-52,2020,52,,,
2020-52,2020,52,,,
2020-52,2020,52,,,
2020-52,2020,52,,,
2020-52,2020,52,,,
2020-52,2020,52,,,
2020-52,2020,52,,,
2020-52,2020,52,,,
2020-52,2020,52,,,
2020-52,2020,52,,,
2020-52,2020,52,,,
2020-52,2020,52,,,
2020-52,2020,52,,,
2020-52,2020,52,,,
2020-52,2020,52,,,
2020-52,2020,52,,,
2020-52,2020,52,,,
2020-52,2020,52,,,
2020-52,2020,52,,,
2020-52,2020,52,,,
2020-52,2020,52,,,
2020-52,2020,52,,,
2020-52,2020,52,,,
2020-52,2020,52,,,
2020-52,2020,52,,,
2020-52,2020,52,,,
2020-52,2020,52,,,
2020-52,2020,52,,,
2020-52,2020,52,,,
2020-52,2020,52,,,
2020-52,2020,52,,,
2020-52,2020,52,,,
2020-52,2020,52,,,
2020-52,2020,52,,,
2020-52,2020,52,,,
2020-52,2020,52,,,
2020-52,2020,52,,,
2020-52,2020,52,,,
2020-52,2020,52,,,
2020-52,2020,52,,,
2020-52,2020,52,,,
2020-52,2020,52,,,
2020-52,2020,52,,,
2020-52,2020,52,,,
2020-52,2020,52,,,
2020-52,2020,52,,,
2020-52,2020,52,,,
2020-52,2020,52,,,
2020-52,2020,52,,,
2020-52,2020,52,,,
2020-52,2020,52,,,
2020-52,2020,52,,,
2020-52,2020,52,,,
2020-52,2020,52,,,
2020-52,2020,52,,,
2020-52,2020,52,,,
2020-52,2020,52,,,
2020-52,2020,52,,,
2020-52,2020,52,,,
2020-52,2020,52,,,
2020-52,2020,52,,,
2020-52,2020,52,,,
2020-52,2020,52,,,
2020-52,2020,52,,,
2020-52,2020,52,,,
2020-52,2020,52,,,
2020-52,2020,52,,,
2020-52,2020,52,,,
2020-52,2020,52,,,
2020-52,2020,52,,,
2020-52,2020,52,,,
2020-52,2020,52,,,
2020-52,2020,52,,,
2020-52,2020,52,,,
2020-52,2020,52,,,
2020-52,2020,52,,,
2020-52,2020,52,,,
2020-52,2020,52,,,
2020-52,2020,52,,,
2020-52,2020,52,,,
2020-52,2020,52,,,
2020-52,2020,52,,,
2020-52,2020,52,,,
2020-52,2020,52,,,
2020-52,2020,52,,,
2020-52,2020,52,,,
2020-52,2020,52,,,
2020-52,2020,52,,,
2020-52,2020,52,,,
2020-52,2020,52,,,
2020-52,2020,52,,,
2020-52,2020,52,,,
2020-52,2020,52,,,
2020-52,2020,52,,,
2020-52,2020,52,,,
2020-52,2020,52,,,
2020-52,2020,52,,,
2020-52,2020,52,,,
2020-52,2020,52,,,
2020-52,2020,52,,,
2020-52,2020,52,,,
2020-52,2020,52,,,
2020-52,2020,52,,,
2020-52,2020,52,,,
2020-52,2020,52,,,
2020-52,2020,52,,,
2020-52,2020,52,,,
2020-52,2020,52,,,
2020-52,2020,52,,,
2020-52,2020,52,,,
2020-52,2020,52,,,
2020-52,2020,52,,,
2020-52,2020,52,,,
2020-52,2020,52,,,
2020-52,2020,52,,,
2020-52,2020,52,,,
2020-52,2020,52,,,
2020-52,2020,52,,,
2020-52,2020,52,,,
2020-52,2020,52,,,
2020-52,2020,52,,,
2020-52,2020,52,,,
2020-52,2020,52,,,
2020-52,2020,52,,,
2020-52,2020,52,,,
2020-52,2020,52,,,
2020-52,2020,52,,,
2020-52,2020,52,,,
2020-52,2020,52,,,
2020-52,2020,52,,,
2020-52,2020,52,,,
2020-52,2020,52,,,
2020-52,2020,52,,,
2020-52,2020,52,,,
2020-52,2020,52,,,
2020-52,2020,52,,,
2020-52,2020,52,,,
2020-52,2020,52,,,
2020-52,2020,52,,,
2020-52,2020,52,,,
2020-52,2020,52,,,
2020-52,2020,52,,,
2020-52,2020,52,,,
2020-52,2020,52,,,
2020-52,2020,52,,,
2020-52,2020,52,,,
2020-52,2020,52,,,
2020-52,2020,52,,,
2020-52,2020,52,,,
2020-52,2020,52,,,
2020-52,2020,52,,,
2020-52,2020,52,,,
2020-52,2020,52,,,
2020-52,2020,52,,,
2020-52,2020,52,,,
2020-52,2020,52,,,
2020-52,2020,52,,,
2020-52,2020,52,,,
2020-52,2020,52,,,
2020-52,2020,52,,,
2020-52,2020,52,,,
2020-52,2020,52,,,
2020-52,2020,52,,,
2020-52,2020,52,,,
2020-52,2020,52,,,
2020-52,2020,52,,,
2020-52,2020,52,,,
2020-52,2020,52,,,
2020-52,2020,52,,,
2020-52,2020,52,,,
2020-52,2020,52,,,
2020-52,2020,52,,,
2020-52,2020,52,,,
2020-52,2020,52,,,
2020-52,2020,52,,,
2020-52,2020,52,,,
2020-52,2020,52,,,
2020-52,2020,52,,,
2020-52,2020,52,,,
2020-52,2020,52,,,
2020-52,2020,52,,,
2020-52,2020,52,,,
2020-52,2020,52,,,
2020-52,2020,52,,,
2020-52,2020,52,,,
2020-52,2020,52,,,
2020-52,2020,52,,,
2020-52,2020,52,,,
2020-52,2020,52,,,
2020-52,2020,52,,,
2020-52,2020,52,,,
2020-52,2020,52,,,
2020-52,2020,52,,,
2020-52,2020,52,,,
2020-52,2020,52,,,
2020-52,2020,52,,,
2020-52,2020,52,,,
2020-52,2020,52,,,
2020-52,2020,52,,,
2020-52,2020,52,,,
2020-52,2020,52,,,
2020-52,2020,52,,,
2020-52,2020,52,,,
2020-52,2020,52,,,
2020-52,2020,52,,,
2020-52,2020,52,,,
2020-52,2020,52,,,
2020-52,2020,52,,,
2020-52,2020,52,,,
2020-52,2020,52,,,
2020-52,2020,52,,,
2020-52,2020,52,,,
2020-52,2020,52,,,
2020-52,2020,52,,,
2020-52,2020,52,,,
2020-52,2020,52,,,
2020-52,2020,52,,,
2020-52,2020,52,,,
2020-52,2020,52,,,
2020-52,2020,52,,,
2020-52,2020,52,,,
2020-52,2020,52,,,
2020-52,2020,52,,,
2020-52,2020,52,,,
2020-52,2020,52,,,
2020-52,2020,52,,,
2020-52,2020,52,,,
2020-52,2020,52,,,
2020-52,2020,52,,,
2020-52,2020,52,,,
2020-52,2020,52,,,
2020-52,2020,52,,,
2020-52,2020,52,,,
2020-52,2020,52,,,
2020-52,2020,52,,,
2020-52,2020,52,,,
2020-52,2020,52,,,
2020-52,2020,52,,,
2020-52,2020,52,,,
2020-52,2020,52,,,
2020-52,2020,52,,,
2020-52,2020,52,,,
2020-52,2020,52,,,
2020-52,2020,52,,,
2020-52,2020,52,,,
2020-52,2020,52,,,
2020-52,2020,52,,,
2020-52,2020,52,,,
2020-52,2020,52,,,
2020-52,2020,52,,,
2020-52,2020,52,,,
2020-52,2020,52,,,
2020-52,2020,52,,,
2020-52,2020,52,,,
2020-52,2020,52,,,
2020-52,2020,52,,,
2020-52,2020,52,,,
2020-52,2020,52,,,
2020-52,2020,52,,,
2020-52,2020,52,,,
2020-52,2020,52,,,
2020-52,2020,52,,,
2020-52,2020,52,,,
2020-52,2020,52,,,
2020-52,2020,52,,,
2020-52,2020,52,,,
2020-52,2020,52,,,
2020-52,2020,52,,,
2020-52,2020,52,,,
2020-52,2020,52,,,
2020-52,2020,52,,,
2020-52,2020,52,,,
2020-52,2020,52,,,
2020-52,2020,52,,,
2020-52,2020,52,,,
2020-52,2020,52,,,
2020-52,2020,52,,,
2020-52,2020,52,,,
2020-52,2020,52,,,
2020-52,2020,52,,,
2020-52,2020,52,,,
2020-52,2020,52,,,
2020-52,2020,52,,,
2020-52,2020,52,,,
2020-52,2020,52,,,
2020-52,2020,52,,,
2020-52,2020,52,,,
2020-52,2020,52,,,
2020-52,2020,52,,,
2020-52,2020,52,,,
2020-52,2020,52,,,
2020-52,2020,52,,,
2020-52,2020,52,,,
2020-52,2020,52,,,
2020-52,2020,52,,,
2020-52,2020,52,,,
2020-52,2020,52,,,
2020-52,2020,52,,,
2020-52,2020,52,,,
2020-52,2020,52,,,
2020-52,2020,52,,,
2020-52,2020,52,,,
2020-52,2020,52,,,
2020-52,2020,52,,,
2020-52,2020,52,,,
2020-52,2020,52,,,
2020-52,2020,52,,,
2020-52,2020,52,,,
2020-52,2020,52,,,
2020-52,2020,52,,,
2020-52,2020,52,,,
2020-52,2020,52,,,
2020-52,2020,52,,,
2020-52,2020,52,,,
2020-52,2020,52,,,
2020-52,2020,52,,,
2020-52,2020,52,,,
2020-52,2020,52,,,
2020-52,2020,52,,,
2020-52,2020,52,,,
2020-52,2020,52,,,
2020-52,2020,52,,,
2020-52,2020,52,,,
2020-52,2020,52,,,
2020-52,2020,52,,,
2020-52,2020,52,,,
2020-52,2020,52,,,
2020-52,2020,52,,,
2020-52,2020,52,,,
2020-52,2020,52,,,
2020-52,2020,52,,,
2020-52,2020,52,,,
2020-52,2020,52,,,
2020-52,2020,52,,,
2020-52,2020,52,,,
2020-52,2020,52,,,
2020-52,2020,52,,,
2020-52,2020,52,,,
2020-52,2020,52,,,
2020-52,2020,52,,,
2020-52,2020,52,,,
2020-52,2020,52,,,
2020-52,2020,52,,,
2020-52,2020,52,,,
2020-52,2020,52,,,
2020-52,2020,52,,,
2020-52,2020,52,,,
2020-52,2020,52,,,
2020-52,2020,52,,,
2020-52,2020,52,,,
2020-52,2020,52,,,
2020-52,2020,52,,,
2020-52,2020,52,,,
2020-52,2020,52,,,
2020-52,2020,52,,,
2020-52,2020,52,,,
2020-52,2020,52,,,
2020-52,2020,52,,,
2020-52,2020,52,,,
2020-52,2020,52,,,
2020-52,2020,52,,,
2020-52,2020,52,,,
2020-52,2020,52,,,
2020-52,2020,52,,,
2020-52,2020,52,,,
2020-52,2020,52,,,
2020-52,2020,52,,,
2020-52,2020,52,,,
2020-52,2020,52,,,
2020-52,2020,52,,,
2020-52,2020,52,,,
2020-52,2020,52,,,
2020-52,2020,52,,,
2020-52,2020,52,,,
2020-52,2020,52,,,
2020-52,2020,52,,,
2020-52,2020,52,,,
2020-52,2020,52,,,
2020-52,2020,52,,,
2020-52,2020,52,,,
2020-52,2020,52,,,
2020-52,2020,52,,,
2020-52,2020,52,,,
2020-52,2020,52,,,
2020-52,2020,52,,,
2020-52,2020,52,,,
2020-52,2020,52,,,
2020-52,2020,52,,,
2020-52,2020,52,,,
2020-52,2020,52,,,
2020-52,2020,52,,,
2020-52,2020,52,,,
2020-52,2020,52,,,
2020-52,2020,52,,,
2020-52,2020,52,,,
2020-52,2020,52,,,
2020-52,2020,52,,,
2020-52,2020,52,,,
2020-52,2020,52,,,
2020-52,2020,52,,,
2020-52,2020,52,,,
2020-52,2020,52,,,
2020-52,2020,52,,,
2020-52,2020,52,,,
2020-52,2020,52,,,
2020-52,2020,52,,,
2020-52,2020,52,,,
2020-52,2020,52,,,
2020-52,2020,52,,,
2020-52,2020,52,,,
2020-52,2020,52,,,
2020-52,2020,52,,,
2020-52,2020,52,,,
2020-52,2020,52,,,
2020-52,2020,52,,,
2020-52,2020,52,,,
2020-52,2020,52,,,
2020-52,2020,52,,,
2020-52,2020,52,,,
2020-52,2020,52,,,
2020-52,2020,52,,,
2020-52,2020,52,,,
2020-52,2020,52,,,
2020-52,2020,52,,,
2020-52,2020,52,,,
2020-52,2020,52,,,
2020-52,2020,52,,,
2020-52,2020,52,,,
2020-52,2020,52,,,
2020-52,2020,52,,,
2020-52,2020,52,,,
2020-52,2020,52,,,
2020-52,2020,52,,,
2020-52,2020,52,,,
2020-52,2020,52,,,
2020-52,2020,52,,,
2020-52,2020,52,,,
2020-52,2020,52,,,
2020-52,2020,52,,,
2020-52,2020,52,,,
2020-52,2020,52,,,
2020-52,2020,52,,,
2020-52,2020,52,,,
2020-52,2020,52,,,
2020-52,2020,52,,,
2020-52,2020,52,,,
2020-52,2020,52,,,
2020-52,2020,52,,,
2020-52,2020,52,,,
2020-52,2020,52,,,
2020-52,2020,52,,,
2020-52,2020,52,,,
2020-52,2020,52,,,
2020-52,2020,52,,,
2020-52,2020,52,,,
2020-52,2020,52,,,
2020-52,2020,52,,,
2020-52,2020,52,,,
2020-52,2020,52,,,
2020-52,2020,52,,,
2020-52,2020,52,,,
2020-52,2020,52,,,
2020-52,2020,52,,,
2020-52,2020,52,,,
2020-52,2020,52,,,
2020-52,2020,52,,,
2020-52,2020,52,,,
2020-52,2020,52,,,
2020-52,2020,52,,,
2020-52,2020,52,,,
2020-52,2020,52,,,
2020-52,2020,52,,,
2020-52,2020,52,,,
2020-52,2020,52,,,
2020-52,2020,52,,,
2020-52,2020,52,,,
2020-52,2020,52,,,
2020-52,2020,52,,,
2020-52,2020,52,,,
2020-52,2020,52,,,
2020-52,2020,52,,,
2020-52,2020,52,,,
2020-52,2020,52,,,
2020-52,2020,52,,,
2020-52,2020,52,,,
2020-52,2020,52,,,
2020-52,2020,52,,,
2020-52,2020,52,,,
2020-52,2020,52,,,
2020-52,2020,52,,,
2020-52,2020,52,,,
2020-52,2020,52,,,
2020-52,2020,52,,,
2020-52,2020,52,,,
2020-52,2020,52,,,
2020-52,2020,52,,,
2020-52,2020,52,,,
2020-52,2020,52,,,
2020-52,2020,52,,,
2020-52,2020,52,,,
2020-52,2020,52,,,
2020-52,2020,52,,,
2020-52,2020,52,,,
2020-52,2020,52,,,
2020-52,2020,52,,,
2020-52,2020,52,,,
2020-52,2020,52,,,
2020-52,2020,52,,,
2020-52,2020,52,,,
2020-52,2020,52,,,
2020-52,2020,52,,,
2020-52,2020,52,,,
2020-52,2020,52,,,
2020-52,2020,52,,,
2020-52,2020,52,,,
2020-52,2020,52,,,
2020-52,2020,52,,,
2020-52,2020,52,,,
2020-52,2020,52,,,
2020-52,2020,52,,,
2020-52,2020,52,,,
2020-52,2020,52,,,
2020-52,2020,52,,,
2020-52,2020,52,,,
2020-52,2020,52,,,
2020-52,2020,52,,,
2020-52,2020,52,,,
2020-52,2020,52,,,
2020-52,2020,52,,,
2020-52,2020,52,,,
2020-52,2020,52,,,
2020-52,2020,52,,,
2020-52,2020,52,,,
2020-52,2020,52,,,
2020-52,2020,52,,,
2020-52,2020,52,,,
2020-52,2020,52,,,
2020-52,2020,52,,,
2020-52,2020,52,,,
2020-52,2020,52,,,
2020-52,2020,52,,,
2020-52,2020,52,,,
2020-52,2020,52,,,
2020-52,2020,52,,,
2020-52,2020,52,,,
2020-52,2020,52,,,
2020-52,2020,52,,,
2020-52,2020,52,,,
2020-52,2020,52,,,
2020-52,2020,52,,,
2020-52,2020,52,,,
2020-52,2020,52,,,
2020-52,2020,52,,,
2020-52,2020,52,,,
2020-52,2020,52,,,
2020-52,2020,52,,,
2020-52,2020,52,,,
2020-52,2020,52,,,
2020-52,2020,52,,,
2020-52,2020,52,,,
2020-52,2020,52,,,
2020-52,2020,52,,,
2020-52,2020,52,,,
2020-52,2020,52,,,
2020-52,2020,52,,,
2020-52,2020,52,,,
2020-52,2020,52,,,
2020-52,2020,52,,,
2020-52,2020,52,,,
2020-52,2020,52,,,
2020-52,2020,52,,,
2020-52,2020,52,,,
2020-52,2020,52,,,
2020-52,2020,52,,,
2020-52,2020,52,,,
2020-52,2020,52,,,
2020-52,2020,52,,,
2020-52,2020,52,,,
2020-52,2020,52,,,
2020-52,2020,52,,,
2020-52,2020,52,,,
2020-52,2020,52,,,
2020-52,2020,52,,,
2020-52,2020,52,,,
2020-52,2020,52,,,
2020-52,2020,52,,,
2020-52,2020,52,,,
2020-52,2020,52,,,
2020-52,2020,52,,,
2020-52,2020,52,,,
2020-52,2020,52,,,
2020-52,2020,52,,,
2020-52,2020,52,,,
2020-52,2020,52,,,
2020-52,2020,52,,,
2020-52,2020,52,,,
2020-52,2020,52,,,
2020-52,2020,52,,,
2020-52,2020,52,,,
2020-52,2020,52,,,
2020-52,2020,52,,,
2020-52,2020,52,,,
2020-52,2020,52,,,
2020-52,2020,52,,,
2020-52,2020,52,,,
2020-52,2020,52,,,
2020-52,2020,52,,,
2020-52,2020,52,,,
2020-52,2020,52,,,
2020-52,2020,52,,,
2020-52,2020,52,,,
2020-52,2020,52,,,
2020-52,2020,52,,,
2020-52,2020,52,,,
2020-52,2020,52,,,
2020-52,2020,52,,,
2020-52,2020,52,,,
2020-52,2020,52,,,
2020-52,2020,52,,,
2020-52,2020,52,,,
2020-52,2020,52,,,
2020-52,2020,52,,,
2020-52,2020,52,,,
2020-52,2020,52,,,
2020-52,2020,52,,,
2020-52,2020,52,,,
2020-52,2020,52,,,
2020-52,2020,52,,,
2020-52,2020,52,,,
2020-52,2020,52,,,
2020-52,2020,52,,,
2020-52,2020,52,,,
2020-52,2020,52,,,
2020-52,2020,52,,,
2020-52,2020,52,,,
2020-52,2020,52,,,
2020-52,2020,52,,,
2020-52,2020,52,,,
2020-52,2020,52,,,
2020-52,2020,52,,,
2020-52,2020,52,,,
2020-52,2020,52,,,
2020-52,2020,52,,,
2020-52,2020,52,,,
2020-52,2020,52,,,
2020-52,2020,52,,,
2020-52,2020,52,,,
2020-52,2020,52,,,
2020-52,2020,52,,,
2020-52,2020,52,,,
2020-52,2020,52,,,
2020-52,2020,52,,,
2020-52,2020,52,,,
2020-52,2020,52,,,
2020-52,2020,52,,,
2020-52,2020,52,,,
2020-52,2020,52,,,
2020-52,2020,52,,,
2020-52,2020,52,,,
2020-52,2020,52,,,
2020-52,2020,52,,,
2020-52,2020,52,,,
2020-52,2020,52,,,
2020-52,2020,52,,,
2020-52,2020,52,,,
2020-52,2020,52,,,
2020-52,2020,52,,,
2020-52,2020,52,,,
2020-52,2020,52,,,
2020-52,2020,52,,,
2020-52,2020,52,,,
2020-52,2020,52,,,
2020-52,2020,52,,,
2020-52,2020,52,,,
2020-52,2020,52,,,
2020-52,2020,52,,,
2020-52,2020,52,,,
2020-52,2020,52,,,
2020-52,2020,52,,,
2020-52,2020,52,,,
2020-52,2020,52,,,
2020-52,2020,52,,,
2020-52,2020,52,,,
2020-52,2020,52,,,
2020-52,2020,52,,,
2020-52,2020,52,,,
2020-52,2020,52,,,
2020-52,2020,52,,,
2020-52,2020,52,,,
2020-52,2020,52,,,
2020-52,2020,52,,,
2020-52,2020,52,,,
2020-52,2020,52,,,
2020-52,2020,52,,,
2020-52,2020,52,,,
2020-52,2020,52,,,
2020-52,2020,52,,,
2020-52,2020,52,,,
2020-52,2020,52,,,
2020-52,2020,52,,,
2020-52,2020,52,,,
2020-52,2020,52,,,
2020-52,2020,52,,,
2020-52,2020,52,,,
2020-52,2020,52,,,
2020-52,2020,52,,,
2020-52,2020,52,,,
2020-52,2020,52,,,
2020-52,2020,52,,,
2020-52,2020,52,,,
2020-52,2020,52,,,
2020-52,2020,52,,,
2020-52,2020,52,,,
2020-52,2020,52,,,
2020-52,2020,52,,,
2020-52,2020,52,,,
2020-52,2020,52,,,
2020-52,2020,52,,,
2020-52,2020,52,,,
2020-52,2020,52,,,
2020-52,2020,52,,,
2020-52,2020,52,,,
2020-52,2020,52,,,
2020-52,2020,52,,,
2020-52,2020,52,,,
2020-52,2020,52,,,
2020-52,2020,52,,,
2020-52,2020,52,,,
2020-52,2020,52,,,
2020-52,2020,52,,,
2020-52,2020,52,,,
2020-52,2020,52,,,
2020-52,2020,52,,,
2020-52,2020,52,,,
2020-52,2020,52,,,
2020-52,2020,52,,,
2020-52,2020,52,,,
2020-52,2020,52,,,
2020-52,2020,52,,,
2020-52,2020,52,,,
2020-52,2020,52,,,
2020-52,2020,52,,,
2020-52,2020,52,,,
2020-52,2020,52,,,
2020-52,2020,52,,,
2020-52,2020,52,,,
2020-52,2020,52,,,
2020-52,2020,52,,,
2020-52,2020,52,,,
2020-52,2020,52,,,
2020-52,2020,52,,,
2020-52,2020,52,,,
2020-52,2020,52,,,
2020-52,2020,52,,,
2020-52,2020,52,,,
2020-52,2020,52,,,
2020-52,2020,52,,,
2020-52,2020,52,,,
2020-52,2020,52,,,
2020-52,2020,52,,,
2020-52,2020,52,,,
2020-52,2020,52,,,
2020-52,2020,52,,,
2020-52,2020,52,,,
2020-52,2020,52,,,
2020-52,2020,52,,,
2020-52,2020,52,,,
2020-52,2020,52,,,
2020-52,2020,52,,,
2020-52,2020,52,,,
2020-52,2020,52,,,
2020-52,2020,52,,,
2020-52,2020,52,,,
2020-52,2020,52,,,
2020-52,2020,52,,,
2020-52,2020,52,,,
2020-52,2020,52,,,
2020-52,2020,52,,,
2020-52,2020,52,,,
2020-52,2020,52,,,
2020-52,2020,52,,,
2020-52,2020,52,,,
2020-52,2020,52,,,
2020-52,2020,52,,,
2020-52,2020,52,,,
2020-52,2020,52,,,
2020-52,2020,52,,,
2020-52,2020,52,,,
2020-52,2020,52,,,
2020-52,2020,52,,,
2020-52,2020,52,,,
2020-52,2020,52,,,
2020-52,2020,52,,,
2020-52,2020,52,,,
2020-52,2020,52,,,
2020-52,2020,52,,,
2020-52,2020,52,,,
2020-52,2020,52,,,
2020-52,2020,52,,,
2020-52,2020,52,,,
2020-52,2020,52,,,
2020-52,2020,52,,,
2020-52,2020,52,,,
2020-52,2020,52,,,
2020-52,2020,52,,,
2020-52,2020,52,,,
2020-52,2020,52,,,
2020-52,2020,52,,,
2020-52,2020,52,,,
2020-52,2020,52,,,
2020-52,2020,52,,,
2020-52,2020,52,,,
2020-52,2020,52,,,
2020-52,2020,52,,,
2020-52,2020,52,,,
2020-52,2020,52,,,
2020-52,2020,52,,,
2020-52,2020,52,,,
2020-52,2020,52,,,
2020-52,2020,52,,,
2020-52,2020,52,,,
2020-52,2020,52,,,
2020-52,2020,52,,,
2020-52,2020,52,,,
2020-52,2020,52,,,
2020-52,2020,52,,,
2020-52,2020,52,,,
2020-52,2020,52,,,
2020-52,2020,52,,,
2020-52,2020,52,,,
2020-52,2020,52,,,
2020-52,2020,52,,,
2020-52,2020,52,,,
2020-52,2020,52,,,
2020-52,2020,52,,,
2020-52,2020,52,,,
2020-52,2020,52,,,
2020-52,2020,52,,,
2020-52,2020,52,,,
2020-52,2020,52,,,
2020-52,2020,52,,,
2020-52,2020,52,,,
2020-52,2020,52,,,
2020-52,2020,52,,,
2020-52,2020,52,,,
2020-52,2020,52,,,
2020-52,2020,52,,,
2020-52,2020,52,,,
2020-52,2020,52,,,
2020-52,2020,52,,,
2020-52,2020,52,,,
2020-52,2020,52,,,
2020-52,2020,52,,,
2020-52,2020,52,,,
2020-52,2020,52,,,
2020-52,2020,52,,,
2020-52,2020,52,,,
2020-52,2020,52,,,
2020-52,2020,52,,,
2020-52,2020,52,,,
2020-52,2020,52,,,
2020-52,2020,52,,,
2020-52,2020,52,,,
2020-52,2020,52,,,
2020-52,2020,52,,,
2020-52,2020,52,,,
2020-52,2020,52,,,
2020-52,2020,52,,,
2020-52,2020,52,,,
2020-52,2020,52,,,
2020-52,2020,52,,,
2020-52,2020,52,,,
2020-52,2020,52,,,
2020-52,2020,52,,,
2020-52,2020,52,,,
2020-52,2020,52,,,
2020-52,2020,52,,,
2020-52,2020,52,,,
2020-52,2020,52,,,
2020-52,2020,52,,,
2020-52,2020,52,,,
2020-52,2020,52,,,
2020-52,2020,52,,,
2020-52,2020,52,,,
2020-52,2020,52,,,
2020-52,2020,52,,,
2020-52,2020,52,,,
2020-52,2020,52,,,
2020-52,2020,52,,,
2020-52,2020,52,,,
2020-52,2020,52,,,
2020-52,2020,52,,,
2020-52,2020,52,,,
2020-52,2020,52,,,
2020-52,2020,52,,,
2020-52,2020,52,,,
2020-52,2020,52,,,
2020-52,2020,52,,,
2020-52,2020,52,,,
2020-52,2020,52,,,
2020-52,2020,52,,,
2020-52,2020,52,,,
2020-52,2020,52,,,
2020-52,2020,52,,,
2020-52,2020,52,,,
2020-52,2020,52,,,
2020-52,2020,52,,,
2020-52,2020,52,,,
2020-52,2020,52,,,
2020-52,2020,52,,,
2020-52,2020,52,,,
2020-52,2020,52,,,
2020-52,2020,52,,,
2020-52,2020,52,,,
2020-52,2020,52,,,
2020-52,2020,52,,,
2020-52,2020,52,,,
2020-52,2020,52,,,
2020-52,2020,52,,,
2020-52,2020,52,,,
2020-52,2020,52,,,
2020-52,2020,52,,,
2020-52,2020,52,,,
2020-52,2020,52,,,
2020-52,2020,52,,,
2020-52,2020,52,,,
2020-52,2020,52,,,
2020-52,2020,52,,,
2020-52,2020,52,,,
2020-52,2020,52,,,
2020-52,2020,52,,,
2020-52,2020,52,,,
2020-52,2020,52,,,
2020-52,2020,52,,,
2020-52,2020,52,,,
2020-52,2020,52,,,
2020-52,2020,52,,,
2020-52,2020,52,,,
2020-52,2020,52,,,
2020-52,2020,52,,,
2020-52,2020,52,,,
2020-52,2020,52,,,
2020-52,2020,52,,,
2020-52,2020,52,,,
2020-52,2020,52,,,
2020-52,2020,52,,,
2020-52,2020,52,,,
2020-52,2020,52,,,
2020-52,2020,52,,,
2020-52,2020,52,,,
2020-52,2020,52,,,
2020-52,2020,52,,,
2020-52,2020,52,,,
2020-52,2020,52,,,
2020-52,2020,52,,,
2020-52,2020,52,,,
2020-52,2020,52,,,
2020-52,2020,52,,,
2020-52,2020,52,,,
2020-52,2020,52,,,
2020-52,2020,52,,,
2020-52,2020,52,,,
2020-52,2020,52,,,
2020-52,2020,52,,,
2020-52,2020,52,,,
2020-52,2020,52,,,
2020-52,2020,52,,,
2020-52,2020,52,,,
2020-52,2020,52,,,
2020-52,2020,52,,,
2020-52,2020,52,,,
2020-52,2020,52,,,
2020-52,2020,52,,,
2020-52,2020,52,,,
2020-52,2020,52,,,
2020-52,2020,52,,,
2020-52,2020,52,,,
2020-52,2020,52,,,
2020-52,2020,52,,,
2020-52,2020,52,,,
2020-52,2020,52,,,
2020-52,2020,52,,,
2020-52,2020,52,,,
2020-52,2020,52,,,
2020-52,2020,52,,,
2020-52,2020,52,,,
2020-52,2020,52,,,
2020-52,2020,52,,,
2020-52,2020,52,,,
2020-52,2020,52,,,
2020-52,2020,52,,,
2020-52,2020,52,,,
2020-52,2020,52,,,
2020-52,2020,52,,,
2020-52,2020,52,,,
2020-52,2020,52,,,
2020-52,2020,52,,,
2020-52,2020,52,,,
2020-52,2020,52,,,
2020-52,2020,52,,,
2020-52,2020,52,,,
2020-52,2020,52,,,
2020-52,2020,52,,,
2020-52,2020,52,,,
2020-52,2020,52,,,
2020-52,2020,52,,,
2020-52,2020,52,,,
2020-52,2020,52,,,
2020-52,2020,52,,,
2020-52,2020,52,,,
2020-52,2020,52,,,
2020-52,2020,52,,,
2020-52,2020,52,,,
2020-52,2020,52,,,
2020-52,2020,52,,,
2020-52,2020,52,,,
2020-52,2020,52,,,
2020-52,2020,52,,,
2020-52,2020,52,,,
2020-52,2020,52,,,
2020-52,2020,52,,,
2020-52,2020,52,,,
2020-52,2020,52,,,
2020-52,2020,52,,,
2020-52,2020,52,,,
2020-52,2020,52,,,
2020-52,2020,52,,,
2020-52,2020,52,,,
2020-52,2020,52,,,
2020-52,2020,52,,,
2020-52,2020,52,,,
2020-52,2020,52,,,
2020-52,2020,52,,,
2020-52,2020,52,,,
2020-52,2020,52,,,
2020-52,2020,52,,,
2020-52,2020,52,,,
2020-52,2020,52,,,
2020-52,2020,52,,,
2020-52,2020,52,,,
2020-52,2020,52,,,
2020-52,2020,52,,,
2020-52,2020,52,,,
2020-52,2020,52,,,
2020-52,2020,52,,,
2020-52,2020,52,,,
2020-52,2020,52,,,
2020-52,2020,52,,,
2020-52,2020,52,,,
2020-52,2020,52,,,
2020-52,2020,52,,,
2020-52,2020,52,,,
2020-52,2020,52,,,
2020-52,2020,52,,,
2020-52,2020,52,,,
2020-52,2020,52,,,
2020-52,2020,52,,,
2020-52,2020,52,,,
2020-52,2020,52,,,
2020-52,2020,52,,,
2020-52,2020,52,,,
2020-52,2020,52,,,
2020-52,2020,52,,,
2020-52,2020,52,,,
2020-52,2020,52,,,
2020-52,2020,52,,,
2020-52,2020,52,,,
2020-52,2020,52,,,
2020-52,2020,52,,,
2020-52,2020,52,,,
2020-52,2020,52,,,
2020-52,2020,52,,,
2020-52,2020,52,,,
2020-52,2020,52,,,
2020-52,2020,52,,,
2020-52,2020,52,,,
2020-52,2020,52,,,
2020-52,2020,52,,,
2020-52,2020,52,,,
2020-52,2020,52,,,
2020-52,2020,52,,,
2020-52,2020,52,,,
2020-52,2020,52,,,
2020-52,2020,52,,,
2020-52,2020,52,,,
2020-52,2020,52,,,
2020-52,2020,52,,,
2020-52,2020,52,,,
2020-52,2020,52,,,
2020-52,2020,52,,,
2020-52,2020,52,,,
2020-52,2020,52,,,
2020-52,2020,52,,,
2020-52,2020,52,,,
2020-52,2020,52,,,
2020-52,2020,52,,,
2020-52,2020,52,,,
2020-52,2020,52,,,
2020-52,2020,52,,,
2020-52,2020,52,,,
2020-52,2020,52,,,
2020-52,2020,52,,,
2020-52,2020,52,,,
2020-52,2020,52,,,
2020-52,2020,52,,,
2020-52,2020,52,,,
2020-52,2020,52,,,
2020-52,2020,52,,,
2020-52,2020,52,,,
2020-52,2020,52,,,
2020-52,2020,52,,,
2020-52,2020,52,,,
2020-52,2020,52,,,
2020-52,2020,52,,,
2020-52,2020,52,,,
2020-52,2020,52,,,
2020-52,2020,52,,,
2020-52,2020,52,,,
2020-52,2020,52,,,
2020-52,2020,52,,,
2020-52,2020,52,,,
2020-52,2020,52,,,
2020-52,2020,52,,,
2020-52,2020,52,,,
2020-52,2020,52,,,
2020-52,2020,52,,,
2020-52,2020,52,,,
2020-52,2020,52,,,
2020-52,2020,52,,,
2020-52,2020,52,,,
2020-52,2020,52,,,
2020-52,2020,52,,,
2020-52,2020,52,,,
2020-52,2020,52,,,
2020-52,2020,52,,,
2020-52,2020,52,,,
2020-52,2020,52,,,
2020-52,2020,52,,,
2020-52,2020,52,,,
2020-52,2020,52,,,
2020-52,2020,52,,,
2020-52,2020,52,,,
2020-52,2020,52,,,
2020-52,2020,52,,,
2020-52,2020,52,,,
2020-52,2020,52,,,
2020-52,2020,52,,,
2020-52,2020,52,,,
2020-52,2020,52,,,
2020-52,2020,52,,,
2020-52,2020,52,,,
2020-52,2020,52,,,
2020-52,2020,52,,,
2020-52,2020,52,,,
2020-52,2020,52,,,
2020-52,2020,52,,,
2020-52,2020,52,,,
2020-52,2020,52,,,
2020-52,2020,52,,,
2020-52,2020,52,,,
2020-52,2020,52,,,
2020-52,2020,52,,,
2020-52,2020,52,,,
2020-52,2020,52,,,
2020-52,2020,52,,,
2020-52,2020,52,,,
2020-52,2020,52,,,
2020-52,2020,52,,,
2020-52,2020,52,,,
2020-52,2020,52,,,
2020-52,2020,52,,,
2020-52,2020,52,,,
2020-52,2020,52,,,
2020-52,2020,52,,,
2020-52,2020,52,,,
2020-52,2020,52,,,
2020-52,2020,52,,,
2020-52,2020,52,,,
2020-52,2020,52,,,
2020-52,2020,52,,,
2020-52,2020,52,,,
2020-52,2020,52,,,
2020-52,2020,52,,,
2020-52,2020,52,,,
2020-52,2020,52,,,
2020-52,2020,52,,,
2020-52,2020,52,,,
2020-52,2020,52,,,
2020-52,2020,52,,,
2020-52,2020,52,,,
2020-52,2020,52,,,
2020-52,2020,52,,,
2020-52,2020,52,,,
2020-52,2020,52,,,
2020-52,2020,52,,,
2020-52,2020,52,,,
2020-52,2020,52,,,
2020-52,2020,52,,,
2020-52,2020,52,,,
2020-52,2020,52,,,
2020-52,2020,52,,,
2020-52,2020,52,,,
2020-52,2020,52,,,
2020-52,2020,52,,,
2020-52,2020,52,,,
2020-52,2020,52,,,
2020-52,2020,52,,,
2020-52,2020,52,,,
2020-52,2020,52,,,
2020-52,2020,52,,,
2020-52,2020,52,,,
2020-52,2020,52,,,
2020-52,2020,52,,,
2020-52,2020,52,,,
2020-52,2020,52,,,
2020-52,2020,52,,,
2020-52,2020,52,,,
2020-52,2020,52,,,
2020-52,2020,52,,,
2020-52,2020,52,,,
2020-52,2020,52,,,
2020-52,2020,52,,,
2020-52,2020,52,,,
2020-52,2020,52,,,
2020-52,2020,52,,,
2020-52,2020,52,,,
2020-52,2020,52,,,
2020-52,2020,52,,,
2020-52,2020,52,,,
2020-52,2020,52,,,
2020-52,2020,52,,,
2020-52,2020,52,,,
2020-52,2020,52,,,
2020-52,2020,52,,,
2020-52,2020,52,,,
2020-52,2020,52,,,
2020-52,2020,52,,,
2020-52,2020,52,,,
2020-52,2020,52,,,
2020-52,2020,52,,,
2020-52,2020,52,,,
2020-52,2020,52,,,
2020-52,2020,52,,,
2020-52,2020,52,,,
2020-52,2020,52,,,
2020-52,2020,52,,,
2020-52,2020,52,,,
2020-52,2020,52,,,
2020-52,2020,52,,,
2020-52,2020,52,,,
2020-52,2020,52,,,
2020-52,2020,52,,,
2020-52,2020,52,,,
2020-52,2020,52,,,
2020-52,2020,52,,,
2020-52,2020,52,,,
2020-52,2020,52,,,
2020-52,2020,52,,,
2020-52,2020,52,,,
2020-52,2020,52,,,
2020-52,2020,52,,,
2020-52,2020,52,,,
2020-52,2020,52,,,
2020-52,2020,52,,,
2020-52,2020,52,,,
2020-52,2020,52,,,
2020-52,2020,52,,,
2020-52,2020,52,,,
2020-52,2020,52,,,
2020-52,2020,52,,,
2020-52,2020,52,,,
2020-52,2020,52,,,
2020-52,2020,52,,,
2020-52,2020,52,,,
2020-52,2020,52,,,
2020-52,2020,52,,,
2020-52,2020,52,,,
2020-52,2020,52,,,
2020-52,2020,52,,,
2020-52,2020,52,,,
2020-52,2020,52,,,
2020-52,2020,52,,,
2020-52,2020,52,,,
2020-52,2020,52,,,
2020-52,2020,52,,,
2020-52,2020,52,,,
2020-52,2020,52,,,
2020-52,2020,52,,,
2020-52,2020,52,,,
2020-52,2020,52,,,
2020-52,2020,52,,,
2020-52,2020,52,,,
2020-52,2020,52,,,
2020-52,2020,52,,,
2020-52,2020,52,,,
2020-52,2020,52,,,
2020-52,2020,52,,,
2020-52,2020,52,,,
2020-52,2020,52,,,
2020-52,2020,52,,,
2020-52,2020,52,,,
2020-52,2020,52,,,
2020-52,2020,52,,,
2020-52,2020,52,,,
2020-52,2020,52,,,
2020-52,2020,52,,,
2020-52,2020,52,,,
2020-52,2020,52,,,
2020-52,2020,52,,,
2020-52,2020,52,,,
2020-52,2020,52,,,
2020-52,2020,52,,,
2020-52,2020,52,,,
2020-52,2020,52,,,
2020-52,2020,52,,,
2020-52,2020,52,,,
2020-52,2020,52,,,
2020-52,2020,52,,,
2020-52,2020,52,,,
2020-52,2020,52,,,
2020-52,2020,52,,,
2020-52,2020,52,,,
2020-52,2020,52,,,
2020-52,2020,52,,,
2020-52,2020,52,,,
2020-52,2020,52,,,
2020-52,2020,52,,,
2020-52,2020,52,,,
2020-52,2020,52,,,
2020-52,2020,52,,,
2020-52,2020,52,,,
2020-52,2020,52,,,
2020-52,2020,52,,,
2020-52,2020,52,,,
2020-52,2020,52,,,
2020-52,2020,52,,,
2020-52,2020,52,,,
2020-52,2020,52,,,
2020-52,2020,52,,,
2020-52,2020,52,,,
2020-52,2020,52,,,
2020-52,2020,52,,,
2020-52,2020,52,,,
2020-52,2020,52,,,
2020-52,2020,52,,,
2020-52,2020,52,,,
2020-52,2020,52,,,
2020-52,2020,52,,,
2020-52,2020,52,,,
2020-52,2020,52,,,
2020-52,2020,52,,,
2020-52,2020,52,,,
2020-52,2020,52,,,
2020-52,2020,52,,,
2020-52,2020,52,,,
2020-52,2020,52,,,
2020-52,2020,52,,,
2020-52,2020,52,,,
2020-52,2020,52,,,
2020-52,2020,52,,,
2020-52,2020,52,,,
2020-52,2020,52,,,
2020-52,2020,52,,,
2020-52,2020,52,,,
2020-52,2020,52,,,
2020-52,2020,52,,,
2020-52,2020,52,,,
2020-52,2020,52,,,
2020-52,2020,52,,,
2020-52,2020,52,,,
2020-52,2020,52,,,
2020-52,2020,52,,,
2020-52,2020,52,,,
2020-52,2020,52,,,
2020-52,2020,52,,,
2020-52,2020,52,,,
2020-52,2020,52,,,
2020-52,2020,52,,,
2020-52,2020,52,,,
2020-52,2020,52,,,
2020-52,2020,52,,,
2020-52,2020,52,,,
2020-52,2020,52,,,
2020-52,2020,52,,,
2020-52,2020,52,,,
2020-52,2020,52,,,
2020-52,2020,52,,,
2020-52,2020,52,,,
2020-52,2020,52,,,
2020-52,2020,52,,,
2020-52,2020,52,,,
2020-52,2020,52,,,
2020-52,2020,52,,,
2020-52,2020,52,,,
2020-52,2020,52,,,
2020-52,2020,52,,,
2020-52,2020,52,,,
2020-52,2020,52,,,
2020-52,2020,52,,,
2020-52,2020,52,,,
2020-52,2020,52,,,
2020-52,2020,52,,,
2020-52,2020,52,,,
2020-52,2020,52,,,
2020-52,2020,52,,,
2020-52,2020,52,,,
2020-52,2020,52,,,
2020-52,2020,52,,,
2020-52,2020,52,,,
2020-52,2020,52,,,
2020-52,2020,52,,,
2020-52,2020,52,,,
2020-52,2020,52,,,
2020-52,2020,52,,,
2020-52,2020,52,,,
2020-52,2020,52,,,
2020-52,2020,52,,,
2020-52,2020,52,,,
2020-52,2020,52,,,
2020-52,2020,52,,,
2020-52,2020,52,,,
2020-52,2020,52,,,
2020-52,2020,52,,,
2020-52,2020,52,,,
2020-52,2020,52,,,
2020-52,2020,52,,,
2020-52,2020,52,,,
2020-52,2020,52,,,
2020-52,2020,52,,,
2020-52,2020,52,,,
2020-52,2020,52,,,
2020-52,2020,52,,,
2020-52,2020,52,,,
2020-52,2020,52,,,
2020-52,2020,52,,,
2020-52,2020,52,,,
2020-52,2020,52,,,
2020-52,2020,52,,,
2020-52,2020,52,,,
2020-52,2020,52,,,
2020-52,2020,52,,,
2020-52,2020,52,,,
2020-52,2020,52,,,
2020-52,2020,52,,,
2020-52,2020,52,,,
2020-52,2020,52,,,
2020-52,2020,52,,,
2020-52,2020,52,,,
2020-52,2020,52,,,
2020-52,2020,52,,,
2020-52,2020,52,,,
2020-52,2020,52,,,
2020-52,2020,52,,,
2020-52,2020,52,,,
2020-52,2020,52,,,
2020-52,2020,52,,,
2020-52,2020,52,,,
2020-52,2020,52,,,
2020-52,2020,52,,,
2020-52,2020,52,,,
2020-52,2020,52,,,
2020-52,2020,52,,,
2020-52,2020,52,,,
2020-52,2020,52,,,
2020-52,2020,52,,,
2020-52,2020,52,,,
2020-52,2020,52,,,
2020-52,2020,52,,,
2020-52,2020,52,,,
2020-52,2020,52,,,
2020-52,2020,52,,,
2020-52,2020,52,,,
2020-52,2020,52,,,
2020-52,2020,52,,,
2020-52,2020,52,,,
2020-52,2020,52,,,
2020-52,2020,52,,,
2020-52,2020,52,,,
2020-52,2020,52,,,
2020-52,2020,52,,,
2020-52,2020,52,,,
2020-52,2020,52,,,
2020-52,2020,52,,,
2020-52,2020,52,,,
2020-52,2020,52,,,
2020-52,2020,52,,,
2020-52,2020,52,,,
2020-52,2020,52,,,
2020-52,2020,52,,,
2020-52,2020,52,,,
2020-52,2020,52,,,
2020-52,2020,52,,,
2020-52,2020,52,,,
2020-52,2020,52,,,
2020-52,2020,52,,,
2020-52,2020,52,,,
2020-52,2020,52,,,
2020-52,2020,52,,,
2020-52,2020,52,,,
2020-52,2020,52,,,
2020-52,2020,52,,,
2020-52,2020,52,,,
2020-52,2020,52,,,
2020-52,2020,52,,,
2020-52,2020,52,,,
2020-52,2020,52,,,
2020-52,2020,52,,,
2020-52,2020,52,,,
2020-52,2020,52,,,
2020-52,2020,52,,,
2020-52,2020,52,,,
2020-52,2020,52,,,
2020-52,2020,52,,,
2020-52,2020,52,,,
2020-52,2020,52,,,
2020-52,2020,52,,,
2020-52,2020,52,,,
2020-52,2020,52,,,
2020-52,2020,52,,,
2020-52,2020,52,,,
2020-52,2020,52,,,
2020-52,2020,52,,,
2020-52,2020,52,,,
2020-52,2020,52,,,
2020-52,2020,52,,,
2020-52,2020,52,,,
2020-52,2020,52,,,
2020-52,2020,52,,,
2020-52,2020,52,,,
2020-52,2020,52,,,
2020-52,2020,52,,,
2020-52,2020,52,,,
2020-52,2020,52,,,
2020-52,2020,52,,,
2020-52,2020,52,,,
2020-52,2020,52,,,
2020-52,2020,52,,,
2020-52,2020,52,,,
2020-52,2020,52,,,
2020-52,2020,52,,,
2020-52,2020,52,,,
2020-52,2020,52,,,
2020-52,2020,52,,,
2020-52,2020,52,,,
2020-52,2020,52,,,
2020-52,2020,52,,,
2020-52,2020,52,,,
2020-52,2020,52,,,
2020-52,2020,52,,,
2020-52,2020,52,,,
2020-52,2020,52,,,
2020-52,2020,52,,,
2020-52,2020,52,,,
2020-52,2020,52,,,
2020-52,2020,52,,,
2020-52,2020,52,,,
2020-52,2020,52,,,
2020-52,2020,52,,,
2020-52,2020,52,,,
2020-52,2020,52,,,
2020-52,2020,52,,,
2020-52,2020,52,,,
2020-52,2020,52,,,
2020-52,2020,52,,,
2020-52,2020,52,,,
2020-52,2020,52,,,
2020-52,2020,52,,,
2020-52,2020,52,,,
2020-52,2020,52,,,
2020-52,2020,52,,,
2020-52,2020,52,,,
2020-52,2020,52,,,
2020-52,2020,52,,,
2020-52,2020,52,,,
2020-52,2020,52,,,
2020-52,2020,52,,,
2020-52,2020,52,,,
2020-52,2020,52,,,
2020-52,2020,52,,,
2020-52,2020,52,,,
2020-52,2020,52,,,
2020-52,2020,52,,,
2020-52,2020,52,,,
2020-52,2020,52,,,
2020-52,2020,52,,,
2020-52,2020,52,,,
2020-52,2020,52,,,
2020-52,2020,52,,,
2020-52,2020,52,,,
2020-52,2020,52,,,
2020-52,2020,52,,,
2020-52,2020,52,,,
2020-52,2020,52,,,
2020-52,2020,52,,,
2020-52,2020,52,,,
2020-52,2020,52,,,
2020-52,2020,52,,,
2020-52,2020,52,,,
2020-52,2020,52,,,
2020-52,2020,52,,,
2020-52,2020,52,,,
2020-52,2020,52,,,
2020-52,2020,52,,,
2020-52,2020,52,,,
2020-52,2020,52,,,
2020-52,2020,52,,,
2020-52,2020,52,,,
2020-52,2020,52,,,
2020-52,2020,52,,,
2020-52,2020,52,,,
2020-52,2020,52,,,
2020-52,2020,52,,,
2020-52,2020,52,,,
2020-52,2020,52,,,
2020-52,2020,52,,,
2020-52,2020,52,,,
2020-52,2020,52,,,
2020-52,2020,52,,,
2020-52,2020,52,,,
2020-52,2020,52,,,
2020-52,2020,52,,,
2020-52,2020,52,,,
2020-52,2020,52,,,
2020-52,2020,52,,,
2020-52,2020,52,,,
2020-52,2020,52,,,
2020-52,2020,52,,,
2020-52,2020,52,,,
2020-52,2020,52,,,
2020-52,2020,52,,,
2020-52,2020,52,,,
2020-52,2020,52,,,
2020-52,2020,52,,,
2020-52,2020,52,,,
2020-52,2020,52,,,
2020-52,2020,52,,,
2020-52,2020,52,,,
2020-52,2020,52,,,
2020-52,2020,52,,,
2020-52,2020,52,,,
2020-52,2020,52,,,
2020-52,2020,52,,,
2020-52,2020,52,,,
2020-52,2020,52,,,
2020-52,2020,52,,,
2020-52,2020,52,,,
2020-52,2020,52,,,
2020-52,2020,52,,,
2020-52,2020,52,,,
2020-52,2020,52,,,
2020-52,2020,52,,,
2020-52,2020,52,,,
2020-52,2020,52,,,
2020-52,2020,52,,,
2020-52,2020,52,,,
2020-52,2020,52,,,
2020-52,2020,52,,,
2020-52,2020,52,,,
2020-52,2020,52,,,
2020-52,2020,52,,,
2020-52,2020,52,,,
2020-52,2020,52,,,
2020-52,2020,52,,,
2020-52,2020,52,,,
2020-52,2020,52,,,
2020-52,2020,52,,,
2020-52,2020,52,,,
2020-52,2020,52,,,
2020-52,2020,52,,,
2020-52,2020,52,,,
2020-52,2020,52,,,
2020-52,2020,52,,,
2020-52,2020,52,,,
2020-52,2020,52,,,
2020-52,2020,52,,,
2020-52,2020,52,,,
2020-52,2020,52,,,
2020-52,2020,52,,,
2020-52,2020,52,,,
2020-52,2020,52,,,
2020-52,2020,52,,,
2020-52,2020,52,,,
2020-52,2020,52,,,
2020-52,2020,52,,,
2020-52,2020,52,,,
2020-52,2020,52,,,
2020-52,2020,52,,,
2020-52,2020,52,,,
2020-52,2020,52,,,
2020-52,2020,52,,,
2020-52,2020,52,,,
2020-52,2020,52,,,
2020-52,2020,52,,,
2020-52,2020,52,,,
2020-52,2020,52,,,
2020-52,2020,52,,,
2020-52,2020,52,,,
2020-52,2020,52,,,
2020-52,2020,52,,,
2020-52,2020,52,,,
2020-52,2020,52,,,
2020-52,2020,52,,,
2020-52,2020,52,,,
2020-52,2020,52,,,
2020-52,2020,52,,,
2020-52,2020,52,,,
2020-52,2020,52,,,
2020-52,2020,52,,,
2020-52,2020,52,,,
2020-52,2020,52,,,
2020-52,2020,52,,,
2020-52,2020,52,,,
2020-52,2020,52,,,
2020-52,2020,52,,,
2020-52,2020,52,,,
2020-52,2020,52,,,
2020-52,2020,52,,,
2020-52,2020,52,,,
2020-52,2020,52,,,
2020-52,2020,52,,,
2020-52,2020,52,,,
2020-52,2020,52,,,
2020-52,2020,52,,,
2020-52,2020,52,,,
2020-52,2020,52,,,
2020-52,2020,52,,,
2020-52,2020,52,,,
2020-52,2020,52,,,
2020-52,2020,52,,,
2020-52,2020,52,,,
2020-52,2020,52,,,
2020-52,2020,52,,,
2020-52,2020,52,,,
2020-52,2020,52,,,
2020-52,2020,52,,,
2020-52,2020,52,,,
2020-52,2020,52,,,
2020-52,2020,52,,,
2020-52,2020,52,,,
2020-52,2020,52,,,
2020-52,2020,52,,,
2020-52,2020,52,,,
2020-52,2020,52,,,
2020-52,2020,52,,,
2020-52,2020,52,,,
2020-52,2020,52,,,
2020-52,2020,52,,,
2020-52,2020,52,,,
2020-52,2020,52,,,
2020-52,2020,52,,,
2020-52,2020,52,,,
2020-52,2020,52,,,
2020-52,2020,52,,,
2020-52,2020,52,,,
2020-52,2020,52,,,
2020-52,2020,52,,,
2020-52,2020,52,,,
2020-52,2020,52,,,
2020-52,2020,52,,,
2020-52,2020,52,,,
2020-52,2020,52,,,
2020-52,2020,52,,,
2020-52,2020,52,,,
2020-52,2020,52,,,
2020-52,2020,52,,,
2020-52,2020,52,,,
2020-52,2020,52,,,
2020-52,2020,52,,,
2020-52,2020,52,,,
2020-52,2020,52,,,
2020-52,2020,52,,,
2020-52,2020,52,,,
2020-52,2020,52,,,
2020-52,2020,52,,,
2020-52,2020,52,,,
2020-52,2020,52,,,
2020-52,2020,52,,,
2020-52,2020,52,,,
2020-52,2020,52,,,
2020-52,2020,52,,,
2020-52,2020,52,,,
2020-52,2020,52,,,
2020-52,2020,52,,,
2020-52,2020,52,,,
2020-52,2020,52,,,
2020-52,2020,52,,,
2020-52,2020,52,,,
2020-52,2020,52,,,
2020-52,2020,52,,,
2020-52,2020,52,,,
2020-52,2020,52,,,
2020-52,2020,52,,,
2020-52,2020,52,,,
2020-52,2020,52,,,
2020-52,2020,52,,,
2020-52,2020,52,,,
2020-52,2020,52,,,
2020-52,2020,52,,,
2020-52,2020,52,,,
2020-52,2020,52,,,
2020-52,2020,52,,,
2020-52,2020,52,,,
2020-52,2020,52,,,
2020-52,2020,52,,,
2020-52,2020,52,,,
2020-52,2020,52,,,
2020-52,2020,52,,,
2020-52,2020,52,,,
2020-52,2020,52,,,
2020-52,2020,52,,,
2020-52,2020,52,,,
2020-52,2020,52,,,
2020-52,2020,52,,,
2020-52,2020,52,,,
2020-52,2020,52,,,
2020-52,2020,52,,,
2020-52,2020,52,,,
2020-52,2020,52,,,
2020-52,2020,52,,,
2020-52,2020,52,,,
2020-52,2020,52,,,
2020-52,2020,52,,,
2020-52,2020,52,,,
2020-52,2020,52,,,
2020-52,2020,52,,,
2020-52,2020,52,,,
2020-52,2020,52,,,
2020-52,2020,52,,,
2020-52,2020,52,,,
2020-52,2020,52,,,
2020-52,2020,52,,,
2020-52,2020,52,,,
2020-52,2020,52,,,
2020-52,2020,52,,,
2020-52,2020,52,,,
2020-52,2020,52,,,
2020-52,2020,52,,,
2020-52,2020,52,,,
2020-52,2020,52,,,
2020-52,2020,52,,,
2020-52,2020,52,,,
2020-52,2020,52,,,
2020-52,2020,52,,,
2020-52,2020,52,,,
2020-52,2020,52,,,
2020-52,2020,52,,,
2020-52,2020,52,,,
2020-52,2020,52,,,
2020-52,2020,52,,,
2020-52,2020,52,,,
2020-52,2020,52,,,
2020-52,2020,52,,,
2020-52,2020,52,,,
2020-52,2020,52,,,
2020-52,2020,52,,,
2020-52,2020,52,,,
2020-52,2020,52,,,
2020-52,2020,52,,,
2020-52,2020,52,,,
2020-52,2020,52,,,
2020-52,2020,52,,,
2020-52,2020,52,,,
2020-52,2020,52,,,
2020-52,2020,52,,,
2020-52,2020,52,,,
2020-52,2020,52,,,
2020-52,2020,52,,,
2020-52,2020,52,,,
2020-52,2020,52,,,
2020-52,2020,52,,,
2020-52,2020,52,,,
2020-52,2020,52,,,
2020-52,2020,52,,,
2020-52,2020,52,,,
2020-52,2020,52,,,
2020-52,2020,52,,,
2020-52,2020,52,,,
2020-52,2020,52,,,
2020-52,2020,52,,,
2020-52,2020,52,,,
2020-52,2020,52,,,
2020-52,2020,52,,,
2020-52,2020,52,,,
2020-52,2020,52,,,
2020-52,2020,52,,,
2020-52,2020,52,,,
2020-52,2020,52,,,
2020-52,2020,52,,,
2020-52,2020,52,,,
2020-52,2020,52,,,
2020-52,2020,52,,,
2020-52,2020,52,,,
2020-52,2020,52,,,
2020-52,2020,52,,,
2020-52,2020,52,,,
2020-52,2020,52,,,
2020-52,2020,52,,,
2020-52,2020,52,,,
2020-52,2020,52,,,
2020-52,2020,52,,,
2020-52,2020,52,,,
2020-52,2020,52,,,
2020-52,2020,52,,,
2020-52,2020,52,,,
2020-52,2020,52,,,
2020-52,2020,52,,,
2020-52,2020,52,,,
2020-52,2020,52,,,
2020-52,2020,52,,,
2020-52,2020,52,,,
2020-52,2020,52,,,
2020-52,2020,52,,,
2020-52,2020,52,,,
2020-52,2020,52,,,
2020-52,2020,52,,,
2020-52,2020,52,,,
2020-52,2020,52,,,
2020-52,2020,52,,,
2020-52,2020,52,,,
2020-52,2020,52,,,
2020-52,2020,52,,,
2020-52,2020,52,,,
2020-52,2020,52,,,
2020-52,2020,52,,,
2020-52,2020,52,,,
2020-52,2020,52,,,
2020-52,2020,52,,,
2020-52,2020,52,,,
2020-52,2020,52,,,
2020-52,2020,52,,,
2020-52,2020,52,,,
2020-52,2020,52,,,
2020-52,2020,52,,,
2020-52,2020,52,,,
2020-52,2020,52,,,
2020-52,2020,52,,,
2020-52,2020,52,,,
2020-52,2020,52,,,
2020-52,2020,52,,,
2020-52,2020,52,,,
2020-52,2020,52,,,
2020-52,2020,52,,,
2020-52,2020,52,,,
2020-52,2020,52,,,
2020-52,2020,52,,,
2020-52,2020,52,,,
2020-52,2020,52,,,
2020-52,2020,52,,,
2020-52,2020,52,,,
2020-52,2020,52,,,
2020-52,2020,52,,,
2020-52,2020,52,,,
2020-52,2020,52,,,
2020-52,2020,52,,,
2020-52,2020,52,,,
2020-52,2020,52,,,
2020-52,2020,52,,,
2020-52,2020,52,,,
2020-52,2020,52,,,
2020-52,2020,52,,,
2020-52,2020,52,,,
2020-52,2020,52,,,
2020-52,2020,52,,,
2020-52,2020,52,,,
2020-52,2020,52,,,
2020-52,2020,52,,,
2020-52,2020,52,,,
2020-52,2020,52,,,
2020-52,2020,52,,,
2020-52,2020,52,,,
2020-52,2020,52,,,
2020-52,2020,52,,,
2020-52,2020,52,,,
2020-52,2020,52,,,
2020-52,2020,52,,,
2020-52,2020,52,,,
2020-52,2020,52,,,
2020-52,2020,52,,,
2020-52,2020,52,,,
2020-52,2020,52,,,
2020-52,2020,52,,,
2020-52,2020,52,,,
2020-52,2020,52,,,
2020-52,2020,52,,,
2020-52,2020,52,,,
2020-52,2020,52,,,
2020-52,2020,52,,,
2020-52,2020,52,,,
2020-52,2020,52,,,
2020-52,2020,52,,,
2020-52,2020,52,,,
2020-52,2020,52,,,
2020-52,2020,52,,,
2020-52,2020,52,,,
2020-52,2020,52,,,
2020-52,2020,52,,,
2020-52,2020,52,,,
2020-52,2020,52,,,
2020-52,2020,52,,,
2020-52,2020,52,,,
2020-52,2020,52,,,
2020-52,2020,52,,,
2020-52,2020,52,,,
2020-52,2020,52,,,
2020-52,2020,52,,,
2020-52,2020,52,,,
2020-52,2020,52,,,
2020-52,2020,52,,,
2020-52,2020,52,,,
2020-52,2020,52,,,
2020-52,2020,52,,,
2020-52,2020,52,,,
2020-52,2020,52,,,
2020-52,2020,52,,,
2020-52,2020,52,,,
2020-52,2020,52,,,
2020-52,2020,52,,,
2020-52,2020,52,,,
2020-52,2020,52,,,
2020-52,2020,52,,,
2020-52,2020,52,,,
2020-52,2020,52,,,
2020-52,2020,52,,,
2020-52,2020,52,,,
2020-52,2020,52,,,
2020-52,2020,52,,,
2020-52,2020,52,,,
2020-52,2020,52,,,
2020-52,2020,52,,,
2020-52,2020,52,,,
2020-52,2020,52,,,
2020-52,2020,52,,,
2020-52,2020,52,,,
2020-52,2020,52,,,
2020-52,2020,52,,,
2020-52,2020,52,,,
2020-52,2020,52,,,
2020-52,2020,52,,,
2020-52,2020,52,,,
2020-52,2020,52,,,
2020-52,2020,52,,,
2020-52,2020,52,,,
2020-52,2020,52,,,
2020-52,2020,52,,,
2020-52,2020,52,,,
2020-52,2020,52,,,
2020-52,2020,52,,,
2020-52,2020,52,,,
2020-52,2020,52,,,
2020-52,2020,52,,,
2020-52,2020,52,,,
2020-52,2020,52,,,
2020-52,2020,52,,,
2020-52,2020,52,,,
2020-52,2020,52,,,
2020-52,2020,52,,,
2020-52,2020,52,,,
2020-52,2020,52,,,
2020-52,2020,52,,,
2020-52,2020,52,,,
2020-52,2020,52,,,
2020-52,2020,52,,,
2020-52,2020,52,,,
2020-52,2020,52,,,
2020-52,2020,52,,,
2020-52,2020,52,,,
2020-52,2020,52,,,
2020-52,2020,52,,,
2020-52,2020,52,,,
2020-52,2020,52,,,
2020-52,2020,52,,,
2020-52,2020,52,,,
2020-52,2020,52,,,
2020-52,2020,52,,,
2020-52,2020,52,,,
2020-52,2020,52,,,
2020-52,2020,52,,,
2020-52,2020,52,,,
2020-52,2020,52,,,
2020-52,2020,52,,,
2020-52,2020,52,,,
2020-52,2020,52,,,
2020-52,2020,52,,,
2020-52,2020,52,,,
2020-52,2020,52,,,
2020-52,2020,52,,,
2020-52,2020,52,,,
2020-52,2020,52,,,
2020-52,2020,52,,,
2020-52,2020,52,,,
2020-52,2020,52,,,
2020-52,2020,52,,,
2020-52,2020,52,,,
2020-52,2020,52,,,
2020-52,2020,52,,,
2020-52,2020,52,,,
2020-52,2020,52,,,
2020-52,2020,52,,,
2020-52,2020,52,,,
2020-52,2020,52,,,
2020-52,2020,52,,,
2020-52,2020,52,,,
2020-52,2020,52,,,
2020-52,2020,52,,,
2020-52,2020,52,,,
2020-52,2020,52,,,
2020-52,2020,52,,,
2020-52,2020,52,,,
2020-52,2020,52,,,
2020-52,2020,52,,,
2020-52,2020,52,,,
2020-52,2020,52,,,
2020-52,2020,52,,,
2020-52,2020,52,,,
2020-52,2020,52,,,
2020-52,2020,52,,,
2020-52,2020,52,,,
2020-52,2020,52,,,
2020-52,2020,52,,,
2020-52,2020,52,,,
2020-52,2020,52,,,
2020-52,2020,52,,,
2020-52,2020,52,,,
2020-52,2020,52,,,
2020-52,2020,52,,,
2020-52,2020,52,,,
2020-52,2020,52,,,
2020-52,2020,52,,,
2020-52,2020,52,,,
2020-52,2020,52,,,
2020-52,2020,52,,,
2020-52,2020,52,,,
2020-52,2020,52,,,
2020-52,2020,52,,,
2020-52,2020,52,,,
2020-52,2020,52,,,
2020-52,2020,52,,,
2020-52,2020,52,,,
2020-52,2020,52,,,
2020-52,2020,52,,,
2020-52,2020,52,,,
2020-52,2020,52,,,
2020-52,2020,52,,,
2020-52,2020,52,,,
2020-52,2020,52,,,
2020-52,2020,52,,,
2020-52,2020,52,,,
2020-52,2020,52,,,
2020-52,2020,52,,,
2020-52,2020,52,,,
2020-52,2020,52,,,
2020-52,2020,52,,,
2020-52,2020,52,,,
2020-52,2020,52,,,
2020-52,2020,52,,,
2020-52,2020,52,,,
2020-52,2020,52,,,
2020-52,2020,52,,,
2020-52,2020,52,,,
2020-52,2020,52,,,
2020-52,2020,52,,,
2020-52,2020,52,,,
2020-52,2020,52,,,
2020-52,2020,52,,,
2020-52,2020,52,,,
2020-52,2020,52,,,
2020-52,2020,52,,,
2020-52,2020,52,,,
2020-52,2020,52,,,
2020-52,2020,52,,,
2020-52,2020,52,,,
2020-52,2020,52,,,
2020-52,2020,52,,,
2020-52,2020,52,,,
2020-52,2020,52,,,
2020-52,2020,52,,,
2020-52,2020,52,,,
2020-52,2020,52,,,
2020-52,2020,52,,,
2020-52,2020,52,,,
2020-52,2020,52,,,
2020-52,2020,52,,,
2020-52,2020,52,,,
2020-52,2020,52,,,
2020-52,2020,52,,,
2020-52,2020,52,,,
2020-52,2020,52,,,
2020-52,2020,52,,,
2020-52,2020,52,,,
2020-52,2020,52,,,
2020-52,2020,52,,,
2020-52,2020,52,,,
2020-52,2020,52,,,
2020-52,2020,52,,,
2020-52,2020,52,,,
2020-52,2020,52,,,
2020-52,2020,52,,,
2020-52,2020,52,,,
2020-52,2020,52,,,
2020-52,2020,52,,,
2020-52,2020,52,,,
2020-52,2020,52,,,
2020-52,2020,52,,,
2020-52,2020,52,,,
2020-52,2020,52,,,
2020-52,2020,52,,,
2020-52,2020,52,,,
2020-52,2020,52,,,
2020-52,2020,52,,,
2020-52,2020,52,,,
2020-52,2020,52,,,
2020-52,2020,52,,,
2020-52,2020,52,,,
2020-52,2020,52,,,
2020-52,2020,52,,,
2020-52,2020,52,,,
2020-52,2020,52,,,
2020-52,2020,52,,,
2020-52,2020,52,,,
2020-52,2020,52,,,
2020-52,2020,52,,,
2020-52,2020,52,,,
2020-52,2020,52,,,
2020-52,2020,52,,,
2020-52,2020,52,,,
2020-52,2020,52,,,
2020-52,2020,52,,,
2020-52,2020,52,,,
2020-52,2020,52,,,
2020-52,2020,52,,,
2020-52,2020,52,,,
2020-52,2020,52,,,
2020-52,2020,52,,,
2020-52,2020,52,,,
2020-52,2020,52,,,
2020-52,2020,52,,,
2020-52,2020,52,,,
2020-52,2020,52,,,
2020-52,2020,52,,,
2020-52,2020,52,,,
2020-52,2020,52,,,
2020-52,2020,52,,,
2020-52,2020,52,,,
2020-52,2020,52,,,
2020-52,2020,52,,,
2020-52,2020,52,,,
2020-52,2020,52,,,
2020-52,2020,52,,,
2020-52,2020,52,,,
2020-52,2020,52,,,
2020-52,2020,52,,,
2020-52,2020,52,,,
2020-52,2020,52,,,
2020-52,2020,52,,,
2020-52,2020,52,,,
2020-52,2020,52,,,
2020-52,2020,52,,,
2020-52,2020,52,,,
2020-52,2020,52,,,
2020-52,2020,52,,,
2020-52,2020,52,,,
2020-52,2020,52,,,
2020-52,2020,52,,,
2020-52,2020,52,,,
2020-52,2020,52,,,
2020-52,2020,52,,,
2020-52,2020,52,,,
2020-52,2020,52,,,
2020-52,2020,52,,,
2020-52,2020,52,,,
2020-52,2020,52,,,
2020-52,2020,52,,,
2020-52,2020,52,,,
2020-52,2020,52,,,
2020-52,2020,52,,,
2020-52,2020,52,,,
2020-52,2020,52,,,
2020-52,2020,52,,,
2020-52,2020,52,,,
2020-52,2020,52,,,
2020-52,2020,52,,,
2020-52,2020,52,,,
2020-52,2020,52,,,
2020-52,2020,52,,,
2020-52,2020,52,,,
2020-52,2020,52,,,
2020-52,2020,52,,,
2020-52,2020,52,,,
2020-52,2020,52,,,
2020-52,2020,52,,,
2020-52,2020,52,,,
2020-52,2020,52,,,
2020-52,2020,52,,,
2020-52,2020,52,,,
2020-52,2020,52,,,
2020-52,2020,52,,,
2020-52,2020,52,,,
2020-52,2020,52,,,
2020-52,2020,52,,,
2020-52,2020,52,,,
2020-52,2020,52,,,
2020-52,2020,52,,,
2020-52,2020,52,,,
2020-52,2020,52,,,
2020-52,2020,52,,,
2020-52,2020,52,,,
2020-52,2020,52,,,
2020-52,2020,52,,,
2020-52,2020,52,,,
2020-52,2020,52,,,
2020-52,2020,52,,,
2020-52,2020,52,,,
2020-52,2020,52,,,
2020-52,2020,52,,,
2020-52,2020,52,,,
2020-52,2020,52,,,
2020-52,2020,52,,,
2020-52,2020,52,,,
2020-52,2020,52,,,
2020-52,2020,52,,,
2020-52,2020,52,,,
2020-52,2020,52,,,
2020-52,2020,52,,,
2020-52,2020,52,,,
2020-52,2020,52,,,
2020-52,2020,52,,,
2020-52,2020,52,,,
2020-52,2020,52,,,
2020-52,2020,52,,,
2020-52,2020,52,,,
2020-52,2020,52,,,
2020-52,2020,52,,,
2020-52,2020,52,,,
2020-52,2020,52,,,
2020-52,2020,52,,,
2020-52,2020,52,,,
2020-52,2020,52,,,
2020-52,2020,52,,,
2020-52,2020,52,,,
2020-52,2020,52,,,
2020-52,2020,52,,,
2020-52,2020,52,,,
2020-52,2020,52,,,
2020-52,2020,52,,,
2020-52,2020,52,,,
2020-52,2020,52,,,
2020-52,2020,52,,,
2020-52,2020,52,,,
2020-52,2020,52,,,
2020-52,2020,52,,,
2020-52,2020,52,,,
2020-52,2020,52,,,
2020-52,2020,52,,,
2020-52,2020,52,,,
2020-52,2020,52,,,
2020-52,2020,52,,,
2020-52,2020,52,,,
2020-52,2020,52,,,
2020-52,2020,52,,,
2020-52,2020,52,,,
2020-52,2020,52,,,
2020-52,2020,52,,,
2020-52,2020,52,,,
2020-52,2020,52,,,
2020-52,2020,52,,,
2020-52,2020,52,,,
2020-52,2020,52,,,
2020-52,2020,52,,,
2020-52,2020,52,,,
2020-52,2020,52,,,
2020-52,2020,52,,,
2020-52,2020,52,,,
2020-52,2020,52,,,
2020-52,2020,52,,,
2020-52,2020,52,,,
2020-52,2020,52,,,
2020-52,2020,52,,,
2020-52,2020,52,,,
2020-52,2020,52,,,
2020-52,2020,52,,,
2020-52,2020,52,,,
2020-52,2020,52,,,
2020-52,2020,52,,,
2020-52,2020,52,,,
2020-52,2020,52,,,
2020-52,2020,52,,,
2020-52,2020,52,,,
2020-52,2020,52,,,
2020-52,2020,52,,,
2020-52,2020,52,,,
2020-52,2020,52,,,
2020-52,2020,52,,,
2020-52,2020,52,,,
2020-52,2020,52,,,
2020-52,2020,52,,,
2020-52,2020,52,,,
2020-52,2020,52,,,
2020-52,2020,52,,,
2020-52,2020,52,,,
2020-52,2020,52,,,
2020-52,2020,52,,,
2020-52,2020,52,,,
2020-52,2020,52,,,
2020-52,2020,52,,,
2020-52,2020,52,,,
2020-52,2020,52,,,
2020-52,2020,52,,,
2020-52,2020,52,,,
2020-52,2020,52,,,
2020-52,2020,52,,,
2020-52,2020,52,,,
2020-52,2020,52,,,
2020-52,2020,52,,,
2020-52,2020,52,,,
2020-52,2020,52,,,
2020-52,2020,52,,,
2020-52,2020,52,,,
2020-52,2020,52,,,
2020-52,2020,52,,,
2020-52,2020,52,,,
2020-52,2020,52,,,
2020-52,2020,52,,,
2020-52,2020,52,,,
2020-52,2020,52,,,
2020-52,2020,52,,,
2020-52,2020,52,,,
2020-52,2020,52,,,
2020-52,2020,52,,,
2020-52,2020,52,,,
2020-52,2020,52,,,
2020-52,2020,52,,,
2020-52,2020,52,,,
2020-52,2020,52,,,
2020-52,2020,52,,,
2020-52,2020,52,,,
2020-52,2020,52,,,
2020-52,2020,52,,,
2020-52,2020,52,,,
2020-52,2020,52,,,
2020-52,2020,52,,,
2020-52,2020,52,,,
2020-52,2020,52,,,
2020-52,2020,52,,,
2020-52,2020,52,,,
2020-52,2020,52,,,
2020-52,2020,52,,,
2020-52,2020,52,,,
2020-52,2020,52,,,
2020-52,2020,52,,,
2020-52,2020,52,,,
2020-52,2020,52,,,
2020-52,2020,52,,,
2020-52,2020,52,,,
2020-52,2020,52,,,
2020-52,2020,52,,,
2020-52,2020,52,,,
2020-52,2020,52,,,
2020-52,2020,52,,,
2020-52,2020,52,,,
2020-52,2020,52,,,
2020-52,2020,52,,,
2020-52,2020,52,,,
2020-52,2020,52,,,
2020-52,2020,52,,,
2020-52,2020,52,,,
2020-52,2020,52,,,
2020-52,2020,52,,,
2020-52,2020,52,,,
2020-52,2020,52,,,
2020-52,2020,52,,,
2020-52,2020,52,,,
2020-52,2020,52,,,
2020-52,2020,52,,,
2020-52,2020,52,,,
2020-52,2020,52,,,
2020-52,2020,52,,,
2020-52,2020,52,,,
2020-52,2020,52,,,
2020-52,2020,52,,,
2020-52,2020,52,,,
2020-52,2020,52,,,
2020-52,2020,52,,,
2020-52,2020,52,,,
2020-52,2020,52,,,
2020-52,2020,52,,,
2020-52,2020,52,,,
2020-52,2020,52,,,
2020-52,2020,52,,,
2020-52,2020,52,,,
2020-52,2020,52,,,
2020-52,2020,52,,,
2020-52,2020,52,,,
2020-52,2020,52,,,
2020-52,2020,52,,,
2020-52,2020,52,,,
2020-52,2020,52,,,
2020-52,2020,52,,,
2020-52,2020,52,,,
2020-52,2020,52,,,
2020-52,2020,52,,,
2020-52,2020,52,,,
2020-52,2020,52,,,
2020-52,2020,52,,,
2020-52,2020,52,,,
2020-52,2020,52,,,
2020-52,2020,52,,,
2020-52,2020,52,,,
2020-52,2020,52,,,
2020-52,2020,52,,,
2020-52,2020,52,,,
2020-52,2020,52,,,
2020-52,2020,52,,,
2020-52,2020,52,,,
2020-52,2020,52,,,
2020-52,2020,52,,,
2020-52,2020,52,,,
2020-52,2020,52,,,
2020-52,2020,52,,,
2020-52,2020,52,,,
2020-52,2020,52,,,
2020-52,2020,52,,,
2020-52,2020,52,,,
2020-52,2020,52,,,
2020-52,2020,52,,,
2020-52,2020,52,,,
2020-52,2020,52,,,
2020-52,2020,52,,,
2020-52,2020,52,,,
2020-52,2020,52,,,
2020-52,2020,52,,,
2020-52,2020,52,,,
2020-52,2020,52,,,
2020-52,2020,52,,,
2020-52,2020,52,,,
2020-52,2020,52,,,
2020-52,2020,52,,,
2020-52,2020,52,,,
2020-52,2020,52,,,
2020-52,2020,52,,,
2020-52,2020,52,,,
2020-52,2020,52,,,
2020-52,2020,52,,,
2020-52,2020,52,,,
2020-52,2020,52,,,
2020-52,2020,52,,,
2020-52,2020,52,,,
2020-52,2020,52,,,
2020-52,2020,52,,,
2020-52,2020,52,,,
2020-52,2020,52,,,
2020-52,2020,52,,,
2020-52,2020,52,,,
2020-52,2020,52,,,
2020-52,2020,52,,,
2020-52,2020,52,,,
2020-52,2020,52,,,
2020-52,2020,52,,,
2020-52,2020,52,,,
2020-52,2020,52,,,
2020-52,2020,52,,,
2020-52,2020,52,,,
2020-52,2020,52,,,
2020-52,2020,52,,,
2020-52,2020,52,,,
2020-52,2020,52,,,
2020-52,2020,52,,,
2020-52,2020,52,,,
2020-52,2020,52,,,
2020-52,2020,52,,,
2020-52,2020,52,,,
2020-52,2020,52,,,
2020-52,2020,52,,,
2020-52,2020,52,,,
2020-52,2020,52,,,
2020-52,2020,52,,,
2020-52,2020,52,,,
2020-52,2020,52,,,
2020-52,2020,52,,,
2020-52,2020,52,,,
2020-52,2020,52,,,
2020-52,2020,52,,,
2020-52,2020,52,,,
2020-52,2020,52,,,
2020-52,2020,52,,,
2020-52,2020,52,,,
2020-52,2020,52,,,
2020-52,2020,52,,,
2020-52,2020,52,,,
2020-52,2020,52,,,
2020-52,2020,52,,,
2020-52,2020,52,,,
2020-52,2020,52,,,
2020-52,2020,52,,,
2020-52,2020,52,,,
2020-52,2020,52,,,
2020-52,2020,52,,,
2020-52,2020,52,,,
2020-52,2020,52,,,
2020-52,2020,52,,,
2020-52,2020,52,,,
2020-52,2020,52,,,
2020-52,2020,52,,,
2020-52,2020,52,,,
2020-52,2020,52,,,
2020-52,2020,52,,,
2020-52,2020,52,,,
2020-52,2020,52,,,
2020-52,2020,52,,,
2020-52,2020,52,,,
2020-52,2020,52,,,
2020-52,2020,52,,,
2020-52,2020,52,,,
2020-52,2020,52,,,
2020-52,2020,52,,,
2020-52,2020,52,,,
2020-52,2020,52,,,
2020-52,2020,52,,,
2020-52,2020,52,,,
2020-52,2020,52,,,
2020-52,2020,52,,,
2020-52,2020,52,,,
2020-52,2020,52,,,
2020-52,2020,52,,,
2020-52,2020,52,,,
2020-52,2020,52,,,
2020-52,2020,52,,,
2020-52,2020,52,,,
2020-52,2020,52,,,
2020-52,2020,52,,,
2020-52,2020,52,,,
2020-52,2020,52,,,
2020-52,2020,52,,,
2020-52,2020,52,,,
2020-52,2020,52,,,
2020-52,2020,52,,,
2020-52,2020,52,,,
2020-52,2020,52,,,
2020-52,2020,52,,,
2020-52,2020,52,,,
2020-52,2020,52,,,
2020-52,2020,52,,,
2020-52,2020,52,,,
2020-52,2020,52,,,
2020-52,2020,52,,,
2020-52,2020,52,,,
2020-52,2020,52,,,
2020-52,2020,52,,,
2020-52,2020,52,,,
2020-52,2020,52,,,
2020-52,2020,52,,,
2020-52,2020,52,,,
2020-52,2020,52,,,
2020-52,2020,52,,,
2020-52,2020,52,,,
2020-52,2020,52,,,
2020-52,2020,52,,,
2020-52,2020,52,,,
2020-52,2020,52,,,
2020-52,2020,52,,,
2020-52,2020,52,,,
2020-52,2020,52,,,
2020-52,2020,52,,,
2020-52,2020,52,,,
2020-52,2020,52,,,
2020-52,2020,52,,,
2020-52,2020,52,,,
2020-52,2020,52,,,
2020-52,2020,52,,,
2020-52,2020,52,,,
2020-52,2020,52,,,
2020-52,2020,52,,,
2020-52,2020,52,,,
2020-52,2020,52,,,
2020-52,2020,52,,,
2020-52,2020,52,,,
2020-52,2020,52,,,
2020-52,2020,52,,,
2020-52,2020,52,,,
2020-52,2020,52,,,
2020-52,2020,52,,,
2020-52,2020,52,,,
2020-52,2020,52,,,
2020-52,2020,52,,,
2020-52,2020,52,,,
2020-52,2020,52,,,
2020-52,2020,52,,,
2020-52,2020,52,,,
2020-52,2020,52,,,
2020-52,2020,52,,,
2020-52,2020,52,,,
2020-52,2020,52,,,
2020-52,2020,52,,,
2020-52,2020,52,,,
2020-52,2020,52,,,
2020-52,2020,52,,,
2020-52,2020,52,,,
2020-52,2020,52,,,
2020-52,2020,52,,,
2020-52,2020,52,,,
2020-52,2020,52,,,
2020-52,2020,52,,,
2020-52,2020,52,,,
2020-52,2020,52,,,
2020-52,2020,52,,,
2020-52,2020,52,,,
2020-52,2020,52,,,
2020-52,2020,52,,,
2020-52,2020,52,,,
2020-52,2020,52,,,
2020-52,2020,52,,,
2020-52,2020,52,,,
2020-52,2020,52,,,
2020-52,2020,52,,,
2020-52,2020,52,,,
2020-52,2020,52,,,
2020-52,2020,52,,,
2020-52,2020,52,,,
2020-52,2020,52,,,
2020-52,2020,52,,,
2020-52,2020,52,,,
2020-52,2020,52,,,
2020-52,2020,52,,,
2020-52,2020,52,,,
2020-52,2020,52,,,
2020-52,2020,52,,,
2020-52,2020,52,,,
2020-52,2020,52,,,
2020-52,2020,52,,,
2020-52,2020,52,,,
2020-52,2020,52,,,
2020-52,2020,52,,,
2020-52,2020,52,,,
2020-52,2020,52,,,
2020-52,2020,52,,,
2020-52,2020,52,,,
2020-52,2020,52,,,
2020-52,2020,52,,,
2020-52,2020,52,,,
2020-52,2020,52,,,
2020-52,2020,52,,,
2020-52,2020,52,,,
2020-52,2020,52,,,
2020-52,2020,52,,,
2020-52,2020,52,,,
2020-52,2020,52,,,
2020-52,2020,52,,,
2020-52,2020,52,,,
2020-52,2020,52,,,
2020-52,2020,52,,,
2020-52,2020,52,,,
2020-52,2020,52,,,
2020-52,2020,52,,,
2020-52,2020,52,,,
2020-52,2020,52,,,
2020-52,2020,52,,,
2020-52,2020,52,,,
2020-52,2020,52,,,
2020-52,2020,52,,,
2020-52,2020,52,,,
2020-52,2020,52,,,
2020-52,2020,52,,,
2020-52,2020,52,,,
2020-52,2020,52,,,
2020-52,2020,52,,,
2020-52,2020,52,,,
2020-52,2020,52,,,
2020-52,2020,52,,,
2020-52,2020,52,,,
2020-52,2020,52,,,
2020-52,2020,52,,,
2020-52,2020,52,,,
2020-52,2020,52,,,
2020-52,2020,52,,,
2020-52,2020,52,,,
2020-52,2020,52,,,
2020-52,2020,52,,,
2020-52,2020,52,,,
2020-52,2020,52,,,
2020-52,2020,52,,,
2020-52,2020,52,,,
2020-52,2020,52,,,
2020-52,2020,52,,,
2020-52,2020,52,,,
2020-52,2020,52,,,
2020-52,2020,52,,,
2020-52,2020,52,,,
2020-52,2020,52,,,
2020-52,2020,52,,,
2020-52,2020,52,,,
2020-52,2020,52,,,
2020-52,2020,52,,,
2020-52,2020,52,,,
2020-52,2020,52,,,
2020-52,2020,52,,,
2020-52,2020,52,,,
2020-52,2020,52,,,
2020-52,2020,52,,,
2020-52,2020,52,,,
2020-52,2020,52,,,
2020-52,2020,52,,,
2020-52,2020,52,,,
2020-52,2020,52,,,
2020-52,2020,52,,,
2020-52,2020,52,,,
2020-52,2020,52,,,
2020-52,2020,52,,,
2020-52,2020,52,,,
2020-52,2020,52,,,
2020-52,2020,52,,,
2020-52,2020,52,,,
2020-52,2020,52,,,
2020-52,2020,52,,,
2020-52,2020,52,,,
2020-52,2020,52,,,
2020-52,2020,52,,,
2020-52,2020,52,,,
2020-52,2020,52,,,
2020-52,2020,52,,,
2020-52,2020,52,,,
2020-52,2020,52,,,
2020-52,2020,52,,,
2020-52,2020,52,,,
2020-52,2020,52,,,
2020-52,2020,52,,,
2020-52,2020,52,,,
2020-52,2020,52,,,
2020-52,2020,52,,,
2020-52,2020,52,,,
2020-52,2020,52,,,
2020-52,2020,52,,,
2020-52,2020,52,,,
2020-52,2020,52,,,
2020-52,2020,52,,,
2020-52,2020,52,,,
2020-52,2020,52,,,
2020-52,2020,52,,,
2020-52,2020,52,,,
2020-52,2020,52,,,
2020-52,2020,52,,,
2020-52,2020,52,,,
2020-52,2020,52,,,
2020-52,2020,52,,,
2020-52,2020,52,,,
2020-52,2020,52,,,
2020-52,2020,52,,,
2020-52,2020,52,,,
2020-52,2020,52,,,
2020-52,2020,52,,,
2020-52,2020,52,,,
2020-52,2020,52,,,
2020-52,2020,52,,,
2020-52,2020,52,,,
2020-52,2020,52,,,
2020-52,2020,52,,,
2020-52,2020,52,,,
2020-52,2020,52,,,
2020-52,2020,52,,,
2020-52,2020,52,,,
2020-52,2020,52,,,
2020-52,2020,52,,,
2020-52,2020,52,,,
2020-52,2020,52,,,
2020-52,2020,52,,,
2020-52,2020,52,,,
2020-52,2020,52,,,
2020-52,2020,52,,,
2020-52,2020,52,,,
2020-52,2020,52,,,
2020-52,2020,52,,,
2020-52,2020,52,,,
2020-52,2020,52,,,
2020-52,2020,52,,,
2020-52,2020,52,,,
2020-52,2020,52,,,
2020-52,2020,52,,,
2020-52,2020,52,,,
2020-52,2020,52,,,
2020-52,2020,52,,,
2020-52,2020,52,,,
2020-52,2020,52,,,
2020-52,2020,52,,,
2020-52,2020,52,,,
2020-52,2020,52,,,
2020-52,2020,52,,,
2020-52,2020,52,,,
2020-52,2020,52,,,
2020-52,2020,52,,,
2020-52,2020,52,,,
2020-52,2020,52,,,
2020-52,2020,52,,,
2020-52,2020,52,,,
2020-52,2020,52,,,
2020-52,2020,52,,,
2020-52,2020,52,,,
2020-52,2020,52,,,
2020-52,2020,52,,,
2020-52,2020,52,,,
2020-52,2020,52,,,
2020-52,2020,52,,,
2020-52,2020,52,,,
2020-52,2020,52,,,
2020-52,2020,52,,,
2020-52,2020,52,,,
2020-52,2020,52,,,
2020-52,2020,52,,,
2020-52,2020,52,,,
2020-52,2020,52,,,
2020-52,2020,52,,,
2020-52,2020,52,,,
2020-52,2020,52,,,
2020-52,2020,52,,,
2020-52,2020,52,,,
2020-52,2020,52,,,
2020-52,2020,52,,,
2020-52,2020,52,,,
2020-52,2020,52,,,
2020-52,2020,52,,,
2020-52,2020,52,,,
2020-52,2020,52,,,
2020-52,2020,52,,,
2020-52,2020,52,,,
2020-52,2020,52,,,
2020-52,2020,52,,,
2020-52,2020,52,,,
2020-52,2020,52,,,
2020-52,2020,52,,,
2020-52,2020,52,,,
2020-52,2020,52,,,
2020-52,2020,52,,,
2020-52,2020,52,,,
2020-52,2020,52,,,
2020-52,2020,52,,,
2020-52,2020,52,,,
2020-52,2020,52,,,
2020-52,2020,52,,,
2020-52,2020,52,,,
2020-52,2020,52,,,
2020-52,2020,52,,,
2020-52,2020,52,,,
2020-52,2020,52,,,
2020-52,2020,52,,,
2020-52,2020,52,,,
2020-52,2020,52,,,
2020-52,2020,52,,,
2020-52,2020,52,,,
2020-52,2020,52,,,
2020-52,2020,52,,,
2020-52,2020,52,,,
2020-52,2020,52,,,
2020-52,2020,52,,,
2020-52,2020,52,,,
2020-52,2020,52,,,
2020-52,2020,52,,,
2020-52,2020,52,,,
2020-52,2020,52,,,
2020-52,2020,52,,,
2020-52,2020,52,,,
2020-52,2020,52,,,
2020-52,2020,52,,,
2020-52,2020,52,,,
2020-52,2020,52,,,
2020-52,2020,52,,,
2020-52,2020,52,,,
2020-52,2020,52,,,
2020-52,2020,52,,,
2020-52,2020,52,,,
2020-52,2020,52,,,
2020-52,2020,52,,,
2020-52,2020,52,,,
2020-52,2020,52,,,
2020-52,2020,52,,,
2020-52,2020,52,,,
2020-52,2020,52,,,
2020-52,2020,52,,,
2020-52,2020,52,,,
2020-52,2020,52,,,
2020-52,2020,52,,,
2020-52,2020,52,,,
2020-52,2020,52,,,
2020-52,2020,52,,,
2020-52,2020,52,,,
2020-52,2020,52,,,
2020-52,2020,52,,,
2020-52,2020,52,,,
2020-52,2020,52,,,
2020-52,2020,52,,,
2020-52,2020,52,,,
2020-52,2020,52,,,
2020-52,2020,52,,,
2020-52,2020,52,,,
2020-52,2020,52,,,
2020-52,2020,52,,,
2020-52,2020,52,,,
2020-52,2020,52,,,
2020-52,2020,52,,,
2020-52,2020,52,,,
2020-52,2020,52,,,
2020-52,2020,52,,,
2020-52,2020,52,,,
2020-52,2020,52,,,
2020-52,2020,52,,,
2020-52,2020,52,,,
2020-52,2020,52,,,
2020-52,2020,52,,,
2020-52,2020,52,,,
2020-52,2020,52,,,
2020-52,2020,52,,,
2020-52,2020,52,,,
2020-52,2020,52,,,
2020-52,2020,52,,,
2020-52,2020,52,,,
2020-52,2020,52,,,
2020-52,2020,52,,,
2020-52,2020,52,,,
2020-52,2020,52,,,
2020-52,2020,52,,,
2020-52,2020,52,,,
2020-52,2020,52,,,
2020-52,2020,52,,,
2020-52,2020,52,,,
2020-52,2020,52,,,
2020-52,2020,52,,,
2020-52,2020,52,,,
2020-52,2020,52,,,
2020-52,2020,52,,,
2020-52,2020,52,,,
2020-52,2020,52,,,
2020-52,2020,52,,,
2020-52,2020,52,,,
2020-52,2020,52,,,
2020-52,2020,52,,,
2020-52,2020,52,,,
2020-52,2020,52,,,
2020-52,2020,52,,,
2020-52,2020,52,,,
2020-52,2020,52,,,
2020-52,2020,52,,,
2020-52,2020,52,,,
2020-52,2020,52,,,
2020-52,2020,52,,,
2020-52,2020,52,,,
2020-52,2020,52,,,
2020-52,2020,52,,,
2020-52,2020,52,,,
2020-52,2020,52,,,
2020-52,2020,52,,,
2020-52,2020,52,,,
2020-52,2020,52,,,
2020-52,2020,52,,,
2020-52,2020,52,,,
2020-52,2020,52,,,
2020-52,2020,52,,,
2020-52,2020,52,,,
2020-52,2020,52,,,
2020-52,2020,52,,,
2020-52,2020,52,,,
2020-52,2020,52,,,
2020-52,2020,52,,,
2020-52,2020,52,,,
2020-52,2020,52,,,
2020-52,2020,52,,,
2020-52,2020,52,,,
2020-52,2020,52,,,
2020-52,2020,52,,,
2020-52,2020,52,,,
2020-52,2020,52,,,
2020-52,2020,52,,,
2020-52,2020,52,,,
2020-52,2020,52,,,
2020-52,2020,52,,,
2020-52,2020,52,,,
2020-52,2020,52,,,
2020-52,2020,52,,,
2020-52,2020,52,,,
2020-52,2020,52,,,
2020-52,2020,52,,,
2020-52,2020,52,,,
2020-52,2020,52,,,
2020-52,2020,52,,,
2020-52,2020,52,,,
2020-52,2020,52,,,
2020-52,2020,52,,,
2020-52,2020,52,,,
2020-52,2020,52,,,
2020-52,2020,52,,,
2020-52,2020,52,,,
2020-52,2020,52,,,
2020-52,2020,52,,,
2020-52,2020,52,,,
2020-52,2020,52,,,
2020-52,2020,52,,,
2020-52,2020,52,,,
2020-52,2020,52,,,
2020-52,2020,52,,,
2020-52,2020,52,,,
2020-52,2020,52,,,
2020-52,2020,52,,,
2020-52,2020,52,,,
2020-52,2020,52,,,
2020-52,2020,52,,,
2020-52,2020,52,,,
2020-52,2020,52,,,
2020-52,2020,52,,,
2020-52,2020,52,,,
2020-52,2020,52,,,
2020-52,2020,52,,,
2020-52,2020,52,,,
2020-52,2020,52,,,
2020-52,2020,52,,,
2020-52,2020,52,,,
2020-52,2020,52,,,
2020-52,2020,52,,,
2020-52,2020,52,,,
2020-52,2020,52,,,
2020-52,2020,52,,,
2020-52,2020,52,,,
2020-52,2020,52,,,
2020-52,2020,52,,,
2020-52,2020,52,,,
2020-52,2020,52,,,
2020-52,2020,52,,,
2020-52,2020,52,,,
2020-52,2020,52,,,
2020-52,2020,52,,,
2020-52,2020,52,,,
2020-52,2020,52,,,
2020-52,2020,52,,,
2020-52,2020,52,,,
2020-52,2020,52,,,
2020-52,2020,52,,,
2020-52,2020,52,,,
2020-52,2020,52,,,
2020-52,2020,52,,,
2020-52,2020,52,,,
2020-52,2020,52,,,
2020-52,2020,52,,,
2020-52,2020,52,,,
2020-52,2020,52,,,
2020-52,2020,52,,,
2020-52,2020,52,,,
2020-52,2020,52,,,
2020-52,2020,52,,,
2020-52,2020,52,,,
2020-52,2020,52,,,
2020-52,2020,52,,,
2020-52,2020,52,,,
2020-52,2020,52,,,
2020-52,2020,52,,,
2020-52,2020,52,,,
2020-52,2020,52,,,
2020-52,2020,52,,,
2020-52,2020,52,,,
2020-52,2020,52,,,
2020-52,2020,52,,,
2020-52,2020,52,,,
2020-52,2020,52,,,
2020-52,2020,52,,,
2020-52,2020,52,,,
2020-52,2020,52,,,
2020-52,2020,52,,,
2020-52,2020,52,,,
2020-52,2020,52,,,
2020-52,2020,52,,,
2020-52,2020,52,,,
2020-52,2020,52,,,
2020-52,2020,52,,,
2020-52,2020,52,,,
2020-52,2020,52,,,
2020-52,2020,52,,,
2020-52,2020,52,,,
2020-52,2020,52,,,
2020-52,2020,52,,,
2020-52,2020,52,,,
2020-52,2020,52,,,
2020-52,2020,52,,,
2020-52,2020,52,,,
2020-52,2020,52,,,
2020-52,2020,52,,,
2020-52,2020,52,,,
2020-52,2020,52,,,
2020-52,2020,52,,,
2020-52,2020,52,,,
2020-52,2020,52,,,
2020-52,2020,52,,,
2020-52,2020,52,,,
2020-52,2020,52,,,
2020-52,2020,52,,,
2020-52,2020,52,,,
2020-52,2020,52,,,
2020-52,2020,52,,,
2020-52,2020,52,,,
2020-52,2020,52,,,
2020-52,2020,52,,,
2020-52,2020,52,,,
2020-52,2020,52,,,
2020-52,2020,52,,,
2020-52,2020,52,,,
2020-52,2020,52,,,
2020-52,2020,52,,,
2020-52,2020,52,,,
2020-52,2020,52,,,
2020-52,2020,52,,,
2020-52,2020,52,,,
2020-52,2020,52,,,
2020-52,2020,52,,,
2020-52,2020,52,,,
2020-52,2020,52,,,
2020-52,2020,52,,,
2020-52,2020,52,,,
2020-52,2020,52,,,
2020-52,2020,52,,,
2020-52,2020,52,,,
2020-52,2020,52,,,
2020-52,2020,52,,,
2020-52,2020,52,,,
2020-52,2020,52,,,
2020-52,2020,52,,,
2020-52,2020,52,,,
2020-52,2020,52,,,
2020-52,2020,52,,,
2020-52,2020,52,,,
2020-52,2020,52,,,
2020-52,2020,52,,,
2020-52,2020,52,,,
2020-52,2020,52,,,
2020-52,2020,52,,,
2020-52,2020,52,,,
2020-52,2020,52,,,
2020-52,2020,52,,,
2020-52,2020,52,,,
2020-52,2020,52,,,
2020-52,2020,52,,,
2020-52,2020,52,,,
2020-52,2020,52,,,
2020-52,2020,52,,,
2020-52,2020,52,,,
2020-52,2020,52,,,
2020-52,2020,52,,,
2020-52,2020,52,,,
2020-52,2020,52,,,
2020-52,2020,52,,,
2020-52,2020,52,,,
2020-52,2020,52,,,
2020-52,2020,52,,,
2020-52,2020,52,,,
2020-52,2020,52,,,
2020-52,2020,52,,,
2020-52,2020,52,,,
2020-52,2020,52,,,
2020-52,2020,52,,,
2020-52,2020,52,,,
2020-52,2020,52,,,
2020-52,2020,52,,,
2020-52,2020,52,,,
2020-52,2020,52,,,
2020-52,2020,52,,,
2020-52,2020,52,,,
2020-52,2020,52,,,
2020-52,2020,52,,,
2020-52,2020,52,,,
2020-52,2020,52,,,
2020-52,2020,52,,,
2020-52,2020,52,,,
2020-52,2020,52,,,
2020-52,2020,52,,,
2020-52,2020,52,,,
2020-52,2020,52,,,
2020-52,2020,52,,,
2020-52,2020,52,,,
2020-52,2020,52,,,
2020-52,2020,52,,,
2020-52,2020,52,,,
2020-52,2020,52,,,
2020-52,2020,52,,,
2020-52,2020,52,,,
2020-52,2020,52,,,
2020-52,2020,52,,,
2020-52,2020,52,,,
2020-52,2020,52,,,
2020-52,2020,52,,,
2020-52,2020,52,,,
2020-52,2020,52,,,
2020-52,2020,52,,,
2020-52,2020,52,,,
2020-52,2020,52,,,
2020-52,2020,52,,,
2020-52,2020,52,,,
2020-52,2020,52,,,
2020-52,2020,52,,,
2020-52,2020,52,,,
2020-52,2020,52,,,
2020-52,2020,52,,,
2020-52,2020,52,,,
2020-52,2020,52,,,
2020-52,2020,52,,,
2020-52,2020,52,,,
2020-52,2020,52,,,
2020-52,2020,52,,,
2020-52,2020,52,,,
2020-52,2020,52,,,
2020-52,2020,52,,,
2020-52,2020,52,,,
2020-52,2020,52,,,
2020-52,2020,52,,,
2020-52,2020,52,,,
2020-52,2020,52,,,
2020-52,2020,52,,,
2020-52,2020,52,,,
2020-52,2020,52,,,
2020-52,2020,52,,,
2020-52,2020,52,,,
2020-52,2020,52,,,
2020-52,2020,52,,,
2020-52,2020,52,,,
2020-52,2020,52,,,
2020-52,2020,52,,,
2020-52,2020,52,,,
2020-52,2020,52,,,
2020-52,2020,52,,,
2020-52,2020,52,,,
2020-52,2020,52,,,
2020-52,2020,52,,,
2020-52,2020,52,,,
2020-52,2020,52,,,
2020-52,2020,52,,,
2020-52,2020,52,,,
2020-52,2020,52,,,
2020-52,2020,52,,,
2020-52,2020,52,,,
2020-52,2020,52,,,
2020-52,2020,52,,,
2020-52,2020,52,,,
2020-52,2020,52,,,
2020-52,2020,52,,,
2020-52,2020,52,,,
2020-52,2020,52,,,
2020-52,2020,52,,,
2020-52,2020,52,,,
2020-52,2020,52,,,
2020-52,2020,52,,,
2020-52,2020,52,,,
2020-52,2020,52,,,
2020-52,2020,52,,,
2020-52,2020,52,,,
2020-52,2020,52,,,
2020-52,2020,52,,,
2020-52,2020,52,,,
2020-52,2020,52,,,
2020-52,2020,52,,,
2020-52,2020,52,,,
2020-52,2020,52,,,
2020-52,2020,52,,,
2020-52,2020,52,,,
2020-52,2020,52,,,
2020-52,2020,52,,,
2020-52,2020,52,,,
2020-52,2020,52,,,
2020-52,2020,52,,,
2020-52,2020,52,,,
2020-52,2020,52,,,
2020-52,2020,52,,,
2020-52,2020,52,,,
2020-52,2020,52,,,
2020-52,2020,52,,,
2020-52,2020,52,,,
2020-52,2020,52,,,
2020-52,2020,52,,,
2020-52,2020,52,,,
2020-52,2020,52,,,
2020-52,2020,52,,,
2020-52,2020,52,,,
2020-52,2020,52,,,
2020-52,2020,52,,,
2020-52,2020,52,,,
2020-52,2020,52,,,
2020-52,2020,52,,,
2020-52,2020,52,,,
2020-52,2020,52,,,
2020-52,2020,52,,,
2020-52,2020,52,,,
2020-52,2020,52,,,
2020-52,2020,52,,,
2020-52,2020,52,,,
2020-52,2020,52,,,
2020-52,2020,52,,,
2020-52,2020,52,,,
2020-52,2020,52,,,
2020-52,2020,52,,,
2020-52,2020,52,,,
2020-52,2020,52,,,
2020-52,2020,52,,,
2020-52,2020,52,,,
2020-52,2020,52,,,
2020-52,2020,52,,,
2020-52,2020,52,,,
2020-52,2020,52,,,
2020-52,2020,52,,,
2020-52,2020,52,,,
2020-52,2020,52,,,
2020-52,2020,52,,,
2020-52,2020,52,,,
2020-52,2020,52,,,
2020-52,2020,52,,,
2020-52,2020,52,,,
2020-52,2020,52,,,
2020-52,2020,52,,,
2020-52,2020,52,,,
2020-52,2020,52,,,
2020-52,2020,52,,,
2020-52,2020,52,,,
2020-52,2020,52,,,
2020-52,2020,52,,,
2020-52,2020,52,,,
2020-52,2020,52,,,
2020-52,2020,52,,,
2020-52,2020,52,,,
2020-52,2020,52,,,
2020-52,2020,52,,,
2020-52,2020,52,,,
2021-01,2021,1,,"['«Коронавирус, изоляция»', '«страшные события о коронавирусе»', '«что люди умирают от коронавируса, болезнь процветает»', '«коронавирус замучил, постоянно только им и пугают пенсионеров»', '«всё, что связано с коронавирусом. Порадовало, что снижение идет хоть небольшое»', '«коронавирус, процесс выздоровления людей»', '«очень много заболело коронавирусом в Ангарске»', '«ослабление ограничений в Петербурге»']",
2021-01,2021,1,,"['«Капитолий, практически революция в Америке»', '«попытка переворота в США»', '«поразили выборы в США: кровопролития: не ожидали»', '«Америка с Трампом чудит»', '«волнения в Америке в поддержку Трампа»', '«Трамп призвал выходить на протесты»']",
2021-01,2021,1,,"['«О социальной поддержке населения»', '«повысили социальные выплаты»', '«детям добавили и пенсионерам социальные выплаты»', '«то, что 6,3% к пенсии добавят»', '«индексация пенсий работающим гражданам, социальные выплаты детям»', '«фонд создадут детям с редкими болезнями, помощь будут выделять. И малоимущим, детям с 3 до 7 лет»', '«надбавки детям и молодым мамам»']",
2021-01,2021,1,,"['«Выступление Мишустина о помощи малому и среднему бизнесу»', '«было принято много законов, которые против народа»', '«закон о свободе слова»', '«закон об интернете»', '«новые противопожарные правила на личных участках»', '«повышение налогов»']",
2021-01,2021,1,,"['«Встреча Нового года и Рождества»', '«новогодние праздники»', '«Новый год – празднование Нового года»', '«о Рождестве Христовом»', '«события о Рождестве, которые проходили в разных частях мира, в том числе и в России»', '«эта неделя – праздники, ничего плохого не слышала»']",
2021-01,2021,1,,"['«Выступление Путина по поводу бесплатных лекарств от коронавируса»', '«обещание Путина открыть фонд помощи детям-инвалидам»', '«поездка Путина в Тобольск»', '«Путин посетил в Нижегородской области храм»']",
2021-01,2021,1,,"['«Вакцинирование доходит уже до массовых слоев населения»', '«обрадовала вакцинация от коронавируса»', '«прививки от коронавируса стараются улучшить, чтобы людей побольше выздоровело»', '«вакцинация: говорят, что она добровольная, на самом деле добровольно-принудительная»', '«вакцинация, непроверенные вакцины»']",
2021-01,2021,1,,"['«Разбились два легкомоторных самолета, лавина сошла»', '«ДТП в городе Старый Оскол»', '«сход снежной лавины в Норильске»', '«катастрофы: лавина сошла, рухнул мост в воду»', '«пожар в Якутске»']",
2021-01,2021,1,,"['«Только повышение цен»', '«повышение цен на продукты после праздника»', '«рост цен, рост услуг на ЖКХ»', '«услуги ЖКХ будут повышены с 1 января»', '«что цены заморозят, не будут повышаться»', '«про цены, что цены будут стабильные, а они нестабильные, сильно поднятые коммунальные услуги»', '«меня интересовали цены: говорили, в течение 90 дней изменят, — не изменили»']",
2021-01,2021,1,,"['«Победа наших лыжников на “Тур де Ски”»', '«спорт – лыжи и биатлон»', '«выиграли наши лыжники, пять побед»', '«на шестом этапе “Дакара"" наши приехали первыми»', '«в спорте проигрыш молодежной хоккейной команды»']",
2021-01,2021,1,,"['«Отравление Навального»', '«расследование о Навальном»', '«ситуация с отравлением на территории России гражданина России, оппозиционного политика Навального. Опубликованная в “Новой газете” информация об этом»']",
2021-01,2021,1,,"['«В Хабаровске митинги насчет Фургала»', '«водоснабжение в Крыму»', '«о том, что мы беднеем, и вывоз денег»']",
2021-01,2021,1,,"['«В Африке выявили новый вирус – более опасный, чем ковид и Эбола»', '«миллиардером стала в 2021 году “Тесла”, первое место в “Форбс”»', '«полет на Луну китайского аппарата»', '«правительство Украины обвиняет Россию в своем тяжелом положении»']",
2021-01,2021,1,,[],
2021-02,2021,2,,"['Бунт в Капитолии, бан профиля Трампа в Твиттере', 'про Трампа, что в Твиттере его заблокировали и объявили импичмент', 'в США протестные акции против нового президента', 'нарушение демократии в Америке', 'что в Америке сейчас творится: смена власти там идет']",
2021-02,2021,2,,"['Слежу за информацией о коронавирусе', 'коронавирус в мире, в стране, в области – статистика', 'растет количество заболевших. Новая версия ковида – британская', 'новые мутации коронавируса', 'изоляция']",
2021-02,2021,2,,"['Вакцинация в России бесплатная', 'о том, что проводят общую вакцинацию', 'прививки для всех', 'что будут вакцинировать', 'рассказывали о побочных действиях прививок']",
2021-02,2021,2,,"['Авария на шоссе в Москве, с погибшими военнослужащими', 'пожар и гибель обитателей пансионата', 'сухогруз затонул', 'чрезвычайные происшествия', 'люди гибнут под лавинами и при пожарах']",
2021-02,2021,2,,"['Только повышение цен', 'обвал рубля', 'повышение акцизов', 'повышение цен на топливо', 'рост цен на лекарства, продукты питания', 'цены выросли', 'цены на ЖКХ растут неимоверно']",
2021-02,2021,2,,"['Грачевский умер', 'умер отец “Ералаша” Грачевский', 'от коронавируса умер Грачевский', 'вчера умер Грачевский. Расстроилась до слез, жалко человека, наше поколение уходит']",
2021-02,2021,2,,"['О повышении пенсии', 'прибавка к пенсии', 'про индексацию пенсии', 'выплаты детям от трех до семи лет', 'социальные выплаты на детей']",
2021-02,2021,2,,"['Возвращение Навального', 'Навальный – приезд', 'задержали Навального']",
2021-02,2021,2,,"['Аномальные снегопады и морозы в России', 'землетрясение в Красноярске', 'землетрясение на Байкале и в Монголии', 'снегопады', 'кругом непогода, заметает всех', 'непогода в Сочи']",
2021-02,2021,2,,"['Новый мэр Уфы, надеюсь на лучшее', 'с 1 июля запрет на ввоз спецтехники из-за границы', 'ужесточение штрафов ГИБДД']",
2021-02,2021,2,,"['Армения и Азербайджан, Карабах', 'встреча на высшем уровне Путина, Алиева и Пашиняна', 'уладили карабахский конфликт', 'перемирие на Кавказе, работа наших миротворцев']",
2021-02,2021,2,,"['Новый год', 'Рождество', 'рождественские колядки', 'старый Новый год', 'праздники']",
2021-02,2021,2,,"['Украина', 'Украина отменила русский язык', 'состояние наших с Украиной отношений', 'Украина бастует в связи с подорожанием газа']",
2021-02,2021,2,,"['Встречи президента', 'выступление Путина', 'пресс-конференция Путина', 'речь Путина новогодняя ни о чем и никак']",
2021-02,2021,2,,"['История с педофилом. Мужчина помог, а ему дали за это 8 лет', 'мужика посадили, который спас ребенка от педофила', 'Уфа – осуждение человека, который спас ребенка от педофила']",
2021-02,2021,2,,"['Авиакатастрофа “Боинга”', 'пропажа самолета в Индонезии', 'трагедия с самолетом в Индонезии']",
2021-02,2021,2,,"['КАМАЗ победил в Дакаре. Начался сезон в НХЛ', 'чемпионат Европы по санному спорту', 'хоккей – молодежный чемпионат', 'бокс']",
2021-02,2021,2,,"['ЕГЭ', 'Фургал – увольнение, продлили срок', 'публикация о Платошкине', 'рождение в Волгограде четверни']",
2021-02,2021,2,,"['В Германии Меркель уходит в отставку', 'проблемы строительства “Северного потока 2”', 'выборы в Казахстане', 'высадка на наш сухогруз греческого спецназа']",
2021-03,2021,3,,['Возвращение Навального в Москву'],
2021-03,2021,3,,"['арест Навального, акции протеста в поддержку Навального']",
2021-03,2021,3,,"['Навальный наговаривает на Путина, призывает к митингам']",
2021-03,2021,3,,['митинг в защиту Навального'],
2021-03,2021,3,,['митинги и протесты во всех городах России'],
2021-03,2021,3,,['митинг из-за Навального'],
2021-03,2021,3,,['митинги против Путина'],
2021-03,2021,3,,['вчерашние митинги. Включили детей в эти события. Это за гранью'],
2021-03,2021,3,,['Навальный агитирует детей на разные беспорядки'],
2021-03,2021,3,,['Байден стал президентом американским'],
2021-03,2021,3,,['вступление в должность президента США'],
2021-03,2021,3,,['гонения на Трампа'],
2021-03,2021,3,,"['политическая обстановка в Соединенных Штатах, попраны демократические принципы']",
2021-03,2021,3,,"['то, что творится в Америке']",
2021-03,2021,3,,['Всемирное заболевание'],
2021-03,2021,3,,['да тут у нас в основном про коронавирус все новости'],
2021-03,2021,3,,"['коронавирус, много погибает']",
2021-03,2021,3,,['новые штаммы коронавируса'],
2021-03,2021,3,,['эпидемия стала снижаться'],
2021-03,2021,3,,['Началась массовая вакцинация от коронавируса'],
2021-03,2021,3,,['вакцинация против ковида'],
2021-03,2021,3,,"['вакцинация, теперь всё наладится']",
2021-03,2021,3,,"['удачное прививание, ввод и медработникам, и учителям вакцины']",
2021-03,2021,3,,['навязывание вакцинации'],
2021-03,2021,3,,['Всё подорожало'],
2021-03,2021,3,,['рост цен на всё'],
2021-03,2021,3,,"['дорожают продукты и ЖКХ, а налоги растут']",
2021-03,2021,3,,['повышение ЖКХ'],
2021-03,2021,3,,['Дом инвалидов сгорел'],
2021-03,2021,3,,"['терялся мальчик, но в настоящее время нашелся']",
2021-03,2021,3,,['Спортивные'],
2021-03,2021,3,,['Кубок мира по биатлону'],
2021-03,2021,3,,['Логинов занял первое место в биатлоне'],
2021-03,2021,3,,['Открытие сессии в Госдуме'],
2021-03,2021,3,,['новые правила охоты'],
2021-03,2021,3,,['объединение партии “Справедливая Россия” с партией “За правду” и еще одной'],
2021-03,2021,3,,['сокращения аппарата чиновников'],
2021-03,2021,3,,['Добавили пенсию'],
2021-03,2021,3,,['индексация пенсии'],
2021-03,2021,3,,['индексация пенсий работающим'],
2021-03,2021,3,,['увеличение стажа и пенсии медикам'],
2021-03,2021,3,,['Выступления Путина'],
2021-03,2021,3,,['высказывания Путина'],
2021-03,2021,3,,['Лавина обрушилась на Домбай'],
2021-03,2021,3,,"['то, что снегу навалило в Краснодаре']",
2021-03,2021,3,,['якутские морозы'],
2021-03,2021,3,,['Крещенские купания'],
2021-03,2021,3,,"['посадили на 8 лет парня, который убил педофила, заступившись за детей']",
2021-03,2021,3,,['в Чечне убили главаря террористов'],
2021-03,2021,3,,['умер Борис Грачевский'],
2021-03,2021,3,,['Взрыв в Мадриде'],
2021-03,2021,3,,['упал самолет'],
2021-03,2021,3,,['в Германии акции протеста'],
2021-03,2021,3,,['умер репортер в США'],
2021-03,2021,3,,[],
2021-04,2021,4,,"['«Скандал вокруг Навального»', '«мирная акция за Навального»', '«несанкционированные акции за Навального»', '«митинги: прессинг и давление со стороны региональной власти на население, противоречащее Конституции»', '«митинги: они мне не нравятся, они раскалывают наше государство»']",
2021-04,2021,4,,"['«Пандемия»', '«ковид, борьба с вирусом»', '«коронавирус, его последствия»', '«отмена коронавирусных ограничений»', '«снятие ограничений по коронавирусу»']",
2021-04,2021,4,,"['«Вакцинация»', '«всё, что связано с вакциной от коронавируса»', '«массовая вакцинация»', '«прививки надо делать, вакцина появилась»', '«три вакцины»']",
2021-04,2021,4,,"['«Грачевский и Лановой умерли»', '«расстроил уход Ланового»', '«смерть Ланового»', '«умер человек, снимавший “Ералаш”»', '«Лановой»']",
2021-04,2021,4,,"['«Путин выступал»', '«выступление Путина в Давосе»', '«конференция Путина со студентами»', '«выступление Путина в Совбезе»']",
2021-04,2021,4,,"['«Америка – президент поменялся»', '«смена администрации в США»', '«смена президента США»']",
2021-04,2021,4,,"['«Переговоры Путина с Америкой»', '«договор с Америкой о сокращении вооружений»', '«продление договора об ограничении вооружений»']",
2021-04,2021,4,,"['«Повышение цен»', '«подорожание цен»', '«повышение цен на продукты питания»', '«рост цен на ЖКХ»']",
2021-04,2021,4,,"['«Победа наших биатлонистов, лыжных гонщиков»', '«Кубок мира по лыжам»', '«фигурное катание»', '«хоккей»', '«чемпионат Испании по футболу»', '«дисквалификация спортсменов»']",
2021-04,2021,4,,"['«Добавка пенсии»', '«указ о повышении пенсии работающим пенсионерам»', '«детские выплаты»', '«увеличение материнского капитала»']",
2021-04,2021,4,,"['«Мишустин – мне нравится, как он командует членами правительства»', '«наше государство начинает действия показывать, свою мощь»', '«дебаты насчет вытрезвителей»']",
2021-04,2021,4,,"['«Аварии из-за погоды»', '«про аварию в Самарской области»', '«взрыв на нефтеперерабатывающем заводе»', '«взрыв на Пермском пороховом заводе, ДТП»', '«девочка пропала, в колодец упала»']",
2021-04,2021,4,,"['«Новое вооружение. Новые арктические торговые корабли»', '«выделение безналоговой зоны для металлургического завода в Красноярске»', '«снегопад в Новосибирске»']",
2021-04,2021,4,,"['«Участие России в ПАСЕ»', '«хирургическая конференция в Сингапуре»', '«экономический форум в Давосе»']",
2021-04,2021,4,,[],
2021-05,2021,5,,"['«Навального посадили в тюрьму, это самая обсуждаемая тема – из всех щелей»', '«Навального посадили, это грустно очень»', '«митинги во всей стране»', '«выступление молодежи против правительства, в поддержку Навального»', '«несогласованные митинги, в них молодежь втягивают»']",
2021-05,2021,5,,"['«Ситуация по коронавирусу»', '«послабление ограничений, связанных с коронавирусом»', '«ситуация с ковидом в лучшую сторону»', '«закрытие ковидных учреждений»']",
2021-05,2021,5,,"['«Нашу вакцину признали в мире»', '«вакцина наша на высшем уровне, считается, что многие государства стали ее принимать»', '«вакцинация против коронавируса»', '«про прививки»']",
2021-05,2021,5,,"['«В магазинах всё дорожает»', '«подорожание всех продуктов»', '«подорожание овощей»', '«повышение цен на бензин»', '«по поводу цен: президенту докладывают, что цены снижают, а на деле получается всё наоборот»']",
2021-05,2021,5,,"['«Газовый баллон взорвался в Иркутске»', '«пожары, склад горел, и в Ростове что-то горело»', '«пожар в Красноярске»', '«обвал, ребенок с крыши упал»']",
2021-05,2021,5,,"['«Положение на Украине»', '«обострение событий на Донбассе»', '«несправедливости на Украине, там закрыли СМИ»']",
2021-05,2021,5,,"['«Приезд в Россию представителя ОБСЕ и его встреча с Лавровым»', '«в Калмыкию приезд Мишустина»', '«новый законопроект по соцсетям»']",
2021-05,2021,5,,"['«Камчатка – погибли люди из-за большого снегопада»', '«Сибирь снегом засыпает»', '«про аномальные холода»', '«холода наступают»']",
2021-05,2021,5,,"['«Индексация зарплаты»', '«индексация пенсий работающим пенсионерам»', '«пенсию прибавили»', '«пособия повысили»', '«детские выплаты»', '«пенсионные и детские пособия»']",
2021-05,2021,5,,"['«Спортивные: лыжные гонки, биатлон»', '«фигурное катание»', '«чемпионат мира по лыжам, по баскетболу соревнования»', '«футболист Кокорин в Италии»']",
2021-05,2021,5,,"['«Договор по сокращению ядерного оружия»', '«что подписали договор о запрете ракет»', '«договор заключили об СНВ»', '«ратификация договора с США»']",
2021-05,2021,5,,"['«Штраф “Норникелю”»', '«похороны Ланового»', '«в Ставрополе убили учительницу»', '«срок парню, который убил педофила»']",
2021-05,2021,5,,"['«Илон Маск: ужасный запуск Space X»', '«обсуждение “Северного потока 2” между Францией и Германией»']",
2021-05,2021,5,,[],
2021-06,2021,6,,"['«Навальному дали срок ни за что»', '«Навальный предатель, против России, оскорбил ветерана»', '«несанкционированные митинги»', '«митинг за Навального, беспредел кто разгонял митинг»', '«задержание митингующих»', '«шумиха по Навальному, народ не за Навального выходил, а против социальных условий нашей жизни»', '«выступления детишек – вытащил их Навальный»']",
2021-06,2021,6,,"['«Одно событие – зараза»', '«коронавирус в мире, в Китае»', '«стали люди больше выздоравливать, чем заражаться коронавирусом»', '«коронавирус, нет уверенности, что не вернется назад»', '«много заболевших коронавирусом в Хабаровске»', '«вакцина “Спутник V”, начало вакцинации»', '«престиж нашей вакцины»', '«пихают за границу вакцину, у своих не делают»', '«вакцинация, посмотришь а от нее люди умирают»']",
2021-06,2021,6,,"['«Природные катаклизмы»', '«климатический коллапс, метели»', '«погода, большие снегопады»', '«снегопад в России, нигде не чистят, даже трассы»']",
2021-06,2021,6,,"['«Контроль учителей и воспитателей»', '«новое положение в Думе о работающих пенсионерах»', '«введение военной ипотеки»', '«правила прохождения техосмотра»']",
2021-06,2021,6,,"['«Бюджетникам повысили зарплату и начали ее проверку»', '«индексация пенсии работающим пенсионерам»', '«выплата денег декретницам»', '«хотят ввести новые пособия для беременных и детей»', '«о зарплате ученых»']",
2021-06,2021,6,,"['«Взрыв во Владикавказе»', '«взрыв газа в Питере»', '«Красноярск – пожар»', '«события в Воронеже: несчастный случай, погибли парень и ребенок»', '«обрушение крыши в ледовом дворце»', '«падение ребенка из окна больницы»']",
2021-06,2021,6,,"['«Цены в магазине»', '«рост цен на бензин, продукты»', '«рост оплаты за отопление»', '«самый большой рост цен в Саратовской области»']",
2021-06,2021,6,,"['«Ситуация на Украине»', '«Донбасс»', '«Украина пускает НАТО, чтобы они летали в Крым, как будто это их территория»', '«украинская армия сократилась»']",
2021-06,2021,6,,"['«Биатлон и лыжные гонки»', '«биатлон проиграли»', '«про финнов, как у них выиграли»', '«спортивные. Чемпионат мира по зимним видам спорта»', '«фигурное катание»']",
2021-06,2021,6,,"['«Лавров, Борель – встреча в Москве»', '«приезд Борреля»', '«заявление Лаврова о возможном отделении от Евросоюза»', '«Лавров сказал, что унижение терпеть не будем»']",
2021-06,2021,6,,"['«Выборы в Америке, должны объявить импичмент»', '«Трамп и импичмент»', '«импичмент Трампу»']",
2021-06,2021,6,,"['«Убийство экс-главы села в Дагестане»', '«оставила в лесу трех детей»', '«коррупционера одного задержали, взял взятку»']",
2021-06,2021,6,,"['«Выступление Байдена по отношению к России»', '«насчет военного положения между Россией и США»', '«как относится к нам Евросоюз»', '«как Запад безответственно ведет себя по отношению к нашей стране, без конца санкции»', '«санкции от Америки»']",
2021-06,2021,6,,"['«Выступал Путин по телевизору, конференция с научными сотрудниками»', '«Путин встречался с корреспондентами СМИ»']",
2021-06,2021,6,,"['«Мусорный вопрос в Махачкале»', '«прожиточный минимум пенсионеров в Чувашии – 8400, даже на лекарства не хватит»', '«смерть Ланового, артиста»', '«митинги по поводу Фургала»']",
2021-06,2021,6,,"['«Договор по СНВ»', '«выступление Лукашенко на общенародном собрании»', '«в Мьянме военный переворот»', '«землетрясение в Японии»', '«американец вставил в лоб бриллиант»']",
2021-06,2021,6,,[],
2021-07,2021,7,,"['«Арест Навального»', '«самое громкое последнее политическое событие – суд Навального»', '«подтвердили срок Навальному»', '«Навального осудили, надо было больше дать»', '«о Навальном, что его посадили»', '«акции протеста в поддержку Навального»', '«митинги в поддержку Навального»', '«о Навальном все каналы, мне это не нравится»']",
2021-07,2021,7,,"['«Вирус»', '«пандемия»', '«успехи по ковиду»', '«коронавирус пошел на убыль»', '«карантин скоро снимут»', '«вакцину российскую еще одну запатентовали»', '«можно записаться на прививку от ковида на портале госуслуг»', '«решение о снятии ковид-ограничений в Татарстане примут в марте»']",
2021-07,2021,7,,"['«Аномальная природа: природные катаклизмы в стране»', '«снегопады, гололед»', '«морозы»', '«ближайшие дни в Татарстане похолодает до -38»', '«Владивосток завалило снегом»', '«снегопад на Сахалине»', '«угроза ЧС из-за снегопада в Крыму»']",
2021-07,2021,7,,"['«Выделение средств на реализацию нацпрограмм»', '«Зюганов: “В России готовят почву для новых поборов”»', '«Лавров сказал, что мы будем отказываться от доллара»', '«Мишустин ездил в Псков»', '«пенсионные изменения: реформа 2021»', '«принятие новых законов в Госдуме»']",
2021-07,2021,7,,"['«Высокие цены на продукты питания»', '«цены выросли на сахар, масло подсолнечное и на все остальные продукты»', '«повысятся цены на курятину и яйца»', '«будут повышаться цены на продукты из-за упаковок»', '«ЖКХ: цены растут»', '«завышены цены на ЖКХ»']",
2021-07,2021,7,,"['«Встреча Путина с членами правительства»', '«встреча Путина с Чиханчиным»', '«разговор Путина и Рогозина про совершенствование ГЛОНАСС»', '«Путин встречался с партиями, с лидерами, их было пять»', '«выступление Путина о маткапитале на ремонт квартир»', '«девочка обратилась к Путину, и он подарил ей собачку»']",
2021-07,2021,7,,"['«Как давят Россию Евросоюз, Америка»', '«негативные высказывания в адрес России со стороны США и ЕС»', '«Байден угрожал»', '«нападки Запада на нас, на Россию. Я считаю, что они необоснованные»', '«международные дела: санкции»']",
2021-07,2021,7,,"['«Смерть Мягкова: тронуло»', '«траур по Андрею Мягкову»', '«что Андрей Мягков умер, жалко: вся наша жизнь, вся молодость! Сколько себя помнишь — столько и его помнишь»']",
2021-07,2021,7,,"['«Байден предупредил о долгом соперничестве с Китаем»', '«Америка мерзнет»', '«отключение света в США»', '«Америка не нравится: 15 миллионов остались без света, замерзают, их жалко»']",
2021-07,2021,7,,"['«Украина ввела санкции против Медведчука и его жены»', '«что часть Украины хочет присоединиться к России»']",
2021-07,2021,7,,"['«Выплаты детям разовые»', '«обещали выплаты безработным»', '«индексация пенсий работающим пенсионерам»', '«обещали добавить пенсию»', '«повышение зарплаты»']",
2021-07,2021,7,,"['«Аварии на дорогах»', '«авария на заводе в Красноярске»', '«авария на Севере»', '«при пожаре в Кирове погибли четверо детей и женщина»']",
2021-07,2021,7,,"['«Коррупция в органах власти»', '«Митино: мужчина застрелил девочку»', '«похитили девочку в Арзамасе»', '«убийство ребенка»']",
2021-07,2021,7,,"['«Биатлон: все плохо»', '«лыжные гонки»', '«спортивные новости: футбольный клуб “Краснодар” начал играть»', '«футбольный матч Лиги чемпионов»']",
2021-07,2021,7,,"['«Наступающее 23 Февраля»', '«афганский вывод войск: юбилей»', '«в феврале мало рабочих дней, и доход будет меньше»', '«манифест Богомолова»', '«памятник на Лубянке»', '«флешмоб в поддержку Путина»']",
2021-07,2021,7,,"['«Биткоин вырос»', '«запуск на Марс»', '«события в Сирии»', '«события в Италии»']",
2021-07,2021,7,,[],
2021-08,2021,8,,"['«Вокруг Навального»', '«забастовки в Москве»', '«молодежь – пикеты»', '«привлечение к суду митингующих»', '«суд над Навальным, митинги в Москве»', '«Навальный – суд»', '«уголовное дело по Навальному»', '«Навального посадили»', '«наказали виновного Навального: очень рад, что посадили»', '«отправка Навального в колонию»', '«этапировали Навального, и отказ ему в кассационной жалобе»']",
2021-08,2021,8,,"['«Пандемия»', '«улучшается эпидемиологическая обстановка»', '«идет спад коронавируса»', '«коронавирус снизился, смертность снизилась»', '«снятие коронавирусных ограничений»', '«стали открываться страны после пандемии»', '«вакцинация населения»']",
2021-08,2021,8,,"['«Аномальные морозы»', '«снегопады, оттепель»', '«снегопад в Челябинске»', '«заморозки во Владивостоке»', '«последствия урагана у нас в области»', '«погодные катаклизмы: давление у людей»']",
2021-08,2021,8,,"['«Работа Мишустина – что вникает во все вопросы. Хороший руководитель»', '«закон о запрете продажи несовершеннолетним детям спичек и зажигалок»', '«закон о том, что детей нельзя высаживать из транспорта»', '«изменение правил техосмотра автомобилей»', '«повышение налогов и штрафов»', '«про упрощение покупки земли»', '«вытрезвители вводят»']",
2021-08,2021,8,,"['«Армения: протесты против Пашиняна»', '«беспорядки в Армении»', '«в Армении военный переворот»', '«забастовка в Ереване»']",
2021-08,2021,8,,"['«Ситуация на Украине»', '«украинский вопрос»', '«про Донбасс»', '«про Зеленского»']",
2021-08,2021,8,,"['«Подорожание цен»', '«цены растут на масло и сахар»', '«повышение цен на бензин»', '«высокие цены на ЖКХ»', '«высокие цены на услуги ЖКХ, прибавка на продукты»', '«повышение тарифов на электроэнергию»']",
2021-08,2021,8,,"['«“Северный поток 2” блокируют, агрессия со стороны США и Европы»', '«очередные санкции»', '«санкции против Газпрома, санкции против России, высказывания, что Америка никогда не признает Крым российским и санкции будут продолжаться»']",
2021-08,2021,8,,"['«Сирия: бомбежка США»', '«удар по Сирии»', '«Байден Сирию бомбил»', '«расстрел арабов американцами»']",
2021-08,2021,8,,"['«Выступление Байдена»', '«новый президент США – выступления»', '«мороз в США»']",
2021-08,2021,8,,"['«Встреча Путина и Лукашенко в Сочи»', '«выступление Путина о политике на международной арене»', '«выступление Путина перед ФСБ»', '«речь Путина»']",
2021-08,2021,8,,"['«ДТП»', '«взрыв газа в России в жилом доме»', '«пожар в Нижнем Новгороде»', '«возгорания в Подмосковье – пожары»', '«глыбы падают на людей»', '«на ВДНХ утонула машина, и об этом сообщали СМИ»']",
2021-08,2021,8,,"['«Воровство, кражи, грабежи»', '«чиновников ловят на взятках»', '«коррупция на таможне, арестовали таможенника»', '«убийство девушки в Кемерово»', '«мать троих детей увезла в лес, выкинула»']",
2021-08,2021,8,,"['«Всевозможные пособия для детей»', '«пособие на детей рассчитываться будет по-другому»', '«прибавка к пенсии»']",
2021-08,2021,8,,"['«Чемпионат мира по лыжам и биатлону»', '«победа наших лыжников. Большунов – чемпион мира впервые за свою карьеру»', '«наши биатлонисты проиграли»', '«футбол: наши, как обычно, плохо играют»']",
2021-08,2021,8,,"['«23 Февраля»', '«День защитника Отечества»', '«День спецназа: сам в спецназе служил»', '«День армии, концерт»']",
2021-08,2021,8,,"['«Объединение партии Миронова и партии патриотов»', '«интервью дочери Пескова Ксении Собчак»', '«установление памятника на Лубянке Невскому или Дзержинскому»']",
2021-08,2021,8,,"['«Наши дипломаты пересекли границу с Кореей»', '«в Бангладеш рухнул дом»', '«выпал снег в Сахаре»']",
2021-08,2021,8,,[],
2021-10,2021,10,,"['«Третья волна пандемии»', '«коронавирус усиливается»', '«пандемия: еще обещают новую»', '«коронавирус уменьшился»', '«что ковид отступает»', '«карантин»', '«в других странах испытывают вакцину»', '«вакцинация людей»']",
2021-10,2021,10,,"['«Обстановка на Украине»', '«всегда интересуюсь, что на Украине происходит с Луганском и Донбассом»', '«Донбасс и Луганск: опасность возникновения войны»', '«война на Донбассе»']",
2021-10,2021,10,,"['«Встреча Мишустина с рабочими в Алтайском крае и Сибири»', '«выступление Бондаренко»', '«об освобождении от ответственности судей за коррупцию»', '«указ об облегчении положения педагогов»']",
2021-10,2021,10,,"['«Навального посадили»', '«перевод Навального на зону»', '«митинг Навального»', '«как били бабушек и молодежь на Манежной площади»', '«задержание людей незаконное на митингах»']",
2021-10,2021,10,,"['«Цены выросли»', '«цены на ЖКХ повышаются, и на продукты, и на лекарства»', '«повышение цен на бензин»', '«электроэнергия: про тарифы»', '«ЖКХ растет»']",
2021-10,2021,10,,"['«Дела с Америкой: напряженная обстановка»', '«на Россию Америка отзывается плохо»', '«на Россию нагнетают со стороны США, кибератаки»', '«санкции»', '«санкции экономические по поводу Навального»']",
2021-10,2021,10,,"['«Морозы»', '«похолодание»', '«снег будет»', '«на Камчатке взорвался вулкан»', '«погода плохая»', '«непогода в Дагестане»']",
2021-10,2021,10,,"['«Про выплаты нуждающимся»', '«выплаты детские»', '«повышение выплат на детей»', '«пособие для детей, льготы учителям»', '«увеличение пенсий»', '«повышение пенсий на 5 тысяч»']",
2021-10,2021,10,,"['«Спорт – биатлон»', '«Большунов выиграл лыжи»', '«лыжные гонки»', '«“Спартак” выиграл у “Краснодара”»', '«фигурное катание: чемпионат»']",
2021-10,2021,10,,"['«Борьба с коррупцией»', '«разоблачение коррупционеров по всей России»', '«арест мэра нашего города»', '«арест мэра Троицка Челябинской области»']",
2021-10,2021,10,,"['«Встреча Путина с Эрдорганом»', '«выступление президента»', '«новости о плохой работе Путина»']",
2021-10,2021,10,,"['«Авария в Курумоче»', '«ДТП на “Большевичке”»', '«дом горел в Анапе»', '«пожар в торговом центре “Скала”»', '«пожары и ДТП в нашем городе»']",
2021-10,2021,10,,"['«Преступность»', '«про жуликов»', '«в Томске минировали школу»', '«депутат ЛДПР сбил девушку»', '«появились мошенники по продаже вакцины»']",
2021-10,2021,10,,"['«Масленица, 8 Марта»', '«заключение Платошкина Николая Николаевича»', '«маньяка выпустили»', '«африканская чума свиней»']",
2021-10,2021,10,,"['«Скандал в королевстве Англии»', '«интервью Меган Маркл»', '«события в Армении»']",
2021-10,2021,10,,[],
2021-11,2021,11,,"['«Байден назвал Путина киллером»', '«Байден высказался в адрес Путина»', '«Байден нашего Путина и всю Россию оскорбил»', '«Байден, президент США его высказывание неприлично»', '«пожалуй, хамство Байдена»']",
2021-11,2021,11,,"['«Отслеживаю статистику по ковиду»', '«про коронавирус, обнаружили новые штаммы»', '«снятие части карантина»', '«началась вакцинация от коронавируса»', '«отправка вакцины в другие страны»']",
2021-11,2021,11,,"['«Политика Америки против России»', '«Запад агрессивно настроен»', '«отношения с американцами и со всеми странами, где находится НАТО»', '«санкции США против России»']",
2021-11,2021,11,,"['«Была годовщина присоединения Крыма»', '«“крымская весна”, праздник»', '«крымский юбилей»', '«юбилей присоединения Крыма»']",
2021-11,2021,11,,"['«Высказывания Путина о взаимоотношениях между Россией и США»', '«“кто как обзывается, тот так и называется"" ответ Байдену»', '«ответ Путина Байдену»', '«Путин отправил в отставку главу какого-то ведомства»']",
2021-11,2021,11,,"['«Закон о защите населения, территорий от чрезвычайных ситуаций»', '«закон о том, что государство имеет доступ к счетам граждан»', '«приняли закон о запрещении ЛГБТ пропаганды»', '«приняли закон о лицензировании лиц, которые занимаются просветительской деятельностью»', '«Валуев внес в Госдуму закон о животных»']",
2021-11,2021,11,,"['«Пожар в Анапе, две крупных автоаварии»', '«ДТП в Краснодаре»', '«взрыв газа в жилом доме»', '«на хоккейном матче погиб капитан питерской команды»', '«семья погибла на джипе под Абинском»']",
2021-11,2021,11,,"['«Донбасс волнует»', '«опять стреляют на Украине»', '«возобновление военных действий на Донбассе»', '«война не состоялась в Донбассе»']",
2021-11,2021,11,,"['«Цены неподъемные»', '«повышение цен на все»', '«подорожание бензина»', '«про тарифы ЖКХ»', '«ужесточение налоговой нагрузки»']",
2021-11,2021,11,,"['«Посадили Навального»', '«про Навального читаю, мне это интересно»', '«незаконно удерживается Навальный»']",
2021-11,2021,11,,"['«Землетрясение в Туве»', '«извержение вулкана»', '«много снега»', '«погодные условия»']",
2021-11,2021,11,,"['«Будут детские давать»', '«повысили выплаты для детей»', '«инвалидам пособия появились»', '«про льготную пенсию»', '«работающим пенсионерам повысят пенсию»']",
2021-11,2021,11,,"['«Адвоката зарезали»', '«брат брата сжег у нас»', '«педофилия, убийство своей девушки»', '«Казань сожгли памятник дети»']",
2021-11,2021,11,,"['«Состояние здоровья Байдена»', '«немощность и бесполезность президента США»', '«Байден упал»', '«про Байдена, который упал три раза»']",
2021-11,2021,11,,"['«Арест губернатора Пензенской области»', '«арест Ивана Белозерцева»', '«Коваленко – коррупция»']",
2021-11,2021,11,,"['«Учения в Крыму»', '«масленица была»', '«пост великий начался»', '«театральный фестиваль “Золотая маска”»', '«ремонт БДТ»']",
2021-11,2021,11,,"['«Обвал фондовых рынков»', '«рост биткоина»']",
2021-11,2021,11,,[],
2021-12,2021,12,,"['«Борьба с пандемией»', '«о коронавирусе всё смотрю»', '«про ковид, в Европе – третья волна»', '«про ковид, наша прививка хорошая»', '«очернение российской вакцины в интернете»', '«ковид, как идет вакцинация»', '«о ковиде, будут делать прививки принуждая»', '«прививки делают, а потом люди болеют»']",
2021-12,2021,12,,"['«Байден назвал Путина убийцей»', '«Байден оклеветал Путина»', '«Байден язык свой распустил»', '«хамская выходка Байдена»', '«когда Байден обозвал Путина, он унизил всю Россию. Это я не терплю, такое прощать нельзя»']",
2021-12,2021,12,,"['«Владимир Путин сделал прививку от коронавируса»', '«президентская прививка от ковида»', '«Путин сделал прививку вроде как»', '«скрытая вакцинация Путина»']",
2021-12,2021,12,,"['«Отдыхал на Алтае Путин»', '«охота Путина и Шойгу»', '«рыбалка Путина»', '«поездка Путина в тайгу»']",
2021-12,2021,12,,"['«Ответ Путина Байдену»', '«когда Путин сказал: кто обзывается, тот так и называется»', '«предложение Путина Байдену провести беседу»']",
2021-12,2021,12,,"['«Выступление Путина в Кремле»', '«выступление Путина: поздравление Росгвардии»', '«Путин поручил продолжать освоение Севера»']",
2021-12,2021,12,,"['«Приезд Мишустина в Алтайский край»', '«увеличение ставки Центробанка»', '«новый закон о депутатах на выборах – “чистый депутат”»', '«внесение в Госдуму закона о расстреле бездомных животных»', '«приняли много законов пустых»', '«отрицательные законы Госдумы»']",
2021-12,2021,12,,"['«Евросоюз и Америка против России, высказывания о России»', '«не складываются отношения с Америкой. Всех волнует, что будет дальше»', '«напряжение нездоровое с США»', '«нападки со стороны Америки»', '«отношения с Америкой и западными странами, надуманные санкции»', '«угрозы и санкции»']",
2021-12,2021,12,,"['«Губернатор Пензы проворовался»', '«арест за коррупцию губернатора»', '«арест мэра нашего города»', '«коррупция экс-президента республики»', '«воровство в областях»']",
2021-12,2021,12,,"['«Всё золото по фигурному катанию наше»', '«Россия победила Мальту, фигуристы хорошо выступили»', '«начинаются футбол и бои»', '«футбол, игра сборной России»']",
2021-12,2021,12,,"['«Повышение цен на всё»', '«рост цен на продукты – очень актуально, каждый месяц повышаются»', '«повышение цен на продукты и энергоносители»', '«проблема повышения цен, регулирование цен правительством»']",
2021-12,2021,12,,"['«Большегруз загородил Суэцкий канал»', '«застревание танкера в Суэцком канале»', '«затор в Суэцком канале»', '«корабль встал в Суэцком канале»']",
2021-12,2021,12,,"['«Болезнь Навального»', '«ухудшение здоровья Навального»', '«Навальный в тяжелом состоянии»', '«издевательство над Навальным»', '«про Алексея Навального и произвол, который с ним сотворили»']",
2021-12,2021,12,,"['«Выплаты на детей с 3 до 7 лет»', '«изменение индексации пенсии»', '«индексация пенсий»', '«повышение пенсии для неработающих»', '«увеличилась средняя зарплата»']",
2021-12,2021,12,,"['«Беспорядки на Украине»', '«угроза войны на Украине»', '«обострение в Донбассе»']",
2021-12,2021,12,,"['«У Байдена маразм»', '«Байден споткнулся на трапе»', '«падение Байдена»', '«Байден упал, мне понравилось»']",
2021-12,2021,12,,"['«Военная техника поднялась хорошо»', '«военные новости»', '«военные учения подводного флота»', '«развитие российской армии»', '«учения, вооруженные силы»']",
2021-12,2021,12,,"['«Жена мужа убила»', '«убийство ребенка»', '«убийство семьи»', '«украли лес из Забайкалья, увезли в Красноярск»']",
2021-12,2021,12,,"['«Вертолет разбился в Башкирии»', '«в Химках взрыв газа был»', '«ребенок упал с 8 этажа в Екатеринбурге»']",
2021-12,2021,12,,"['«Памятник и музей Гагарину открывают»', '«интервью Собчак с убийцей девочек»', '«выставка роботов в Ижевске»']",
2021-12,2021,12,,"['«Байден пригласил Путина и Си Цзиньпина»', '«взрыв в Индонезии»', '«про Китай»']",
2021-12,2021,12,,[],
2021-13,2021,13,,"['«Коронавирус в Европе, сравнение с Россией»', '«заболеваний коронавирусом стало больше»', '«вирус уходит»', '«коронавирус пошел на спад, распространение вакцины»', '«массовая вакцинация населения, выпуск и изготовление новой вакцины»', '«создание нового лекарства против коронавируса»']",
2021-13,2021,13,,"['«Обострение конфликта на Донбассе»', '«войска стягивают к Донбассу»', '«начало войны в Донбассе»', '«Украина подтягивает войска к границам Крыма»']",
2021-13,2021,13,,"['«Блокировка танкером Суэцкого канала»', '«застрял сухогруз в Суэцком канале»', '«как грузовой контейнеровоз выдергивали с мели в Суэцком канале»']",
2021-13,2021,13,,"['«ЧП на заводе: корабль упал»', '«действия пьяного блогера за рулем»', '«в Черемхово Иркутской области грузовик в остановку въехал»', '«взорвался жилой дом в Зеленодольске из-за газа»', '«взрыв в Подмосковье»']",
2021-13,2021,13,,"['«Навального посадили»', '«Навальный в колонии плохо себя чувствует»', '«издевательство над Навальным»', '«Навального в тюрьме мучают»', '«Навальный объявил голодовку, к нему врачей вызвали и внимание повышенное»']",
2021-13,2021,13,,"['«Повышение цен. Ужасное повышение»', '«подорожание цен на всё»', '«подорожание продуктов»', '«рост цен с 1 апреля»', '«наценка на квартиру, коммуналка»']",
2021-13,2021,13,,"['«Социалку подняли»', '«опять добавка социальная инвалидам»', '«выплаты детям»', '«детские пособия, единовременные выплаты»', '«повышение материнского капитала»', '«прибавка пенсии с апреля»']",
2021-13,2021,13,,"['«Напряженная политическая обстановка между Америкой и нами»', '«международные отношения с США»', '«несправедливое отношение окружающих стран к России»', '«подступы к границе: поляки и американцы вводят войска»', '«Польша и Америка выступили против России»']",
2021-13,2021,13,,"['«Коррупция чиновников в городах России»', '«сажают губернаторов всяких, и нашего в том числе»', '«арест Ивана Белозерцева и его детей»', '«арест чиновников»', '«в Москве арестовали налогового инспектора за крупную взятку»']",
2021-13,2021,13,,"['«Байден обозвал Путина»', '«слова Байдена о том, что Путин убийца»', '«Байден назвал Путина киллером»']",
2021-13,2021,13,,"['«В Мытищах стрелок в доме отстреливался от полиции»', '«стрельба, кого-то хотели арестовать в Подмосковье, а у него оказалось много оружия»', '«то, что в Вешках было. Там 60-летний пенсионер, который начал войну с полицией»']",
2021-13,2021,13,,"['«Видеоконференция Путина со своими министрами»', '«отдых президента»', '«Путин сделал прививку от коронавируса»']",
2021-13,2021,13,,"['«Бокс»', '«победа хоккейного клуба ЦСКА»', '«победа на соревнованиях по рукопашному бою»', '«проигрыш сборной по футболу молодежной»', '«спорт – карате»', '«фигурное катание, наши победители»', '«футбол, хоккей – проигрывают наши»']",
2021-13,2021,13,,"['«Инцидент на “Северном потоке 2”»', '«атаковали “Северный поток – 2”»', '«строительство “Северного потока 2” и ЧП там»', '«польское судно ударило наш корабль»']",
2021-13,2021,13,,"['«Мишустин выступал»', '«изменения в законе об образовании»', '«подписание закона о банковской тайне»', '«прямой эфир губернатора»', '«меняется мэр города Георгиевска»']",
2021-13,2021,13,,"['«Наводнение в Иркутске, Сибири»', '«затопило село Хомутово в Иркутской области»', '«снежные заносы с гор, лавины снежные обрушиваются»']",
2021-13,2021,13,,"['«Благовещенск, хирурги-герои»', '«в Благовещенске врачи делали операцию на открытом сердце, а здание горело»', '«врачи проводили операцию при пожаре на Дальнем Востоке»']",
2021-13,2021,13,,"['«1 апреля День смеха и юмора»', '«всплытие трех подводных лодок, пролет МиГов над Северным полюсом»', '«выделяются субсидии на предприятия малого бизнеса»', '«социальные сети развивают у детей склонность к суициду»']",
2021-13,2021,13,,"['«Военный переворот в Мьянме, участие нашего генерала на параде»', '«Познер покинул Тбилиси из-за наезда на него»']",
2021-13,2021,13,,[],
2021-14,2021,14,,"['«К великому огорчению, положение на Украине»', '«о возможном начале боевых действий на Украине»', '«военные действия на юго-востоке Украины»', '«ВСУ стягивают войска в Донбасс»', '«на Донбассе Зеленский стягивает войска, убивает людей, детей»']",
2021-14,2021,14,,"['«Сообщения по поводу пандемии»', '«количество больных с ковид-19 в России растет»', '«возможность третьей волны коронавируса»', '«закрытие границы с Турцией»', '«вакцинация. Отношусь к ней хорошо, мы с мужем месяц назад уже привились»', '«вакцина от ковида, меньше больных стало»']",
2021-14,2021,14,,"['«Подорожало всё»', '«цены растут за последний месяц»', '«цены росли быстрее»', '«повышение цен на продукты»']",
2021-14,2021,14,,"['«Новые поправки к законам»', '«гаражная амнистия»', '«карельский парламент принимает закон о детях войны»', '«отставка Морозова»']",
2021-14,2021,14,,"['«Пожары, половодье»', '«в России постоянно горят леса»', '«наводнения в Центральной России»', '«половодье в Иркутской области, на Камчатке лава из вулкана»', '«паводок в Красноярске и в Иркутске, пожары на Дальнем Востоке»']",
2021-14,2021,14,,"['«Взаимоотношения с Америкой»', '«противостояние США и России»', '«новые санкции против России»', '«санкции»']",
2021-14,2021,14,,"['«Выплаты на детей, были изменения»', '«детям увеличенное пособие»', '«социальные выплаты малоимущим»', '«повысили пенсию»', '«индексация пенсий работающих пенсионеров»', '«прибавление пособий»']",
2021-14,2021,14,,"['«Про Навального»', '«болезнь Навального»', '«не оказывают помощь Навальному, не лечат»', '«Навальный голодует»', '«девятый день голодовки Навального»']",
2021-14,2021,14,,"['«60 лет со дня полета Гагарина»', '«70 лет операции “Север""»', '«Благовещение»', '«праздники»']",
2021-14,2021,14,,"['«Авария в Новосибирске»', '«авария с блогером»', '«грузовики ушли под лед на Байкале»', '«сын чиновника попал в ДТП, но он был прав, а его признали виновным»']",
2021-14,2021,14,,"['«Умер муж королевы Великобритании»', '«Филипп умер»', '«только что Филипп, принц английский, муж Елизаветы Второй, помер. Мне кажется, это у всех осталось в памяти»']",
2021-14,2021,14,,"['«Коррупция: Пенза»', '«коррупционеров начали трясти нашего мэра, белгородского мэра»', '«Белозерцев арестован»', '«радуемся, когда арестовывают коррупционеров»']",
2021-14,2021,14,,"['«Арестовали за похищение человека»', '«в Москве в Мытищах стрелял мужчина»', '«мужчина ранил мальчика в Красноярске»', '«специалист соцзащиты украла деньги у детей-сирот в Иркутске»']",
2021-14,2021,14,,"['«Путин в Сибирь с Шойгу поехал»', '«Путин выступал»', '«21 числа будет выступление Путина, послание к правительству»']",
2021-14,2021,14,,"['«Подводные лодки, новые атомоходы, хорошо оснастили армию»', '«усиление проверки Росгвардии»']",
2021-14,2021,14,,"['«В Турции перевернулись туристы, погибла россиянка»', '«переговоры с Китаем»', '«события в Сирии»']",
2021-14,2021,14,,[],
2021-15,2021,15,,"['«Напряженность на Украине»', '«обострение конфликта на Донбассе»', '«к Донбассу подтягивается военная техника с Украины»', '«военные между Украиной и Донбассом»', '«война в Донбассе»']",
2021-15,2021,15,,"['«Отношения Америки с Россией»', '«США пытаются развязать конфликт с Россией»', '«высылка российских дипломатов из США»', '«Байден выдвинул санкции нам»', '«новые санкции против России»']",
2021-15,2021,15,,"['«Пандемия»', '«усиление коронавируса»', '«борьба с ковидом»', '«прививка от коронавируса»', '«вакцинация, масочный режим»', '«оставят маски, не отменят»']",
2021-15,2021,15,,"['«Закрыли авиасообщение с Турцией»', '«закрыли перелет в Турцию»', '«закрытие Турции для россиян»', '«закрытие Турции для отдыха»']",
2021-15,2021,15,,"['«Пожар в Питере»', '«Невская мануфактура горела»', '«взрыв бытового газа»', '«кран упал»', '«в Ангарске на машине врезались в светофор»', '«Звонок Байдена нашему президенту Путину»', '«Байден позвонил Путину договориться о встрече»', '«разговор Байдена с Путиным»', '«Байден с Путиным хотят встретиться»']",
2021-15,2021,15,,"['«Мишустин выступил по жилфонду»', '«интервью Лаврова телеканалу “Россия”»', '«закон о просвещении»', '«материнский капитал уйдет в пенсионный фонд – это неправильное решение»', '«смена главы республики»']",
2021-15,2021,15,,"['«День космонавтики»', '«60 лет первому полету в космос»', '«фестиваль, посвященный космонавтике»', '«годовщина Чернобыля»', '«театру “Современник” 65 лет»']",
2021-15,2021,15,,"['«Повышение цен на питание, ЖКХ и на всё»', '«подорожание продуктов, яйца 100 рублей»', '«повышение цен на бензин»', '«про рост цен на бензин на 13%»']",
2021-15,2021,15,,"['«Паводки, пожары»', '«наводнения и пожары»', '«пожары везде, всё горит – ужас»', '«паводки на Дальнем Востоке»', '«наводнение в Сибири»', '«Амур затопило и Нижний Новгород затопило – половодье»', '«люди в Хабаровске страдают от наводнения»']",
2021-15,2021,15,,"['«“Авангард"" выиграл в хоккее, вышел в финал»', '«“Ак Барс” проиграл»', '«“Краснодар” вничью сыграл»', '«на фигурном катании наши заняли весь пьедестал»']",
2021-15,2021,15,,"['«Про Навального»', '«новости о Навальном»', '«болеет Навальный»', '«голодовка Навального»']",
2021-15,2021,15,,"['«Путин поручил Госдуме разработать поддержку одиноким, многодетным семьям»', '«Путин говорил, что денег должно хватить всем на всё»', '«выступление Путина про социальные сети»', '«Путин поставил прививку»']",
2021-15,2021,15,,"['«Смерть Филиппа, принца Англии»', '«принц Филипп умер»', '«овдовела Елизавета Георгиевна»']",
2021-15,2021,15,,"['«Аресты чиновников»', '«арест пензенского губернатора»', '«военные учения в Чёрном море»', '«спуск на воду корабля»', '«митинг по ковиду в Казани»', '«педофил в Тольятти»']",
2021-15,2021,15,,"['«Готовилось покушение на Лукашенко»', '«Илон Маск презентовал мобильное устройство – Tesla Phone»', '«Шэрон Стоун выпустила мемуары»']",
2021-15,2021,15,,[],
2021-18,2021,18,,['«Пандемия»'],
2021-18,2021,18,,['«только про рост и падение коронавируса»'],
2021-18,2021,18,,['«меры по коронавирусу»'],
2021-18,2021,18,,"['«прививки от коронавируса, масштабность»']",
2021-18,2021,18,,['«коронавирус и борьба с ним. Мы вакцинировали всех в семье»'],
2021-18,2021,18,,['«Россия помогает всем с вакцинацией»'],
2021-18,2021,18,,"['«Индия, гибель людей»']",
2021-18,2021,18,,['«День Победы и парад»'],
2021-18,2021,18,,['«парад Победы»'],
2021-18,2021,18,,"['«“Бессмертный полк""»']",
2021-18,2021,18,,['«праздник 1 Мая»'],
2021-18,2021,18,,['«великая Пасха»'],
2021-18,2021,18,,['«Донбасс волнует»'],
2021-18,2021,18,,"['«события в Донецке, я сама оттуда»']",
2021-18,2021,18,,['«военные действия на Украине»'],
2021-18,2021,18,,['«поездка американского госсекретаря на Украину»'],
2021-18,2021,18,,['«Ветеранам дали по 10 тысяч»'],
2021-18,2021,18,,['«пособие – повышение»'],
2021-18,2021,18,,['«денег дадут на детей к школе»'],
2021-18,2021,18,,"['«увеличение пособий на детей, оплата лагерей летних»']",
2021-18,2021,18,,"['«Отношения России с коллективным Западом, с Америкой, с враньём по отношению к России»']",
2021-18,2021,18,,"['«Европа, США атакуют Россию»']",
2021-18,2021,18,,['«учения НАТО возле границ России и российских войск возле границ НАТО»'],
2021-18,2021,18,,['«Европарламент принимает решение о дополнительных санкциях»'],
2021-18,2021,18,,['«Высказывания Мишустина»'],
2021-18,2021,18,,['«новый губернатор области»'],
2021-18,2021,18,,"['«внесли проект налога на богатство, на роскошь»']",
2021-18,2021,18,,['«введение нового закона про сбор грибов»'],
2021-18,2021,18,,['«штрафы за сорняки – не понравилось»'],
2021-18,2021,18,,"['«Высказывание Путина, что всем будем хорошо»']",
2021-18,2021,18,,['«конференция Путина»'],
2021-18,2021,18,,['«Путин выступал по телевизору»'],
2021-18,2021,18,,['«Путин общался с Эрдоганом»'],
2021-18,2021,18,,['«Много аварий»'],
2021-18,2021,18,,['«авария в Ставропольском крае»'],
2021-18,2021,18,,['«авария крупная на Тюменском тракте»'],
2021-18,2021,18,,['«гибель школьников-спортсменов»'],
2021-18,2021,18,,['«восьмилетнюю девочку разорвали бродячие собаки»'],
2021-18,2021,18,,"['«Горим, пожары – лес, дома»']",
2021-18,2021,18,,['«лесные пожары»'],
2021-18,2021,18,,"['«засыпало снегом в Коми, пожары в Тюмени»']",
2021-18,2021,18,,['«наводнения по России»'],
2021-18,2021,18,,['«подтопления в регионе»'],
2021-18,2021,18,,['«потопы у нас»'],
2021-18,2021,18,,['«стихийные бедствия в низовьях Амура»'],
2021-18,2021,18,,['«Высылка дипломатов»'],
2021-18,2021,18,,['«высылка наших дипломатов из Чехии»'],
2021-18,2021,18,,['«высылка российских дипломатов из европейских государств»'],
2021-18,2021,18,,"['«события в Чехии, Польше, Болгарии»']",
2021-18,2021,18,,['«Репрессии в отношении Навального»'],
2021-18,2021,18,,['«голодовка Навального»'],
2021-18,2021,18,,['«Навального лечат»'],
2021-18,2021,18,,"['«возня возле Алексея, которого посадили»']",
2021-18,2021,18,,['«Десять дней дома»'],
2021-18,2021,18,,['«выходные с 1 по 11 мая»'],
2021-18,2021,18,,['«нерабочие дни между праздниками»'],
2021-18,2021,18,,['«длинные праздничные дни»'],
2021-18,2021,18,,['«продление майских праздников»'],
2021-18,2021,18,,"['«Митинги в Москве, Питере»']",
2021-18,2021,18,,"['«митингуют, но наказывают за это»']",
2021-18,2021,18,,"['«задержание людей, участвующих в митингах»']",
2021-18,2021,18,,"['«события, связанные с прошедшими митингами»']",
2021-18,2021,18,,['«Повышение цен»'],
2021-18,2021,18,,"['«повысили цены на масло, сахар»']",
2021-18,2021,18,,['«подорожание строительных материалов»'],
2021-18,2021,18,,['«тарифы»'],
2021-18,2021,18,,"['«у нас бензин дороже, чем в Туркменистане, электроэнергия в Китае дешевле, чем у нас»']",
2021-18,2021,18,,['«Спортивные события»'],
2021-18,2021,18,,['«“Зенит” выиграл у “Локомотива” – 6:1»'],
2021-18,2021,18,,"['«скандал на чемпионате мира по шашкам, когда сняли флаг России»']",
2021-18,2021,18,,['«юношеский чемпионат мира по хоккею»'],
2021-18,2021,18,,['«второе место по хоккею»'],
2021-18,2021,18,,"['«Осудили Платошкина, общественного деятеля»']",
2021-18,2021,18,,['«Россия хочет в Охотском море построить дамбу для получения водорода и производства гелия в России»'],
2021-18,2021,18,,['«строительство завода в городе Выкса»'],
2021-18,2021,18,,['«Вооруженное столкновение между Киргизией и Таджикистаном»'],
2021-18,2021,18,,['«обвал сцены в Израиле и гибель людей»'],
2021-18,2021,18,,['«мост обрушился в Мексике»'],
2021-18,2021,18,,"['«выступление Илона Маска 8 мая, его пресс-конференция»']",
2021-19,2021,19,,"['«Трагедия в Казани, очень сильно переживали»', '«детей убили в Казани»', '«вооруженное нападение в Казани»', '«Татария, жертвы»', '«трагедия в гимназии №175»']",
2021-19,2021,19,,"['«Война Палестины и Израиля»', '«Израиль с Палестиной столкнулись в конфликте»', '«Палестина бомбила Израиль»']",
2021-19,2021,19,,"['«День Победы»', '«9 Мая – празднование»', '«парад в Москве, салют в Москве на Красной площади»', '«праздники: Пасха, 1 Мая, Красная горка, 9 Мая»', '«Ураза-байрам»']",
2021-19,2021,19,,"['«События на Украине, агрессивно относится к нам»', '«Донбасс»', '«вопрос Украины стоит очень остро, арестовывают лидеров украинских»', '«на Украине Медведчука собираются арестовывать»']",
2021-19,2021,19,,"['«В Индии коронавирус»', '«вакцинация»', '«прививки от ковида»', '«коронавирус уменьшается, создали новую вакцину»', '«рост заболеваемости ковидом в Москве»', '«смертность от ковида»']",
2021-19,2021,19,,"['«Отношения с Америкой»', '«конфликт с Чехией»', '«публикация списка недружественных стран Чехия и США»', '«обозначение врагов России»', '«напряженность витает вокруг России»']",
2021-19,2021,19,,"['«Высказывания Путина»', '«интервью Путина»', '«президент дал распоряжение увеличить охрану в школе и ограничить оборот оружия»']",
2021-19,2021,19,,"['«Денежные выплаты за детей»', '«на детей деньги»', '«прибавка: детские 10 тысяч рублей»', '«пособия»']",
2021-19,2021,19,,"['«Отчет Мишустина в Думе»', '«Мишустин, выступления»', '«новые законы»', '«закон о продуктах, выращенных на своих участках»', '«закон новый насчет либералов»']",
2021-19,2021,19,,"['«Наводнения, пожары»', '«пожар в лесах и селах»', '«пожары в Сибири»', '«Аномальная жара в Татарстане»']",
2021-19,2021,19,,"['«Рост цен»', '«рост цен на бензин, продукты»', '«цены»']",
2021-19,2021,19,,"['«Водоснабжение Крыма»', '«экзамены в школах»', '«идет война в Аксае, людей выгоняют с рынков»']",
2021-19,2021,19,,"['«Конфликт между Арменией и Азербайджаном»', '«запуск Илона Маска»', '«обрушение криптовалюты»']",
2021-19,2021,19,,[],
2021-20,2021,20,,"['«расстрел в школе, кошмар, сам мальчишка»', '«резонансное дело со стрельбой в школе в Казани»', '«событие в Казани потрясло сильно»', '«стрельба в Казани – столько людей умерло!»']",
2021-20,2021,20,,"['«конфликт между Израилем и Палестиной»', '«событие в Израиле и Палестине, война»', '«война в секторе Газа»']",
2021-20,2021,20,,"['«лесные пожары в Сибири»', '«пожары и наводнения, бури»', '«потоп в Сибири»', '«вихрь в Астрахани, песчаная буря»', '«буран у нас»', '«природные явления»']",
2021-20,2021,20,,"['«коронавирус на земном шаре»', '«началась третья волна больных ковидом»', '«появился новый вид коронавируса»', '«коронавирус в Индии, рост смертей»', '«вакцинация достала, агитация»']",
2021-20,2021,20,,"['«напряженка с Украиной»', '«положение на Украине, в Донбассе»', '«война на Донбассе»', '«позиция Зеленского»']",
2021-20,2021,20,,"['«закон о цитировании»', '«закон об ограничении в выборах»', '«обсуждается тема по поводу ужесточения владения огнестрельным оружием»', '«Дегтярев вручил награды»']",
2021-20,2021,20,,"['«дипломатический кризис с чехами»', '«недружественные страны – США, Чехия»', '«высылка дипломатов»']",
2021-20,2021,20,,"['«выплаты на детей»', '«пенсия неполным семьям»', '«про пособие для беременных»', '«матерям-одиночкам выплаты»', '«начали заниматься вопросами пенсионеров, повышение пенсий»', '«медики получили деньги»']",
2021-20,2021,20,,"['«высказывание Путина: кто захочет от нас кусок откусить, выбьем зубы»', '«Путин о “Северном потоке – 2”»', '«разговоры Путина о возврате денег за отдых детей»', '«Путин много общается с учениками, с молодежью»']",
2021-20,2021,20,,"['«встреча Лаврова и Блинкена»', '«встречался Лавров с американцами»']",
2021-20,2021,20,,"['«куча аварий и сбитые пешеходы в Адлеровском районе»', '«ЧП в Москве, пожар»', '«таксист попал в аварию, женщина пострадала, погибла»', '«ребенка сбили мопедом»', '«девочка пропала в Кемерово»']",
2021-20,2021,20,,"['«конкурс “Евровидение”»', '«по телевидению показывают “Евровидение”»']",
2021-20,2021,20,,"['«в июне должны состояться переговоры Путина с президентом США»', '«встреча готовится Путина и Байдена»']",
2021-20,2021,20,,"['«новости про футбольный клуб “Спартак”»', '«окончание сезона премьер-лиги футбольной»', '«чемпионат мира по хоккею»']",
2021-20,2021,20,,"['«напали на учительницу с ножом»', '«Самара – стреляли»', '«врач убил практикантку»']",
2021-20,2021,20,,"['«подготовка учеников к сдаче ЕГЭ»', '«запуск реактора в институте Курчатова»', '«фестиваль в Крыму музыкальный»']",
2021-20,2021,20,,"['«землетрясение в Китае»', '«в Китае в горах погибли спортсмены»']",
2021-21,2021,21,,"['«Белоруссия чудит, да еще и с этим самолетом, который посадили»', '«захват самолета Белоруссией»', '«Белоруссия сняла с рейса самолета человека»', '«в Белоруссии Лукашенко, красавчик, посадил самолет с оппозиционером»', '«перехват Белоруссией самолета и разговоры об этом в мире»', '«минские события с самолетом, санкции теперь против Белоруссии»']",
2021-21,2021,21,,"['«В Казани расстреляли школьников»', '«казанская трагедия»', '«казанский стрелок»', '«расстрел школьников в Казани»', '«террорист в Казани»']",
2021-21,2021,21,,"['«Распространение ковида»', '«о вспышке коронавируса. В Индии появилось заболевание от какой-то плесени»', '«продление карантинных мер в Бурятии до 31 июля»', '«вакцинация в России, обязательность ее»', '«хотят прививки делать всем, я против»']",
2021-21,2021,21,,"['«Катаклизмы в природе»', '«жара»', '«ураганы»', '«наводнения и пожары»', '«пожары лесные в Сибири»', '«леса горят на севере, а они потушить не могут. В советское время тушили моментально»', '«потопы, дожди»', '«у нас в Хакасии паводок»']",
2021-21,2021,21,,"['«Праймериз ЕР»', '«предвыборные выборы»', '«новые налоги на животных»', '«закон о петрушке; про размер грибов»', '«Дума уходит на четыре месяца в отпуск с сохранением зарплаты в полмиллиона»']",
2021-21,2021,21,,"['«По вопросу выплат»', '«в августе будут детские пособия с 3 до 18 лет выплачивать»', '«введение пособий для одиноких матерей»', '«выплаты детям перед школой»', '«Путин многодетным заплатит»', '«разговоры о пенсии»']",
2021-21,2021,21,,"['«Ополчение других стран на нас»', '«США катят бочку на нас»', '«внешняя политика, события в Чехии»', '«гнобит нашу Россию загнивающий Запад. Санкционная политика против России»', '«санкции против России»']",
2021-21,2021,21,,"['«Донбасс»', '«на нас Украина гонит, как обычно»', '«неспокойная обстановка на границе с Украиной»']",
2021-21,2021,21,,"['«Катастрофы на производстве»', '«разлив нефтепродуктов на востоке»', '«отравление метаном в Ростове»', '«смерть сантехников в коллекторе»', '«утопление на озерах»']",
2021-21,2021,21,,"['«Встреча Путина и Лукашенко»', '«встреча в Сочи совещание с Шойгу по оборонным вещам»', '«выступление Путина на заседании правительства»', '«Путин обещал выбить зубы кому-то»']",
2021-21,2021,21,,"['«В Перми ученик зарезал учительницу»', '«убийство врача в Курске»', '«где-то ломбард ограбили и взломали банкомат»']",
2021-21,2021,21,,"['«Ситуация в Палестине»', '«события в секторе Газа»', '«Израиль – война»']",
2021-21,2021,21,,"['«Сборная России проиграла Дании»', '«финал Лиги Европы»', '«чемпионат мира по хоккею начался»', '«хоккей, как играет наша команда»']",
2021-21,2021,21,,"['«Взлет цен»', '«повышение цены бензина и рост цен на продукты»', '«цены на бензин поднялись и на сметану»']",
2021-21,2021,21,,"['«Путин с Байденом готовят встречу»', '«ждем встречи Путина и Байдена»', '«о встрече Путина с президентом Америки в июне»']",
2021-21,2021,21,,"['«Выпускные»', '«последние звонки в школах»', '«День пограничника»']",
2021-21,2021,21,,"['«Неправильный суд над Платошкиным»', '«уход из жизни актрисы Шацкой»', '«заставляют голосовать»', '«у бюджетников урезают зарплату»']",
2021-21,2021,21,,"['«В Китае запретили криптовалюты»', '«“Евровидение”»', '«что упал фуникулер в Италии»', '«наверное, разборки с Турцией, которые сейчас были»']",
2021-21,2021,21,,[],
2021-22,2021,22,,"['«Арест оппозиционера из Белоруссии, посадка самолета в Белоруссии, обсуждение поведения Лукашенко»', '«задержан белорусский оппозиционер в самолете»', '«самолет посадили в Беларуси, в Европе недовольны»', '«посадка самолета в Белоруссии и последствия»']",
2021-22,2021,22,,"['«Международный экономический форум в Петербурге»', '«форум экономический»', '«петербургский форум»', '«форум ленинградский»']",
2021-22,2021,22,,"['«Футбольный матч Россия – Болгария»', '«проиграли Канаде»', '«поражение сборной России по хоккею»', '«новый тренер в “Спартаке”»']",
2021-22,2021,22,,"['«Мишустин приехал»', '«праймериз “Единой России”»', '«покидают люди ЛДПР»', '«льготная ипотека»', '«закон о просветительской деятельности ввели»']",
2021-22,2021,22,,"['«Предстоящая встреча президента России и президента США»', '«президенты России и Америки встречаются скоро»', '«приближается встреча Путина с Байденом»']",
2021-22,2021,22,,"['«Выплаты»', '«возврат денег за детские путевки»', '«выплата по 10 тысяч рублей на подготовку детей к школе»', '«о прибавке пенсии»']",
2021-22,2021,22,,"['«Казанская трагедия»', '«Казань, что происходит с детьми»', '«ребенок в Татарстане расстрелял школу»', '«события в Татарстане, стрельба»']",
2021-22,2021,22,,"['«Коронавирус растет, опять будут ограничения»', '«куча людей погибает от ковида»', '«коронавирус, новый штамм»', '«вакцинация»', '«о вакцине отрицательное мнение»']",
2021-22,2021,22,,"['«Меня волнует Украина, сама там родилась»', '«отношения с Украиной»', '«события на Украине»']",
2021-22,2021,22,,"['«Цены выросли на всё»', '«подорожали песок и хлеб»', '«цены на ЖХК подняли в мае, обещали с июля»', '«повышение цен на бензин, продукты, повышение на коммунальные услуги»', '«поднятие цен меня возмущает»']",
2021-22,2021,22,,"['«Встреча Путина и Лукашенко»', '«выступление Путина на конференции»', '«интервью Путина»', '«Путин про молодежь»']",
2021-22,2021,22,,"['«Пожары, климатические изменения»', '«наводнение в Красноярске»', '«Якутия горит»', '«наводнение в Сибири»', '«погодные аномалии, в Туве 40 м/с ветер, в Оренбургском крае град»']",
2021-22,2021,22,,"['«Новосибирск, как застрелили парня»', '«девушка пропала в Оренбурге, ее убили»', '«екатеринбургский стрелок стрелял с балкона»']",
2021-22,2021,22,,"['«Завершение строительства первой нити газопровода»', '«протянули первую ветку газа в Германию»', '«то, что достраивают “Северный поток – 2”»']",
2021-22,2021,22,,"['«Международная политика: отношения США, России и Европы»', '«Америка – не нравится, что она на нас нападает»', '«американская политика непонятная, шок»']",
2021-22,2021,22,,"['«Обычно с экологией – опять у нас что-то разлили»', '«экологическая катастрофа в Краснодарском крае»', '«ДТП на Ленинском проспекте»', '«ребенок выскочил, машина едет, попал под машину»']",
2021-22,2021,22,,"['«Сдача ЕГЭ у одиннадцатиклассников»', '«День химика»', '«падение акций Новороссийского порта»', '«суд Платошкина»']",
2021-22,2021,22,,"['«Байден смягчает санкции по отношению к “Северному потоку”»', '«упал биткоин»', '«погибли бегуны в Китае»', '«японцы крабов ловят на территории России»']",
2021-22,2021,22,,[],
2021-23,2021,23,,"['«Везде один коронавирус»', '«корона опять пошла вверх»', '«в Москве стало больше больных коронавирусом»', '«в Хакасии заболеваемость коронавирусом растет»', '«заставляют прививаться»', '«тотальная вакцинация»']",
2021-23,2021,23,,"['«16 июня будет встреча Путина и Байдена»', '«подготовка к встрече Путина с Байденом»', '«жду встречи Путина и Байдена»']",
2021-23,2021,23,,"['«Положение на Украине»', '«поведение Украины»', '«украинские новости»', '«положение в Донбассе»', '«Украина с футболками»']",
2021-23,2021,23,,"['«Наши в хоккей проиграли»', '«хоккей кончился, футбол начался»', '«Чемпионат Европы по футболу»', '«везде говорят про чемпионат по футболу»', '«проигрыш наших по футболу Бельгии – позор»']",
2021-23,2021,23,,"['«Питерский форум экономический»', '«экономический форум в Питере»', '«наверное, саммит, по-моему, проходил в Питере, там много было очень интересного сказано»']",
2021-23,2021,23,,"['«Мишустин начал ездить и решать проблемы людей»', '«объединение восьми регионов»', '«ввели закон про машину»', '«заседание в Думе, на котором некоторые депутаты даже не досидели до конца»']",
2021-23,2021,23,,"['«Белоруссия, посадка самолета»', '«посадили самолет в Белоруссии»', '«Лукашенко украл самолет, это плохо. Лукашенко занялся пиратством»']",
2021-23,2021,23,,"['«В Подмосковье инцидент с квадроциклом»', '«самокаты людей сбивают»', '«ДТП в Ростове»', '«девочка в Сургуте упала с высоты»', '«детей убило в Воронеже плитой»']",
2021-23,2021,23,,"['«Сибирь горит»', '«наводнение в Сибири»', '«Дальний Восток затопило»', '«катаклизмы, наводнение на Камчатке»', '«Кострому затопило от дождя»']",
2021-23,2021,23,,"['«Встреча Путина и Лукашенко в Сочи»', '«выступление президента по поводу украинских отношений»', '«Путин всех поздравлял»', '«Путин награждал людей»']",
2021-23,2021,23,,"['«Выплаты к школе»', '«выплаты социальные детям»', '«повышение зарплаты бюджетникам на 10 процентов»', '«с 1 июля добавят 6044 рубля тем, кому за 80»']",
2021-23,2021,23,,"['«В Адлере убили двоих судебных приставов, которые пришли отжимать общественную территорию»', '«Каспийск, девочку нашли, которую убили»', '«Новосибирск, застрелили молодого парня»', '«убийство в Армавире»']",
2021-23,2021,23,,"['«Достроили “Северный поток”»', '«окончание строительства “Северного потока”»']",
2021-23,2021,23,,"['«Передряги России с Америкой»', '«воинственные США, НАТО»']",
2021-23,2021,23,,"['«Резкий рост цен»', '«подорожание»', '«повышение цен на бензин»', '«повышение ЖКХ»']",
2021-23,2021,23,,"['«В Татарстане расстреляли детей в школе»', '«расстрел в Казани»']",
2021-23,2021,23,,"['«День России»', '«признание ФБК экстремистской организацией»', '«аресты людей, защищающих оппозицию»']",
2021-23,2021,23,,"['«Как Макрону пощечину дали»', '«различные совещания по Арктике»', '«панда родила в китайском зоопарке»']",
2021-23,2021,23,,[],
2021-24,2021,24,,"['«Встреча Владимира Владимировича Путина с президентом США в Женеве»', '«встреча президентов двух ядерных держав»', '«Путин ездил в Женеву, встреча с Байденом»', '«женевская встреча»', '«переговоры в Женеве»', '«встреча Путина и Байдена, это шоу»']",
2021-24,2021,24,,"['«В связи с пандемией, что опять волна, рост идет»', '«не нравится, что новый виток вируса»', '«опять карантин»', '«в Москве опять закрыли на карантин, ввели ограничения, коронавирус, прививки»', '«вспышки коронавируса псевдо»']",
2021-24,2021,24,,"['«Соболезнуем где засуха, где наводнения, где пожары»', '«наводнения в Забайкальском крае, пожары в Якутии»', '«ливневые дожди, подтопление городов»', '«в Керчи наводнение»', '«наводнение, Крым заливает, Дальний Восток весь плавает»', '«погода, катаклизмы, наводнения, всё побило градом»', '«в Анапе град»']",
2021-24,2021,24,,"['«Чемпионат Европы по футболу»', '«соревнования по волейболу и футбол»', '«футбол евротур, а перед этим хоккей»']",
2021-24,2021,24,,"['«Открытое письмо Зюганова Путину»', '«Дума приняла закон о сохранении прожиточного минимума должникам»', '«отменили техосмотр»', '«принятие закона об оружии, точнее поправок»']",
2021-24,2021,24,,"['«Взрыв АЗС в Новосибирске»', '«дом сгорел с детьми, пожары»', '«ребенок упал с 14 этажа»']",
2021-24,2021,24,,"['«Про детские пособия»', '«выплаты детям»', '«обещание повысить зарплату»', '«пенсию будут добавлять»']",
2021-24,2021,24,,"['«Дорогие цены»', '«цены растут, зарплата – нет»', '«продукты подорожали сильно»', '«повышение цен на продукты. Цена на свеклу достигла 180 рублей»', '«ЖКХ повышается»']",
2021-24,2021,24,,"['«Выступление Путина на съезде “Единой России”»', '«Путин ввел в пятерку лидеров “Единой России” Шойгу, Лаврова, Кузнецову и еще двоих и убрал Медведева из этого списка»']",
2021-24,2021,24,,"['«Съезд в Питере предпринимателей»', '«Петербургский экономический форум»', '«саммит в Санкт-Петербурге»']",
2021-24,2021,24,,"['«Нас беспокоит война на Украине»', '«Донбасс»', '«убийство военнослужащих в ЛНР»']",
2021-24,2021,24,,"['«Арест Юрия Хованского»', '«смерть сестры Шойгу»']",
2021-24,2021,24,,"['«Границу с Турцией открыли»', '«летали натовские самолеты, блок приближается»']",
2021-24,2021,24,,[],
2021-25,2021,25,,"['«Тяжелая обстановка с коронавирусом»', '«пандемия, третья волна»', '«рост ковида, нехватка больничных коек»', '«указ по поводу QR-кодов»', '«надоели обязательной вакцинацией»', '«насильственная вакцинация граждан»', '«прививки не хотим делать, мы категорически против»', '«шантаж по поводу вакцинации»']",
2021-25,2021,25,,"['«Великобритания зашла в Черное море»', '«вторжение англичан в наши воды»', '«провокация в Крыму английского корабля»', '«инцидент с Англией: обнаглели»', '«стрельба в Черном море»', '«британцев выперли с нашей территории»']",
2021-25,2021,25,,"['«Ливни затопили Крым, Нижний Новгород»', '«наводнения, ливни в Крыму, Керчь; вода поднимается в Амуре»', '«наводнение в Благовещенске»', '«паводки в Забайкальском крае, и мосты рушатся»', '«пожары в лесах»', '«стихийные бедствия и катаклизмы»']",
2021-25,2021,25,,"['«Встреча двух президентов»', '«встреча президентов США и России»', '«встреча Путина и Байдена, пресс-конференция»']",
2021-25,2021,25,,"['«Футбол: выступление нашей и других команд»', '«чемпионат Европы по футболу и вылет сборной России»', '«в футбол продули наши»', '«футбол проиграли наши с треском»', '«бокс смотрю»']",
2021-25,2021,25,,"['«30 июня состоится “прямая линия” с Путиным»', '«выступление Путина перед телезрителями»', '«вопросы Путину задаем предварительно»', '«Путин поговорил по телефону с президентом Армении Пашиняном»']",
2021-25,2021,25,,"['«Новые предложения Мишустина о налогах»', '«деятельность Собянина»', '«съезд политических партий»', '«техосмотр отменили»']",
2021-25,2021,25,,"['«22 июня - нападение фашистов на Советский Союз»', '«в разных городах прошел день памяти Великой Отечественной войны»', '«“Алые паруса”»', '«Сабантуй»']",
2021-25,2021,25,,"['«Выросли цены на всё»', '«рост цен на продовольствие»', '«рост цен на свеклу и морковь»', '«поднятие цены на ЖКХ»', '«рост цен на товары и услуги»', '«стройматериалы очень дорожают»']",
2021-25,2021,25,,"['«Выплаты единовременные»', '«выплаты детские»', '«детские пособия»', '«пособия детские на новорожденных и на третьего ребенка»', '«о повышении пенсии»']",
2021-25,2021,25,,"['«Война на Украине»', '«бесит Зеленский: приглашает президента на встречу в какие-то окопы»', '«выступление Тимошенко»']",
2021-25,2021,25,,"['«Взрыв в Новосибирске на АЗС»', '«горел склад на Лужнецкой набережной»', '«крушение вертолета в Ленинградской области»', '«ребенок упал в колодец в Новосибирске»']",
2021-25,2021,25,,"['«Закрытие ФБК»', '«избиение женщины в МФЦ»', '«уход из жизни: Владимир Балашов, диктор»', '«Бузова выступала во МХАТе»', '«проводились учения войск ВМФ»']",
2021-25,2021,25,,"['«Учения НАТО вблизи наших границ»', '«в Китае сохранили жесткие ограничительные меры по ковиду»', '«в Чехии около 300 человек пострадали от торнадо»', '«крушение дома в США»']",
2021-25,2021,25,,[],
2021-26,2021,26,,"['«Вспышка ковида, куаркоды, прививки»', '«вирус, вакцинация, закрытие отдыха»', '«усиленная самоизоляция»', '«введение новых ограничений в Москве»', '«вакцинация идет поголовная»', '«добровольно-принудительная вакцинация»', '«ковид, принудительная вакцинация, на работе будут заставлять»']",
2021-26,2021,26,,"['«Смотрел Путина, “прямую линию”»', '«“горячая линия” с президентом»', '«Путин выступил, освещал вопросы людей»', '«встреча Путина с гражданами в прямом эфире, довольна его выступлением»']",
2021-26,2021,26,,"['«Ситуация с наводнениями и пожарами в Якутии»', '«тонет Дальний Восток»', '«жара, наводнение в Хабаровске»', '«наводнение в Крыму, на Амуре»', '«погода в стране, катаклизмы»']",
2021-26,2021,26,,"['«Британский корабль нарушил границу России в районе Крыма»', '«в Крыму нарушил наши воды английский военный корабль»', '«провокации британского флота в Черном море»']",
2021-26,2021,26,,"['«Невыход сборной России по футболу»', '«о футболе, волейболе, баскетболе»', '«хоккей»']",
2021-26,2021,26,,"['«Вопрос о пособии на ребенка»', '«детям выдавать с 6 лет будут»', '«выплаты детям до 18 лет»', '«малоимущим матерям-одиночкам и многодетным помощь»', '«о выплатах молодым семьям»', '«повышение пенсии»', '«прибавляют зарплаты медикам и другим в Москве и крупных городах»']",
2021-26,2021,26,,"['«Про Украину»', '«о войне на Украине»', '«учения военные на Украине»']",
2021-26,2021,26,,"['«Повышение цен»', '«повышается квартплата»', '«подорожание ЖКХ»', '«подорожание квартплаты и продуктов питания»']",
2021-26,2021,26,,"['«Встреча Путина и Байдена»', '«переговоры с Байденом»', '«Путин и Байден встречались»']",
2021-26,2021,26,,"['«Отношения со странами НАТО, попытки провокации со стороны натовцев»', '«военные учения в Черном море»', '«учения стран НАТО в Черном море»']",
2021-26,2021,26,,"['«Введение налога на домашних животных»', '«заседание правительства с обещанием о повышении пенсий»', '«поправки на оружие»']",
2021-26,2021,26,,"['«В Питере “Алые паруса”»', '«День города»']",
2021-26,2021,26,,"['«Умер Сличенко»', '«от Кремля угнали полицейскую машину»', '«Новосибирск, взорвалась заправка»', '«пьяный мужчина стрелял в людей с балкона»']",
2021-26,2021,26,,"['«100 лет компартии Китая»', '«открытие памятника Диане в Лондоне»', '«разбился военный самолет на Филиппинах»']",
2021-26,2021,26,,[],
