date,year,week,event,description,percentage
2020-02,2020,2,"Затрудняюсь ответить, нет ответа","Затрудняюсь ответить, нет ответа",52.0
2020-02,2020,2,Гибель украинского самолета над Ираном,"Катастрофа украинского лайнера в Иране, сбитого ракетой иранцами.",20.0
2020-02,2020,2,"Обмен ударами между США и Ираном, сложная ситуация на Ближнем Востоке","События в Иране, США, Сирии, Ливии, уничтожение иранского лидера, ответный удар Ирана по американским базам.",17.0
2020-02,2020,2,Пожары в Австралии,"Массовые пожары в Австралии, горят леса.",3.0
2020-02,2020,2,"Празднование Нового года, Рождества","Новогодние праздники, Рождество, фестивали, елка.",2.0
2020-02,2020,2,Социальные проблемы россиян,"Рост цен, несоответствие пенсий и зарплат потребностям, проблемы многодетных семей, сбор денег на помощь больным детям.",2.0
2020-02,2020,2,Открытие «Турецкого потока»,"Открытие трубопровода в Турцию, газопровода «Турецкий поток».",2.0
2020-02,2020,2,"Встречи, поездки, действия В. Путина","Новогоднее поздравление Путина, решение вопросов Ливии, поездка на Черное море, пресс-конференция.",2.0
2020-02,2020,2,Работа властных структур,"Предложение Медведева о передаче охранных организаций в частное ведомство, рост НДФЛ, льготы для крупного бизнеса, увеличение налогов, электронные трудовые книжки.",2.0
2020-02,2020,2,Другие события в России,"Смерть Андрея Павленко, перестрелка в Перми, снегопад в центральной России.",2.0
2020-02,2020,2,"Предстоящее повышение зарплат, пенсий, пособий","Ожидание повышения зарплаты бюджетникам, увеличение пособия до трёх лет.",1.0
2020-02,2020,2,События на Украине,"Стрельба на Украине, переговоры с Украиной, новогоднее обращение Зеленского.",1.0
2020-02,2020,2,Спортивные события,"Хоккей, биатлон, чемпионат мира по хоккею и фигурному катанию.",1.0
2020-02,2020,2,"Аварии, пожары","Автокатастрофа, авария в Томске, пожар в Ухте.",1.0
2020-02,2020,2,Учения Северного и Черноморского флотов в акватории Черного моря,Учения моряков в Черном море.,1.0
2020-02,2020,2,Другие события в мире,"Напряжение в мире, сближение президентов против развязывания войны, события в Абхазии, крушение самолета в Казахстане, вирус в Китае.",1.0
2020-03,2020,3,"Затрудняюсь ответить, нет ответа",Респондент затрудняется ответить или не дал ответа.,40.0
2020-03,2020,3,Послание В. Путина Федеральному собранию,"Послание В. Путина Федеральному собранию, отмеченное респондентами как важное событие, включало в себя отчет Путина Федеральному собранию, изменения в Конституции, поддержку сказанного Путиным, повышение маткапитала и пособий.",26.0
2020-03,2020,3,отчет Путина Федеральному собранию,"Послание В. Путина Федеральному собранию, отмеченное респондентами как важное событие, включало в себя отчет Путина Федеральному собранию, изменения в Конституции, поддержку сказанного Путиным, повышение маткапитала и пособий.",26.0
2020-03,2020,3,послание путинское революционное,"Послание В. Путина Федеральному собранию, отмеченное респондентами как важное событие, включало в себя отчет Путина Федеральному собранию, изменения в Конституции, поддержку сказанного Путиным, повышение маткапитала и пособий.",26.0
2020-03,2020,3,Путин придумал изменить Конституцию,"Послание В. Путина Федеральному собранию, отмеченное респондентами как важное событие, включало в себя отчет Путина Федеральному собранию, изменения в Конституции, поддержку сказанного Путиным, повышение маткапитала и пособий.",26.0
2020-03,2020,3,"прослушала Путина полностью и поддерживаю все, что он сказал","Послание В. Путина Федеральному собранию, отмеченное респондентами как важное событие, включало в себя отчет Путина Федеральному собранию, изменения в Конституции, поддержку сказанного Путиным, повышение маткапитала и пособий.",26.0
2020-03,2020,3,"Путин выступал, отчитывался, маткапитал повышен. Пособия до 7 лет","Послание В. Путина Федеральному собранию, отмеченное респондентами как важное событие, включало в себя отчет Путина Федеральному собранию, изменения в Конституции, поддержку сказанного Путиным, повышение маткапитала и пособий.",26.0
2020-03,2020,3,"выступление Путина 15 числа, забота о детях","Послание В. Путина Федеральному собранию, отмеченное респондентами как важное событие, включало в себя отчет Путина Федеральному собранию, изменения в Конституции, поддержку сказанного Путиным, повышение маткапитала и пособий.",26.0
2020-03,2020,3,"Отставка правительства, назначение М. Мишустина новым премьер-министром","Отставка правительства и назначение М. Мишустина новым премьер-министром, воспринятое как неожиданная смена, утверждение в Думе и избрание Мишустина.",26.0
2020-03,2020,3,Кабинет министров убрали,"Отставка правительства и назначение М. Мишустина новым премьер-министром, воспринятое как неожиданная смена, утверждение в Думе и избрание Мишустина.",26.0
2020-03,2020,3,неожиданная смена премьер-министра,"Отставка правительства и назначение М. Мишустина новым премьер-министром, воспринятое как неожиданная смена, утверждение в Думе и избрание Мишустина.",26.0
2020-03,2020,3,"отставка правительства, слава тебе, господи!","Отставка правительства и назначение М. Мишустина новым премьер-министром, воспринятое как неожиданная смена, утверждение в Думе и избрание Мишустина.",26.0
2020-03,2020,3,утверждение премьер-министра сегодня в Думе,"Отставка правительства и назначение М. Мишустина новым премьер-министром, воспринятое как неожиданная смена, утверждение в Думе и избрание Мишустина.",26.0
2020-03,2020,3,избрание Мишустина,"Отставка правительства и назначение М. Мишустина новым премьер-министром, воспринятое как неожиданная смена, утверждение в Думе и избрание Мишустина.",26.0
2020-03,2020,3,"Медведева перевели – жаль, что не выкинули совсем","Отставка правительства и назначение М. Мишустина новым премьер-министром, воспринятое как неожиданная смена, утверждение в Думе и избрание Мишустина.",26.0
2020-03,2020,3,"Обмен ударами между США и Ираном, сложная ситуация на Ближнем Востоке","Обмен ударами между США и Ираном, сложная ситуация на Ближнем Востоке, включая убийство Сулеймани и обострение отношений между Ираном и США.",4.0
2020-03,2020,3,Американцы генерала в Иране взорвали,"Обмен ударами между США и Ираном, сложная ситуация на Ближнем Востоке, включая убийство Сулеймани и обострение отношений между Ираном и США.",4.0
2020-03,2020,3,убийство Сулеймани,"Обмен ударами между США и Ираном, сложная ситуация на Ближнем Востоке, включая убийство Сулеймани и обострение отношений между Ираном и США.",4.0
2020-03,2020,3,Иран и США – обострение отношений,"Обмен ударами между США и Ираном, сложная ситуация на Ближнем Востоке, включая убийство Сулеймани и обострение отношений между Ираном и США.",4.0
2020-03,2020,3,"иранские новости, Ближний Восток","Обмен ударами между США и Ираном, сложная ситуация на Ближнем Востоке, включая убийство Сулеймани и обострение отношений между Ираном и США.",4.0
2020-03,2020,3,Гибель украинского самолета над Ираном,"Гибель украинского самолета над Ираном, сбитого Ираном, что изначально отрицалось украинской стороной.",4.0
2020-03,2020,3,Сбитый украинский “Боинг” над Ираном,"Гибель украинского самолета над Ираном, сбитого Ираном, что изначально отрицалось украинской стороной.",4.0
2020-03,2020,3,“Боинг” подстрелили,"Гибель украинского самолета над Ираном, сбитого Ираном, что изначально отрицалось украинской стороной.",4.0
2020-03,2020,3,"Иран признал, что он сбил украинский самолет, а украинцы уже хотели приписать нас туда","Гибель украинского самолета над Ираном, сбитого Ираном, что изначально отрицалось украинской стороной.",4.0
2020-03,2020,3,"Повышение зарплат, пенсий","Повышение зарплат и пенсий, включая добавки и индексацию.",1.0
2020-03,2020,3,Повышение зарплаты,"Повышение зарплат и пенсий, включая добавки и индексацию.",1.0
2020-03,2020,3,добавка к пенсии,"Повышение зарплат и пенсий, включая добавки и индексацию.",1.0
2020-03,2020,3,индексация пенсий,"Повышение зарплат и пенсий, включая добавки и индексацию.",1.0
2020-03,2020,3,Пожары в Австралии,Пожары в Австралии.,1.0
2020-03,2020,3,Австралия горит,Пожары в Австралии.,1.0
2020-03,2020,3,"Австралия, пожары",Пожары в Австралии.,1.0
2020-03,2020,3,Социальные проблемы россиян,"Социальные проблемы россиян, включая низкие пенсии, рост коммунальных платежей и цен на продукты.",1.0
2020-03,2020,3,"Скажу коротко: пенсию не повышают, коммуналка растет, денег не хватает","Социальные проблемы россиян, включая низкие пенсии, рост коммунальных платежей и цен на продукты.",1.0
2020-03,2020,3,о повышении цен в разных сферах жизни,"Социальные проблемы россиян, включая низкие пенсии, рост коммунальных платежей и цен на продукты.",1.0
2020-03,2020,3,гречка и хлеб подорожали,"Социальные проблемы россиян, включая низкие пенсии, рост коммунальных платежей и цен на продукты.",1.0
2020-03,2020,3,все налоги повышают да новые добавляют,"Социальные проблемы россиян, включая низкие пенсии, рост коммунальных платежей и цен на продукты.",1.0
2020-03,2020,3,Работа властных структур,"Работа властных структур, включая принятие закона о защите животных и законов о насилии.",1.0
2020-03,2020,3,Принятие закона о защите животных,"Работа властных структур, включая принятие закона о защите животных и законов о насилии.",1.0
2020-03,2020,3,закон о насилии,"Работа властных структур, включая принятие закона о защите животных и законов о насилии.",1.0
2020-03,2020,3,ПДД без площадки,"Работа властных структур, включая принятие закона о защите животных и законов о насилии.",1.0
2020-03,2020,3,Спортивные события,"Спортивные события, включая баскетбол, бокс, биатлон и победу хоккейной команды.",1.0
2020-03,2020,3,Баскетбол,"Спортивные события, включая баскетбол, бокс, биатлон и победу хоккейной команды.",1.0
2020-03,2020,3,бокс,"Спортивные события, включая баскетбол, бокс, биатлон и победу хоккейной команды.",1.0
2020-03,2020,3,смотрю биатлон,"Спортивные события, включая баскетбол, бокс, биатлон и победу хоккейной команды.",1.0
2020-03,2020,3,хоккейная команда “Сибирь” выиграла,"Спортивные события, включая баскетбол, бокс, биатлон и победу хоккейной команды.",1.0
2020-03,2020,3,События на Украине,"События на Украине, включая конфликт и переписывание истории.",1.0
2020-03,2020,3,Про Украину,"События на Украине, включая конфликт и переписывание истории.",1.0
2020-03,2020,3,конфликт с Украиной,"События на Украине, включая конфликт и переписывание истории.",1.0
2020-03,2020,3,события на Украине,"События на Украине, включая конфликт и переписывание истории.",1.0
2020-03,2020,3,"Украина, переписывание истории","События на Украине, включая конфликт и переписывание истории.",1.0
2020-03,2020,3,Другие события в России,"Другие события в России, включая Рождество, Крещение, строительство ЦБК, взрыв в Уфе, вырубку леса и коррупцию.",1.0
2020-03,2020,3,Рождество. Крещение,"Другие события в России, включая Рождество, Крещение, строительство ЦБК, взрыв в Уфе, вырубку леса и коррупцию.",1.0
2020-03,2020,3,строительство ЦБК,"Другие события в России, включая Рождество, Крещение, строительство ЦБК, взрыв в Уфе, вырубку леса и коррупцию.",1.0
2020-03,2020,3,взрыв в Уфе,"Другие события в России, включая Рождество, Крещение, строительство ЦБК, взрыв в Уфе, вырубку леса и коррупцию.",1.0
2020-03,2020,3,вырубка леса в Сузунском районе,"Другие события в России, включая Рождество, Крещение, строительство ЦБК, взрыв в Уфе, вырубку леса и коррупцию.",1.0
2020-03,2020,3,забастовки,"Другие события в России, включая Рождество, Крещение, строительство ЦБК, взрыв в Уфе, вырубку леса и коррупцию.",1.0
2020-03,2020,3,"коррупция замначальника таможни, у которого нашли 17 тонн золота и 30 миллионов","Другие события в России, включая Рождество, Крещение, строительство ЦБК, взрыв в Уфе, вырубку леса и коррупцию.",1.0
2020-03,2020,3,Другие события в мире,"Другие события в мире, включая позицию польского парламента, гиперзвуковое оружие США и сделку США с Китаем.",1.0
2020-03,2020,3,"Позиция польского парламента по поводу освобождения Польши. Они приравняли Россию к фашистской Германии, возложили вину","Другие события в мире, включая позицию польского парламента, гиперзвуковое оружие США и сделку США с Китаем.",1.0
2020-03,2020,3,США объявили о гиперзвуковом оружии,"Другие события в мире, включая позицию польского парламента, гиперзвуковое оружие США и сделку США с Китаем.",1.0
2020-03,2020,3,сделка США с Китаем,"Другие события в мире, включая позицию польского парламента, гиперзвуковое оружие США и сделку США с Китаем.",1.0
2020-03,2020,3,китайские эпидемии,"Другие события в мире, включая позицию польского парламента, гиперзвуковое оружие США и сделку США с Китаем.",1.0
2020-04,2020,4,"Затрудняюсь ответить, нет ответа",Респондент затрудняется ответить или не имеет ответа.,39.0
2020-04,2020,4,"Отставка правительства, назначение М. Мишустина новым премьер-министром","Отставка правительства и назначение М. Мишустина новым премьер-министром, формирование нового правительства.",23.0
2020-04,2020,4,Послание В. Путина Федеральному собранию,"Послание В. Путина Федеральному собранию, новые предложения Путина в социальной сфере, введение материнского капитала за первого ребенка.",17.0
2020-04,2020,4,Эпидемия короновируса в Китае,"Эпидемия короновируса в Китае, распространение вируса из Китая.",13.0
2020-04,2020,4,Предстоящие изменения в Конституции,"Предстоящие изменения в Конституции, обсуждение поправок и преобразований.",3.0
2020-04,2020,4,"Мероприятия, посвященные памяти жертвам фашизма","Мероприятия, посвященные памяти жертвам фашизма, форум против геноцида, посещение Холокоста, годовщина прорыва блокады.",3.0
2020-04,2020,4,Напряженная обстановка на Ближнем Востоке,"Напряженная обстановка на Ближнем Востоке, война в Сирии, убийство иранского генерала, атака Ирана на базу США в Ираке.",2.0
2020-04,2020,4,"Аварии, несчастные случаи","Аварии, несчастные случаи, автомобильные аварии, прорыв теплосетей, катастрофы.",1.0
2020-04,2020,4,Работа властных структур,"Работа властных структур, самоотвод губернатора Решетникова, отставка губернатора, выступление Жириновского.",1.0
2020-04,2020,4,Повышение пенсий,"Повышение пенсий, индексация пенсии, обещанные добавки пенсионерам.",1.0
2020-04,2020,4,Землетрясение в Турции,Землетрясение в Турции.,1.0
2020-04,2020,4,Гибель украинского самолета над Ираном,"Гибель украинского самолета над Ираном, сбит самолет в Иране.",1.0
2020-04,2020,4,События на Украине,"События на Украине, начало отношений с Россией.",1.0
2020-04,2020,4,Спортивные события,"Спортивные события, победы в фигурном катании и лыжных гонках.",1.0
2020-04,2020,4,Криминальные события,"Криминальные события, убийства и нападения.",1.0
2020-04,2020,4,"Рост цен, тарифов","Рост цен, тарифов, повышение цен на коммунальные услуги, продукты и ЖКХ.",1.0
2020-04,2020,4,Другие события в России,"Другие события в России, эпидемия из-за воды, митинг по вопросу сноса памятника.",1.0
2020-04,2020,4,Другие события в мире,"Другие события в мире, подписание документа о выходе из “Брексита”, отношения с Белоруссией по поводу газа, пожары в Австралии.",1.0
2020-05,2020,5,"Эпидемия коронавируса в Китае, защитные меры в России против распространения заболевания","Эпидемия коронавируса в Китае, защитные меры в России против распространения заболевания. Респонденты отмечают, что в Китае появилась болезнь, от которой умирают люди. За неделю построили больницу для больных коронавирусом. Тема коронавируса - номер один на федеральных каналах. Закрытие границ с Китаем из-за вируса. Обсуждаются коронавирус и методы борьбы, чтобы не пустить его в Россию.",41.0
2020-05,2020,5,"Затрудняюсь ответить, нет ответа","Затрудняюсь ответить, нет ответа",36.0
2020-05,2020,5,Смена правительства,"Смена правительства. Правительство ушло в отставку. Смена правительства, и остались все те же люди при власти.",10.0
2020-05,2020,5,Предстоящие изменения в социальной политике,"Предстоящие изменения в социальной политике. Выступление Путина о повышении социальных выплат. Выплаты материнского капитала на первого ребенка, увеличение выплат матерям детей до 7 лет. Доплата детям. Питание в школе. Учителям повысят зарплату и 5 тысяч рублей добавят за классное руководство.",3.0
2020-05,2020,5,Предстоящее изменение Конституции,Предстоящее изменение Конституции. Новости про Конституцию. Обновления в Конституции. Обсуждение изменений в Конституции. Поправки к Конституции.,2.0
2020-05,2020,5,Послание В. Путина Федеральному собранию,Послание В. Путина Федеральному собранию. Обращение к Федеральному собранию. Послание президента. Речь Путина.,2.0
2020-05,2020,5,События на Украине,События на Украине. На Украине возбудили уголовное дело против Порошенко. Похороны эсэсовца в Украине.,2.0
2020-05,2020,5,"Аварии, несчастные случаи","Аварии, несчастные случаи. В Петербурге обрушилась крыша спортивно-концертного комплекса. Аварии, ДТП по местным каналам. В Перми авария ЖКХ, подвальное помещение, погибли люди. Прорвало трубы в гостинице.",2.0
2020-05,2020,5,"Рост цен, тарифов, снижение величины прожиточного минимума","Рост цен, тарифов, снижение величины прожиточного минимума. В Москве подорожал проезд в общественном транспорте. Повышение цен, штрафов. Рост цен на услуги ЖКХ. Понижение минимального прожиточного минимума. Прожиточный минимум снизили на тысячу.",1.0
2020-05,2020,5,Напряженная обстановка на Ближнем Востоке,"Напряженная обстановка на Ближнем Востоке. Вокруг Ирана. Ситуация с Палестиной, Йемен. Сирия. США исключили скорый вывод войск из Сирии. То, что США убили в Иране главаря военного и чуть не произошла война.",1.0
2020-05,2020,5,Работа властных структур,Работа властных структур. Путин помиловал израильтянку Нааму Иссахар. Совещание в Красногорске про муниципальные власти. Отказ Кадырова Рамзана от поста. Переход на электронные трудовые книжки. Вступили в силу новые правила увольнения. В Чувашии глава администрации издевался над майором.,1.0
2020-05,2020,5,"Повышение зарплат, пенсий","Повышение зарплат, пенсий. Увеличение зарплаты. Силовикам повысили зарплату. Добавка к пенсии. На тысячу пенсию добавили.",1.0
2020-05,2020,5,"Мероприятия в Израиле, посвященные памяти жертв фашизма","Мероприятия в Израиле, посвященные памяти жертв фашизма. Встреча по случаю освобождения Освенцима. Поездка Путина в Израиль, празднование снятия блокады Ленинграда. В память о Холокосте открытие стелы блокадникам. Открытие памятника в Израиле.",1.0
2020-05,2020,5,Криминальные события,Криминальные события. Завели уголовные дела на сотрудников полиции. В Шереметьево отец бросил двух малолетних детей. Как мальчик избил учителя.,1.0
2020-05,2020,5,Брексит,Брексит. Брексит в Лондоне. Британия вышла из Евросоюза. Выход Великобритании из Евросоюза.,1.0
2020-05,2020,5,Другие события в России,Другие события в России. Выступление главы православной церкви о семье. Названа зарплата Медведева на новой должности. Митинг на Урале. Рост акций “Детского мира” и “Магнита”.,1.0
2020-05,2020,5,Другие события в мире,Другие события в мире. Насильственные действия против мусульман в Китае. О пожаре в Австралии. Погиб Коби Брайант.,1.0
2020-06,2020,6,"Затрудняюсь ответить, нет ответа","Затрудняюсь ответить, нет ответа",46.0
2020-06,2020,6,Эпидемия коронавируса в Китае,"Эпидемия коронавируса в Китае: болезнь, люди заражаются и гибнут, инфекция, паника среди людей, вранье о заболеваемости.",40.0
2020-06,2020,6,Смена правительства,"Смена правительства: Мишустин, ничего не поменялось, министр образования новый, паника от последствий смены правительства, работа нового правительства.",3.0
2020-06,2020,6,Предстоящие изменения в социальной политике,"Предстоящие изменения в социальной политике: будут платить за детей до 7 лет, деньги за первого и второго ребенка, повышение размера пособий на детей, материнский капитал, Путин даст деньги на первого.",2.0
2020-06,2020,6,Предстоящие изменения в политическом устройстве по Конституции,"Предстоящие изменения в политическом устройстве по Конституции: изменения в Конституции, поправки к Конституции, обсуждение поправок в Конституцию, игры с нашей Конституцией.",2.0
2020-06,2020,6,Работа властных структур,"Работа властных структур: заседание Совбеза и правительства, совет по вопросам образования, главу Чувашии сместили, бесплатные лекарства одобрили, запрет весенней охоты на водоплавающую дичь.",2.0
2020-06,2020,6,"Напряженная обстановка в Ливии, на Ближнем Востоке","Напряженная обстановка в Ливии, на Ближнем Востоке: Ливия, вывезли детей из Сирии, падение самолета Украины, отношения Ирана и США, события в Иране.",1.0
2020-06,2020,6,"Встречи, поездки, выступления В. Путина","Встречи, поездки, выступления В. Путина: Обращение Путина к Федеральному собранию, Путин в Череповец приезжал, выступления президента и решения, принятые им, Путин о Трампе.",1.0
2020-06,2020,6,"Аварии, несчастные случаи","Аварии, несчастные случаи: авария на дороге с летальным исходом в Тушино, Хайруллин погиб в аварии вертолета, обрушение спортивного комплекса и гибель рабочего, мальчик пропал в Смоленской области.",1.0
2020-06,2020,6,"Криминальные события, их последствия","Криминальные события, их последствия: орудует маньяк в Южном микрорайоне Хабаровска, убийство педофила в Уфе, человеку дали 15 лет за то, что он убил педофила.",1.0
2020-06,2020,6,Встреча В. Путина и А. Лукашенко в Сочи,"Встреча В. Путина и А. Лукашенко в Сочи: переговоры Путина и Лукашенко, в Сочи встреча Путина с Лукашенко, Путин с Лукашенко играли в хоккей в Сочи, Лукашенко выпрашивал на нефть скидку.",1.0
2020-06,2020,6,События на Украине,"События на Украине: тревожное в Украине, про Украину: президент ведет себя неадекватно, на Украине землю делят, до безобразия гипертрофированное обсуждение проблем Украины.",1.0
2020-06,2020,6,"Рост цен, тарифов, социальные проблемы","Рост цен, тарифов, социальные проблемы: налоги повышают, повышение тарифов, повышение цен на овощи, инвалидам не помогают, медицина для ОМС, а не для людей.",1.0
2020-06,2020,6,"Вспышка гриппа и ОРВИ в России, закрытие школ на карантин","Вспышка гриппа и ОРВИ в России, закрытие школ на карантин: вспышка гриппа, вирус, в Иваново школы все закрыли, эпидемия, закрытие школ на карантин в Челябинске и Кургане.",1.0
2020-06,2020,6,"Повышение выплат, уровня жизни","Повышение выплат, уровня жизни: повышение уровня жизни, повышение пенсии, прибавка к пенсии.",1.0
2020-06,2020,6,Другие события в России,"Другие события в России: выставка Дали, фигурное катание, проверка аптек, закрытие разрезов, предприятий в Кузбассе, нашествие волков в области.",1.0
2020-06,2020,6,Другие события в мире,"Другие события в мире: Белоруссия теперь нефть будет покупать у Америки, бойня в Казахстане межнациональная, массовая стрельба в Таиланде, смерть Коби Брайанта.",1.0
2020-07,2020,7,"Затрудняюсь ответить, нет ответа","Затрудняюсь ответить, нет ответа.",52.0
2020-07,2020,7,Эпидемия коронавируса в Китае,"Эпидемия коронавируса в Китае, включая тестирование вакцины и ситуацию с лайнером в Японии.",28.0
2020-07,2020,7,Обсуждение поправок в Конституцию,"Обсуждение поправок в Конституцию, включая возможные изменения и отношение к ним.",3.0
2020-07,2020,7,Смена правительства,"Смена правительства, включая перевыборы и реформы.",3.0
2020-07,2020,7,Предстоящие изменения в социальной политике,"Предстоящие изменения в социальной политике, включая выплаты на детей и материнский капитал.",3.0
2020-07,2020,7,"Напряженная обстановка в Сирии, Ливии, на Ближнем Востоке","Напряженная обстановка в Сирии, Ливии, на Ближнем Востоке, включая военные действия и падение украинского самолета.",2.0
2020-07,2020,7,Работа властных структур,"Работа властных структур, включая покупку Сбербанка, приезд министра здравоохранения и новые правила.",2.0
2020-07,2020,7,Обострение отношений между Россией и Турцией,"Обострение отношений между Россией и Турцией, включая недоверие и угрозы.",1.0
2020-07,2020,7,События на Украине,"События на Украине, включая ситуацию с Зеленским и Донбассом.",1.0
2020-07,2020,7,"Криминальные события, их последствия","Криминальные события, их последствия, включая дело в Пензе и убийства.",1.0
2020-07,2020,7,"Вспышка гриппа и ОРВИ в России, закрытие школ на карантин","Вспышка гриппа и ОРВИ в России, закрытие школ на карантин.",1.0
2020-07,2020,7,"Аварии, несчастные случаи","Аварии, несчастные случаи, включая аварии в Тамбове и Кемерово.",1.0
2020-07,2020,7,Спортивные события,"Спортивные события, включая лыжные гонки, биатлон и бой Хабиба.",1.0
2020-07,2020,7,"Повышение пенсий, выплат","Повышение пенсий, выплат, включая добавки пенсионерам и выплаты в детском саду.",1.0
2020-07,2020,7,"Встречи, поездки В. Путина","Встречи, поездки В. Путина, включая совещания и встречи с Лукашенко.",1.0
2020-07,2020,7,Социальные проблемы,"Социальные проблемы, включая низкий уровень жизни и проблемы с работой.",1.0
2020-07,2020,7,Отношения между Россией и США,"Отношения между Россией и США, включая негативные высказывания и переделывание истории.",1.0
2020-07,2020,7,Другие события в России,"Другие события в России, включая День влюбленных и расширение парковок.",1.0
2020-07,2020,7,Другие события в мире,"Другие события в мире, включая ситуацию с Беларусью и пожары в Австралии.",1.0
2020-08,2020,8,"Затрудняюсь ответить, нет ответа","Респонденты, затруднившиеся ответить.",51.0
2020-08,2020,8,Эпидемия коронавируса,"Эпидемия коронавируса, распространение по миру, закрытие границ с Китаем, повторные заражения.",26.0
2020-08,2020,8,События на Украине,"Военные действия на Украине, столкновения.",4.0
2020-08,2020,8,Обсуждение поправок в Конституцию,"Обсуждение поправок в Конституцию, голосование по поправкам.",3.0
2020-08,2020,8,"Напряженная обстановка в Сирии, Ливии, на Ближнем Востоке","Напряженная обстановка в Сирии, Ливии, гибель сотрудников центра спецназначения.",3.0
2020-08,2020,8,Работа властных структур,"Действия властей, выкуп акций Сбербанка, отставка Игнатьева, проблемы с лекарствами.",2.0
2020-08,2020,8,"Поездки, действия В. Путина","Визит Путина в Санкт-Петербург, вопросы и ответы Путина.",2.0
2020-08,2020,8,Смена правительства,Смена правительства России.,2.0
2020-08,2020,8,Социальные проблемы,"Повышение цен, низкие зарплаты, низкий уровень жизни.",2.0
2020-08,2020,8,Предстоящие изменения в социальной политике,"Изменения в социальной политике, бесплатное питание, выплаты на детей, увеличение маткапитала.",2.0
2020-08,2020,8,Спортивные события,"Спортивные события, биатлон, лишение медалей, футбол, хоккей.",2.0
2020-08,2020,8,Обострение отношений между Россией и Турцией из-за ситуации в Сирии,"Отношения между Россией и Турцией, конфликт в Сирии.",1.0
2020-08,2020,8,"Криминальные события, их последствия","Криминальные события, стрельба в суде, подготовка взрыва в Керчи.",1.0
2020-08,2020,8,"Аварии, несчастные случаи",Аварии и катастрофы.,1.0
2020-08,2020,8,"Вспышка гриппа и ОРВИ в России, закрытие школ на карантин","Грипп, закрытие школ на карантин.",1.0
2020-08,2020,8,Суд по делу «Сети»,Суд по делу «Сети».,1.0
2020-08,2020,8,"Повышение зарплат, пенсий, выплат","Повышение зарплат, индексация пенсий.",1.0
2020-08,2020,8,"Катаклизмы, природные явления","Катаклизмы, наводнения, аномалии с погодой.",1.0
2020-08,2020,8,Другие события в России,"Присвоение звания генерала, новые дороги.",1.0
2020-08,2020,8,Другие события в мире,"Решение суда по ЮКОСу, скандал с Павленским.",1.0
2020-09,2020,9,"Затрудняюсь ответить, нет ответа","Затрудняюсь ответить, нет ответа",50.0
2020-09,2020,9,Эпидемия коронавируса,"Эпидемия коронавируса, включая распространение, болезнь в Китае и России, ожидание развития ситуации.",30.0
2020-09,2020,9,"Военные действия в Сирии, напряженная обстановка на Ближнем Востоке","Военные действия в Сирии, включая бои и помощь Турции радикалам.",5.0
2020-09,2020,9,"Обсуждение поправок в Конституцию, назначение дня проведения голосования","Обсуждение поправок в Конституцию, включая изменение и голосование по поправкам.",4.0
2020-09,2020,9,Обострение отношений между Россией и Турцией из-за ситуации в Сирии,"Обострение отношений между Россией и Турцией из-за ситуации в Сирии, включая конфликт и противостояние.",2.0
2020-09,2020,9,События на Украине,"События на Украине, включая интерес к ситуации и отказ Зеленского от празднования Дня Победы.",2.0
2020-09,2020,9,Предстоящие изменения в социальной политике,"Предстоящие изменения в социальной политике, включая денежные пособия на детей и материнский капитал.",2.0
2020-09,2020,9,Другие события в России,"Другие события в России, включая суд над ""Сетью"" и смерть Дмитрия Язова.",2.0
2020-09,2020,9,Работа властных структур,"Работа властных структур, включая снижение ипотеки и новый закон в ГАИ.",1.0
2020-09,2020,9,Социальные проблемы,"Социальные проблемы, включая низкий уровень жизни и подорожание продуктов.",1.0
2020-09,2020,9,"Аварии, несчастные случаи","Аварии и несчастные случаи, включая аварии в Крылово и Самаре.",1.0
2020-09,2020,9,Спортивные события,"Спортивные события, включая биатлон и чемпионаты мира.",1.0
2020-09,2020,9,"Встречи, выступления В. Путина","Встречи и выступления В. Путина, включая ответы на вопросы.",1.0
2020-09,2020,9,Смена правительства,"Смена правительства страны, включая назначение Мишустина.",1.0
2020-09,2020,9,Праздники,"Праздники, включая 23 февраля и Масленицу.",1.0
2020-09,2020,9,Криминальные события,"Криминальные события, включая планирование стрельбы в школе в Саратове.",1.0
2020-09,2020,9,Другие события в мире,"Другие события в мире, включая продажу золота в Англию и события в Казахстане.",1.0
2020-10,2020,10,"Затрудняюсь ответить, нет ответа",Респонденты не смогли ответить на вопрос.,50.0
2020-10,2020,10,Эпидемия коронавируса,"Респонденты следили за эпидемией коронавируса, отмечая его распространение из Китая в Европу и Белоруссию, а также искусственное происхождение.",33.0
2020-10,2020,10,"Российско-турецкие отношения, встреча В. Путина с В. Эрдоганом по вопросу о ситуации в Сирии","Респонденты отмечают напряженные отношения между Россией и Турцией, проблемы и переговоры между лидерами стран, включая встречу Путина и Эрдогана, где Эрдоган, возможно, искал милости у Путина.",6.0
2020-10,2020,10,"Обсуждение поправок в Конституцию, назначение дня проведения голосования","Респонденты обсуждают поправки в Конституцию, отмечая изменения и возможное вмешательство, а также назначение дня голосования.",4.0
2020-10,2020,10,Военные действия в Сирии,"Респонденты отмечают активность и войну в Сирии, а также общую обстановку в стране.",3.0
2020-10,2020,10,"Аварии, несчастные случаи","Респонденты сообщают о ДТП, аварийной посадке самолета в Самаре и утонувших мальчиках в Лазаревском.",2.0
2020-10,2020,10,События на Украине,Респонденты отмечают последние события на Украине и проблемы с приемом людей из-за вируса.,2.0
2020-10,2020,10,"Поездки, выступления В. Путина","Респонденты отмечают частые выступления Путина, включая ""20 вопросов Путину"", беседу с журналистом и обещания, а также приезд в Иваново.",1.0
2020-10,2020,10,Предстоящие изменения в социальной политике,"Респонденты отмечают бесплатное питание в школе, продление декретных до семи лет и увеличение выплат за первого ребенка.",1.0
2020-10,2020,10,Спортивные события,"Респонденты отмечают биатлон, оправдание биатлонистов, футбол, чемпионат России и победу ""Спартака"", а также выход барнаульских хоккеистов в полуфинал.",1.0
2020-10,2020,10,"Рост цен, снижение курса рубля","Респонденты отмечают рост цен на хлеб и бензин, а также снижение курса доллара.",1.0
2020-10,2020,10,Работа властных структур,"Респондентам нравится работа Мишустина вместо Медведева, выступление Сергея Иванова и отмена индексации пенсий работающим пенсионерам, а также налог на собак.",1.0
2020-10,2020,10,Праздники,"Респонденты отмечают 8 Марта, Масленицу и подготовку к праздникам.",1.0
2020-10,2020,10,"Повышение пенсий, дополнительные выплаты",Респонденты отмечают добавки к пенсиям и выплаты участникам войны в размере 50-75 тысяч.,1.0
2020-10,2020,10,Другие события в России,"Респонденты отмечают открытие парка в Москве, выдачу денег на бизнес в Удмуртии и предотвращение теракта, а также убийство младенца.",1.0
2020-10,2020,10,Другие события в мире,"Респонденты отмечают падение цен на нефть, смену логотипа БМВ и споры между арабскими странами.",
2020-11,2020,11,Эпидемия коронавируса,"Обсуждение эпидемии коронавируса, пандемии, страха болезни, мер предосторожности, распространения в России и других странах.",43.0
2020-11,2020,11,"Затрудняюсь ответить, нет ответа","Респонденты, которые затрудняются ответить или не имеют ответа.",39.0
2020-11,2020,11,"Обсуждение поправок в Конституцию, назначение дня проведения голосования","Обсуждение реформы Конституции, изменений и дополнений, голосования за Конституцию.",10.0
2020-11,2020,11,"Снижение курса рубля, рост цен","Обсуждение падения курса рубля, роста цен, курса доллара.",5.0
2020-11,2020,11,Поправка Терешковой о президентских сроках,"Обсуждение поправки Терешковой о сроке Путина, продлении президентского срока, обнулении срока президента.",4.0
2020-11,2020,11,Падение цен на нефть,"Обсуждение падения цен на нефть, снижения котировок нефти.",3.0
2020-11,2020,11,"Поездки, выступления В. Путина","Обсуждение работы и выступлений Путина, его встреч с Мишустиным.",1.0
2020-11,2020,11,Работа властных структур,"Обсуждение заботы правительства о здоровье, реформ, деятельности Мишустина, штрафов на машину.",1.0
2020-11,2020,11,"Повышение пенсий, дополнительные выплаты","Обсуждение детских выплат, пособий, материнского капитала.",1.0
2020-11,2020,11,"Военные действия в Сирии, встреча В. Путина с Р. Эрдоганом по вопросу о ситуации в Сирии","Обсуждение конфликта в Сирии, встречи Путина с Эрдоганом и переговоров по ситуации в Сирии.",1.0
2020-11,2020,11,События на Украине,"Обсуждение событий на Украине, в Донбассе.",1.0
2020-11,2020,11,Спортивные события,"Обсуждение спортивных событий, отмены футбольных матчей и единоборств из-за коронавируса.",1.0
2020-11,2020,11,Другие события в России,"Обсуждение нищеты в России, задолженности по заработной плате, суда над Харви Вайнштейном, погодных аномалий.",1.0
2020-11,2020,11,Другие события в мире,"Обсуждение международного кризиса, обвала рынков, отказа стран ОПЕК сохранить сделку, митинга во Франции.",1.0
2020-12,2020,12,Пандемия коронавируса,"Пандемия коронавируса, характеризующаяся эпидемией в Европе и России, паникой, закрытием границ, карантинами в школах и отменой футбольных матчей. Скрывается информация о распространении коронавируса по России.",55.0
2020-12,2020,12,"Затрудняюсь ответить, нет ответа",Респонденты затрудняются ответить или не дают ответа.,32.0
2020-12,2020,12,"Обсуждение поправок в Конституцию, назначение дня проведения голосования","Обсуждение поправок в Конституцию России, инициированных президентом. Конституционный суд признал их законными. Голосование за поправки. Поправки делаются не в пользу народа. Конституционный переворот.",9.0
2020-12,2020,12,"Рост цен, снижение курса рубля","Рост доллара, падение рубля, рост цен на товары в России. Подъем доллара и падение рубля. Доллар растет. Повышение цен на все, особенно в магазинах.",4.0
2020-12,2020,12,"Падение цен на нефть, обвал фондовых рынков","Падение цен на нефть, нефтяные котировки, падение фондового рынка, обвал рынка, срыв сделки с ОПЕК. Ситуация с нефтью в Саудовской Аравии.",3.0
2020-12,2020,12,"Поездки, выступления В. Путина","""20 вопросов Путину"", диалог Путина с корреспондентом, поездка Путина в Крым, Путин приезжал в Иваново.",1.0
2020-12,2020,12,Работа властных структур,"Мусорная реформа, национальные проекты.",1.0
2020-12,2020,12,События на Украине,"Обстановка на Украине, продолжение военных действий на Донбассе, Украина.",1.0
2020-12,2020,12,Дефицит продуктов,"Ажиотаж подняли, в магазинах крупу скупают, отсутствие крупы и муки в магазинах, почему-то в магазинах расхватывают продукты, в городе нет стерильных масок в аптеках.",1.0
2020-12,2020,12,Военные действия в Сирии,"Сирия – конфликт, положение в Сирии, Сирия.",1.0
2020-12,2020,12,Предстоящие изменения в социальной политике,"Изменения в маткапитале, материнский капитал за второго ребенка повышается, и будут платить пособия на детей с трех до семи лет, президентские детские, питание в школах.",1.0
2020-12,2020,12,Другие события в России,"Военные учения в Воронеже, Орловский форум, попытка рейдерского захвата совхоза им. Ленина, председатель Грудинин, пожары, сгорели дети в нашем городе, уменьшение популяции желтобрюхих лягушек в Южном Зауралье.",1.0
2020-12,2020,12,Другие события в мире,"В Америке и Англии хорошие выплаты, пособия, с Турцией договорились по-мирному.",
2020-13,2020,13,Пандемия коронавируса,"Коронавирус: о нем больше всего разговоров по телевидению и интернету; одно событие – эпидемия коронавируса; это коронавирус: кругом по Европе и везде борьба с ним; уровень заболеваемости коронавирусом в России и в мире в целом; неправильная оценка ситуации о коронавирусе, искусственное создание паники телеканалами новостей; психоз нагнетается из-за коронавируса.",68.0
2020-13,2020,13,"Затрудняюсь ответить, нет ответа","Затрудняюсь ответить, нет ответа",16.0
2020-13,2020,13,"Карантин, нерабочая неделя, другие ограничительные меры в России в связи с коронавирусом","Ограничительные меры в связи с коронавирусом; необходимость перейти на работу дома; сидим на карантине; нерабочая неделя; люди работать не будут, стараемся дома сидеть; рабочим пенсионерам отменили льготный проезд; нельзя выходить пенсионерам, маму мою задержали в автобусе; закрытие курортов и всех развлечений; то, что закрывают города.",12.0
2020-13,2020,13,"Внесение поправок в Конституцию, отмена дня голосования","Поправки в Конституцию; изменения в Конституции; наверное, об изменении Конституции; обнуление срока президентства; изменение дня голосования за конституционные поправки.",8.0
2020-13,2020,13,Обращение В. Путина к гражданам в связи с пандемией коронавируса,"Обращение Путина к народу; обращение Путина к нации; выступление президента; указ Путина о мерах коронавируса; Путин выступил и пообщался с людьми, поддержал всех. Молодец; последняя речь Путина мне понравилась очень. И вообще мне нравятся все его речи.",6.0
2020-13,2020,13,Предстоящие изменения в социальной политике,"Повышение зарплаты; повышение пенсии; пособие пенсионерам увеличили, увеличение пособий в целом; повернулись лицом к детям и женщинам по поводу доплат; социальные вопросы о помощи многодетным и бедным; закон о детских от 3 до 7 лет; материнский капитал за первого ребёнка; поддержка семей выплаты семьям через материнский капитал.",4.0
2020-13,2020,13,"Рост цен, снижение курса рубля","Поднялись цены на продукты; цены на продукты: ажиотаж, паника; бензин дорожает; финансовый кризис; падение рубля; доллар растет; проблема с валютой.",3.0
2020-13,2020,13,Помощь Италии в борьбе с коронавирусом,"Отправка помощи в Италию; гуманитарная помощь Италии; наших военврачей послали в Италию; о том, что гуманитарная помощь, предоставленная Россией Италии, оказалась на 80% ненужная.",2.0
2020-13,2020,13,Введение налога на банковские вклады,"Налог, если вклады составляют больше миллиона, и на проценты будет 13% налога; подоходный налог со вкладов свыше миллиона рублей ввели с 2021 года; дополнительное обложение банковских средств; вклады обложили налогами – несовершенная налоговая система.",2.0
2020-13,2020,13,Падение цен на нефть,Обесценилась нефть; цены на нефть; резко подешевела нефть; нефть дешевеет.,1.0
2020-13,2020,13,События на Украине,"Ситуация на Украине; война на Украине, печалит очень эта неразбериха; Украина – их скатывание вниз, теряют свое лицо.",1.0
2020-13,2020,13,Другие события в России,Демонстрация в пользу Немцова; освобождение Юлии Цветковой из-под домашнего ареста; недоплачивают пенсионерам.,1.0
2020-13,2020,13,Другие события в мире,"Соревнования, место проведения Олимпиады; что происходит в Сирии.",1.0
2020-14,2020,14,"Пандемия коронавируса, реакция людей на нее","Пандемия коронавируса, реакция людей на нее. Эпидемия, пандемия все новости про нее; инфекция, которая поразила нас всех; коронавирус привлек внимание, волнуемся за людей, детей; неблагоприятная обстановка по заболеванию, радует, что многое делается по преодолению заболевания; этот коронавирус, мне как-то страшновато; коронавирус на психику действует; психоз по поводу эпидемии.",58.0
2020-14,2020,14,"Карантин, продление нерабочих дней, другие ограничительные меры в России в связи с коронавирусом","Карантин, продление нерабочих дней, другие ограничительные меры в России в связи с коронавирусом. Введено положение самоизоляции; о коронавирусе, о нерабочем оплачиваемом отпуске до 30 апреля; выплаты социальной помощи и оплата труда на карантине; продление выходных на месяц, ограничение передвижения; выходные, из-за которых люди не могут работать; всю страну посадили на целый месяц практически в тюрьму.",22.0
2020-14,2020,14,"Затрудняюсь ответить, нет ответа","Затрудняюсь ответить, нет ответа.",16.0
2020-14,2020,14,Обращение В. Путина к гражданам в связи с эпидемией коронавируса,"Обращение В. Путина к гражданам в связи с эпидемией коронавируса. Два обращения Путина к народу; выступление президента вчера; обращение президента; то, что Владимир Путин переживает за всех за нас.",4.0
2020-14,2020,14,"Тяжелое положение людей, их материальные проблемы в связи с продлением нерабочих дней","Тяжелое положение людей, их материальные проблемы в связи с продлением нерабочих дней. Обнищание страны; нищета народа; отсутствие работы у людей; нет соцподдержки от государства; введение карантина, но не введение ЧС. Как кормить людям детей?; в связи с коронавирусом нет денег у людей; для всех большой шок – сидеть дома без работы, без денег. У среднего класса накоплений нет, очень трудно выживать в таких условиях.",4.0
2020-14,2020,14,"Внесение поправок в Конституцию, отмена дня голосования","Внесение поправок в Конституцию, отмена дня голосования. Обновление в Конституцию; поправки к Конституции; новые поправки, голосование за новые поправки; незаконные изменения в Конституции; перенос голосования по изменению в Конституции; перенесение голосования по внесению изменений в Конституцию.",3.0
2020-14,2020,14,Помощь России другим странам в борьбе с коронавирусом,"Помощь России другим странам в борьбе с коронавирусом. Мы помогаем Италии и США; что самолеты улетели у нас 15 самолетов улетели в Италию с медикаментами, помогать итальянцам; самолет улетел у нас в Америку, помощь им сделали, Путин помог. Великодушный человек; не нравится, что помогают зарубежным странам.",3.0
2020-14,2020,14,Работа властных структур,Работа властных структур. Выступления Мишустина; смена нашего главы Республики Коми; Илюхин подал в отставку; снятие с поста губернатора Архангельской области; Воробьев уделил внимание пенсионерам; принятие закона о налоге с вклада свыше миллиона.,3.0
2020-14,2020,14,Падение цен на нефть,Падение цен на нефть. Скачки нефти на биржах; падение нефти; упала цена на нефть; цены на нефть.,2.0
2020-14,2020,14,Другие события в России,Другие события в России. Взрыв в Подмосковье; день рождения Первого канала; повышение социальных выплат.,2.0
2020-14,2020,14,"Рост цен, снижение курса рубля","Рост цен, снижение курса рубля. О ценах, которые поднимаются; про цены. Все говорят “будем следить”, но никто не следит; падение рубля; доллар растет.",1.0
2020-14,2020,14,Другие события в мире,Другие события в мире. Мировой экономический кризис; Лукашенко выступал; перенос “Евровидения”.,
2020-15,2020,15,"Пандемия коронавируса, реакция людей на нее","Пандемия коронавируса, реакция людей на нее. Респонденты отмечают, что это главная тема, вирус по стране, статистика по всему миру и в России.",58.0
2020-15,2020,15,"Затрудняюсь ответить, нет ответа","Затрудняюсь ответить, нет ответа",18.0
2020-15,2020,15,"Карантин, продление нерабочих дней, другие ограничительные меры в России в связи с коронавирусом","Карантин, продление нерабочих дней, другие ограничительные меры в России в связи с коронавирусом. Респонденты отмечают продление карантина до 30 апреля, каникулы, QR-коды, пропуска, ограничения на работу, усиление нарядов полиции, закрытие городов.",12.0
2020-15,2020,15,Недовольство ситуацией в стране в связи с карантином,"Недовольство ситуацией в стране в связи с карантином. Респонденты отмечают отсутствие внимания к населению, отсутствие поддержки гражданам, проблемы малого бизнеса, остановку работы, высокие цены на маски, отсутствие бесплатных тестов.",5.0
2020-15,2020,15,"Падение цен на нефть, переговоры России со странами ОПЕК+","Падение цен на нефть, переговоры России со странами ОПЕК+. Респонденты отмечают низкую цену на нефть, провал ОПЕК по сокращению добычи, переговоры России и Саудовской Аравии о нефти.",5.0
2020-15,2020,15,"Выплаты, льготы социально незащищенным группам населения","Выплаты, льготы социально незащищенным группам населения. Респонденты отмечают помощь населению, поддержку людей правительством, соцпособия, выплаты врачам, ветеранам войны и старикам, семьям, людям, потерявшим работу, безработным, малоимущим, детям, выплаты на первого ребенка, пособия многодетным и на детей до 7 лет.",4.0
2020-15,2020,15,"Рост цен, снижение курса рубля","Рост цен, снижение курса рубля. Респонденты отмечают рост доллара, повышение стоимости продуктов, подорожание бензина.",4.0
2020-15,2020,15,Обращения В. Путина к гражданам в связи с эпидемией коронавируса,"Обращения В. Путина к гражданам в связи с эпидемией коронавируса. Респонденты отмечают обращение Путина к народу, о продлении самоизоляции, видеоконференцию с главами регионов.",4.0
2020-15,2020,15,Работа властных структур,"Работа властных структур. Респонденты отмечают меры по стабилизации экономики, покупку государством акций Сбербанка, увольнение губернатора.",3.0
2020-15,2020,15,"Проблемы образования, дистанционного обучения в связи с карантином","Проблемы образования, дистанционного обучения в связи с карантином. Респонденты отмечают проблемы с дистанционным обучением, особенно в начальной школе, вопросы о завершении школы и экзаменах.",2.0
2020-15,2020,15,"Внесение поправок в Конституцию, отмена дня голосования","Внесение поправок в Конституцию, отмена дня голосования. Респонденты отмечают изменение Конституции, поправки в Конституцию, незаконное изменение Конституции, отмену выборов.",2.0
2020-15,2020,15,Другие события в России,"Другие события в России. Респонденты отмечают болезнь Бабкиной, выздоровление Лещенко, пожар в Москве.",2.0
2020-15,2020,15,Помощь России другим странам в борьбе с коронавирусом,"Помощь России другим странам в борьбе с коронавирусом. Респонденты отмечают помощь другим странам, когда своим людям нужна помощь, помощь с медмасками и препаратами.",1.0
2020-15,2020,15,Другие события в мире,"Другие события в мире. Респонденты отмечают болезнь Бориса Джонсона, отсутствие карантина в Белоруссии, спад экономики.",1.0
2020-16,2020,16,"Пандемия коронавируса, реакция людей на нее","Обсуждение пандемии коронавируса, включая количество заболевших и умерших, готовность к ней, распространение, рост заболеваемости в России и нагнетание паники.",57.0
2020-16,2020,16,"Затрудняюсь ответить, нет ответа","Респонденты, которые затруднились ответить или не дали ответа.",20.0
2020-16,2020,16,"Карантин, продление нерабочих дней, другие ограничительные меры в России в связи с коронавирусом","Обсуждение ограничений по передвижению и выходу из дома, самоизоляции и карантинных мер, введения карантина на неограниченный срок, введения пропускного режима в Москве и ужесточения мер.",14.0
2020-16,2020,16,"Выплаты, льготы социально незащищенным группам населения","Обсуждение поддержки всех слоев населения, выплат тем, кто потерял работу, компенсаций безработным, помощи детям до трех лет, детских единовременных пособий и социальных льгот малоимущим, многодетным и пенсионерам.",6.0
2020-16,2020,16,Обращения В. Путина к гражданам в связи с эпидемией коронавируса,"Обсуждение выступлений Путина по поводу действий в отношении эпидемии коронавируса, ненагнетания паники, освещения работы врачей и отсутствия помощи простым людям.",3.0
2020-16,2020,16,Недовольство действиями властей в связи с эпидемией коронавируса,"Обсуждение введения самоизоляции без введения карантина, введения штрафов за нарушение карантина, негодования по самоизоляции, возмущения поведением власти и ограничения прав граждан.",3.0
2020-16,2020,16,Бедственное положение людей из-за мер по борьбе с эпидемией коронавируса,"Обсуждение отсутствия средств существования на время самоизоляции, посадки на изоляцию без выплат, невозможности работать, отсутствия средств для кормления детей и отсутствия выплат заработных средств людям, работающим неофициально.",2.0
2020-16,2020,16,"Внесение поправок в Конституцию, отмена дня голосования","Обсуждение внесения поправок в Конституцию, голосования по поводу Конституции и отмены голосования.",2.0
2020-16,2020,16,Работа властных структур,"Обсуждение прихода Мишустина к власти, работы правительства РФ в текущих условиях и выделения денег на дополнительные заявки от губернаторов.",1.0
2020-16,2020,16,Поддержка малого и среднего бизнеса,"Обсуждение решения правительства по поводу малого и среднего бизнеса, поддержки малого бизнеса и социальных мер поддержки предпринимателей.",1.0
2020-16,2020,16,"Ситуация в экономике, рост цен","Обсуждение роста цен на продукты, газ и свет, экономического кризиса и экономической ситуации в стране, курса доллара и тревоги по поводу экономики.",1.0
2020-16,2020,16,"Проблемы образования, дистанционного обучения в связи с карантином","Обсуждение ситуации в школе, дистанционного обучения, проблем с образованием и сдачи ЕГЭ.",1.0
2020-16,2020,16,"Падение цен на нефть, договоренность России со странами ОПЕК+ о выходе из этой ситуации","Обсуждение ситуации на нефтяном рынке, сделки с Саудовской Аравией и договоренности по добыче нефти.",1.0
2020-16,2020,16,Снижение ставки по ипотеке,"Обсуждение снижения ставки по ипотеке, ипотеки под 6% и снижения процента по ипотеке.",1.0
2020-16,2020,16,Перенос празднования Дня Победы и праздничного парада,Обсуждение переноса празднования Дня Победы и отмены парада к 75-летию Победы.,1.0
2020-16,2020,16,Строительство больниц,Обсуждение строительства 16 медицинских центров в короткие сроки и строительства клиники в Москве.,1.0
2020-16,2020,16,Другие события в мире,"Обсуждение информации по Сирии и Украине, чернобыльской зоны, вулкана в Индонезии и планов Трампа по присоединению Луны к США.",1.0
2020-16,2020,16,Другие события в России,Обсуждение компенсации потребительских кредитов граждан и перевернувшегося бензовоза.,
2020-17,2020,17,"Пандемия коронавируса, реакция людей на нее","Обсуждение пандемии коронавируса, ее развития в России и за рубежом, математических моделей сроков окончания эпидемии, нагнетания информации, роста заболеваемости и смертности.",50.0
2020-17,2020,17,"Затрудняюсь ответить, нет ответа",Респонденты не смогли ответить на вопрос.,27.0
2020-17,2020,17,"Карантин, продление нерабочих дней, другие ограничительные меры в России в связи с коронавирусом","Введение пропускной системы в Москве, продление карантина, запрет на свободное перемещение, закрытие въезда и выезда в Москву и Московскую область.",9.0
2020-17,2020,17,"Падение цен на нефть, договоренность России со странами ОПЕК+ о выходе из этой ситуации","Изменения с нефтью, падение цен на нефть, нефть стала вниз расти, это, с одной стороны, хорошо, падение стоимости нефти, цены на нефть, нефтяная война.",4.0
2020-17,2020,17,Недовольство действиями властей в связи с эпидемией коронавируса,"Волнение на Кавказе, штрафами пугают, полицией – долой полицейское государство, забастовки в связи с потерей работы, незаконная самоизоляция, полицейским разрешили стрелять по любому поводу, штрафы ни за что людям.",3.0
2020-17,2020,17,Бедственное положение людей из-за мер по борьбе с эпидемией коронавируса,"Безработица и финансовые проблемы людей, люди не работают, денег нет. У людей планка достатка понизится, нет возможности зарабатывать, люди без работы, безработица из-за коронавируса, у людей нет работы и средств к существованию.",3.0
2020-17,2020,17,"Ситуация в экономике, рост цен","Доллар подскочил, акции упали, рубль падает, рынок обвалился, бензин дорожает, экономика – что будет дальше, как мы будем жить, падение доллара, экономика разваливается, проблемы в экономике.",3.0
2020-17,2020,17,"Выплаты, льготы социально незащищенным группам населения","Благотворительность для малоимущих, помощь народу России от президента, премьера и всего правительства, детям до 5 лет выделяется помощь, пайки, добавили выплаты на детей, помогают людям, старикам, деньги одиноким, многодетным, помощь населению России от правительства и государства.",3.0
2020-17,2020,17,Работа властных структур,"Исполнение губернаторами своих обязанностей, нововведения о действиях полиции, по пенсионному фонду неправильное решение правительства, связанные с работой нашего правительства, закон о расширении прав полиции.",2.0
2020-17,2020,17,Обращения В. Путина к гражданам в связи с эпидемией коронавируса,"Выступление В. Путина о невыполнении его постановлений, выступление президента о режиме самоизоляции, его действия, из Ново-Огарева Путина показывают целый день, реформы, которые создает Путин, указы президента.",1.0
2020-17,2020,17,"Проблемы образования, дистанционного обучения в связи с карантином","Вопрос с дистанционным обучением, об образовании детей дистанционном, у меня волосы дыбом, онлайн-обучение меня не устраивает, учебный год закончить раньше, в 11 классе ребенок – что по экзаменам, по ЕГЭ?.",1.0
2020-17,2020,17,События на Украине,"Обсуждают Украину, пожар в Чернобыле, положение на Украине, ситуация с Украиной, Украина пустила ракеты, что происходит в Украине, и что хотят идти на Крым.",1.0
2020-17,2020,17,"Внесение поправок в Конституцию, отмена дня голосования","Поправки в Конституцию, поправки в Конституции переносят, поправки в Конституцию ужасные, принятие Конституции, ее поправки, про Конституцию.",1.0
2020-17,2020,17,Отсутствие помощи людям в связи с самоизоляцией,"Беспокоит то, что ни одно обещание президента, озвученное в СМИ, никем не выполняется, было обещано освободить граждан от оплаты ЖКХ, но граждане Башкирии не освобождаются, отказ банков помогать гражданам, помощь от Путина не оказана как многодетной маме, сказали, будут оказывать помощь, но по факту ее нет.",1.0
2020-17,2020,17,Поддержка малого и среднего бизнеса,"Второй пакет мер о поддержке бизнеса, касаемо того, что помочь малому бизнесу, послабления бизнесу, поддержка бизнеса, поддержка бизнеса формальная.",1.0
2020-17,2020,17,Лесные пожары в России,"Пожары в лесу, пожар, горят леса в Сибири, в Забайкалье, пожары страшные, везде там на Дальнем Востоке, события, связанные с лесными пожарами, пожар в Сибири, леса горят.",1.0
2020-17,2020,17,Неготовность медучреждений к эпидемии,"Все говорят, что больницы готовы к приему для больных коронавирусом, хотя я сама с ребенком лежу там, и нет никаких условий, ребенка заразили коронавирусом, никто не готов к эпидемии, в больнице инфекционной нет отделения, отсутствие врачей, нехватка больничных мест, в регионах стационары находятся в крайне плохом состоянии, отсутствие у медперсонала средств защиты.",1.0
2020-17,2020,17,Снижение ставки по ипотеке,"Ипотека 6%, про ипотеку, снижение процента по ипотеке, условия по отсрочке выплат по ипотеке.",1.0
2020-17,2020,17,Другие события в России,"Возмутило, что 9 Мая перенесли на 3 сентября, люди не соблюдают карантин и ходят без масок, это ни к чему хорошему не приведет, несоответствие информации в СМИ с реальностью, о приютах, где собаки, от том, что тяжело, надо помогать, голодают животные, повышение зарплаты медицинским работникам, которые работают с пациентами, которые болеют коронавирусом, повышение пенсии, повышение преступности, то, что строят больницы для людей, пострадавших от вируса, у нас благоустраивается, высаживаются деревья, стал чистый город.",1.0
2020-17,2020,17,Другие события в мире,"Информация про семью Ротшильдов и их взаимосвязь с Путиным. Путин планирует отойти от их владычества в мире, события в Северной Корее, у американцев еда заканчивается.",1.0
2020-19,2020,19,"Пандемия коронавируса, реакция людей на нее","Пандемия коронавируса, распространяющаяся с большой скоростью, ухудшение ситуации, рост заболеваемости, большое количество погибших.",41.0
2020-19,2020,19,"Затрудняюсь ответить, нет ответа",Респондент не смог ответить на вопрос.,31.0
2020-19,2020,19,"Карантин, продление нерабочих дней, другие ограничительные меры в России в связи с коронавирусом","Введение самоизоляции, пропускного режима, обязательного ношения масок, продление режима самоизоляции, штрафы за неношение перчаток.",13.0
2020-19,2020,19,"Празднование Дня Победы, перенос празднования","Организация праздника 9 Мая, отмена парада, красивый пролет самолетов, салют, “Бессмертный полк”, песни, домашнее празднование 9 Мая.",9.0
2020-19,2020,19,"Выплаты, льготы социально незащищенным группам населения","Выплаты по потере работы, забота о людях, врачах, выплаты семьям с детьми, доплаты пенсионерам и детям-инвалидам, выплата 5 тысяч рублей малоимущим детям, социальное обслуживание населения.",3.0
2020-19,2020,19,Обращения В. Путина к гражданам в связи с эпидемией коронавируса,"Выступления президента, совещания у Путина, конференции Путина 6 мая, последнее выступление Путина.",2.0
2020-19,2020,19,"Бедственное положение людей из-за мер по борьбе с эпидемией коронавируса, безработица","Безработица из-за коронавируса, остановка работы, обеднение людей, отсутствие рабочих мест, долги растут, жизнь на пенсию.",2.0
2020-19,2020,19,Отсутствие помощи людям в связи с самоизоляцией,"Отсутствие денежной поддержки населения, государство не помогает, медикам не выплачивают обещанные выплаты, не выплачиваются пособия в связи с коронавирусом, обещают 2 тысячи выплатить и никак не выплачивают, обещают отсрочку ипотеки, а по факту ничего нет, никому ничего не платят.",2.0
2020-19,2020,19,"Ситуация в экономике, рост цен","Экономика в плачевном состоянии, экономическое падение, повышение цен, цены растут.",2.0
2020-19,2020,19,Другие события в мире,"Парад Победы в Белоруссии, Лукашенко попросил поляков, чтобы они предоставили им нефть, возобновление чемпионата по футболу в Германии, снос памятника Коневу, наши военные моют улицы в других странах.",2.0
2020-19,2020,19,Работа властных структур,"Введение налогов на наши денежные средства, выступления Грефа, высказывания МИД, Захаровой о том, что людям, у которых нет денег для выезда за рубеж, нечего там делать, отставка мэра Нижнего Новгорода.",1.0
2020-19,2020,19,Внесение поправок в Конституцию,"Изменения в Конституции, поправки в Конституции, голосование за изменения и поправки в Конституцию, голосование за Конституцию.",1.0
2020-19,2020,19,Заболевание премьер-министра М. Мишустина,"Болезнь главы правительства, заболел Михаил Мишустин, у премьера обнаружили коронавирус.",1.0
2020-19,2020,19,"Введение дистанционного обучения в связи с карантином, проблемы в образовании","Вопросы образования и учебы на удалёнке, образование: система дает сбои, некачественное, досрочное окончание учебного года, информация об экзаменах и окончании учебного года.",1.0
2020-19,2020,19,Падение цен на нефть,"События, связанные с новостями о нефти, ситуация с нефтью, упадок нефти, то, что рухнула нефть.",1.0
2020-19,2020,19,Подготовка больниц к приему больных коронавирусом,"Вопросы о том, что открываются новые больницы, об обеспечении медиков средствами индивидуальной защиты, развитие медицины – строительство новых медицинских учреждений, развитие “скорых”, до деревни даже дошло.",1.0
2020-19,2020,19,Недовольство действиями властей в связи с эпидемией коронавируса,"Полиция выписывает незаконные штрафы людям, не соблюдающим меры самоизоляции, лишили нас права на труд.",1.0
2020-19,2020,19,Лесные пожары,"Пожары, пожары в Забайкальском крае, пожары на востоке.",1.0
2020-19,2020,19,Другие события в России,"Арест Анатолия Быкова, помощь бизнесу, сняли с эфира программу “Бесогон” на канале “Россия”.",1.0
2020-20,2020,20,"Затрудняюсь ответить, нет ответа",Респонденты не смогли назвать никакие события.,33.0
2020-20,2020,20,"Пандемия коронавируса, реакция людей на нее","Общая ситуация с коронавирусом, включая статистику заболевших и выздоровевших, а также мнения о происхождении вируса и его влиянии на экономику.",29.0
2020-20,2020,20,Одна тема – коронавирус,Общая ситуация с коронавирусом.,29.0
2020-20,2020,20,про обстановку с вирусом,Общая ситуация с коронавирусом.,29.0
2020-20,2020,20,новости про коронавирус,Общая ситуация с коронавирусом.,29.0
2020-20,2020,20,"Выплаты, льготы социально незащищенным группам населения","Государственная поддержка социально незащищенных групп населения, включая семьи с детьми, в связи с пандемией.",15.0
2020-20,2020,20,Выплаты из-за пандемии,"Государственная поддержка социально незащищенных групп населения, в связи с пандемией.",15.0
2020-20,2020,20,выплаты новых пособий,"Государственная поддержка социально незащищенных групп населения, в связи с пандемией.",15.0
2020-20,2020,20,"выплаты социальные, помощь от государства","Государственная поддержка социально незащищенных групп населения, в связи с пандемией.",15.0
2020-20,2020,20,"государственная поддержка для семей, детей","Государственная поддержка социально незащищенных групп населения, в связи с пандемией.",15.0
2020-20,2020,20,поддержка для детей: компенсация и матподдержка для населения,"Государственная поддержка социально незащищенных групп населения, в связи с пандемией.",15.0
2020-20,2020,20,"поддержка детей в такой обстановке, семьи мало-обеспеченные поддерживают","Государственная поддержка социально незащищенных групп населения, в связи с пандемией.",15.0
2020-20,2020,20,выплаты для детей,"Государственная поддержка социально незащищенных групп населения, в связи с пандемией.",15.0
2020-20,2020,20,выплата детям от 3 до 16 лет,"Государственная поддержка социально незащищенных групп населения, в связи с пандемией.",15.0
2020-20,2020,20,Постепенная отмена ограничительных мер в связи с коронавирусом,"Постепенное снятие ограничений, введенных в связи с пандемией коронавируса, и возвращение к нормальной жизни.",8.0
2020-20,2020,20,О частичной отмене изоляции,"Постепенное снятие ограничений, введенных в связи с пандемией коронавируса, и возвращение к нормальной жизни.",8.0
2020-20,2020,20,разрешили выходить из дома – первый этап выхода из карантина,"Постепенное снятие ограничений, введенных в связи с пандемией коронавируса, и возвращение к нормальной жизни.",8.0
2020-20,2020,20,заканчивается карантин,"Постепенное снятие ограничений, введенных в связи с пандемией коронавируса, и возвращение к нормальной жизни.",8.0
2020-20,2020,20,завершение карантина,"Постепенное снятие ограничений, введенных в связи с пандемией коронавируса, и возвращение к нормальной жизни.",8.0
2020-20,2020,20,"отмена карантина и меры выхода из карантина, восстановление транспортного сообщения","Постепенное снятие ограничений, введенных в связи с пандемией коронавируса, и возвращение к нормальной жизни.",8.0
2020-20,2020,20,закончился период неработы предприятий,"Постепенное снятие ограничений, введенных в связи с пандемией коронавируса, и возвращение к нормальной жизни.",8.0
2020-20,2020,20,выход на работу с 12 мая,"Постепенное снятие ограничений, введенных в связи с пандемией коронавируса, и возвращение к нормальной жизни.",8.0
2020-20,2020,20,"то, что сейчас всё открывается после коронавируса","Постепенное снятие ограничений, введенных в связи с пандемией коронавируса, и возвращение к нормальной жизни.",8.0
2020-20,2020,20,о снятии карантина в Московской области,"Постепенное снятие ограничений, введенных в связи с пандемией коронавируса, и возвращение к нормальной жизни.",8.0
2020-20,2020,20,Обращения В. Путина к гражданам в связи с эпидемией коронавируса,"Обращения президента к населению в связи с пандемией, оценка его работы и принимаемых мер.",6.0
2020-20,2020,20,Путин заботится о своем народе,"Обращения президента к населению в связи с пандемией, оценка его работы и принимаемых мер.",6.0
2020-20,2020,20,"работа президента в данный момент, его совещания с правительством, его указания, его контроль мне нравится","Обращения президента к населению в связи с пандемией, оценка его работы и принимаемых мер.",6.0
2020-20,2020,20,"Путин выступает, его люблю","Обращения президента к населению в связи с пандемией, оценка его работы и принимаемых мер.",6.0
2020-20,2020,20,речь Путина 11 числа,"Обращения президента к населению в связи с пандемией, оценка его работы и принимаемых мер.",6.0
2020-20,2020,20,обращение президента от 11 мая,"Обращения президента к населению в связи с пандемией, оценка его работы и принимаемых мер.",6.0
2020-20,2020,20,"обращение к людям Путина, уважение к людям – всё для народа он делает","Обращения президента к населению в связи с пандемией, оценка его работы и принимаемых мер.",6.0
2020-20,2020,20,"интервью Путина, где одно вранье, не соответствующее действительности","Обращения президента к населению в связи с пандемией, оценка его работы и принимаемых мер.",6.0
2020-20,2020,20,"Карантин, продление нерабочих дней, другие ограничительные меры в России в связи с коронавирусом","Действующие карантинные меры и ограничения, введенные в связи с пандемией, и их влияние на жизнь людей.",6.0
2020-20,2020,20,"Нерабочие дни, самоизоляция","Действующие карантинные меры и ограничения, введенные в связи с пандемией, и их влияние на жизнь людей.",6.0
2020-20,2020,20,продление карантина,"Действующие карантинные меры и ограничения, введенные в связи с пандемией, и их влияние на жизнь людей.",6.0
2020-20,2020,20,запрет на перемещение в связи с коронавирусом,"Действующие карантинные меры и ограничения, введенные в связи с пандемией, и их влияние на жизнь людей.",6.0
2020-20,2020,20,ситуация с пропусками и продление нерабочих дней,"Действующие карантинные меры и ограничения, введенные в связи с пандемией, и их влияние на жизнь людей.",6.0
2020-20,2020,20,коронавирус: маски надо одевать и перчатки,"Действующие карантинные меры и ограничения, введенные в связи с пандемией, и их влияние на жизнь людей.",6.0
2020-20,2020,20,всё заточено на карантине и штрафах,"Действующие карантинные меры и ограничения, введенные в связи с пандемией, и их влияние на жизнь людей.",6.0
2020-20,2020,20,"штрафы, которые за перчатки и за маски","Действующие карантинные меры и ограничения, введенные в связи с пандемией, и их влияние на жизнь людей.",6.0
2020-20,2020,20,"то, что не снимают карантин с Москвы","Действующие карантинные меры и ограничения, введенные в связи с пандемией, и их влияние на жизнь людей.",6.0
2020-20,2020,20,"Назначение выплат медикам, работающим с коронавирусом, скандал в связи с их невыплатами","Проблемы с выплатами обещанных пособий медицинским работникам, борющимся с коронавирусом.",5.0
2020-20,2020,20,Пособия медикам,"Проблемы с выплатами обещанных пособий медицинским работникам, борющимся с коронавирусом.",5.0
2020-20,2020,20,оплата медицинским работникам,"Проблемы с выплатами обещанных пособий медицинским работникам, борющимся с коронавирусом.",5.0
2020-20,2020,20,"о зарплате медикам, которые работают с больными коронавирусом","Проблемы с выплатами обещанных пособий медицинским работникам, борющимся с коронавирусом.",5.0
2020-20,2020,20,медикам затянули с выплатой,"Проблемы с выплатами обещанных пособий медицинским работникам, борющимся с коронавирусом.",5.0
2020-20,2020,20,невыплаты врачам,"Проблемы с выплатами обещанных пособий медицинским работникам, борющимся с коронавирусом.",5.0
2020-20,2020,20,"скандал с выплатой медицинским работникам, работающими с COVID-19","Проблемы с выплатами обещанных пособий медицинским работникам, борющимся с коронавирусом.",5.0
2020-20,2020,20,что медиками обещали выплатить денежку и не выплатили. Я возмущена!,"Проблемы с выплатами обещанных пособий медицинским работникам, борющимся с коронавирусом.",5.0
2020-20,2020,20,"муж работает в скорой помощи. Должны были заплатить, но никто ничего не заплатил. И не будут платить","Проблемы с выплатами обещанных пособий медицинским работникам, борющимся с коронавирусом.",5.0
2020-20,2020,20,"то, что не выплатили деньги врачам, которые борются с эпидемией. Врач получил в Мурманской области 130 рублей","Проблемы с выплатами обещанных пособий медицинским работникам, борющимся с коронавирусом.",5.0
2020-20,2020,20,"Празднование Дня Победы, перенос празднования","Перенос празднования Дня Победы и связанные с этим события, такие как авиационный пролет и онлайн-мероприятия.",3.0
2020-20,2020,20,"Празднование 9 Мая, Дня Победы","Перенос празднования Дня Победы и связанные с этим события, такие как авиационный пролет и онлайн-мероприятия.",3.0
2020-20,2020,20,День Победы и трансляция,"Перенос празднования Дня Победы и связанные с этим события, такие как авиационный пролет и онлайн-мероприятия.",3.0
2020-20,2020,20,"насчет 9 Мая: будет переноситься, обязательно будет парад","Перенос празднования Дня Победы и связанные с этим события, такие как авиационный пролет и онлайн-мероприятия.",3.0
2020-20,2020,20,"огорчило, что не было празднования Дня Победы","Перенос празднования Дня Победы и связанные с этим события, такие как авиационный пролет и онлайн-мероприятия.",3.0
2020-20,2020,20,"празднование Дня Победы: авиационный пролет, песни с балконов, “Бессмертный полк"" в интернете, салют, общение с людьми, у которых кто-то погиб на войне","Перенос празднования Дня Победы и связанные с этим события, такие как авиационный пролет и онлайн-мероприятия.",3.0
2020-20,2020,20,участники Великой Отечественной войны должны быть в “Бессмертном полку”,"Перенос празднования Дня Победы и связанные с этим события, такие как авиационный пролет и онлайн-мероприятия.",3.0
2020-20,2020,20,Недовольство действиями властей в связи с эпидемией коронавируса,"Критика действий властей на местном и региональном уровнях в связи с пандемией коронавируса, включая проблемы с реализацией мер поддержки.",3.0
2020-20,2020,20,Скорее не совсем удачная борьба с нынешней эпидемией,"Критика действий властей на местном и региональном уровнях в связи с пандемией коронавируса, включая проблемы с реализацией мер поддержки.",3.0
2020-20,2020,20,проблемы с воплощением центральных директив на местах,"Критика действий властей на местном и региональном уровнях в связи с пандемией коронавируса, включая проблемы с реализацией мер поддержки.",3.0
2020-20,2020,20,региональное решение по ситуации с коронавирусом. Некомпетентность местных властей в обстановке коронавируса,"Критика действий властей на местном и региональном уровнях в связи с пандемией коронавируса, включая проблемы с реализацией мер поддержки.",3.0
2020-20,2020,20,"не будут помогать гражданам, которые на изоляции","Критика действий властей на местном и региональном уровнях в связи с пандемией коронавируса, включая проблемы с реализацией мер поддержки.",3.0
2020-20,2020,20,"пособие на ребенка нельзя получить, удаленно сдав документы, хотя обещали удаленно","Критика действий властей на местном и региональном уровнях в связи с пандемией коронавируса, включая проблемы с реализацией мер поддержки.",3.0
2020-20,2020,20,Работа властных структур,"Обсуждение работы властных структур, включая финансовую помощь экономике и национализацию рубля.",2.0
2020-20,2020,20,С финансовой помощью для экономики,"Обсуждение работы властных структур, включая финансовую помощь экономике и национализацию рубля.",2.0
2020-20,2020,20,национализировать рубль – программа Белоусова,"Обсуждение работы властных структур, включая финансовую помощь экономике и национализацию рубля.",2.0
2020-20,2020,20,смена Мишутина Белоусовым – хороший мужчина,"Обсуждение работы властных структур, включая финансовую помощь экономике и национализацию рубля.",2.0
2020-20,2020,20,запреты на охоту,"Обсуждение работы властных структур, включая финансовую помощь экономике и национализацию рубля.",2.0
2020-20,2020,20,Другие события в России,"Различные события в России, включая заболевание ковидом всего правительства и оказание финансовой помощи предприятиям.",2.0
2020-20,2020,20,Заболевание ковидом всего правительства,"Различные события в России, включая заболевание ковидом всего правительства и оказание финансовой помощи предприятиям.",2.0
2020-20,2020,20,оказание финансовой помощи предприятиям,"Различные события в России, включая заболевание ковидом всего правительства и оказание финансовой помощи предприятиям.",2.0
2020-20,2020,20,забастовки,"Различные события в России, включая заболевание ковидом всего правительства и оказание финансовой помощи предприятиям.",2.0
2020-20,2020,20,сроки начала курортного сезона в Сочи,"Различные события в России, включая заболевание ковидом всего правительства и оказание финансовой помощи предприятиям.",2.0
2020-20,2020,20,нечем прокормить семью и что будет дальше,"Различные события в России, включая заболевание ковидом всего правительства и оказание финансовой помощи предприятиям.",2.0
2020-20,2020,20,"то, что погибли люди при использовании некачественных аппаратов вентиляции легких в больнице Святого Георгия в Петербурге","Различные события в России, включая заболевание ковидом всего правительства и оказание финансовой помощи предприятиям.",2.0
2020-20,2020,20,Другие события в мире,"Различные мировые события, включая отправку ракеты в Индию и начало футбола в Германии.",2.0
2020-20,2020,20,"Китай отправил ракету в Индию, Трамп ввел санкции против Китая, Европа активно снимает ограничения по самоизоляции","Различные мировые события, включая отправку ракеты в Индию и начало футбола в Германии.",2.0
2020-20,2020,20,открытие границ с Турцией на лечение,"Различные мировые события, включая отправку ракеты в Индию и начало футбола в Германии.",2.0
2020-20,2020,20,начало футбола в Германии,"Различные мировые события, включая отправку ракеты в Индию и начало футбола в Германии.",2.0
2020-20,2020,20,что Беларусь купила нефть у Америки,"Различные мировые события, включая отправку ракеты в Индию и начало футбола в Германии.",2.0
2020-20,2020,20,в Америке китайцев стали избивать,"Различные мировые события, включая отправку ракеты в Индию и начало футбола в Германии.",2.0
2020-20,2020,20,"Введение дистанционного обучения в связи с карантином, проблемы в образовании","Введение дистанционного обучения и связанные с этим проблемы, включая вопросы, касающиеся ЕГЭ и ОГЭ.",1.0
2020-20,2020,20,"Вопросы, касающиеся ЕГЭ","Введение дистанционного обучения и связанные с этим проблемы, включая вопросы, касающиеся ЕГЭ и ОГЭ.",1.0
2020-20,2020,20,информация об ОГЭ и ЕГЭ и об окончании учебного года,"Введение дистанционного обучения и связанные с этим проблемы, включая вопросы, касающиеся ЕГЭ и ОГЭ.",1.0
2020-20,2020,20,окончание учебного года школ и в целом образование,"Введение дистанционного обучения и связанные с этим проблемы, включая вопросы, касающиеся ЕГЭ и ОГЭ.",1.0
2020-20,2020,20,"отмена ЕГЭ и экзаменов, образование","Введение дистанционного обучения и связанные с этим проблемы, включая вопросы, касающиеся ЕГЭ и ОГЭ.",1.0
2020-20,2020,20,досрочное окончание учебного года,"Введение дистанционного обучения и связанные с этим проблемы, включая вопросы, касающиеся ЕГЭ и ОГЭ.",1.0
2020-20,2020,20,отмена экзаменов для 9-го класса,"Введение дистанционного обучения и связанные с этим проблемы, включая вопросы, касающиеся ЕГЭ и ОГЭ.",1.0
2020-20,2020,20,Подготовка больниц к приему больных коронавирусом,Строительство новых инфекционных больниц и госпиталей для приема больных коронавирусом.,1.0
2020-20,2020,20,Строительство инфекционных больниц,Строительство новых инфекционных больниц и госпиталей для приема больных коронавирусом.,1.0
2020-20,2020,20,постройка новых госпиталей по коронавирусу,Строительство новых инфекционных больниц и госпиталей для приема больных коронавирусом.,1.0
2020-20,2020,20,госпитали построили,Строительство новых инфекционных больниц и госпиталей для приема больных коронавирусом.,1.0
2020-20,2020,20,"молодцы наши военные, которые помогают со строительством госпиталей",Строительство новых инфекционных больниц и госпиталей для приема больных коронавирусом.,1.0
2020-20,2020,20,"Ситуация в экономике, рост цен","Общая экономическая ситуация, включая рост цен и безработицы.",1.0
2020-20,2020,20,Экономика – растет безработица,"Общая экономическая ситуация, включая рост цен и безработицы.",1.0
2020-20,2020,20,экономический кризис,"Общая экономическая ситуация, включая рост цен и безработицы.",1.0
2020-20,2020,20,падение цен на нефть,"Общая экономическая ситуация, включая рост цен и безработицы.",1.0
2020-20,2020,20,о ценах – рост,"Общая экономическая ситуация, включая рост цен и безработицы.",1.0
2020-20,2020,20,Внесение поправок в Конституцию,Обсуждение поправок в Конституцию и предстоящего голосования.,1.0
2020-20,2020,20,Про Конституцию,Обсуждение поправок в Конституцию и предстоящего голосования.,1.0
2020-20,2020,20,"о том, что надо голосовать за изменения в Конституции",Обсуждение поправок в Конституцию и предстоящего голосования.,1.0
2020-20,2020,20,референдум по Конституции,Обсуждение поправок в Конституцию и предстоящего голосования.,1.0
2020-20,2020,20,"про поправки, срок сидеть до пожизненного – про Путина",Обсуждение поправок в Конституцию и предстоящего голосования.,1.0
2020-20,2020,20,Высказывание Д. Трампа о победе во Второй мировой войне,Заявления Дональда Трампа о роли США во Второй мировой войне и их восприятие в России.,1.0
2020-20,2020,20,Трамп о Победе,Заявления Дональда Трампа о роли США во Второй мировой войне и их восприятие в России.,1.0
2020-20,2020,20,заявления Трампа о победе в войне,Заявления Дональда Трампа о роли США во Второй мировой войне и их восприятие в России.,1.0
2020-20,2020,20,"разговоры о роли Советского Союза в победе над Германией, и не нравится позиция США",Заявления Дональда Трампа о роли США во Второй мировой войне и их восприятие в России.,1.0
2020-20,2020,20,"американцы фейки делают насчет Великой Отечественной войны – изменить историю хотят, всех возмущают",Заявления Дональда Трампа о роли США во Второй мировой войне и их восприятие в России.,1.0
2020-20,2020,20,Стихийные бедствия,"Обсуждение стихийных бедствий, таких как пожары и наводнения, и мер по их предотвращению.",1.0
2020-20,2020,20,Пожары и наводнения,"Обсуждение стихийных бедствий, таких как пожары и наводнения, и мер по их предотвращению.",1.0
2020-20,2020,20,"события с природными аномалиями или поджогами, наводнения, какие принимаются меры","Обсуждение стихийных бедствий, таких как пожары и наводнения, и мер по их предотвращению.",1.0
2020-20,2020,20,лес поджигали,"Обсуждение стихийных бедствий, таких как пожары и наводнения, и мер по их предотвращению.",1.0
2020-20,2020,20,"горят леса на Дальнем Востоке, Сибири","Обсуждение стихийных бедствий, таких как пожары и наводнения, и мер по их предотвращению.",1.0
2020-20,2020,20,"затопление в Якутии, паводок","Обсуждение стихийных бедствий, таких как пожары и наводнения, и мер по их предотвращению.",1.0
2020-21,2020,21,"Затрудняюсь ответить, нет ответа",Респонденты не смогли ответить на вопрос.,40.0
2020-21,2020,21,"Пандемия коронавируса, реакция людей на нее","Обсуждение пандемии коронавируса, включая количество заболевших и выздоровевших, поиск вакцины, очаговые проявления, смертность, а также недостоверную информацию и сомнения в существовании вируса.",34.0
2020-21,2020,21,"Выплаты, льготы социально незащищенным группам населения","Обсуждение мероприятий помощи населению, включая материальные выплаты, поддержку в связи с карантином, помощь детям и многодетным семьям, а также соцвыплаты педагогам.",10.0
2020-21,2020,21,"Карантин, ограничительные меры в России в связи с коронавирусом, постепенное снятие этих мер","Обсуждение введения масочно-перчаточного режима, продления карантина, введения штрафов за несоблюдение самоизоляции, выхода из самоизоляции и снятия пропускного режима.",8.0
2020-21,2020,21,"Выплаты медикам, нарушения, связанные с выплатами","Обсуждение выплат медработникам, проблем с выплатами, злоупотреблений денежными средствами и невыплаты обещанных премиальных.",4.0
2020-21,2020,21,Обращения В. Путина к гражданам в связи с эпидемией коронавируса,"Обсуждение выступлений президента, предпринятых действий и неисполнения указаний.",2.0
2020-21,2020,21,Работа властных структур,"Обсуждение изменений в избирательном законодательстве, поправок в законы, выступлений губернаторов и принятия законов о поведении чиновников.",2.0
2020-21,2020,21,"Внесение поправок в Конституцию, предстоящее всенародное голосование по этим поправкам",Обсуждение поправок в Конституцию и предстоящего голосования.,2.0
2020-21,2020,21,"Дистанционное обучение в связи с карантином, вопрос о сдаче экзаменов","Обсуждение окончания учебного года, онлайн-обучения, переноса ЕГЭ и отмены ОГЭ.",2.0
2020-21,2020,21,Другие события в России,"Обсуждение ""Бесогон"" Михалкова, ареста Быкова, суда по делу пилота ""Суперджета"", возросшего количества недовольств, бунта в колонии, криминала, взрывающихся аппаратов ИВЛ, премий ""Книга.Ру"" и ""Лицей"", пожаров в больницах Зеленодольска и строительства приемников для бродячих собак.",2.0
2020-21,2020,21,События на Украине,"Обсуждение событий на Донбассе, политики в Донецке и Луганске, предательства Порошенко и разговора Порошенко с Байденом.",1.0
2020-21,2020,21,"Отсутствие помощи людям в связи с самоизоляцией, невыполнение обязательств","Обсуждение бездействия в улучшении жизни населения, неисполнения выплат, поддержки, не дошедшей до предпринимателей, и невыплаты пенсий.",1.0
2020-21,2020,21,"Ситуация в экономике, рост цен","Обсуждение обрушения экономики, финансового кризиса, падения рубля и роста цен.",1.0
2020-21,2020,21,"Празднование Дня Победы, перенос парада","Обсуждение празднования Дня Победы, уважения и переноса парада.",1.0
2020-21,2020,21,"Бедственное положение людей из-за мер по борьбе с эпидемией коронавируса, безработица",Обсуждение безработицы и проблем с деньгами и работой.,1.0
2020-21,2020,21,Помощь бизнесу,"Обсуждение помощи бизнесу, поддержки предпринимательства и выделения средств.",1.0
2020-21,2020,21,Природные катаклизмы в России,"Обсуждение пожаров, наводнений и вулкана на Дальнем Востоке.",1.0
2020-21,2020,21,Другие события в мире,"Обсуждение выхода Трампа из договора по открытому небу, восстановления положительных балансов по нефти в Америке и самолета в Пакистане с жертвами.",1.0
2020-22,2020,22,"Затрудняюсь ответить, нет ответа","Респонденты, которые затруднились ответить или не дали ответа.",38.0
2020-22,2020,22,"Пандемия коронавируса, реакция людей на нее","Обсуждение пандемии коронавируса, включая рост заболеваемости, поиск вакцины и общее недовольство темой.",33.0
2020-22,2020,22,"Ограничительные меры в России в связи с коронавирусом, постепенное снятие этих мер","Обсуждение ограничительных мер, таких как карантин и масочный режим, а также постепенное снятие ограничений и введение режима прогулок.",12.0
2020-22,2020,22,"Выплаты, льготы социально незащищенным группам населения","Обсуждение социальных выплат и поддержки, предоставляемой социально незащищенным группам населения, включая выплаты по безработице и семьям с детьми.",8.0
2020-22,2020,22,Перенос парада в честь 75-летия Победы и акции «Бессмертный полк»,"Обсуждение переноса парада Победы и акции «Бессмертный полк», включая объявление новых дат проведения.",4.0
2020-22,2020,22,Работа властных структур,"Обсуждение работы властных структур, включая возвращение Мишустина к работе, назначение губернатора Брянской области и объединение НАО и Архангельска.",2.0
2020-22,2020,22,"Внесение поправок в Конституцию, предстоящее голосование по этим поправкам","Обсуждение поправок к Конституции и предстоящего голосования по ним, включая отношение к этим изменениям.",2.0
2020-22,2020,22,Волнения в США после убийства афроамериканца полицейским,"Обсуждение событий в США, связанных с убийством афроамериканца полицейским и последовавшими беспорядками.",2.0
2020-22,2020,22,Выступления и распоряжения В. Путина в связи с эпидемией коронавируса,"Обсуждение заявлений, совещаний, приказов и постановлений Путина, связанных с эпидемией коронавируса.",2.0
2020-22,2020,22,"Бедственное положение людей из-за мер по борьбе с эпидемией коронавируса, безработица",Обсуждение бедственного положения людей из-за мер по борьбе с эпидемией коронавируса и безработицы.,2.0
2020-22,2020,22,Другие события в России,Обсуждение ареста журналиста в одиночном пикете и перевода мэра Владивостока в СИЗО.,2.0
2020-22,2020,22,"Выплаты медикам, нарушения, связанные с выплатами","Обсуждение выплат медикам, включая повышение зарплат и нарушения, связанные с выплатами.",1.0
2020-22,2020,22,Запуск в США космического корабля,Обсуждение запуска космического корабля американцами.,1.0
2020-22,2020,22,Природные катаклизмы в России,"Обсуждение природных катаклизмов в России, включая паводки, пожары и ураганы.",1.0
2020-22,2020,22,События на Украине,Обсуждение политических событий на Украине и военных действий в Донбассе.,1.0
2020-22,2020,22,Другие события в мире,"Обсуждение решения Эрдогана не покупать нефть из ""Южного потока"" и суждений Трампа о болезни.",1.0
2020-23,2020,23,"Затрудняюсь ответить, нет ответа",Респонденты затрудняются ответить или не имеют ответа.,36.0
2020-23,2020,23,"Пандемия коронавируса, реакция людей на нее","Обсуждение пандемии коронавируса, текущего состояния, международной ситуации, цифр о коронавирусе, вопросов о сроках окончания, снижения смертности и увеличения заболеваемости.",23.0
2020-23,2020,23,Экологическая катастрофа в Норильске,"Обсуждение экологической катастрофы в Норильске, аварии с нефтепродуктами, разлива нефти или топлива в тундре, коллапса и халатного отношения к этому.",16.0
2020-23,2020,23,Волнения в США после убийства афроамериканца полицейским,"Обсуждение ситуации с убитым парнем в Америке, волнений, протестов и демонстраций в США.",9.0
2020-23,2020,23,"Ограничительные меры в России в связи с коронавирусом, постепенное снятие этих мер","Обсуждение карантина и его окончания, продления карантина, прогулок по районам, смягчения самоизоляции, ослабления ограничений в Москве и Московской области, снятия ограничений и запрета на выезд за границу.",9.0
2020-23,2020,23,"Предстоящее голосование по поправкам в Конституцию, порядок голосования","Обсуждение назначенного голосования о поправке, порядка голосования за изменения в Конституцию, голосования против и принятия Конституции без мнения граждан.",7.0
2020-23,2020,23,"Выплаты, льготы социально незащищенным группам населения","Обсуждение социальных выплат, повышения пособий, выдачи пособий, заботы о человеке, помощи родителям детей 3–16 лет и до 3 лет, выплаты всем детям по 10 тысяч и индексации работающим пенсионерам.",5.0
2020-23,2020,23,Природные катаклизмы в России,"Обсуждение аномальных погодных явлений, пожаров в стране, наводнений, ураганов на Урале, торнадо в Чечне и смерча над страной.",2.0
2020-23,2020,23,Перенос на 24 июня парада Победы,"Обсуждение парада Победы, празднования Дня Победы и подготовки к параду.",2.0
2020-23,2020,23,Другие события в России,"Обсуждение отмены ОГЭ, футбола и смерти жены Андрея Норкина Юлии.",2.0
2020-23,2020,23,Работа властных структур,"Обсуждение рассмотрения законов по налогам, нового налога с зарплаты на безработицу, бесплатного подключения газа, продажи алкоголя до 19 часов и отмены лимита скорости 20 км в час.",1.0
2020-23,2020,23,"Изобретение вакцины от коронавируса, обсуждение обязательности вакцинации","Обсуждение изобретения вакцины против вируса, создания вакцины, вакцинации от ковида, принудительной вакцинации от КОВИД-19 и обсуждения в Госдуме закона об обязательной вакцинации.",1.0
2020-23,2020,23,"Преступления, аресты","Обсуждение ареста Платошкина, убийства в Екатеринбурге за рулон обоев, убийства мальчика 8 лет и ареста бизнесмена Быкова.",1.0
2020-23,2020,23,Выплаты медикам,"Обсуждение оплаты медикам и выплат медработникам, работающим на передовой.",1.0
2020-23,2020,23,Выступления и распоряжения В. Путина в связи с эпидемией коронавируса,"Обсуждение помощи Путина народу, изменений, о которых Путин рассказывал, помощи детям, помощи России, выступление Путина о выплатах и против открытия внешних границ с другими государствами.",1.0
2020-23,2020,23,"Бедственное положение людей из-за мер по борьбе с эпидемией коронавируса, безработица","Обсуждение обстановки, связанной с коронавирусом, при которой многие не могут найти работу, бедных людей, роста цен из-за эпидемии и безработицы.",1.0
2020-23,2020,23,Запуск в США спускаемого космического корабля с космонавтами,"Обсуждение старта нового американского корабля, запуска космического корабля в США и запуска многоразового корабля Илона Маска.",1.0
2020-23,2020,23,Другие события в мире,"Обсуждение поиска Трампом виновных в вирусе, освещения событий в Сирии, гуманитарной помощи и событий в Белоруссии.",1.0
2020-24,2020,24,"Затрудняюсь ответить, нет ответа",Респонденты затрудняются ответить или не дают ответа.,34.0
2020-24,2020,24,"Пандемия коронавируса, связанные с ней новости","Новости, связанные с пандемией COVID-19, включая происхождение вируса, борьбу с ним, вторую волну в Китае, и уменьшение числа заболевших.",18.0
2020-24,2020,24,"ДТП с участием М. Ефремова, отклики на это событие","Смертельное ДТП на Садовом кольце с участием М. Ефремова, сбившего человека насмерть в нетрезвом виде, и реакция общественности на это событие.",13.0
2020-24,2020,24,"Ограничительные меры в России в связи с коронавирусом, постепенное снятие этих мер","Отмена пропусков, окончание самоизоляции для пенсионеров, открытие торговых центров, начало работы предприятий, баров, ресторанов, открытие курортных сезонов, снятие карантина в Москве и продление режима самоизоляции в Санкт-Петербурге.",12.0
2020-24,2020,24,"Предстоящее голосование по поправкам в Конституцию, материалы об этом в СМИ","Предстоящее голосование по поправкам в Конституцию, включая дату голосования, рекламу поправок, назойливую агитацию и выпуск государственных роликов о поправках.",11.0
2020-24,2020,24,Экологическая катастрофа в Норильске,"Экологическая катастрофа в Норильске, включая разлив нефти и аварию на Севере под Норильском.",7.0
2020-24,2020,24,Волнения в США после убийства афроамериканца полицейским,"Беспорядки в Штатах, связанные с убийством афроамериканца полицейским, включая расовые волнения, захват кварталов и бомбы.",6.0
2020-24,2020,24,"Выплаты, льготы социально незащищенным группам населения","Выплаты пенсионерам и детям, пособия на детей и пособия безработным, увеличение минималки и меры поддержки населения в связи с коронавирусом.",5.0
2020-24,2020,24,Работа властных структур,"Заболевание Мишустина коронавирусом и его возвращение, законы в связи с коронавирусом, налоги и перестановки руководителей, постановления губернатора Воробьёва.",2.0
2020-24,2020,24,"Перенос на 24 июня парада в честь 75-летия Победы, подготовка к параду",Перенос парада Победы на 24 июня и подготовка к нему.,2.0
2020-24,2020,24,Природные катаклизмы в России,"Наводнения и пожары в различных регионах России, включая Краснодарский край, Сибирь, Ульяновск и Ленинград.",2.0
2020-24,2020,24,Другие события в России,"День города Севастополя, День России, вопрос по сдаче экзаменов, проценты ипотеки стали меньше, забастовка шахтеров на шахте Комсомольска.",2.0
2020-24,2020,24,Другие события в мире,"События в Ливии и Сирии, рост и падение рынка акций, биржи, расследование Нидерландов по поводу подрыва самолета.",2.0
2020-24,2020,24,Выступления и распоряжения В. Путина,"Выступления и распоряжения В. Путина, включая борьбу с вирусом, помощь людям без работы и выплаты медикам.",1.0
2020-24,2020,24,Криминальные события,"Криминальные события, включая расстрел подозреваемого в краже обоев.",1.0
2020-24,2020,24,"Выплаты медикам, проблемы с их выдачей","Выплаты медикам, включая доплаты и проблемы с их выдачей.",1.0
2020-24,2020,24,Освящение главного храма Вооруженных сил России в подмосковном военно-патриотическом парке «Патриот»,Освящение главного храма Вооруженных сил России.,1.0
2020-24,2020,24,"Изобретение вакцины от коронавируса, обсуждение обязательности вакцинации",Изобретение вакцины от коронавируса и обсуждение обязательности вакцинации.,1.0
2020-25,2020,25,"Затрудняюсь ответить, нет ответа","Респонденты, которые затруднились ответить или не дали ответа.",43.0
2020-25,2020,25,"Пандемия коронавируса, связанные с ней новости","Обсуждение пандемии коронавируса, включая новости о заболевших, выздоравливающих, а также опасения по поводу повторных волн и ситуации в Китае.",20.0
2020-25,2020,25,"Предстоящее голосование по поправкам в Конституцию, порядок голосования","Обсуждение предстоящего голосования по поправкам в Конституцию, включая вопросы о порядке голосования, правах пенсионеров, детей, учебы, работы, а также обнулении сроков президента.",14.0
2020-25,2020,25,"Ограничительные меры в России в связи с коронавирусом, постепенное снятие этих мер","Обсуждение ограничительных мер в России в связи с коронавирусом, включая проблемы с транспортом, продажей масок, продлением самоизоляции и карантина, а также постепенное снятие ограничений и открытие курортов.",6.0
2020-25,2020,25,Волнения в США после убийства афроамериканца полицейским,"Обсуждение волнений в США после убийства афроамериканца полицейским, включая протесты, митинги, поджоги и избиения чернокожих.",5.0
2020-25,2020,25,Экологическая катастрофа в Норильске,"Обсуждение экологической катастрофы в Норильске, включая разлив нефтепродуктов и ущерб природе.",5.0
2020-25,2020,25,Предстоящий парад в честь 75-летия Победы,"Обсуждение предстоящего парада в честь 75-летия Победы, включая вопросы о памяти о ветеранах и переносе парада.",4.0
2020-25,2020,25,"ДТП с участием М. Ефремова, отклики на это событие","Обсуждение ДТП с участием М. Ефремова, включая вопросы о состоянии опьянения, гибели человека и оскорблениях Ефремова.",3.0
2020-25,2020,25,"Выплаты, льготы социально незащищенным группам населения","Обсуждение выплат и льгот социально незащищенным группам населения, включая индексацию пенсии, выплаты пенсионерам и помощь детям.",3.0
2020-25,2020,25,"Выступления и распоряжения В. Путина, интервью и публикация статьи о начале войны","Обсуждение выступлений и распоряжений В. Путина, включая интервью и публикацию статьи о начале войны.",2.0
2020-25,2020,25,Природные катаклизмы в России,"Обсуждение природных катаклизмов в России, включая погодные аномалии, потопы, пожары и град.",2.0
2020-25,2020,25,Криминальные события,"Обсуждение криминальных событий, включая убийства, самоубийства и криминальную обстановку в регионах.",2.0
2020-25,2020,25,Другие события в России,"Обсуждение других событий в России, включая возбуждение уголовного дела на Навального, смерть главы Чувашии, юбилей Юрия Соломина, подорожание бензина и выдачу аттестатов.",2.0
2020-25,2020,25,Другие события в мире,"Обсуждение других событий в мире, включая выборы президента Белоруссии, самолеты НАТО на границах, конфликт между Индией и Китаем и возобновление чемпионата Англии по футболу.",2.0
2020-25,2020,25,"Выплаты медикам, проблемы с их выдачей","Обсуждение выплат медикам, включая проблемы с заработной платой и премиями.",1.0
2020-25,2020,25,"Изобретение вакцины от коронавируса, обсуждение обязательности вакцинации",Обсуждение изобретения вакцины от коронавируса и вопросов обязательной вакцинации.,1.0
2020-25,2020,25,"Снижение ключевой ставки ЦБ РФ до 4,5% годовых","Обсуждение снижения ключевой ставки ЦБ РФ до 4,5% годовых.",1.0
2020-26,2020,26,"Затрудняюсь ответить, нет ответа",Респондент не смог назвать никакие события.,37.0
2020-26,2020,26,"Подготовка к голосованию по поправкам в Конституцию, голосование","Обсуждение поправок в Конституцию, процесс голосования, изменения в Конституции, электронное голосование.",21.0
2020-26,2020,26,Парад Победы 24 июня,"Парад в честь Победы, гордость за Россию, празднование 75-летия в Москве.",14.0
2020-26,2020,26,"Пандемия коронавируса, связанные с ней новости","Коронавирус идет на спад, Россия достойно вышла из вируса, события о пандемии продолжаются.",13.0
2020-26,2020,26,"Выплаты, льготы социально незащищенным группам населения","Помощь и выплаты гражданам в связи с коронавирусом, вопросы выплат для неработающих граждан, помощь детям, семьям.",10.0
2020-26,2020,26,"Выступления В. Путина, интервью и публикация статьи о начале войны","Выступления В. Путина, обращение президента к нации, интервью Путина о войне, статья Путина про войну и мировой порядок.",5.0
2020-26,2020,26,"Ограничительные меры в России в связи с коронавирусом, постепенное снятие этих мер","Самоизоляция и ограничение, окончание карантина, снятие ограничений, открытие магазинов.",3.0
2020-26,2020,26,"Волнения в США, начавшиеся после убийства афроамериканца полицейским","Американский полицейский при задержании задушил черного, беспорядки в США, события в США, бунт черных.",3.0
2020-26,2020,26,Экологическая катастрофа в Норильске,"В Норильске разлили нефть, разлив нефтепродуктов в Норильске, катастрофа на Севере, утечка топлива.",2.0
2020-26,2020,26,Другие события в России,"Умер Игнатьев, дело по режиссеру Серебренникову, Собчак избили, перестрелка на шоссе, затопляет Дальний Восток.",2.0
2020-26,2020,26,Работа властных структур,"Все, что делал Мишустин со своей командой, снижение ключевой ставки, драка в саратовской Думе.",1.0
2020-26,2020,26,ДТП с участием М. Ефремова,"События с Михаилом Ефремовым, Ефремов сбил человека, артист пьяный сбил машину.",1.0
2020-26,2020,26,Повышение пенсии,"Будет индексироваться пенсия, добавка к пенсии с 1 августа, должны увеличивать пенсии.",1.0
2020-26,2020,26,Рост тарифов на коммунальные услуги,"Подъем цен в ЖКХ, с июля поднимаются коммунальные услуги, цены на свет повышаются.",1.0
2020-26,2020,26,События на Украине,"Международное положение про Украину, события на Донбассе, обстрел Донбасса.",1.0
2020-26,2020,26,Другие события в мире,"События в Белоруссии, наводнение в Турции.",1.0
2020-27,2020,27,"Голосование по поправкам в Конституцию, подведение итогов голосования","Обсуждение голосования по поправкам в Конституцию, включая итоги референдума, процент ""за"" и ""против"", положительные результаты по поправкам, процесс выборов, общероссийское голосование по одобрению поправок, фальсификацию и радость жителей Нарьян-Мара о результате голосования.",46.0
2020-27,2020,27,"Затрудняюсь ответить, нет ответа",Респонденты затрудняются ответить или отказываются отвечать.,34.0
2020-27,2020,27,"Пандемия коронавируса, связанные с ней новости","Обсуждение обстановки с коронавирусом, борьба с пандемией, информация о коронавирусе, обстановка в стране и крае по коронавирусу, что его остановили, и вторая волна коронавируса.",9.0
2020-27,2020,27,"Выплаты, льготы социально незащищенным группам населения","Обсуждение финансовой помощи населению, помощи незащищенным, малообеспеченным людям, помощи детям, социальных выплат, начисления детских пособий, помощи многодетным, добавления детских пособий, второй выплаты детям до 16 лет и благодарности правительству.",7.0
2020-27,2020,27,"Волнения в США, связанные с расовой проблемой","Обсуждение ситуации в Америке, связанной с расовыми волнениями, погромами, бунта в Америке, сноса памятников, целования ног у негров и прекращения существования ""свободной зоны Сиэтла"".",3.0
2020-27,2020,27,Парад Победы 24 июня,Обсуждение Дня Победы и парада на Красной площади.,2.0
2020-27,2020,27,"Ограничительные меры в России в связи с коронавирусом, постепенное снятие этих мер","Обсуждение продолжения карантина, продления карантина в Волгоградской области, закрытых границ, окончания коронавируса, открытия магазинов, открытия предприятий, карантина с понедельника, открытия Крыма, кафе и торговых центров.",2.0
2020-27,2020,27,Выступления и действия В. Путина,"Обсуждение помощи Путина, обращения президента, выступления Путина, выступления Путина про коронавирус, заявления Путина о войне, обещания Путина о скорой вакцине и приезда Путина на открытие памятника.",2.0
2020-27,2020,27,Другие события в России,"Обсуждение сдачи ЕГЭ, забастовок в Москве в день выборов, смерти отца Хабиба Нурмагомедова и перевода времени в Волгограде назад.",2.0
2020-27,2020,27,Другие события в мире,Обсуждение разрушения памятника в Бристоле и обнаружения чумы на границе с Монголией.,2.0
2020-27,2020,27,Работа властных структур,"Обсуждение прямой трансляции с регионами в новостях, налогов, снижения НДС по налоговым ставкам и присвоения городам звания ""Трудовой славы"".",1.0
2020-27,2020,27,Рост тарифов на коммунальные услуги,"Обсуждение подорожания ЖКХ, повышения коммунальных услуг и повышения цен на ЖКХ.",1.0
2020-27,2020,27,Открытие мемориала под Ржевом,"Обсуждение открытия мемориала ""Солдат"" в городе Ржеве в честь 75-летия ко Дню Победы и открытия памятника солдату.",1.0
2020-27,2020,27,Повышение пенсии,Обсуждение индексации пенсии и повышения пенсии.,1.0
2020-27,2020,27,Природные катаклизмы в России,"Обсуждение катаклизмов погодных, шторма, крушений, пожаров и наводнений, пожаров в Сибири, на Дальнем Востоке и на Камчатке.",1.0
2020-27,2020,27,ДТП с участием М. Ефремова,"Обсуждение аварии с Ефремовым, сложной ситуации с актером Михаилом Ефремовым и гибели Захарова.",1.0
2020-28,2020,28,"Затрудняюсь ответить, нет ответа",Респондент не смог назвать никакое событие.,44.0
2020-28,2020,28,"Голосование по поправкам в Конституцию, подведение итогов голосования","Голосование по поправкам в Конституцию, подведение итогов голосования, смена Конституции, вступление в силу поправок в Конституцию, Путин обнулился, голосование по поправкам провели грамотно, поправки к Конституции нечестные, всё вранье, что проголосовали 78%, – народ устал.",18.0
2020-28,2020,28,"Арест губернатора Хабаровского края С. Фургала, митинги в его защиту","Арест губернатора Хабаровского края С. Фургала, митинги в его защиту, губернатор, которого обвиняют в убийстве в 90-е годы, губернатор Хабаровского области оказался причастен к убийству, посадка Фургала, задержание Фургала, митинг в Хабаровске, выступления в Хабаровске, история с губернатором Фургалом, Хабаровск: восстание за Фургала – губернатора, в Хабаровске на защиту губернатора народ встал и пошел на митинги. Это самое яркое.",12.0
2020-28,2020,28,"Пандемия коронавируса, связанные с ней новости","Пандемия коронавируса, связанные с ней новости, вопросы борьбы с коронавирусом, информация о коронавирусе, сведения оперативного штаба по коронавирусу, коронавирус нас покидает, сокращаются заболевания, сокращается смертность, рост заболеваемости коронавирусом, вторая волна коронавируса, о том, что второй волны коронавируса не будет. Отменили.",12.0
2020-28,2020,28,Природные катаклизмы в России,"Природные катаклизмы в России, аномальная жара по всей России, наводнения, пожары, жара 40 градусов, ливень, ливень в Геленджике, пожары лесные, затопление, дамбу прорвало, дамбу прорвало в Подмосковье, пожар в Якутии.",6.0
2020-28,2020,28,"Выплаты, льготы социально незащищенным группам населения","Выплаты, льготы социально незащищенным группам населения, выплаты безработным, выплаты малоимущим, соцвыплаты семьям с детьми и гражданам преклонного возраста, помогают многодетным семьям, помощь ветеранам, отношение к ветеранам, пособие на детей, повторная выплата детям до 16 лет.",5.0
2020-28,2020,28,"Ограничительные меры в России в связи с коронавирусом, постепенное снятие этих мер","Ограничительные меры в России в связи с коронавирусом, постепенное снятие этих мер, продление карантина, ужесточение масочного режима, отменяют с 13 июля масочный режим, снятие ограничений, возможность введения новых ограничений в связи с ухудшением ситуации с коронавирусом, в Москве открываются детские сады, всё открыли в Москве – стадионы и вузы.",3.0
2020-28,2020,28,"Аресты российских журналистов, общественных и политических деятелей","Аресты российских журналистов, общественных и политических деятелей, политические репрессии, политические аресты, задержание журналистов, давление на них, арест журналиста Сафронова, арест советника Роскосмоса, я переживаю за Ивана Сафронова. Чтобы остался он на свободе, арест Верзилова, Платошкина оставили под домашним арестом.",3.0
2020-28,2020,28,Работа властных структур,"Работа властных структур, хорошая работа правительства, работа правительства – отслеживаю, разрешение продажи алкоголя до 23 часов.",2.0
2020-28,2020,28,Криминальные события,"Криминальные события, бывший член партии “Единая Россия” зарезал ножом 44-летнего мужчину, пропала девочка, нашли сегодня мертвой, убили бабушек, перестрелка в городе, убийство и кража из местных новостей.",2.0
2020-28,2020,28,Другие события в мире,"Другие события в мире, бубонная чума в Китае, обвинение России в подкупе талибов, снос памятников по всему миру, индейцам вернули Оклахому, события в Белграде.",2.0
2020-28,2020,28,"ДТП с участием М. Ефремова, отклики на это событие","ДТП с участием М. Ефремова, отклики на это событие, ситуация с Ефремовым, авария, которую совершил пьяный Ефремов, авария нашего артиста защищают, обсуждение Ефремова.",1.0
2020-28,2020,28,События на Украине,"События на Украине, привлекают события на Украине, волнуют наши люди на востоке Украины, в Донбассе, нарастание действий на Украине негативных.",1.0
2020-28,2020,28,"Волнения в США, связанные с расовой проблемой","Волнения в США, связанные с расовой проблемой, ситуация в США с черными бунтами, про массовые беспорядки в США, негры в Америке.",1.0
2020-28,2020,28,"Новости, посвященные образованию","Новости, посвященные образованию, сдача ЕГЭ, дистанционное обучение детей, образование: выходим ли в школу или нет, 1 сентября не будет линейки, первого звонка в сентябре не будет.",1.0
2020-28,2020,28,Выступления и действия В. Путина,"Выступления и действия В. Путина, деятельность президента, выступления Путина про политику, Путин высказался, что мы ценим человека труда, а зарплата 22 тысячи рублей.",1.0
2020-28,2020,28,Рост тарифов на коммунальные услуги,"Рост тарифов на коммунальные услуги, возмущает повышение на ЖКХ без причины, по поводу дорожания отопления, подорожало ЖКХ.",1.0
2020-28,2020,28,Парад Победы 24 июня,"Парад Победы 24 июня, Парад Победы, Парад Победы: душа радуется, и я благодарна всем.",1.0
2020-28,2020,28,Изменение статуса собора Святой Софии в Стамбуле,"Изменение статуса собора Святой Софии в Стамбуле, что собор Святой Софии перевели в мечеть, Турция: по поводу Софийского собора, перевод собора Софии.",1.0
2020-28,2020,28,Другие события в России,"Другие события в России, обращение жителей Оренбургской области к Путину, сокращение реализации нефти и газа, Московский экономический форум, обелиск под Ржевом, фестиваль в Крыму, в Брянске прошёл праздник – “Всероссийский день поля”.",1.0
2020-29,2020,29,"Затрудняюсь ответить, нет ответа",Респонденты затрудняются ответить или не имеют ответа.,47.0
2020-29,2020,29,"Арест губернатора Хабаровского края С. Фургала, митинги в его защиту","Арест губернатора Хабаровского края С. Фургала и митинги в его защиту вызвали широкий общественный резонанс, особенно в Хабаровском крае. Респонденты отмечают массовые протесты, задержание губернатора и общее недовольство ситуацией.",16.0
2020-29,2020,29,"Пандемия коронавируса, связанные с ней новости","Пандемия коронавируса и связанные с ней новости продолжают волновать население. Респонденты упоминают болезнь, смертность, разработку вакцины, распространение вируса и статистику заболеваемости.",12.0
2020-29,2020,29,Природные катаклизмы в России,"Природные катаклизмы в России, такие как пожары и наводнения, вызывают беспокойство у населения. Респонденты отмечают различные бедствия в разных регионах страны и их последствия для людей.",8.0
2020-29,2020,29,"Голосование по поправкам в Конституцию, подведение итогов голосования","Голосование по поправкам в Конституцию и подведение итогов голосования привлекли внимание респондентов. Обсуждаются сами поправки, процесс голосования и его результаты.",5.0
2020-29,2020,29,"Выплаты, льготы социально незащищенным группам населения","Выплаты и льготы социально незащищенным группам населения являются важной темой для респондентов. Упоминаются детские пособия, выплаты самозанятым, помощь потерявшим работу и другие виды поддержки.",3.0
2020-29,2020,29,Рост тарифов на коммунальные услуги,"Рост тарифов на коммунальные услуги вызывает недовольство у населения. Респонденты отмечают повышение цен на газ, продукты питания, квартиру и другие услуги.",2.0
2020-29,2020,29,Другие события в России,"Другие события в России: празднование географическому обществу, всеобщая мобилизация, закрытие Ленэкспо, начало учебного года онлайн, арест счетов во время пандемии, бубонная чума, избиение людей на улице.",2.0
2020-29,2020,29,"Ограничительные меры в России в связи с коронавирусом, постепенное снятие этих мер","Ограничительные меры в России в связи с коронавирусом и их постепенное снятие вызывают интерес у респондентов. Обсуждаются продление или отмена ограничений, выход из карантина и другие аспекты.",1.0
2020-29,2020,29,События на Украине,"События на Украине вызывают обеспокоенность у респондентов. Упоминаются выход Украины из Минских соглашений, подготовка к войне и общая ситуация в регионе.",1.0
2020-29,2020,29,Конфликт между Арменией и Азербайджаном,"Конфликт между Арменией и Азербайджаном привлекает внимание респондентов. Обсуждаются нападения, эскалация конфликта и общая ситуация в регионе.",1.0
2020-29,2020,29,Экологическая катастрофа в Норильске,"Экологическая катастрофа в Норильске вызывает обеспокоенность у респондентов. Упоминаются разливы нефти и топлива, заражение окружающей среды и другие последствия аварии.",1.0
2020-29,2020,29,Работа властных структур,"Работа властных структур: вопросы деноминации, ограничение прав приставов, упрощенное усыновление детей, штрафы для владельцев автомобилей.",1.0
2020-29,2020,29,"Волнения в США, связанные с расовой проблемой","Волнения в США, связанные с расовой проблемой: беспорядки, протесты, взаимодействие черных и белых, притеснение прав черных людей, демонстрации чернокожих.",1.0
2020-29,2020,29,Митинги протеста в Москве и Санкт-Петербурге,"Митинги протеста в Москве и Санкт-Петербурге: протесты против Путина, разгон демонстраций.",1.0
2020-29,2020,29,Подготовка к празднованию Дня ВМФ,"Подготовка к празднованию Дня ВМФ: подготовка к параду, предстоящий праздник.",1.0
2020-29,2020,29,"Аресты российских журналистов, общественных и политических деятелей","Аресты российских журналистов, общественных и политических деятелей: арест журналиста Сафронова, аресты политических противников, незаконный арест журналиста.",1.0
2020-29,2020,29,Повышение пенсий,"Повышение пенсий: повышение пенсии, увеличение индексации пенсии.",1.0
2020-29,2020,29,"Аварии, пожары, несчастные случаи","Аварии, пожары, несчастные случаи: пожар в Самаре, гибель водителя кормовоза, девочка погибла в Листвянке, пожар на заводе пластика, церковь Петра и Павла горела.",1.0
2020-29,2020,29,Другие события в мире,"Другие события в мире: поимка бандитов в Сирии, встреча с Лукашенко, выборы в Беларуси, нападки на Россию, решение по собору Святой Софии.",1.0
2020-30,2020,30,"Затрудняюсь ответить, нет ответа","Респонденты, которые затруднились ответить или не дали ответа.",51.0
2020-30,2020,30,"Арест губернатора Хабаровского края С. Фургала, митинги в его защиту, назначение М. Дегтярева и.о. губернатора","Арест губернатора Фургала вызвал общественный резонанс. Респонденты отмечают политическую подоплеку дела, народные протесты в поддержку Фургала и недовольство назначением нового губернатора.",19.0
2020-30,2020,30,"Эпидемия коронавируса, связанные с ней новости, защитные меры","Эпидемия коронавируса и связанные с ней новости, включая количество заболевших, отмену ограничений, разработку вакцины и возможность второй волны, остаются в центре внимания.",10.0
2020-30,2020,30,Подготовка и празднование Дня военно-морского флота,"Подготовка и празднование Дня военно-морского флота, включая парады и торжества, привлекли внимание респондентов.",5.0
2020-30,2020,30,Природные катаклизмы в России,"Природные катаклизмы в России, такие как пожары в Сибири и Якутии, наводнения в Свердловской области и Краснодаре, а также затопление Байкала, вызвали обеспокоенность.",4.0
2020-30,2020,30,Работа властных структур,"Работа властных структур, включая возможную деноминацию рубля, изменение порядка получения гражданства, отчет правительства в Думе, списание кредита Сбербанку, предложение о закреплении брака как союза мужчины и женщины, и штрафы для грибников, вызвала интерес.",3.0
2020-30,2020,30,"Выплаты, льготы социально незащищенным группам населения","Выплаты и льготы социально незащищенным группам населения, включая поддержку семей с детьми, инвалидов и пенсионеров, а также дополнительные выплаты в связи с пандемией, были отмечены респондентами.",3.0
2020-30,2020,30,Голосование по поправкам в Конституцию,"Голосование по поправкам в Конституцию, включая обсуждение изменений, заинтересованность в их последствиях и сообщения о нечестном голосовании, привлекло внимание респондентов.",2.0
2020-30,2020,30,События на Украине,"События на Украине, включая отношения с Россией, захват заложников в Луцке, вызвали обеспокоенность и сочувствие.",2.0
2020-30,2020,30,Открытие авиасообщения с некоторыми странами после эпидемии коронавируса,"Открытие авиасообщения с зарубежными странами, включая открытие границ и полеты в Турцию, было отмечено респондентами.",2.0
2020-30,2020,30,Другие события в России,"Другие события в России, включая суд над Дмитриевым, падение процентов по вкладам, победу ""Зенита"" и отдых в Краснодарском крае, были отмечены респондентами.",2.0
2020-30,2020,30,Другие события в мире,"Другие события в мире, включая протесты в Белоруссии, переход храма Софии в Турции и полеты американских самолетов, были отмечены респондентами.",2.0
2020-30,2020,30,Повышение пенсий,"Повышение пенсий, включая надбавки пенсионерам, было отмечено респондентами.",1.0
2020-30,2020,30,Армяно-азербайджанский вооруженный конфликт,"Армяно-азербайджанский конфликт, включая инциденты и войну между Арменией и Азербайджаном, вызвал обеспокоенность.",1.0
2020-30,2020,30,"Новости, посвященные образованию","Новости, посвященные образованию, включая работу школ с сентября и информацию по поводу ЕГЭ, были отмечены респондентами.",1.0
2020-30,2020,30,Напряженная обстановка в США,"Напряженная обстановка в США, включая общую ситуацию и беспорядки, вызвала обеспокоенность.",1.0
2020-30,2020,30,Действия В. Путина,"Действия В. Путина, включая его политическую работу, помощь на детей и поездку в Крым, были отмечены респондентами.",1.0
2020-30,2020,30,Принятие закона о компенсации за отдых в России,"Принятие закона о компенсации за отдых в России, включая компенсацию за турпутевки и возврат части денег туристам, было отмечено респондентами.",1.0
2020-32,2020,32,"Затрудняюсь ответить, нет ответа","Респонденты, которые затрудняются ответить или не имеют ответа.",42.0
2020-32,2020,32,Взрыв в Бейруте,"Взрыв в порту Бейрута, Ливан, вызвавший катастрофу и гуманитарную помощь.",19.0
2020-32,2020,32,"Арест С. Фургала, митинги в его защиту, назначение М. Дегтярева и.о. губернатора","Арест Фургала в Хабаровске вызвал протесты и недовольство, назначение Дегтярева и.о. губернатора.",14.0
2020-32,2020,32,"Эпидемия коронавируса, связанные с ней новости, защитные меры","Эпидемия коронавируса в России и мире, включая новости о пандемии, вакцинах и заболеваемости.",11.0
2020-32,2020,32,Арест российских граждан в Белоруссии,"Задержание российских граждан в Белоруссии, включая представителей частной военной компании.",8.0
2020-32,2020,32,Президентские выборы в Белоруссии,"Президентские выборы в Белоруссии, энтузиазм народа и протесты.",4.0
2020-32,2020,32,Природные катаклизмы в России,"Наводнения в Сибири и Забайкалье, пожары в России и засуха в Курганской области.",4.0
2020-32,2020,32,"Выплаты, льготы социально незащищенным группам населения","Выплаты в связи с коронавирусом, медработникам, детям и другие социальные выплаты.",3.0
2020-32,2020,32,Работа властных структур,"Законы, распределение бюджета, закрытие кальянов и выделение денег на госнужды.",3.0
2020-32,2020,32,"ДТП с участием М. Ефремова, суд над ним",ДТП с участием Михаила Ефремова и суд над ним.,2.0
2020-32,2020,32,Другие события в России,"Отмена статуса озера Байкал, закрытие Фонда борьбы с коррупцией, отдых на Черном море и строительство дорог и торговых центров.",2.0
2020-32,2020,32,Другие события в мире,"Конфликт Трампа и Китая, конфликт в Армении и митинги в Германии.",2.0
2020-32,2020,32,Голосование по поправкам в Конституцию,Голосование по изменениям в Конституции.,1.0
2020-32,2020,32,События на Украине,"События на Украине, включая Донбасс.",1.0
2020-32,2020,32,Открытие авиасообщения с некоторыми странами после ослабления эпидемии коронавируса,"Открытие границ и авиасообщения с другими странами, включая Турцию и Великобританию.",1.0
2020-32,2020,32,Авиакатастрофа в Индии,Падение самолета в Индии.,1.0
2020-32,2020,32,"Новости, посвященные образованию",Новости об образовании и дистанционном обучении.,1.0
2020-32,2020,32,"Рост цен, тарифов на коммунальные услуги, налогов","Повышение цен, налогов и тарифов, включая НДФЛ и цены на бензин.",1.0
2020-33,2020,33,"Затрудняюсь ответить, нет ответа",Респондент затрудняется ответить или не имеет ответа.,39.0
2020-33,2020,33,"Президентские выборы в Белоруссии, акции протеста против фальсификации результатов выборов","Нечестные выборы в Белоруссии и связанные с этим протесты, митинги, избиение людей, вопиющая фальсификация на выборах, издевательство над людьми, насилие против протестующих.",36.0
2020-33,2020,33,Митинги в Хабаровске в защиту арестованного губернатора С. Фургала,"Волнения в Хабаровске, требуют честного суда, стабильные митинги в поддержку Фургала и против централизации российской власти, народ выходит на улицу.",12.0
2020-33,2020,33,"Эпидемия коронавируса, связанные с ней новости, изобретение вакцины","Заболевшие и распространение коронавируса, ситуация в Москве с коронавирусом, ограничения сняты, вторая волна коронавируса, лекарство от коронавируса, эпидемия коронавируса и про прививки против пандемии.",11.0
2020-33,2020,33,Взрыв в Бейруте,"Взрыв в Бейруте, за границей взорвался аммиак, большой взрыв в Ливане, много погибших.",4.0
2020-33,2020,33,Работа властных структур,"Отчет в Госдуме Мишустина, Мишустин поехал на Дальний Восток, приезд Володина в Саратов, прибавят пенсию.",3.0
2020-33,2020,33,"Выплаты, льготы социально незащищенным группам населения","Помощь людям в период коронавируса, детям добавляют выплаты, врачам, которые боролись с вирусом, пособия на детей, выплата 10 тысяч рублей.",2.0
2020-33,2020,33,Природные катаклизмы в России,"Леса горят, ситуация в стране: пожары, наводнения, Краснодарский край тонет, Новороссийск тонет, Дальний Восток, где произошло наводнение, пожары в стране, пожары на Амуре, на Урале.",2.0
2020-33,2020,33,Другие события в России,"Митинги в Питере, Москве, других городах, митинг в Новосибирске, в Северной Осетии арест некоторых чиновников, в Москве опубликован план переселения по реновации, в Волгограде заправка взорвалась.",2.0
2020-33,2020,33,Другие события в мире,"Крушение японского танкера, погромы в Америке, Чикаго.",2.0
2020-33,2020,33,"Новости, посвященные образованию","Пресса о начале учебного года, образование, школа: будет ли дистанционное обучение?, образование: заинтересовало, будут ли дети учиться: во многих семьях нет компьютеров.",1.0
2020-33,2020,33,"Рост цен, тарифов на коммунальные услуги, налогов","Вопросы о высоких налогах, повышение тарифов на жилье и цены в магазинах, повышение цен на электронику.",1.0
2020-33,2020,33,Арест российских граждан в Белоруссии,"Захватили в Белоруссии наших людей – 30 с лишним человек, Белоруссия: когда 33 человека российских взяли там, задержали, как попали 33 русских в Белоруссии: заявления Лукашенко разные по смыслу.",1.0
2020-33,2020,33,Действия В. Путина,"Встречи Путина с различными руководителями, встреча Путина с губернатором Камчатки, Путин подписал указ, что сейчас генералы не будут носить каракулевые шапки.",1.0
2020-33,2020,33,События на Украине,"Всё то, что творится на Украине, Украина – беспорядки.",1.0
2020-33,2020,33,Митинги в защиту горы Куштау в Башкортостане,"Ситуация в Башкортостане: гора Куштау, митингуют: события в Башкирии, где хотят уничтожить шиханы, движение в защиту горы Куштау.",1.0
2020-34,2020,34,"Затрудняюсь ответить, нет ответа","Респонденты, которые затруднились ответить или не дали ответа.",43.0
2020-34,2020,34,"Президентские выборы в Белоруссии, акции протеста против фальсификации результатов выборов","Президентские выборы в Белоруссии и последовавшие за ними акции протеста, вызванные предполагаемой фальсификацией результатов. Респонденты выражают обеспокоенность ситуацией, сравнивают ее с революцией или ситуацией на Украине, и высказывают поддержку различным сторонам конфликта.",39.0
2020-34,2020,34,Отравление А. Навального,"Отравление Алексея Навального, вызвавшее широкий общественный резонанс. Респонденты обсуждают обстоятельства отравления, состояние Навального и возможные причины произошедшего.",9.0
2020-34,2020,34,Митинги в Хабаровске в защиту арестованного губернатора С. Фургала,"Митинги в Хабаровске, вызванные арестом губернатора Сергея Фургала. Респонденты обсуждают причины ареста, выражают поддержку протестующим и отмечают забастовки в регионе.",8.0
2020-34,2020,34,"Эпидемия коронавируса, связанные с ней новости, создание вакцины","Эпидемия коронавируса, новости о пандемии, разработке и создании вакцины. Респонденты обсуждают текущую обстановку, ограничения и процесс вакцинации.",7.0
2020-34,2020,34,Поездка М. Мишустина на Дальний Восток,"Поездка премьер-министра Михаила Мишустина на Дальний Восток. Респонденты отмечают посещение различных регионов, проверки и меры поддержки.",3.0
2020-34,2020,34,"Новости, посвященные образованию","Новости, связанные с началом нового учебного года и организацией обучения в школах. Респонденты обсуждают вопросы о формате обучения, возможности карантина и безопасности детей.",2.0
2020-34,2020,34,Природные катаклизмы в России,"Природные катаклизмы в России, включая пожары и наводнения. Респонденты отмечают глобальное потепление, пожары в Сибири и Алтайском крае, а также затопления городов.",2.0
2020-34,2020,34,Митинги в защиту горы Куштау в Башкортостане,Митинги в Башкортостане в защиту горы Куштау от разработки. Респонденты обсуждают причины протестов и защиту горы от добычи известняка.,2.0
2020-34,2020,34,Другие события в России,"Различные события в России, включая взрыв дома в Ярославле, День российского флага, проблемы с выплатами медработникам, телефонизацию села, смерть Легкоступовой и работу губернатора Архангельской области.",2.0
2020-34,2020,34,События на Украине,"События на Украине, вызывающие обеспокоенность и обсуждения. Респонденты отмечают плачевную ситуацию, фашистов у власти и пострадавших в Донбассе.",1.0
2020-34,2020,34,Работа властных структур,"Работа властных структур, включая изменения в налоговой службе, отслеживание пенсионеров, изменения в законах для автовладельцев и подготовку к выборам.",1.0
2020-34,2020,34,"Выплаты, льготы социально незащищенным группам населения","Выплаты и льготы социально незащищенным группам населения, включая выплаты детям и добавки к пенсии.",1.0
2020-34,2020,34,"ДТП с участием М. Ефремова, суд над ним","ДТП с участием Михаила Ефремова и судебный процесс. Респонденты обсуждают аварию, жертву и возможное наказание.",1.0
2020-34,2020,34,Взрыв в Бейруте,"Взрыв в Бейруте, вызванный аммиачной селитрой.",1.0
2020-34,2020,34,"Рост цен, тарифов на коммунальные услуги","Рост цен и тарифов на коммунальные услуги, а также цен в магазинах и на бензин.",1.0
2020-34,2020,34,Другие события в мире,"Различные события в мире, включая события в США, Иране, футбол, предложение Илона Маска о помощи Белоруссии и смерть российского генерала в Сирии.",1.0
2020-35,2020,35,"Затрудняюсь ответить, нет ответа","Респонденты, которые затруднились ответить или не дали ответа.",43.0
2020-35,2020,35,События в Белоруссии,"События в Белоруссии, включая беспорядки, действия Лукашенко, происки извне, и опасения по поводу влияния на Россию.",32.0
2020-35,2020,35,"Эпидемия коронавируса, связанные с ней новости, изобретение вакцины","Эпидемия коронавируса, включая масочный режим, рост заболеваний, создание вакцины и опасения по поводу второй волны.",8.0
2020-35,2020,35,Отравление А. Навального,"Отравление Алексея Навального, включая вопросы о том, что произошло, кто и зачем это сделал, и выражение сочувствия.",7.0
2020-35,2020,35,Митинги в Хабаровске в защиту арестованного губернатора С. Фургала,"Митинги в Хабаровске, включая равнодушие власти к этому вопросу и продолжительность митингов.",6.0
2020-35,2020,35,Природные катаклизмы в России,"Природные катаклизмы в России, включая наводнения, пожары, затопления и их масштабы.",4.0
2020-35,2020,35,Действия В. Путина,"Действия Владимира Путина, включая интервью, высказывания о Белоруссии, отправку спецназа и приезд в Крым.",3.0
2020-35,2020,35,"Новости, посвященные началу учебного года","Новости о начале учебного года, включая порядок выхода детей на учебу и возможность дистанционного обучения.",3.0
2020-35,2020,35,Работа властных структур,"Работа властных структур, включая выборы губернатора и выступления ЛДПР.",2.0
2020-35,2020,35,"События, связанные с защитой горы Куштау в Башкортостане","События, связанные с защитой горы Куштау в Башкортостане, включая проверку содовой компании и надежды на сохранение горы.",2.0
2020-35,2020,35,События на Украине,"События на Украине, включая обстрелы автобусов.",2.0
2020-35,2020,35,"Выплаты, льготы различным группам населения","Выплаты и льготы различным группам населения, включая пособия на детей и поддержку врачей.",2.0
2020-35,2020,35,Другие события в мире,"Другие события в мире, включая уход с поста японского правителя, обнаружение газа в Турции и спасение российской туристки в Альпах.",2.0
2020-35,2020,35,События в США,"События в США, включая выборы президента, митинги, погромы и пожары.",1.0
2020-35,2020,35,Социально-экономические проблемы,"Социально-экономические проблемы, включая падение курса рубля, низкие выплаты, рост цен на бензин и тарифов ЖКХ.",1.0
2020-35,2020,35,"Открытие трассы «Таврида», события в Крыму","Открытие трассы «Таврида» и другие события в Крыму, включая пожары.",1.0
2020-35,2020,35,Суд над М. Ефремовым,Суд над Михаилом Ефремовым и его осуждение.,1.0
2020-35,2020,35,Поездка М. Мишустина по Дальнему Востоку,Поездка Михаила Мишустина по Дальнему Востоку.,1.0
2020-35,2020,35,Другие события в России,"Другие события в России, включая перекрытие дороги в Благовещенске, митинг в Норильске, забастовки курьеров и аварию в Воронежской области.",1.0
2020-36,2020,36,"Затрудняюсь ответить, нет ответа","Респонденты, которые затрудняются ответить или не имеют ответа.",46.0
2020-36,2020,36,События в Белоруссии после президентских выборов,"События в Белоруссии после президентских выборов, включая митинги, репрессии и возможное повторение украинского сценария.",24.0
2020-36,2020,36,Отравление А. Навального,"Отравление оппозиционера А. Навального, его вывоз из страны, расследования и обвинения в адрес Путина.",11.0
2020-36,2020,36,"Эпидемия коронавируса, связанные с ней новости, создание вакцины","Эпидемия коронавируса, включая закрытие на карантин, увеличение случаев заражения, информацию о новой волне и вакцинацию.",8.0
2020-36,2020,36,Природные катаклизмы в России,"Природные катаклизмы в России, включая аномальную жару, наводнения во Владивостоке и пожары в различных регионах.",5.0
2020-36,2020,36,Суд над М. Ефремовым,"Судебные тяжбы над М. Ефремовым, обсуждение его поведения и возможного приговора.",5.0
2020-36,2020,36,"Следствие по делу С. Фургала, митинги в Хабаровске в его защиту",Следствие по делу С. Фургала и митинги в Хабаровске в его защиту.,4.0
2020-36,2020,36,"Начало учебного года, вопросы дистанционного обучения в школах","Начало учебного года и вопросы дистанционного обучения в школах, включая организацию работы в школах и проблемы онлайн-обучения.",3.0
2020-36,2020,36,"Выплаты, льготы различным группам населения","Выплаты и льготы различным группам населения, включая детские пособия и помощь различным категориям граждан.",2.0
2020-36,2020,36,Социально-экономические проблемы,"Социально-экономические проблемы, включая рост цен, вопросы зарплат, безработицу и благосостояние пенсионеров.",2.0
2020-36,2020,36,События на Украине,События на Украине и общее впечатление о ситуации в стране.,1.0
2020-36,2020,36,Работа властных структур,"Работа властных структур, включая вопросы об отмене вменённого налога и отмене транспортного налога.",1.0
2020-36,2020,36,Смерть российских актеров,"Смерть российских актеров, включая Ирину Печерникову и Бориса Клюева.",1.0
2020-36,2020,36,Выборы в России,Предстоящие выборы в России и ожидание голосования.,1.0
2020-36,2020,36,"Праздники, памятные даты","Праздники и памятные даты, включая трагическую дату в Беслане и годовщину окончания Второй мировой войны.",1.0
2020-36,2020,36,События в США,События в США и общее впечатление о происходящем.,1.0
2020-36,2020,36,Поездка М. Мишустина по Дальнему Востоку,Поездка М. Мишустина по Дальнему Востоку и общее впечатление от поездки.,1.0
2020-36,2020,36,"Аварии, несчастные случаи","Аварии и несчастные случаи, включая газовый взрыв в Москве и разлив нефти на Енисее.",1.0
2020-36,2020,36,"События, связанные с защитой горы Куштау в Башкортостане","События, связанные с защитой горы Куштау в Башкортостане.",1.0
2020-36,2020,36,"Открытие трассы «Таврида», события в Крыму",Открытие трассы «Таврида» в Крыму и общая ситуация в Крыму.,1.0
2020-36,2020,36,Другие события в России,"Другие события в России, включая форум «Армия-2020» и танковый биатлон.",1.0
2020-36,2020,36,Другие события в мире,"Другие события в мире, включая новость об остановке «Северного потока» и спортивные события.",1.0
2020-37,2020,37,"Затрудняюсь ответить, нет ответа",Респондент не смог ответить на вопрос.,47.0
2020-37,2020,37,События в Белоруссии после президентских выборов,"Общественные разногласия, избиение людей ОМОНом, волнения и протесты в Белоруссии, нехорошая обстановка, западные границы, мягкое отношение к предателям.",23.0
2020-37,2020,37,Отравление А. Навального,"Отравление Навального, скрытие данных, впадение в кому, отсутствие новостей и уголовного дела, выход из комы.",9.0
2020-37,2020,37,"Эпидемия коронавируса, связанные с ней новости, создание вакцины","Коронавирус, вспышки, увеличение заболеваемости, карантин, вакцина.",8.0
2020-37,2020,37,Суд над М. Ефремовым,"Дело Ефремова, посадили на 8 лет, большой срок.",5.0
2020-37,2020,37,"Следствие по делу С. Фургала, митинги в Хабаровске в его защиту","Демонстрации в Хабаровске, требования вернуть Фургала, закрытый суд, митинги и отсутствие реакции.",4.0
2020-37,2020,37,Выборы в России,"Выборы 13 числа, предвыборная кампания, выборы губернаторов, региональные выборы.",3.0
2020-37,2020,37,"Выплаты, льготы различным группам населения","Помощь людям, денежные пособия, выплаты на детей, доплаты многодетным, поддержка семей.",3.0
2020-37,2020,37,Природные катаклизмы в России,"Тайфун на Дальнем Востоке, наводнение в Приморском крае, пожары в Красноярском, Ростовской, Сибири и Краснодарском краях.",3.0
2020-37,2020,37,Работа властных структур,"Заседание правительства, выступления Собянина, информация о работе правительства, поездка Мишустина на Дальний Восток.",3.0
2020-37,2020,37,Социально-экономические проблемы,"Маленькая пенсия, плохая жизнь, ЖКХ дорожает, повышение тарифов, потеря работы, неоплата президентских выплат.",3.0
2020-37,2020,37,"Начало учебного года, вопросы дистанционного обучения в школах","Начало учебного года, закрытие школ на карантин, дистанционное и платное образование.",2.0
2020-37,2020,37,События на Украине,"Украина - больной вопрос, ДНР, ЛНР, не могут договориться по Минским соглашениям.",2.0
2020-37,2020,37,Другие события в России,"Госпитализация Платошкина, пост в Фейсбуке Марии Захаровой, прививка от гриппа, регион против мусора, запуск судоходного транспорта.",2.0
2020-37,2020,37,Другие события в мире,"Визит Вучича, военные действия в Сирии, убийство политических активистов в Колумбии.",2.0
2020-37,2020,37,Действия В. Путина,"Общение Путина с Лукашенко, выступления Путина, последняя конференция Путина, разговор Путина и и. о. губернатора Уйбы.",1.0
2020-37,2020,37,События в США,"Пожар в Калифорнии, пожары в Америке, погромы, новые правила для фильмов.",1.0
2020-39,2020,39,"Затрудняюсь ответить, нет ответа",Респонденты не смогли ответить на вопрос.,48.0
2020-39,2020,39,"Рост эпидемии коронавируса, связанные с ней мероприятия, начало вакцинации","Респонденты отмечают рост заболеваемости коронавирусом, важность вакцинации и введение ограничений, особенно для пожилых в Москве.",18.0
2020-39,2020,39,События в Белоруссии после президентских выборов,"Респонденты выражают обеспокоенность ситуацией в Белоруссии после выборов, отмечая митинги, действия властей и опасения по поводу повторения украинского сценария.",16.0
2020-39,2020,39,"События, связанные с А. Навальным и его отравлением","Респонденты обсуждают отравление А. Навального, его выздоровление и отсутствие информации от Германии.",5.0
2020-39,2020,39,Работа властных структур,"Респонденты упоминают пересмотр Конституции, повышение МРОТ и предложение отменить запрет на тонировку боковых стекол, а также работу губернатора Бабушкина.",4.0
2020-39,2020,39,"События на Украине, катастрофа самолета под Харьковом","Респонденты отмечают войну в Украине и катастрофу самолета под Харьковом, выражая соболезнования погибшим.",3.0
2020-39,2020,39,Социально-экономические проблемы,"Респонденты обеспокоены экономической обстановкой в стране, инфляцией, падением рубля, ростом цен, ценами на лекарства и планами по повышению акцизов.",3.0
2020-39,2020,39,Природные катаклизмы в России,"Респонденты упоминают наводнения, пожары, землетрясение на Байкале и наводнение на Дальнем Востоке, выражая переживания.",3.0
2020-39,2020,39,Высказывания и действия В. Путина,"Респонденты отмечают прямую связь В. Путина с регионами, выделение средств на дороги и разговор с Макроном об отравлении Навального.",2.0
2020-39,2020,39,"Выплаты, льготы различным группам населения","Респонденты упоминают выплаты детских пособий, пособий в связи с карантином и продление ковидных выплат.",2.0
2020-39,2020,39,Выступление В. Путина на Генеральной ассамблее ООН,Респонденты отмечают выступление президента В. Путина на Генеральной ассамблее ООН.,2.0
2020-39,2020,39,"Следствие по делу С. Фургала, митинги в его защиту в Хабаровске",Респонденты отмечают митинги в Хабаровске в поддержку С. Фургала и выражают поддержку хабаровчанам.,2.0
2020-39,2020,39,Выборы в России,"Респонденты упоминают выборы губернаторов, в областную думу и выборы глав муниципальных образований.",2.0
2020-39,2020,39,Другие события в России,"Респонденты упоминают изменение названия Сбербанка, продажу «Тинькофф» Яндексу, смерть Максима «Тесака», «Формулу-1» в России, конкурс «Воспитатель года», московский марафон и начало отопительного сезона.",2.0
2020-39,2020,39,Военные учения в Астраханской области «Кавказ-2020»,Респонденты отмечают военные учения «Кавказ-2020» в Астраханской области.,1.0
2020-39,2020,39,"Начало учебного года, перевод школьников на дистанционное обучение","Респонденты обсуждают начало учебного года и перевод школьников на дистанционное обучение, отмечая трудности дистанционного обучения.",1.0
2020-39,2020,39,"События, связанные с «Северным потоком – 2»","Респонденты упоминают события, связанные с «Северным потоком – 2».",1.0
2020-39,2020,39,Криминальные события,"Респонденты упоминают события, связанные с насилием над детьми и убийствами.",1.0
2020-39,2020,39,Суд над М. Ефремовым,Респонденты обсуждают суд над М. Ефремовым.,1.0
2020-39,2020,39,События в США,Респонденты отмечают события в США и влияние Америки на Россию.,1.0
2020-39,2020,39,Другие события в мире,Респонденты отмечают реформирование Устава ООН и презентацию Илона Маска.,1.0
2020-40,2020,40,"Затрудняюсь ответить, нет ответа","Респонденты, которые не смогли ответить на вопрос.",36.0
2020-40,2020,40,Вооруженный армяно-азербайджанский конфликт,"Вооруженный конфликт между Арменией и Азербайджаном в Нагорном Карабахе, вызывающий беспокойство и опасения разжигания войны.",30.0
2020-40,2020,40,"Рост эпидемии коронавируса, информация о ней, связанные с ней мероприятия","Ухудшение эпидемиологической обстановки в мире и в России, обсуждение мер по самоизоляции и вакцинации против коронавируса.",22.0
2020-40,2020,40,События в Белоруссии после президентских выборов,Протестные выступления оппозиции и общая заваруха в Белоруссии после президентских выборов.,11.0
2020-40,2020,40,Природные катаклизмы в России,"Пожары в Сибири и наводнения на Амуре, песчаные бури в Ростове и другие природные катаклизмы в различных регионах России.",6.0
2020-40,2020,40,"События, связанные с А. Навальным, его отравлением","Обсуждение отравления Навального, его состояния и реакции Запада на произошедшее.",3.0
2020-40,2020,40,Работа властных структур,"Обсуждение нового бюджета на три года, инициатив Мишустина по Дальнему Востоку, закона о вольерной охоте и других решений властных структур.",3.0
2020-40,2020,40,"Рост цен, тарифов","Повышение цен на продукты, сигареты, газ, электроэнергию, а также рост курса валют и стоимости рубля.",3.0
2020-40,2020,40,"Следствие по делу С. Фургала, митинги в его защиту в Хабаровске","Обсуждение дела губернатора Хабаровского края, суда над Фургалом и протестов в Хабаровске в его поддержку.",2.0
2020-40,2020,40,События в США,"Обсуждение предвыборной кампании в США, дебатов и заболевания Дональда Трампа коронавирусом.",2.0
2020-40,2020,40,Запрет на продажу и вывоз леса,"Обсуждение запрета на продажу и вывоз леса, борьбы с вырубкой незаконной леса и изменений в лесной промышленности.",2.0
2020-40,2020,40,"Школьные каникулы, вероятный перевод школьников на дистанционное обучение",Возможное закрытие школ на карантин и перевод школьников на дистанционное обучение.,2.0
2020-40,2020,40,Другие события в России,"Учения ""Кавказ-2020"", приобретение ""Яндексом"" ""Тинькофф Банка"", скандалы в Минэнерго и день города Тулы.",2.0
2020-40,2020,40,"Выплаты, льготы различным группам населения","Социальная поддержка населения, выплаты, детские пособия, помощь детям и поддержка граждан от коронавируса.",1.0
2020-40,2020,40,"События на Украине, катастрофа самолета под Харьковом",Война на Украине и крушение военного самолета под Харьковом.,1.0
2020-40,2020,40,Рост зарплат и пенсий,"Повышение заработной платы, добавление к зарплате и увеличение бюджетной зарплаты и пенсии военнослужащим.",1.0
2020-40,2020,40,Самосожжение журналистки И. Славиной,Самосожжение журналистки Ирины Славиной в Нижнем Новгороде.,1.0
2020-40,2020,40,Экологическое бедствие на Камчатке,Экологическая катастрофа на Камчатке и загрязнение моря.,1.0
2020-40,2020,40,Другие события в мире,"Возможные санкции против России, попытки остановить ""Северный поток – 2"" и выигрыш в Англии.",1.0
2020-41,2020,41,Вооруженный армяно-азербайджанский конфликт,"Военный конфликт между Арменией и Азербайджаном в Нагорном Карабахе, военные обстрелы, переговоры о перемирии.",34.0
2020-41,2020,41,"Затрудняюсь ответить, нет ответа",Респондент затрудняется ответить или не имеет ответа.,34.0
2020-41,2020,41,"Рост эпидемии коронавируса, информация о ней, связанные с ней мероприятия","Вторая волна коронавируса, усиление режима, масочный режим, карантин, разработка вакцины.",22.0
2020-41,2020,41,События в Белоруссии после президентских выборов,"Смута против Лукашенко, митинги и беспорядки в Белоруссии.",10.0
2020-41,2020,41,Волнения в Киргизии,"Революция, переворот и беспорядки в Киргизии, смена правительства и забастовки.",6.0
2020-41,2020,41,Взрывы на военном складе в Рязанской области,"Пожар на военных складах в Рязани, взрывы боеприпасов, пострадали люди.",5.0
2020-41,2020,41,Экологическое бедствие на Камчатке,"Проблема с окружающей средой, загрязнение, катастрофа экологическая на Камчатке.",5.0
2020-41,2020,41,"События, связанные с А. Навальным, его отравлением","Отравление Навального, ситуация с Навальным, интервью Навального.",2.0
2020-41,2020,41,Работа властных структур,"Поменялся глава Дагестана, отставка Васильева, вольерная охота.",2.0
2020-41,2020,41,Природные катаклизмы в России,"Потопы, пожары, наводнения, горят леса.",2.0
2020-41,2020,41,"Следствие по делу С. Фургала, митинги в Хабаровске в его защиту","События в Хабаровске, люди.",1.0
2020-41,2020,41,"Рост цен, тарифов, ослабление рубля","Повышение цен на всё, подорожание проезда, повышение курса валют и рост цен на горюче-смазочные материалы, слабый рубль.",1.0
2020-41,2020,41,"Выплаты, льготы различным группам населения","Выплаты, льготы, социальные выплаты для пенсионеров, детей до 16 лет, детские выплаты, финансовые пособия.",1.0
2020-41,2020,41,Испытание ракеты «Циркон»,"Ракета «Циркон», гиперзвуковая ракета, запуск ракеты.",1.0
2020-41,2020,41,События в США,"США накануне выборов, предвыборная обстановка в Америке, коронавирусом заболел Трамп.",1.0
2020-41,2020,41,Самосожжение журналистки И. Славиной,"Журналистка, которая сожгла себя, история с журналисткой в Нижнем Новгороде, самосожжение, похороны Ирины Славиной.",1.0
2020-41,2020,41,События на Украине,"Война на Донбассе, убили депутата.",1.0
2020-41,2020,41,"Школьные каникулы, проблема перевода школьников на дистанционное обучение","Школы закрываются, отправление детей на две недели на дистанционное обучение, перевод в дистанционное обучение.",1.0
2020-41,2020,41,День рождения В. Путина,День рождения Путина.,1.0
2020-41,2020,41,Рост зарплат и пенсий,"Оклад повысили с октября, индексация работающим пенсионерам, учителям за классное руководство прибавили зарплату, индексация пенсий.",1.0
2020-41,2020,41,Другие события в России,"Сгорел санаторий “Ялта” и пропавший ребенок в Крыму, в Челябинской области перестали скорые приезжать по вызову, откладывают пуск новых станций метро.",
2020-41,2020,41,Другие события в мире,"Отрицательное отношение зарубежных стран – Франции, Англии, США, Нидерландов – к России.",
2020-42,2020,42,"Затрудняюсь ответить, нет ответа",Респонденты затрудняются ответить или не отвечают на вопрос.,36.0
2020-42,2020,42,"Рост эпидемии коронавируса, информация о ней, связанные с ней мероприятия","Рост эпидемии коронавируса, эпидемиологическая обстановка в стране, введение обязательного масочного режима, режим изоляции, масочный режим, штрафы, самоизоляция в Москве, проблемы с ковидом, вакцина против коронавируса, вакцинация медработников.",31.0
2020-42,2020,42,Вооруженный армяно-азербайджанский конфликт,"Конфликт Азербайджана с Арменией, армяне воюют с азербайджанцами, Турция там же, война в Нагорном Карабахе, Карабах – военный конфликт.",23.0
2020-42,2020,42,События в Белоруссии после президентских выборов,"Положение в Беларуси, то, что творится в Беларуси, за Белоруссию переживают, митинги – Беларусь, события в Белоруссии – не удался переворот.",9.0
2020-42,2020,42,Волнения в Киргизии,"События в Киргизии, беспорядки в Киргизии, Киргизия – начинается недопонимание между людьми, путч в Киргизии.",4.0
2020-42,2020,42,Экологическое бедствие на Камчатке,"На Камчатке погибли животные, события на Камчатке, отравление воды, в океане, с животными, разлив химикатов в океан, Камчатка и замалчивание.",3.0
2020-42,2020,42,Работа властных структур,"Мишустин приезжал в Чебоксары, повышение налогов, с 2021 года запретят вывоз леса-кругляка, что люди, не имеющие детей, будут платить налоги по 500 рублей.",3.0
2020-42,2020,42,"События, связанные с А. Навальным, его отравлением","Отравление Навального и последующие действия по отношению к нему, Навальный – интервью Дудю, санкции Евросоюза.",3.0
2020-42,2020,42,"События вокруг С. Фургала, массовые выступления в Хабаровске в его защиту","За Фургала выступление в Хабаровске людей, в Хабаровске стали применять силу против мирных жителей, Хабаровск – разгон демонстрации.",3.0
2020-42,2020,42,События на Украине,"Война на Донбассе, события на Донбассе.",2.0
2020-42,2020,42,"Преступления, криминальные события","Снимают руководителей районов из-за мошенничества, мальчик расстрелял людей и застрелился, девочку 15 лет убили, в Волгограде задержали террористов.",2.0
2020-42,2020,42,Другие события в России,"Испытание новых систем вооружения, строительство крупных судов, о развитии нефтяной промышленности, Куштау: разрешили не разрабатывать, ледокол “Арктика” спустили на воду, продажа Тинькофф-банка, сгорел ресторан “Засека”, тигрица-альбинос родила тигренка, юбилей Андрея Тихонова.",2.0
2020-42,2020,42,Другие события в мире,"В Париже убийство учителя, то, что творится в Абхазии, Грузии, у наших границ.",2.0
2020-42,2020,42,"Школьные каникулы, перевод школьников на дистанционное обучение в связи с эпидемией коронавируса","Изоляция школьников – каникулы, карантин в школе, в связи с состоянием по ковиду обучение стало дистанционным, перевод школ на дистанционное обучение.",1.0
2020-42,2020,42,Природные катаклизмы в России,"Пожары идут, наводнения, пожары в Воронежской области, Кубанское водохранилище пересохло.",1.0
2020-42,2020,42,"Выплаты, льготы отдельным группам населения","Забота о населении – помощь, выделение пособий для детей, выплаты детям до 16 лет, выплаты семьям, имеющим детей, социальная поддержка.",1.0
2020-42,2020,42,"Рост цен, тарифов, ослабление рубля","Налоги, повышение цен, рост тарифов ЖКХ, падение курса рубля, курс евро более 91 рубля.",1.0
2020-42,2020,42,События в США,"Выборы в США, продление договора про вооружение.",1.0
2020-42,2020,42,Действия В. Путина,"Забота Путина о нашей безопасности, переговоры Путина и Пашиняна, Путин борется против вируса.",1.0
2020-42,2020,42,Самосожжение журналистки И. Славиной,"В Нижнем Новгороде самосожжение журналиста-блогера, гибель журналистки, самосожжение журналистки.",1.0
2020-43,2020,43,"Затрудняюсь ответить, нет ответа",Респондент затрудняется ответить или не имеет ответа.,40.0
2020-43,2020,43,"Рост эпидемии коронавируса, информация о ней, связанные с ней мероприятия","Рост эпидемии коронавируса, характеризующийся выходом на пик, высоким процентом заболеваемости, нехваткой лекарств и мест в больницах, проблемами с тестированием и ожиданием результатов, а также введением масочного режима и регистрацией новой вакцины.",30.0
2020-43,2020,43,Вооруженный армяно-азербайджанский конфликт,"Вооруженный конфликт в Карабахе, включающий войну в Нагорном Карабахе и Армении, а также продолжающиеся бои.",18.0
2020-43,2020,43,События в Белоруссии после президентских выборов,"События в Белоруссии, включающие забастовки и восстания, с опасениями по поводу возможного переворота и повторения украинского сценария, а также призывами к объединению с Россией.",6.0
2020-43,2020,43,Работа властных структур,"Работа властных структур, включающая поездку Мишустина на открытие новой больницы, выступление Матвиенко в отношении “Норильского никеля”, предложение сократить армию на 10%, заморозку накопительной части пенсии и принятие 15-процентной ставки НДФЛ после дохода 5 млн рублей, а также введение новых штрафов.",4.0
2020-43,2020,43,События на Украине,"События на Украине, вызывающие беспокойство из-за войны, выборов и ситуации с Донбассом и Крымом.",3.0
2020-43,2020,43,Действия В. Путина,"Действия В. Путина, включающие встречи с разными политическими и общественными деятелями и выступление перед зарубежными журналистами на “Валдае”.",3.0
2020-43,2020,43,Валдайский форум – 2020,Валдайская встреча и Валдайский форум.,3.0
2020-43,2020,43,"Рост цен, тарифов, ослабление рубля, снижение уровня жизни людей","Рост цен, тарифов, ослабление рубля и снижение уровня жизни людей, включая рост цен на бензин и хлебобулочные изделия, ослабление рубля, падение роста ВВП и рост числа безработных.",2.0
2020-43,2020,43,События в США,"События в США, включающие президентские выборы между Дональдом Трампом и Джо Байденом, дебаты кандидатов в президенты и уничтожение отправленных Путиным ИВЛ.",2.0
2020-43,2020,43,Экологическое бедствие на Камчатке,"Экологическая катастрофа на Камчатке, характеризующаяся загрязнением побережья, гибелью флоры и фауны, а также неясной позицией Следственного комитета.",2.0
2020-43,2020,43,"Выплаты, льготы отдельным группам населения","Выплаты и льготы отдельным группам населения, включая выплаты на детей, возобновление выплат по 10 тысяч, продление детских денег до марта месяца и выплаты медикам, работающим с ковидом.",2.0
2020-43,2020,43,"События, связанные с А. Навальным, его отравлением","События, связанные с А. Навальным, его отравлением, включая попытку убийства, эвакуацию в Германию и санкции.",2.0
2020-43,2020,43,Другие события в России,"Другие события в России, включая запуск нового атомного ледокола “Арктика”, смерть протоиерея Смирнова, открытие моста на полуострове Ямал и чемпионат России по футболу.",2.0
2020-43,2020,43,Другие события в мире,"Другие события в мире, включая события во Франции с убийством учителя, продление договора об ограничении ядерных вооружений и разгром бандформирований ИГИЛ в Сирии.",2.0
2020-43,2020,43,"События вокруг С. Фургала, массовые выступления в Хабаровске в его защиту","События вокруг С. Фургала, массовые выступления в Хабаровске в его защиту, включая митинги и рукоприкладство ОМОНа к жителям Хабаровского края.",1.0
2020-43,2020,43,Волнения в Киргизии,"Волнения в Киргизии, включая революцию и недовольство.",1.0
2020-43,2020,43,"Преступления, криминальные события","Преступления и криминальные события, включая дело министра Абызова, суд над доцентом Соколовым за убийство и расчленение, а также обнаружение трупов в подвале в Барнауле.",1.0
2020-44,2020,44,"Затрудняюсь ответить, нет ответа",Респонденты затрудняются ответить или не имеют ответа.,42.0
2020-44,2020,44,"Рост эпидемии коронавируса, информация о ней, связанные с ней мероприятия","Рост эпидемии коронавируса, борьба с коронавирусом, изобретение вакцины, новые ограничения и нехватка врачей.",28.0
2020-44,2020,44,Вооруженный армяно-азербайджанский конфликт,Военные действия в Нагорном Карабахе и участие Турции в конфликте.,11.0
2020-44,2020,44,"Убийство учителя во Франции, последствия этого",Террористические выходки и конфликт между Эрдоганом и Макроном во Франции.,9.0
2020-44,2020,44,События в Белоруссии после президентских выборов,Беспорядки и выступления против Лукашенко в Белоруссии.,7.0
2020-44,2020,44,Работа властных структур,Пленум партии КПРФ в Москве и увольнения чиновников в Ростовской области.,2.0
2020-44,2020,44,Землетрясение в Турции,"Землетрясение в Турции, повлекшее гибель людей.",2.0
2020-44,2020,44,"Выплаты, льготы отдельным группам населения","Помощь населению, продление детских пособий, субсидий на ЖКХ и выплаты матерям на детей.",2.0
2020-44,2020,44,Валдайский форум-2020,Выступление Путина на Валдайском форуме.,2.0
2020-44,2020,44,События в США,Предвыборная ситуация и выборы президента в США.,2.0
2020-44,2020,44,"Рост цен, тарифов, ослабление рубля","Повышение цен на сахар, тарифов ЖКХ и падение курса рубля.",1.0
2020-44,2020,44,"События вокруг С. Фургала, массовые выступления в Хабаровске в его защиту",Действия в Хабаровске относительно губернатора Фургала.,1.0
2020-44,2020,44,Волнения в Киргизии,Беспокойство и забастовки в Киргизии.,1.0
2020-44,2020,44,События на Украине,Беспокойная ситуация на Украине и отправка гуманитарной помощи Донбассу.,1.0
2020-44,2020,44,Экологическое бедствие на Камчатке,Засорение окружающей среды и экологическая катастрофа на Камчатке.,1.0
2020-44,2020,44,Укрепление обороноспособности России,"Вооружение армии и испытание новой ракеты ""Посейдон"".",1.0
2020-44,2020,44,Повышение пенсии,Индексация пенсии работающим пенсионерам.,1.0
2020-44,2020,44,"Школьные каникулы, перевод школьников на дистанционное обучение",Школьные каникулы и дистанционное обучение из-за карантина.,1.0
2020-44,2020,44,"События, связанные с А. Навальным, его отравлением",Отравление Алексея Навального и отношение России к ситуации.,1.0
2020-44,2020,44,Другие события в России,Выделение денег на больных детей и развитие цифровых технологий.,1.0
2020-44,2020,44,Другие события в мире,Установление дипломатических отношений между Суданом и Израилем и протесты в Польше.,1.0
2020-45,2020,45,"Затрудняюсь ответить, нет ответа",Респондент не смог ответить на вопрос.,39.0
2020-45,2020,45,"Рост эпидемии коронавируса, информация о ней, о принимаемых мерах","Рост заболеваемости коронавирусом, проблемы с медициной, недостоверность данных, нехватка лекарств и мест в больницах, мутация вируса, испытания вакцины.",32.0
2020-45,2020,45,Президентские выборы в США,"Обсуждение американских выборов, подготовка и дебаты, восприятие выборов как смешных.",18.0
2020-45,2020,45,Вооруженный армяно-азербайджанский конфликт,"Война между Арменией и Азербайджаном, события в Нагорном Карабахе, невозможность договориться о прекращении войны.",6.0
2020-45,2020,45,"Теракты во Франции, выступление Э. Макрона на эту тему, теракт в Австрии","Теракт во Франции, высказывания президента Франции о карикатурах на ислам, теракты в Европе.",5.0
2020-45,2020,45,Работа властных структур,"Указ о неприкосновенности сенаторов и президента, закон о неприкосновенности Путина, действия правительства, новый закон о лишении родительских прав.",3.0
2020-45,2020,45,События в Белоруссии после президентских выборов,"Протесты и бунты в Белоруссии, санкции против Лукашенко.",3.0
2020-45,2020,45,"Рост цен, тарифов, ослабление рубля","Обстановка с рублем в России, рост курса доллара, подорожание тарифов и цен, повышение цен на продукты и услуги, падение рубля.",3.0
2020-45,2020,45,Другие события в России,"Смерть Жванецкого, присвоение звания Героя России Хабибу Нурмагомедову, юбилей Уральского университета, концерт в День народного единства, сжигание фермы индеек.",2.0
2020-45,2020,45,"Действия, выступления В. Путина","Беседы Путина с губернаторами, заседание Совета безопасности, награждение Скворцовой орденом.",1.0
2020-45,2020,45,"Школьные каникулы, перевод школьников на дистанционное обучение","Закрытие школ, вопросы онлайн-учебы, вопросы обучения детей на дистанционном обучении.",1.0
2020-45,2020,45,"Аварии, несчастные случаи","Аварии и происшествия, авария в городе с погибшими, авария автобуса, взрыв кислорода, пожар.",1.0
2020-45,2020,45,"Выплаты, льготы отдельным группам населения","Выплаты на детей до трех лет, помощь молодым семьям, выплаты многодетным семьям, привилегии семьям с детьми, пособия.",1.0
2020-45,2020,45,Землетрясение в Турции,"Землетрясение в Турции, в Эгейском море.",1.0
2020-45,2020,45,Повышение пенсии,"Надбавки пенсионерам, повышение пенсии.",1.0
2020-45,2020,45,События на Украине,"Новости об Украине, выборы местного самоуправления по партиям.",1.0
2020-45,2020,45,Массовые выступления в Хабаровске в защиту С. Фургала,"Митинг в Хабаровске, хабаровские протесты, отсутствие внимания к людям.",1.0
2020-45,2020,45,Другие события в мире,Забастовки в Польше из-за запрета на аборт.,
2020-46,2020,46,"Затрудняюсь ответить, нет ответа",Респондент не смог ответить на вопрос.,38.0
2020-46,2020,46,"Прекращение армяно-азербайджанского вооруженного конфликта, ввод российских миротворцев","Прекращение армяно-азербайджанского вооруженного конфликта, ввод российских миротворцев, заключение мирного соглашения в Нагорном Карабахе, создание Россией мирного коридора, введение миротворческих сил.",33.0
2020-46,2020,46,"Рост эпидемии коронавируса, информация о ней, о принимаемых мерах","Рост эпидемии коронавируса, рост заболеваемости и смертности, масочный режим, отсутствие лекарств и мест в стационарах, бесплатное лекарство для болеющих дома, новости о вакцине, халатное отношение к больным.",23.0
2020-46,2020,46,Президентские выборы в США,"Президентские выборы в США, итоги выборов, победа Байдена, заявления Трампа о нечестных выборах, интерес к выгоде для России.",6.0
2020-46,2020,46,Работа властных структур,"Работа властных структур, выступления Мишустина, перестановки в правительстве, назначение замов, отставка министра транспорта, решение вопросов Государственной думой.",3.0
2020-46,2020,46,События в Белоруссии после президентских выборов,"События в Белоруссии после президентских выборов, обстановка в Беларуси, минские протесты, митинги.",3.0
2020-46,2020,46,Перевод школьников на дистанционное обучение,"Перевод школьников на дистанционное обучение, выход на дистанционное обучение детей, закрытие школ.",2.0
2020-46,2020,46,"Рост цен, тарифов, ослабление рубля","Рост цен, тарифов, ослабление рубля, повышение цен на продукты питания, падение курса рубля, повышение тарифов ЖКХ.",2.0
2020-46,2020,46,"Выплаты, льготы отдельным группам населения","Выплаты, льготы отдельным группам населения, пособия детям, помощь многодетным, поддержка населения, компенсации.",1.0
2020-46,2020,46,Массовые выступления в Хабаровске в защиту С. Фургала,"Массовые выступления в Хабаровске в защиту С. Фургала, положение в Хабаровске, митинги, протесты, отсутствие реакции на хабаровских граждан.",1.0
2020-46,2020,46,Помощь Сирии,"Помощь Сирии, выделение денег Сирии, трата миллиарда долларов.",1.0
2020-46,2020,46,"Преступления, криминальные события","Преступления, криминальные события, солдаты убегают из воинских частей с автоматами, события в Воронеже со стрельбой и убийством офицеров, избиение мальчика сверстниками.",1.0
2020-46,2020,46,Смерть М. Жванецкого,"Смерть М. Жванецкого, смерть артиста, похороны.",1.0
2020-46,2020,46,"События, связанные с А. Навальным, его отравлением","События, связанные с А. Навальным, его отравлением, ситуация с Навальным, отравление, выписка из больницы, заявление по отравлению.",1.0
2020-46,2020,46,События на Украине,"События на Украине, события на Донбассе, закрытие торгпредставительства.",1.0
2020-46,2020,46,Другие события в России,"Другие события в России, индексация пенсий работающим пенсионерам, предстоящий брифинг президента, суд над Платошкиным, скандал вокруг Дзюбы, пожар в Рязани.",1.0
2020-46,2020,46,Другие события в мире,"Другие события в мире, теракт в Австрии, отношения с бывшими союзными республиками.",1.0
2020-47,2020,47,"Затрудняюсь ответить, нет ответа","Респонденты, которые затруднились ответить или не дали ответа.",41.0
2020-47,2020,47,"Прекращение армяно-азербайджанского вооруженного конфликта, ввод российских миротворцев в Нагорный Карабах","Прекращение вооруженного конфликта между Арменией и Азербайджаном в Нагорном Карабахе, ввод российских миротворцев. Отмечается, что это событие привело к прекращению боевых действий и уменьшению числа жертв.",27.0
2020-47,2020,47,"Рост эпидемии коронавируса, информация о ней, о принимаемых мерах","Рост эпидемии коронавируса, информация о вакцинах, лечении, количестве зараженных и принимаемых мерах. Отмечается нехватка лекарств, платные тесты, проблемы в регионах и занижение статистики.",24.0
2020-47,2020,47,Президентские выборы в США,"Президентские выборы в США, победа Байдена.",3.0
2020-47,2020,47,Работа властных структур,"Работа властных структур, включая изменения в Государственной Думе, введение цензуры, неприкосновенность президентов и смену главы Республики Мордовия.",3.0
2020-47,2020,47,События в Белоруссии после президентских выборов,"События в Белоруссии после президентских выборов, включая митинги и действия оппозиции.",2.0
2020-47,2020,47,Перевод школьников и студентов на дистанционное обучение,"Перевод школьников и студентов на дистанционное обучение, отмечается недовольство качеством образования и закрытие учебных заведений.",2.0
2020-47,2020,47,"Погода в России, стихийные бедствия на Дальнем Востоке","Погода в России, стихийные бедствия на Дальнем Востоке, включая гололед, снегопады и ураганы.",1.0
2020-47,2020,47,"Смерть М. Жванецкого, А. Джигарханяна, Р. Виктюка","Смерть М. Жванецкого, А. Джигарханяна, Р. Виктюка и других деятелей культуры.",1.0
2020-47,2020,47,Спортивные события,"Спортивные события, включая футбол и фигурное катание.",1.0
2020-47,2020,47,Выступления В. Путина,"Выступления В. Путина, включая заседания Совета безопасности и интервью о коронавирусе.",1.0
2020-47,2020,47,Массовые выступления в Хабаровске в защиту С. Фургала,Массовые выступления в Хабаровске в защиту С. Фургала.,1.0
2020-47,2020,47,"Выплаты, льготы отдельным группам населения","Выплаты и льготы отдельным группам населения, включая поддержку в сложной эпидемиологической обстановке и детские пособия.",1.0
2020-47,2020,47,"Преступления, криминальные события","Преступления и криминальные события, включая убийства и поиски пропавших.",1.0
2020-47,2020,47,"Коррупция, борьба с ней","Коррупция и борьба с ней, включая хищения и аресты.",1.0
2020-47,2020,47,Выборы в Молдавии,Выборы в Молдавии.,1.0
2020-47,2020,47,"Рост цен, тарифов, инфляция","Рост цен, тарифов и инфляция.",1.0
2020-47,2020,47,События на Украине,События на Украине.,1.0
2020-47,2020,47,Другие события в России,"Другие события в России, включая декларации Газпрома и Роснефти, отмену выплат медперсоналу и повышение пенсии.",1.0
2020-47,2020,47,Другие события в мире,"Другие события в мире, включая отправку корабля Илона Маска на МКС и возобновление авиасообщения между Россией и Грецией.",1.0
2020-48,2020,48,"Затрудняюсь ответить, нет ответа",Респондент не смог ответить на вопрос.,46.0
2020-48,2020,48,"Рост эпидемии коронавируса, информация о ней, о принимаемых мерах","Рост заболеваемости COVID-19, нехватка койкомест и лекарств, продление масочного режима, отмена массовых мероприятий.",21.0
2020-48,2020,48,"Прекращение армяно-азербайджанского вооруженного конфликта, ввод российских миротворцев в Нагорный Карабах","Прекращение конфликта в Нагорном Карабахе благодаря вмешательству России, ввод российских миротворцев.",14.0
2020-48,2020,48,Работа властных структур,"Сокращение штата служащих, закон о неприкосновенности для Медведева и Путина, премии депутатам Госдумы, замораживание пенсионного фонда, закон об иностранных агентах.",4.0
2020-48,2020,48,"Стихийные бедствия на Дальнем Востоке, их последствия","Ураган и обледенение во Владивостоке, отсутствие света и воды.",3.0
2020-48,2020,48,Смерть Д. Марадоны,Смерть футболиста Диего Марадоны.,3.0
2020-48,2020,48,Президентские выборы в США,"Выборы президента США, обсуждения и критика демократии.",3.0
2020-48,2020,48,"Выплаты, льготы отдельным группам населения","Государственные выплаты, деньги медикам из-за COVID-19, выплаты на детей.",2.0
2020-48,2020,48,События в Белоруссии после президентских выборов,Протесты и беспорядки в Белоруссии.,2.0
2020-48,2020,48,Перевод школьников на дистанционное обучение,"Дистанционное обучение детей, митинги против дистанционного обучения.",2.0
2020-48,2020,48,"Рост цен, тарифов, инфляция","Падение рубля, рост курса доллара, удорожание бензина и лекарств, повышение налогов.",1.0
2020-48,2020,48,Нарушение российской границы эсминцем США,Заход американского корабля в территориальные воды России.,1.0
2020-48,2020,48,Помощь Сирии,Восстановление Сирии на бюджетные деньги России.,1.0
2020-48,2020,48,События на Украине,Обстановка на Украине и в Донбассе.,1.0
2020-48,2020,48,"Выступления, поездки В. Путина",Конференция и поездка Путина в Нижегородскую область.,1.0
2020-48,2020,48,"Аварии, катастрофы, несчастные случаи","Авария на Усольском химпроме, автомобильная авария под Екатеринбургом.",1.0
2020-48,2020,48,Спортивные события,"Лига чемпионов, фигурное катание, футбольный клуб ЦСКА, бокс с Тайсоном.",1.0
2020-48,2020,48,"Преступления, криминальные события","Убийство в Петербурге из-за маски, захват заложников, расстрел солдат, убийства на рынке.",1.0
2020-48,2020,48,"Коррупция, борьба с ней","Коррупция, задержания за взятки.",1.0
2020-48,2020,48,Открытие промышленных предприятий,"Открытие завода по судостроению, завода по выпуску турбин, завода по производству лекарств.",1.0
2020-48,2020,48,"Продление срока ареста С. Фургала, массовые выступления в Хабаровске в его защиту","Продление срока ареста Фургала, митинги в Хабаровске.",1.0
2020-48,2020,48,Другие события в России,"Наезды на артистов, положение на дорогах, уборка свалок.",1.0
2020-48,2020,48,Другие события в мире,"Навальный в Европарламенте, убийство иранского физика-ядерщика, рост цен на нефть, ситуация в Молдавии, китайская ракета.",1.0
2020-49,2020,49,"Затрудняюсь ответить, нет ответа",Респонденты не смогли назвать никакие события.,50.0
2020-49,2020,49,"Эпидемия коронавируса, информация о ней, о принимаемых мерах","Обсуждение статистики, состояния медицины, новых ограничений, новогодних праздников, открытия ковидного центра на ВДНХ, проблем с тестами и лекарствами, и выделения бесплатного лекарства.",20.0
2020-49,2020,49,"Прекращение армяно-азербайджанского вооруженного конфликта, ввод российских миротворцев в Нагорный Карабах","Обсуждение информации о Нагорном Карабахе, прекращения войны благодаря Путину, помощи в Нагорном Карабахе и ввода миротворцев.",10.0
2020-49,2020,49,Начало вакцинации в России,"Обсуждение массовой вакцинации, вакцинации учителей, медработников и соцработников, и принудительности вакцинации.",7.0
2020-49,2020,49,Работа властных структур,"Обсуждение законов, ограничивающих свободы и права граждан, изменений в федеральный закон о физической культуре и спорте и федеральный закон об образовании, перехода Волгоградской области на московское время, подписания закона о повышенном налоге на доход физлиц и приезда министра просвещения.",5.0
2020-49,2020,49,Новое назначение А. Чубайса,"Обсуждение отставки Чубайса, смены работы и назначения представителем президента в международных делах.",3.0
2020-49,2020,49,Президентские выборы в США,Обсуждение выборов президента в США и борьбы президентов Америки.,2.0
2020-49,2020,49,"Выплаты, льготы отдельным группам населения","Обсуждение выплат государственной помощи на детей, детских пособий и пособий малоимущим, выплат детям в связи с коронавирусом и изменений детского пособия.",2.0
2020-49,2020,49,"Выступления, поездки В. Путина","Обсуждение заявлений Владимира Путина по улучшению жизни россиян, совещания президента о нефтехимической отрасли, выступлений и ответов на вопросы, поездок в Саров и Тобольск, и встречи с волонтерами.",2.0
2020-49,2020,49,Другие события в России,"Обсуждение отключения электроснабжения в Приморском крае, разгона демонстрации в Хабаровске, концерта Басты и транспортной реформы в Кемеровской области.",2.0
2020-49,2020,49,Другие события в мире,"Обсуждение выступления Навального в Европарламенте, убийства иранского физика, падения радиотелескопа в Пуэрто-Рико и курса биткоина.",2.0
2020-49,2020,49,Стихийные бедствия,"Обсуждение ледяного дождя на Дальнем Востоке, обледенения моста во Владивостоке, уборки снега и черной пурги в Норильске.",1.0
2020-49,2020,49,"Рост цен, тарифов, экономические проблемы","Обсуждение спада экономики, плачевной ситуации с бизнесом, повышения цен и коммунальных услуг, отсутствия работы и высоких цен на продукты.",1.0
2020-49,2020,49,События на Украине,"Обсуждение плохих дел на Украине, ситуации в Донецке и нежелания подписать соглашение.",1.0
2020-49,2020,49,"Преступления, криминальные события","Обсуждение криминальной хроники, убийств и ситуации с мальчиком, убившим девушку в интернете.",1.0
2020-49,2020,49,"Президентские выборы в Молдавии, события после них","Обсуждение выборов в Молдавии, проблемы Приднестровья и просьбы президента Молдавии убрать войска.",1.0
2020-49,2020,49,Спортивные события,"Обсуждение чемпионата мира по биатлону и боксу, плохой игры на футболе и проигрыша ""Зенита"".",1.0
2020-49,2020,49,События в Белоруссии после президентских выборов,Обсуждение протестов в Белоруссии и сдвига союза с Белоруссией с мертвой точки.,1.0
2020-49,2020,49,Перевод школьников и студентов на дистанционное обучение,Обсуждение дистанционного обучения детей и его продолжительности.,1.0
2020-49,2020,49,Смерть Д. Марадоны,Обсуждение смерти Диего Марадоны.,1.0
2020-49,2020,49,Нарушение российской границы эсминцем США,Обсуждение пересечения американским кораблем российской границы и захода в Черное море.,1.0
2020-50,2020,50,"Затрудняюсь ответить, нет ответа",Респонденты не смогли ответить на вопрос.,49.0
2020-50,2020,50,"Эпидемия коронавируса, информация о ней, принимаемые меры","Респонденты отмечают информацию о количестве умерших от коронавируса, достоверности этой информации, отсутствии лекарств и переполненности больниц, бесплатной выдаче лекарств, продлении карантина, росте заболеваний в Петербурге и усилении мер.",18.0
2020-50,2020,50,"Рост цен, тарифов, меры по сдерживанию цен на продовольствие","Респонденты отмечают повышение цен на продукты первой необходимости, сахар и масло, борьбу с подорожанием продуктов, решение вопроса об исключении самопроизвольного поднятия цен производителями, а также обсуждение цен на продовольствие.",10.0
2020-50,2020,50,Начало вакцинации россиян,"Респонденты отмечают массовую вакцинацию, вакцинацию от ковида в России, прививку от коронавируса и процесс вакцинации в регионах.",6.0
2020-50,2020,50,"Выступления, поездки В. Путина","Респонденты отмечают предстоящую прямую линию с В. Путиным, ожидание конференции с Путиным, пресс-конференцию с Путиным, которая будет 17 декабря, и прямой эфир с Путиным.",6.0
2020-50,2020,50,Предстоящая прямая линия с В. Путиным,"Будет проводиться прямая линия с президентом Путиным; ждем конференцию с Путиным; пресс-конференция с Путиным, которая будет 17 декабря; прямой эфир с Путиным.",4.0
2020-50,2020,50,"Прекращение армяно-азербайджанского вооруженного конфликта, ввод российских миротворцев","Респонденты отмечают обстановку между Арменией и Азербайджаном, узаконивание ситуации, ввод войск и помощь, возвращение людей в Нагорный Карабах и парад победы Азербайджана над Арменией.",4.0
2020-50,2020,50,Работа властных структур,"Респонденты отмечают работу Думы, печатающей законы, отмену накопительной пенсии, свободу действий сотрудников полиции, расширение их полномочий, новые законы про мусор, приезд главы здравоохранения в Калининградскую область и увольнение Чубайса.",4.0
2020-50,2020,50,"Другие выступления, встречи В. Путина","Встреча Путина с правозащитниками; встреча с волонтерами; президент не знал, что людям денег не хватает на еду.",2.0
2020-50,2020,50,"Выплаты, льготы отдельным группам населения","Респонденты отмечают вопрос о дополнительных выплатах медикам, доплату пенсионерам Москвы, льготы пенсионерам, дотационные выплаты на погребение и новые выплаты пенсионерам и детям до 18 лет.",2.0
2020-50,2020,50,События на Украине,Респонденты отмечают нагнетание напряженности на линии Луганск – Днепропетровск – Украина и переброску военной техники США на Украину.,2.0
2020-50,2020,50,Другие события в России,"Респонденты отмечают кончину Валентина Гафта, смерть губернатора Михайлова, дело Платошкина в суде и отсутствие лекарств в аптеках.",2.0
2020-50,2020,50,"Преступления, криминальные события","Респонденты отмечают преступность, грабеж государства, ограбление Сбербанка, эпизоды педофилии православного священника, случай в Петербурге, где работник МВД поломал руку мальчику, и убийство в Армавире.",1.0
2020-50,2020,50,События в Белоруссии после президентских выборов,"Респонденты отмечают события в Белоруссии и действия Лукашенко, направленные на удержание власти.",1.0
2020-50,2020,50,Перевод школьников и студентов на дистанционное обучение,Респонденты отмечают онлайн-обучение и закрытие школ на самоизоляцию.,1.0
2020-50,2020,50,Стихийные бедствия,"Респонденты отмечают землетрясение в Бурятии, землетрясение в Сибири, землетрясение на Байкале, наводнение в Иркутской области и ситуацию с ледяным дождем во Владивостоке.",1.0
2020-50,2020,50,Президентские выборы в США,"Респонденты отмечают выборы в США, победу американского президента и подтасовки с Байденом.",1.0
2020-50,2020,50,Помощь Сирии,"Респонденты отмечают помощь Сирии, гуманитарную помощь беженцам и вопрос о целесообразности затрат на помощь Сирии.",1.0
2020-50,2020,50,Другие события в мире,"Респонденты отмечают начало вакцинации в Европе, выборы в Молдове и отказ сборной Норвегии от участия в лыжных соревнованиях.",1.0
2020-51,2020,51,"Затрудняюсь ответить, нет ответа","Респонденты, которые затруднились ответить или не дали ответа.",41.0
2020-51,2020,51,Прямая линия с В. Путиным,"Прямая линия с В. Путиным, включая телемост с журналистами и ежегодную пресс-конференцию 17 декабря. Некоторые респонденты отметили хорошее выступление президента, другие выразили желание более жесткого подхода к журналистам.",27.0
2020-51,2020,51,"Эпидемия коронавируса, информация о ней, принимаемые меры","Эпидемия коронавируса, включая информацию о пандемии, принимаемых мерах и ситуации с заболеваемостью. Респонденты выразили обеспокоенность ростом смертности и сомнением в достоверности статистики.",10.0
2020-51,2020,51,"Рост цен, тарифов, меры по сдерживанию цен на продовольствие","Рост цен, тарифов и меры по сдерживанию цен на продовольствие, включая вопросы о повышении цен на продукты, ЖКХ и обещания снижения цен.",7.0
2020-51,2020,51,"Льготы, выплаты – прежде всего семьям с детьми","Льготы и выплаты семьям с детьми, включая помощь на детей, увеличение пособий и выплаты многодетным семьям. Некоторые респонденты выразили недовольство ограниченностью выплат.",7.0
2020-51,2020,51,Расследование отравления А. Навального,"Расследование отравления А. Навального, включая участие российских спецслужб и знание Навального о том, кто его хотел отравить.",3.0
2020-51,2020,51,Прекращение армяно-азербайджанского вооруженного конфликта,"Прекращение армяно-азербайджанского вооруженного конфликта в Нагорном Карабахе, включая остановку войны и попытки срыва перемирия.",3.0
2020-51,2020,51,Работа властных структур,"Работа властных структур, включая законопроекты о применении оружия сотрудниками милиции, налоги для предпринимателей и круглый стол КПРФ против дистанционного образования.",3.0
2020-51,2020,51,Начало вакцинации россиян,"Начало вакцинации россиян от коронавируса, включая запуск и объявление полномасштабной вакцинации.",2.0
2020-51,2020,51,"Испытания российских ракет, другого вооружения","Испытания российских ракет и другого вооружения, включая запуски ""Ангары"", ""Авангарда"" и баллистических ракет ""Булава"".",2.0
2020-51,2020,51,Проблемы российского здравоохранения,"Проблемы российского здравоохранения, включая уровень здравоохранения, нехватку лекарств и невозможность попасть в медучреждения.",2.0
2020-51,2020,51,Другие события в России,"Другие события в России, включая продление ареста Фургала и развитие Западно-Сибирской магистрали.",2.0
2020-51,2020,51,"Преступления, криминальные события","Преступления и криминальные события, включая коррупцию, убийства подростками и ограбление Сбербанка.",1.0
2020-51,2020,51,События в области спорта,"События в области спорта, включая дисквалификацию спортсменов с Олимпиады и обсуждение футбола и биатлона.",1.0
2020-51,2020,51,Президентские выборы в США,"Президентские выборы в США, включая обсуждение процесса выборов и подтверждение победы Байдена.",1.0
2020-51,2020,51,События на Украине,"События на Украине, включая общее положение дел и ситуацию в ДНР.",1.0
2020-51,2020,51,Перевод школьников и студентов на дистанционное обучение,"Перевод школьников и студентов на дистанционное обучение, включая обсуждение проблем дистанционного образования.",1.0
2020-51,2020,51,Смерть В. Гафта,Смерть В. Гафта.,1.0
2020-51,2020,51,Другие события в мире,"Другие события в мире, включая темы, связанные с ""Северным потоком 2"", отказ от встречи с Лавровым и отправку гуманитарной помощи в Сирию.",1.0
2020-52,2020,52,Прямая линия с В. Путиным,"Прямая линия с президентом, трансляция с Путиным 17 декабря, выступление Путина – общение с народом, встреча Путина с журналистами, ответы на вопросы, интервью Путина, прямой эфир, выступление Путина – впечатление отрицательное.",16.0
2020-52,2020,52,"Эпидемия коронавируса, информация о ней, принимаемые меры","Информация о распространении коронавируса, ситуация с коронавирусом: количество заболевших удручает, ковид: большая смертность, заниженная статистика о смертности от ковида, масочный режим, про коронавирус: отмечать Новый год нельзя, половину мероприятий убрали, ковид: за границей ужесточается политика, Петербург в лидерах по числу заболевших ковидом и умерших, уменьшается количество доступных мест для заболевших в больницах.",15.0
2020-52,2020,52,"Выплаты, льготы семьям с детьми","Выплата на детей, детские пособия выплатил детям, материальная помощь больным детям, президент выплатил по 5 тысяч рублей детям до 8 лет. Мы получили, порадовало, что детям, внучатам дали по 5 тысяч рублей, по 5000 дают детям. Только почему ограничили, кому дают?, детям до 7 лет по 5 тысяч рублей, но желательно, как летом, до 16 лет.",11.0
2020-52,2020,52,"Изобретение Россией прививки от коронавируса, начало вакцинации","Наша страна выпустила первой вакцину от ковида, про вакцину “Спутник-V”, радуюсь, что скоро наша вакцина будет нас вакцинировать, есть прививки от ковида, прививки для населения бесплатно, вакцинация идет повсеместно и скоро до нас дойдет, разрешение применять вакцину людям старше 60.",6.0
2020-52,2020,52,События вокруг отравления А. Навального,"Ситуация с “берлинским пациентом”, обсуждение отравления Навального, расследование покушения на Навального, телефонный разговор Навального с отравителем полковником ФСБ.",6.0
2020-52,2020,52,"Рост цен, тарифов, меры по сдерживанию цен","Повышение цен на всё: на сахар, на масло, повышение цены с 1 января на коммунальные услуги, продукты первой необходимости сильно подорожали, повысилась коммуналка, разговоры о ценах, правительство приступило к регулированию цен, удержание цен на сахарный песок и растительное масло, снижение цен на сахар и масло.",5.0
2020-52,2020,52,Работа властных структур,"Госдума слишком много законов приняла за одну неделю, “бешеный принтер” в Думе, когда принимают много нехороших законов, повышение налогов в перспективе, отмена накопительной части пенсии, изменение федеральных стандартов бухгалтерского учета, перенести часть дней зимних праздников на майские, поощрения членов “Единой России"".",5.0
2020-52,2020,52,Объявление 31 декабря выходным днем,"Рабочий 31 декабря день или нет? Самая наболевшая тема, 31 декабря объявлен выходным днем, 31 декабря – выходной день.",2.0
2020-52,2020,52,"Испытания российских ракет, другого вооружения","Успехи ВПК, пуск четырех ракет с субмарины, запуск “Ангары-5”, радует, что появилось оружие, которое сдерживает американцев, ракеты, новые образцы вооружений, связанные с созданием новых самолетов: они совершили первые полеты с отечественными двигателями.",2.0
2020-52,2020,52,Другие события в России,"Судьба губернатора Фургала, суд Платошкина, строительство моста через Амур, фуникулеры, строительство в Севастополе культурного кластера: балетная школа, 2 января выходит продолжение фильма “Мажор"".",2.0
2020-52,2020,52,Другие события в мире,"Белоруссия, Великобритания договорилась о нормальном выходе из Евросоюза, “Северный поток 2"": закончен кусок в немецких водах.",2.0
2020-52,2020,52,"Прекращение армяно-азербайджанского вооруженного конфликта, присутствие в Армении российских миротворческих сил","Ситуация в Нагорном Карабахе, перемирие в Карабахе, ввод миротворческих войск в Нагорный Карабах, миротворцы в Карабахе.",1.0
2020-52,2020,52,Отправка российской вакцины от коронавируса в Аргентину,"Поставка вакцины в Аргентину, вакцину отправили в Аргентину, вакцина в Аргентину прилетела – наконец-то мы помогать стали.",1.0
2020-52,2020,52,Появление в Великобритании нового штамма коронавируса,"Британские ученые диагностировали новый вирус, в Англии появился новый вирус, передача данных о коронавирусе из Британии: там новый штамм, вспышка коронавируса в Англии нового типа.",1.0
2020-52,2020,52,Президентские выборы в США,"Выборы в США, в Америке выборы, выборы Байдена, что президент США определился.",1.0
2020-52,2020,52,"Преступления, криминальные события, пресечение преступных действий","В основном криминал, воровство, коррупция, арест чиновников, в Дагестане задержали террористов.",1.0
2020-52,2020,52,События на Украине,"Украина: общая ситуация, я болею за Донбасс, Донбасс: угроза конфликта военного, отрицательное отношение Украины к российской вакцине по коронавирусу и в целом к России и к Донбассу.",1.0
2020-52,2020,52,Подготовка к новогодним праздникам,"С Новым годом!, освещение подготовки к Новому году по всей России и по миру, украсили город к Новому году.",1.0
2020-52,2020,52,События в области спорта,"Фигурное катание и вообще спорт, победа молодежной сборной России по хоккею, все наши футбольные клубы плохо выступили, провалились.",1.0
2021-01,2021,1,"Затрудняюсь ответить, нет ответа",Респонденты затрудняются ответить или не имеют ответа.,56.0
2021-01,2021,1,"Эпидемия коронавируса, информация о ней, принимаемые меры","Респонденты выразили обеспокоенность по поводу коронавируса, изоляции, большого количества заболевших, смертности, а также отметили ослабление ограничений в Петербурге и снижение заболеваемости.",11.0
2021-01,2021,1,"Коронавирус, изоляция","Респонденты выразили обеспокоенность по поводу коронавируса, изоляции.",11.0
2021-01,2021,1,страшные события о коронавирусе,Респонденты выразили обеспокоенность по поводу страшных событий о коронавирусе.,11.0
2021-01,2021,1,"что люди умирают от коронавируса, болезнь процветает","Респонденты выразили обеспокоенность по поводу того, что люди умирают от коронавируса, болезнь процветает.",11.0
2021-01,2021,1,"коронавирус замучил, постоянно только им и пугают пенсионеров","Респонденты выразили обеспокоенность по поводу того, что коронавирус замучил, постоянно только им и пугают пенсионеров.",11.0
2021-01,2021,1,"всё, что связано с коронавирусом. Порадовало, что снижение идет хоть небольшое","Респонденты выразили обеспокоенность по поводу всего, что связано с коронавирусом. Порадовало, что снижение идет хоть небольшое.",11.0
2021-01,2021,1,"коронавирус, процесс выздоровления людей","Респонденты выразили обеспокоенность по поводу коронавируса, процесса выздоровления людей.",11.0
2021-01,2021,1,очень много заболело коронавирусом в Ангарске,"Респонденты выразили обеспокоенность по поводу того, что очень много заболело коронавирусом в Ангарске.",11.0
2021-01,2021,1,ослабление ограничений в Петербурге,Респонденты выразили обеспокоенность по поводу ослабления ограничений в Петербурге.,11.0
2021-01,2021,1,События в США после президентских выборов,"Респонденты были поражены событиями в США после президентских выборов, включая кровопролития, волнения в поддержку Трампа и его призывы выходить на протесты.",10.0
2021-01,2021,1,"Капитолий, практически революция в Америке","Респонденты были поражены событиями в США после президентских выборов, включая события в Капитолии, которые они назвали практически революцией в Америке.",10.0
2021-01,2021,1,попытка переворота в США,"Респонденты были поражены событиями в США после президентских выборов, включая попытку переворота в США.",10.0
2021-01,2021,1,поразили выборы в США: кровопролития: не ожидали,"Респонденты были поражены событиями в США после президентских выборов, включая кровопролития, которые они не ожидали.",10.0
2021-01,2021,1,Америка с Трампом чудит,"Респонденты были поражены событиями в США после президентских выборов, включая то, что Америка с Трампом чудит.",10.0
2021-01,2021,1,волнения в Америке в поддержку Трампа,"Респонденты были поражены событиями в США после президентских выборов, включая волнения в Америке в поддержку Трампа.",10.0
2021-01,2021,1,Трамп призвал выходить на протесты,"Респонденты были поражены событиями в США после президентских выборов, включая то, что Трамп призвал выходить на протесты.",10.0
2021-01,2021,1,"Выплаты, льготы, повышение пенсий","Респонденты отметили социальную поддержку населения, повышение социальных выплат, индексацию пенсий работающим гражданам, создание фонда для детей с редкими болезнями и надбавки детям и молодым мамам.",6.0
2021-01,2021,1,О социальной поддержке населения,Респонденты отметили социальную поддержку населения.,6.0
2021-01,2021,1,повысили социальные выплаты,Респонденты отметили повышение социальных выплат.,6.0
2021-01,2021,1,детям добавили и пенсионерам социальные выплаты,Респонденты отметили добавление социальных выплат детям и пенсионерам.,6.0
2021-01,2021,1,"то, что 6,3% к пенсии добавят","Респонденты отметили добавление 6,3% к пенсии.",6.0
2021-01,2021,1,"индексация пенсий работающим гражданам, социальные выплаты детям",Респонденты отметили индексацию пенсий работающим гражданам и социальные выплаты детям.,6.0
2021-01,2021,1,"фонд создадут детям с редкими болезнями, помощь будут выделять. И малоимущим, детям с 3 до 7 лет","Респонденты отметили создание фонда для детей с редкими болезнями, помощь будут выделять. И малоимущим, детям с 3 до 7 лет.",6.0
2021-01,2021,1,надбавки детям и молодым мамам,Респонденты отметили надбавки детям и молодым мамам.,6.0
2021-01,2021,1,Работа властных структур,"Респонденты отметили выступление Мишустина о помощи малому и среднему бизнесу, принятие законов, закон о свободе слова, закон об интернете, новые противопожарные правила и повышение налогов.",5.0
2021-01,2021,1,Выступление Мишустина о помощи малому и среднему бизнесу,Респонденты отметили выступление Мишустина о помощи малому и среднему бизнесу.,5.0
2021-01,2021,1,"было принято много законов, которые против народа","Респонденты отметили принятие законов, которые против народа.",5.0
2021-01,2021,1,закон о свободе слова,Респонденты отметили закон о свободе слова.,5.0
2021-01,2021,1,закон об интернете,Респонденты отметили закон об интернете.,5.0
2021-01,2021,1,новые противопожарные правила на личных участках,Респонденты отметили новые противопожарные правила на личных участках.,5.0
2021-01,2021,1,повышение налогов,Респонденты отметили повышение налогов.,5.0
2021-01,2021,1,Новогодние праздники и Рождество,"Респонденты отметили встречу Нового года и Рождества, новогодние праздники, события о Рождестве, которые проходили в разных частях мира, в том числе и в России.",4.0
2021-01,2021,1,Встреча Нового года и Рождества,Респонденты отметили встречу Нового года и Рождества.,4.0
2021-01,2021,1,новогодние праздники,Респонденты отметили новогодние праздники.,4.0
2021-01,2021,1,Новый год – празднование Нового года,Респонденты отметили Новый год – празднование Нового года.,4.0
2021-01,2021,1,о Рождестве Христовом,Респонденты отметили Рождество Христово.,4.0
2021-01,2021,1,"события о Рождестве, которые проходили в разных частях мира, в том числе и в России","Респонденты отметили события о Рождестве, которые проходили в разных частях мира, в том числе и в России.",4.0
2021-01,2021,1,"эта неделя – праздники, ничего плохого не слышала","Респонденты отметили, что эта неделя – праздники, ничего плохого не слышала.",4.0
2021-01,2021,1,Действия В. Путина,"Респонденты отметили выступление Путина по поводу бесплатных лекарств от коронавируса, обещание Путина открыть фонд помощи детям-инвалидам, поездку Путина в Тобольск и посещение Путиным храма в Нижегородской области.",4.0
2021-01,2021,1,Выступление Путина по поводу бесплатных лекарств от коронавируса,Респонденты отметили выступление Путина по поводу бесплатных лекарств от коронавируса.,4.0
2021-01,2021,1,обещание Путина открыть фонд помощи детям-инвалидам,Респонденты отметили обещание Путина открыть фонд помощи детям-инвалидам.,4.0
2021-01,2021,1,поездка Путина в Тобольск,Респонденты отметили поездку Путина в Тобольск.,4.0
2021-01,2021,1,Путин посетил в Нижегородской области храм,Респонденты отметили посещение Путиным храма в Нижегородской области.,4.0
2021-01,2021,1,Начало вакцинации от коронавируса в России,"Респонденты отметили начало вакцинации от коронавируса в России, вакцинирование доходит уже до массовых слоев населения, прививки от коронавируса, вакцинация.",3.0
2021-01,2021,1,Вакцинирование доходит уже до массовых слоев населения,"Респонденты отметили, что вакцинирование доходит уже до массовых слоев населения.",3.0
2021-01,2021,1,обрадовала вакцинация от коронавируса,"Респонденты отметили, что их обрадовала вакцинация от коронавируса.",3.0
2021-01,2021,1,"прививки от коронавируса. стараются улучшить, чтобы людей побольше выздоровело","Респонденты отметили прививки от коронавируса, стараются улучшить, чтобы людей побольше выздоровело.",3.0
2021-01,2021,1,"вакцинация: говорят, что она добровольная, на самом деле добровольно-принудительная","Респонденты отметили вакцинацию: говорят, что она добровольная, на самом деле добровольно-принудительная.",3.0
2021-01,2021,1,"вакцинация, непроверенные вакцины","Респонденты отметили вакцинацию, непроверенные вакцины.",3.0
2021-01,2021,1,"Катастрофы, природные катаклизмы в России","Респонденты отметили катастрофы, природные катаклизмы в России, такие как разбившиеся легкомоторные самолеты, лавина сошла, ДТП в городе Старый Оскол, сход снежной лавины в Норильске, пожар в Якутске.",3.0
2021-01,2021,1,"Разбились два легкомоторных самолета, лавина сошла","Респонденты отметили, что разбились два легкомоторных самолета, лавина сошла.",3.0
2021-01,2021,1,ДТП в городе Старый Оскол,Респонденты отметили ДТП в городе Старый Оскол.,3.0
2021-01,2021,1,сход снежной лавины в Норильске,Респонденты отметили сход снежной лавины в Норильске.,3.0
2021-01,2021,1,"катастрофы: лавина сошла, рухнул мост в воду","Респонденты отметили катастрофы: лавина сошла, рухнул мост в воду.",3.0
2021-01,2021,1,пожар в Якутске,Респонденты отметили пожар в Якутске.,3.0
2021-01,2021,1,"Рост цен, тарифов, меры по сдерживанию цен","Респонденты отметили повышение цен, рост услуг на ЖКХ, заморозку цен, нестабильность цен и коммунальных услуг.",2.0
2021-01,2021,1,Только повышение цен,Респонденты отметили только повышение цен.,2.0
2021-01,2021,1,повышение цен на продукты после праздника,Респонденты отметили повышение цен на продукты после праздника.,2.0
2021-01,2021,1,"рост цен, рост услуг на ЖКХ","Респонденты отметили рост цен, рост услуг на ЖКХ.",2.0
2021-01,2021,1,услуги ЖКХ будут повышены с 1 января,"Респонденты отметили, что услуги ЖКХ будут повышены с 1 января.",2.0
2021-01,2021,1,"что цены заморозят, не будут повышаться","Респонденты отметили, что цены заморозят, не будут повышаться.",2.0
2021-01,2021,1,"про цены, что цены будут стабильные, а они нестабильные, сильно поднятые коммунальные услуги","Респонденты отметили про цены, что цены будут стабильные, а они нестабильные, сильно поднятые коммунальные услуги.",2.0
2021-01,2021,1,"меня интересовали цены: говорили, в течение 90 дней изменят, — не изменили","Респонденты отметили, что их интересовали цены: говорили, в течение 90 дней изменят, — не изменили.",2.0
2021-01,2021,1,Другие события в мире,"Респонденты отметили новый вирус в Африке, миллиардером стала в 2021 году “Тесла”, полет на Луну китайского аппарата, правительство Украины обвиняет Россию.",2.0
2021-01,2021,1,"В Африке выявили новый вирус – более опасный, чем ковид и Эбола","Респонденты отметили, что в Африке выявили новый вирус – более опасный, чем ковид и Эбола.",2.0
2021-01,2021,1,миллиардером стала в 2021 году “Тесла”,"Респонденты отметили, что миллиардером стала в 2021 году “Тесла”.",2.0
2021-01,2021,1,полет на Луну китайского аппарата,Респонденты отметили полет на Луну китайского аппарата.,2.0
2021-01,2021,1,правительство Украины обвиняет Россию,"Респонденты отметили, что правительство Украины обвиняет Россию.",2.0
2021-01,2021,1,События в области спорта,"Респонденты отметили победу наших лыжников на “Тур де Ски”, спорт – лыжи и биатлон, выигрыш наших лыжников, пять побед, на шестом этапе “Дакара” наши приехали первыми, проигрыш молодежной хоккейной команды.",1.0
2021-01,2021,1,"Победа наших лыжников на “Тур де Ски""","Респонденты отметили победу наших лыжников на “Тур де Ски"".",1.0
2021-01,2021,1,спорт – лыжи и биатлон,Респонденты отметили спорт – лыжи и биатлон.,1.0
2021-01,2021,1,"выиграли наши лыжники, пять побед","Респонденты отметили, что выиграли наши лыжники, пять побед.",1.0
2021-01,2021,1,на шестом этапе “Дакара” наши приехали первыми,"Респонденты отметили, что на шестом этапе “Дакара” наши приехали первыми.",1.0
2021-01,2021,1,проигрыш молодежной хоккейной команды,Респонденты отметили проигрыш молодежной хоккейной команды.,1.0
2021-01,2021,1,События вокруг отравления А. Навального,"Респонденты отметили отравление Навального, расследование о Навальном, ситуацию с отравлением на территории России гражданина России, оппозиционного политика Навального.",1.0
2021-01,2021,1,Отравление Навального,Респонденты отметили отравление Навального.,1.0
2021-01,2021,1,расследование о Навальном,Респонденты отметили расследование о Навальном.,1.0
2021-01,2021,1,"ситуация с отравлением на территории России гражданина России, оппозиционного политика Навального","Респонденты отметили ситуацию с отравлением на территории России гражданина России, оппозиционного политика Навального.",1.0
2021-01,2021,1,Другие события в России,"Респонденты отметили митинги в Хабаровске насчет Фургала, водоснабжение в Крыму, то, что мы беднеем, и вывоз денег.",1.0
2021-01,2021,1,В Хабаровске митинги насчет Фургала,Респонденты отметили митинги в Хабаровске насчет Фургала.,1.0
2021-01,2021,1,водоснабжение в Крыму,Респонденты отметили водоснабжение в Крыму.,1.0
2021-01,2021,1,"о том, что мы беднеем, и вывоз денег","Респонденты отметили о том, что мы беднеем, и вывоз денег.",1.0
2021-02,2021,2,События в США после президентских выборов,"События в США после президентских выборов, включая бунт в Капитолии, блокировку профиля Трампа в Твиттере, протестные акции против нового президента и нарушение демократии.",10.0
2021-02,2021,2,"Эпидемия коронавируса, информация о ней, принимаемые меры","Эпидемия коронавируса, информация о ней, принимаемые меры, включая статистику, рост заболеваемости, новую британскую версию ковида и новые мутации коронавируса.",9.0
2021-02,2021,2,Начало прививок в России от коронавируса,"Начало прививок в России от коронавируса, включая бесплатную вакцинацию, общую вакцинацию и рассказы о побочных действиях прививок.",5.0
2021-02,2021,2,"Аварии, катастрофы, несчастные случаи","Аварии, катастрофы, несчастные случаи, включая аварию на шоссе в Москве с погибшими военнослужащими, пожар и гибель обитателей пансионата и затонувший сухогруз.",3.0
2021-02,2021,2,"Рост цен, тарифов","Рост цен, тарифов, включая повышение цен, обвал рубля, повышение акцизов, повышение цен на топливо, рост цен на лекарства, продукты питания и цены на ЖКХ.",3.0
2021-02,2021,2,Смерть Б. Грачевского,"Смерть Б. Грачевского, включая смерть отца “Ералаша” Грачевского от коронавируса.",2.0
2021-02,2021,2,"Повышение пенсий, выплаты, льготы","Повышение пенсий, выплаты, льготы, включая повышение пенсии, прибавку к пенсии, индексацию пенсии и социальные выплаты на детей.",2.0
2021-02,2021,2,"Возвращение А. Навального в Россию, его задержание","Возвращение А. Навального в Россию, его задержание, включая приезд и задержание Навального.",2.0
2021-02,2021,2,"Катастрофы, природные катаклизмы в России","Катастрофы, природные катаклизмы в России, включая аномальные снегопады и морозы, землетрясения в Красноярске и на Байкале, снегопады и непогоду в Сочи.",2.0
2021-02,2021,2,Работа властных структур,"Работа властных структур, включая нового мэра Уфы, запрет на ввоз спецтехники из-за границы и ужесточение штрафов ГИБДД.",2.0
2021-02,2021,2,"Армяно-азербайджанские отношения, присутствие российских миротворцев в Армении","Армяно-азербайджанские отношения, присутствие российских миротворцев в Армении, включая ситуацию в Карабахе, встречу Путина, Алиева и Пашиняна, урегулирование карабахского конфликта и перемирие на Кавказе.",1.0
2021-02,2021,2,Новогодние праздники и Рождество,"Новогодние праздники и Рождество, включая Новый год, Рождество и рождественские колядки.",1.0
2021-02,2021,2,События на Украине,"События на Украине, включая отмену русского языка и состояние отношений с Украиной.",1.0
2021-02,2021,2,Действия В. Путина,"Действия В. Путина, включая встречи президента, выступления и пресс-конференции.",1.0
2021-02,2021,2,Осуждение В. Санкина за убийство педофила,"Осуждение В. Санкина за убийство педофила, включая историю о мужчине, который спас ребенка от педофила.",1.0
2021-02,2021,2,Авиакатастрофа в Индонезии,"Авиакатастрофа в Индонезии, включая крушение Боинга и пропажу самолета.",1.0
2021-02,2021,2,События в области спорта,"События в области спорта, включая победу КАМАЗа в Дакаре, начало сезона в НХЛ и чемпионат Европы по санному спорту.",1.0
2021-02,2021,2,Другие события в России,"Другие события в России, включая ЕГЭ, дело Фургала и публикацию о Платошкине.",1.0
2021-02,2021,2,Другие события в мире,"Другие события в мире, включая уход Меркель в Германии, проблемы строительства Северного потока 2 и выборы в Казахстане.",1.0
2021-03,2021,3,"Затрудняюсь ответить, нет ответа","Затрудняюсь ответить, нет ответа",52.0
2021-03,2021,3,"Возвращение А. Навального в Россию, его задержание, митинги в поддержку А. Навального","Возвращение А. Навального в Россию, его задержание, митинги в поддержку А. Навального. Респонденты отмечают арест Навального, акции протеста в его поддержку, обвинения в адрес Путина, участие детей в митингах и агитацию детей на беспорядки.",24.0
2021-03,2021,3,Возвращение Навального в Москву,Возвращение Навального в Москву,24.0
2021-03,2021,3,"арест Навального, акции протеста в поддержку Навального","арест Навального, акции протеста в поддержку Навального",24.0
2021-03,2021,3,"Навальный наговаривает на Путина, призывает к митингам","Навальный наговаривает на Путина, призывает к митингам",24.0
2021-03,2021,3,митинг в защиту Навального,митинг в защиту Навального,24.0
2021-03,2021,3,митинги и протесты во всех городах России,митинги и протесты во всех городах России,24.0
2021-03,2021,3,митинг из-за Навального,митинг из-за Навального,24.0
2021-03,2021,3,митинги против Путина,митинги против Путина,24.0
2021-03,2021,3,вчерашние митинги. Включили детей в эти события. Это за гранью,вчерашние митинги. Включили детей в эти события. Это за гранью,24.0
2021-03,2021,3,Навальный агитирует детей на разные беспорядки,Навальный агитирует детей на разные беспорядки,24.0
2021-03,2021,3,"События в США после президентских выборов, инаугурация Д. Байдена","События в США после президентских выборов, инаугурация Д. Байдена. Респонденты отмечают избрание Байдена президентом, гонения на Трампа и политическую обстановку в США.",9.0
2021-03,2021,3,Байден стал президентом американским,Байден стал президентом американским,9.0
2021-03,2021,3,вступление в должность президента США,вступление в должность президента США,9.0
2021-03,2021,3,гонения на Трампа,гонения на Трампа,9.0
2021-03,2021,3,"политическая обстановка в Соединенных Штатах, попраны демократические принципы","политическая обстановка в Соединенных Штатах, попраны демократические принципы",9.0
2021-03,2021,3,"то, что творится в Америке","то, что творится в Америке",9.0
2021-03,2021,3,"Эпидемия коронавируса, информация о ней, принимаемые меры","Эпидемия коронавируса, информация о ней, принимаемые меры. Респонденты отмечают, что это всемирное заболевание, много погибает, новые штаммы коронавируса, эпидемия стала снижаться.",7.0
2021-03,2021,3,Всемирное заболевание,Всемирное заболевание,7.0
2021-03,2021,3,да тут у нас в основном про коронавирус все новости,да тут у нас в основном про коронавирус все новости,7.0
2021-03,2021,3,"коронавирус, много погибает","коронавирус, много погибает",7.0
2021-03,2021,3,новые штаммы коронавируса,новые штаммы коронавируса,7.0
2021-03,2021,3,эпидемия стала снижаться,эпидемия стала снижаться,7.0
2021-03,2021,3,Прививки в России от коронавируса,"Прививки в России от коронавируса. Респонденты отмечают массовую вакцинацию, вакцинацию против ковида, удачное прививание, ввод вакцин медработникам и учителям, навязывание вакцинации.",4.0
2021-03,2021,3,Началась массовая вакцинация от коронавируса,Началась массовая вакцинация от коронавируса,4.0
2021-03,2021,3,вакцинация против ковида,вакцинация против ковида,4.0
2021-03,2021,3,"вакцинация, теперь всё наладится","вакцинация, теперь всё наладится",4.0
2021-03,2021,3,"удачное прививание, ввод и медработникам, и учителям вакцины","удачное прививание, ввод и медработникам, и учителям вакцины",4.0
2021-03,2021,3,навязывание вакцинации,навязывание вакцинации,4.0
2021-03,2021,3,"Рост цен, тарифов","Рост цен, тарифов. Респонденты отмечают рост цен на всё, дорожают продукты и ЖКХ, а налоги растут, повышение ЖКХ.",1.0
2021-03,2021,3,Всё подорожало,Всё подорожало,1.0
2021-03,2021,3,рост цен на всё,рост цен на всё,1.0
2021-03,2021,3,"дорожают продукты и ЖКХ, а налоги растут","дорожают продукты и ЖКХ, а налоги растут",1.0
2021-03,2021,3,повышение ЖКХ,повышение ЖКХ,1.0
2021-03,2021,3,"Аварии, катастрофы, несчастные случаи","Аварии, катастрофы, несчастные случаи. Респонденты отмечают, что дом инвалидов сгорел, терялся мальчик, но в настоящее время нашелся.",1.0
2021-03,2021,3,Дом инвалидов сгорел,Дом инвалидов сгорел,1.0
2021-03,2021,3,"терялся мальчик, но в настоящее время нашелся","терялся мальчик, но в настоящее время нашелся",1.0
2021-03,2021,3,События в области спорта,"События в области спорта. Респонденты отмечают Кубок мира по биатлону, Логинов занял первое место в биатлоне.",1.0
2021-03,2021,3,Спортивные,Спортивные,1.0
2021-03,2021,3,Кубок мира по биатлону,Кубок мира по биатлону,1.0
2021-03,2021,3,Логинов занял первое место в биатлоне,Логинов занял первое место в биатлоне,1.0
2021-03,2021,3,Работа властных структур,"Работа властных структур. Респонденты отмечают открытие сессии в Госдуме, новые правила охоты, объединение партии “Справедливая Россия” с партией “За правду” и еще одной, сокращения аппарата чиновников.",1.0
2021-03,2021,3,Открытие сессии в Госдуме,Открытие сессии в Госдуме,1.0
2021-03,2021,3,новые правила охоты,новые правила охоты,1.0
2021-03,2021,3,объединение партии “Справедливая Россия” с партией “За правду” и еще одной,объединение партии “Справедливая Россия” с партией “За правду” и еще одной,1.0
2021-03,2021,3,сокращения аппарата чиновников,сокращения аппарата чиновников,1.0
2021-03,2021,3,Повышение пенсий,"Повышение пенсий. Респонденты отмечают добавление пенсии, индексацию пенсии, индексацию пенсий работающим, увеличение стажа и пенсии медикам.",1.0
2021-03,2021,3,Добавили пенсию,Добавили пенсию,1.0
2021-03,2021,3,индексация пенсии,индексация пенсии,1.0
2021-03,2021,3,индексация пенсий работающим,индексация пенсий работающим,1.0
2021-03,2021,3,увеличение стажа и пенсии медикам,увеличение стажа и пенсии медикам,1.0
2021-03,2021,3,Действия В. Путина,"Действия В. Путина. Респонденты отмечают выступления Путина, высказывания Путина.",1.0
2021-03,2021,3,Выступления Путина,Выступления Путина,1.0
2021-03,2021,3,высказывания Путина,высказывания Путина,1.0
2021-03,2021,3,"Катастрофы, природные катаклизмы в России","Катастрофы, природные катаклизмы в России. Респонденты отмечают, что лавина обрушилась на Домбай, снег навалило в Краснодаре, якутские морозы.",1.0
2021-03,2021,3,Лавина обрушилась на Домбай,Лавина обрушилась на Домбай,1.0
2021-03,2021,3,"то, что снегу навалило в Краснодаре","то, что снегу навалило в Краснодаре",1.0
2021-03,2021,3,якутские морозы,якутские морозы,1.0
2021-03,2021,3,Другие события в России,"Другие события в России. Респонденты отмечают крещенские купания, посадили на 8 лет парня, который убил педофила, заступившись за детей, в Чечне убили главаря террористов, умер Борис Грачевский.",1.0
2021-03,2021,3,Крещенские купания,Крещенские купания,1.0
2021-03,2021,3,"посадили на 8 лет парня, который убил педофила, заступившись за детей","посадили на 8 лет парня, который убил педофила, заступившись за детей",1.0
2021-03,2021,3,в Чечне убили главаря террористов,в Чечне убили главаря террористов,1.0
2021-03,2021,3,умер Борис Грачевский,умер Борис Грачевский,1.0
2021-03,2021,3,Другие события в мире,"Другие события в мире. Респонденты отмечают взрыв в Мадриде, упал самолет, в Германии акции протеста, умер репортер в США.",1.0
2021-03,2021,3,Взрыв в Мадриде,Взрыв в Мадриде,1.0
2021-03,2021,3,упал самолет,упал самолет,1.0
2021-03,2021,3,в Германии акции протеста,в Германии акции протеста,1.0
2021-03,2021,3,умер репортер в США,умер репортер в США,1.0
2021-04,2021,4,"Затрудняюсь ответить, нет ответа","Респонденты, которые затрудняются ответить или не имеют ответа.",46.0
2021-04,2021,4,Митинги в поддержку А. Навального,"Митинги в поддержку А. Навального, включая мирные акции и несанкционированные акции. Респонденты отмечают прессинг и давление со стороны региональной власти, противоречащее Конституции, а также раскол в обществе.",38.0
2021-04,2021,4,"Эпидемия коронавируса, информация о ней, принимаемые меры","Эпидемия коронавируса, включая борьбу с вирусом, его последствия, отмену и снятие коронавирусных ограничений.",5.0
2021-04,2021,4,"Появление вакцины от коронавируса, прививки","Появление вакцины от коронавируса, включая массовую вакцинацию и прививки.",2.0
2021-04,2021,4,"Смерть В. Ланового, Б. Грачевского",Смерть В. Ланового и Б. Грачевского.,2.0
2021-04,2021,4,Выступления В. Путина,"Выступления В. Путина, включая выступления в Давосе и Совбезе, а также конференцию со студентами.",2.0
2021-04,2021,4,Смена президента США,Смена президента США и смена администрации.,1.0
2021-04,2021,4,"Телефонный разговор В. Путина с Д. Байденом, продление договора СНВ-3",Телефонный разговор В. Путина с Америкой о сокращении вооружений и продлении договора СНВ-3.,1.0
2021-04,2021,4,"Рост цен, тарифов","Рост цен и тарифов, включая повышение цен на продукты питания и рост цен на ЖКХ.",1.0
2021-04,2021,4,События в области спорта,"События в области спорта, включая победы биатлонистов и лыжных гонщиков, Кубок мира по лыжам, фигурное катание, хоккей и чемпионат Испании по футболу.",1.0
2021-04,2021,4,"Повышение пенсий, выплаты","Повышение пенсий и выплат, включая добавку к пенсии, указ о повышении пенсии работающим пенсионерам и детские выплаты.",1.0
2021-04,2021,4,Работа властных структур,"Работа властных структур, включая действия Мишустина и изменения в правительстве.",1.0
2021-04,2021,4,"Аварии, катастрофы, несчастные случаи","Аварии, катастрофы и несчастные случаи, включая аварии из-за погоды, аварию в Самарской области и взрыв на нефтеперерабатывающем заводе.",1.0
2021-04,2021,4,Другие события в мире,"Другие события в мире, включая участие России в ПАСЕ, хирургическую конференцию в Сингапуре и экономический форум в Давосе.",1.0
2021-04,2021,4,Другие события в России,"Другие события в России, включая новое вооружение, новые арктические торговые корабли и выделение безналоговой зоны для металлургического завода в Красноярске.",
2021-05,2021,5,"Затрудняюсь ответить, нет ответа","Респонденты, которые затрудняются ответить или не имеют ответа.",53.0
2021-05,2021,5,"Заключение под стражу А. Навального, митинги в его защиту","Заключение под стражу А. Навального и митинги в его защиту, обсуждаемые в обществе, вызвавшие выступления молодежи против правительства.",35.0
2021-05,2021,5,"Эпидемия коронавируса, принимаемые меры","Ситуация с коронавирусом, послабление ограничений и закрытие ковидных учреждений.",3.0
2021-05,2021,5,"Международное признание российской вакцины от коронавируса, прививки","Международное признание российской вакцины от коронавируса, которую считают эффективной и принимают другие государства.",2.0
2021-05,2021,5,"Рост цен, тарифов","Рост цен на продукты, овощи и бензин, несмотря на заявления о снижении цен.",2.0
2021-05,2021,5,"Аварии, катастрофы, несчастные случаи","Аварии, катастрофы и несчастные случаи, включая взрыв газового баллона в Иркутске, пожары и обвал.",1.0
2021-05,2021,5,События на Украине,"События на Украине, обострение ситуации на Донбассе и несправедливости, включая закрытие СМИ.",1.0
2021-05,2021,5,Работа властных структур,"Работа властных структур, включая приезд представителя ОБСЕ, визит Мишустина и новый законопроект по соцсетям.",1.0
2021-05,2021,5,Погода в России,"Погодные условия в России, включая снегопады и аномальные холода.",1.0
2021-05,2021,5,"Повышение пенсий, выплаты","Повышение пенсий и выплат, включая индексацию зарплаты и пособий.",1.0
2021-05,2021,5,События в области спорта,"Спортивные события, включая лыжные гонки, биатлон, фигурное катание и другие соревнования.",1.0
2021-05,2021,5,Продление договора СНВ-3,"Продление договора СНВ-3, включая обсуждение и ратификацию договора.",1.0
2021-05,2021,5,Другие события в России,"Другие события в России, включая штраф ""Норникелю"", похороны Ланового и убийство в Ставрополе.",1.0
2021-05,2021,5,Другие события в мире,"Другие события в мире, включая запуск Space X и обсуждение ""Северного потока 2"".",1.0
2021-06,2021,6,"Затрудняюсь ответить, нет ответа",Респонденты затрудняются ответить или не имеют ответа.,57.0
2021-06,2021,6,"Заключение под стражу А. Навального, суд над А. Навальным, митинги в его защиту","Заключение под стражу А. Навального, суд над А. Навальным, митинги в его защиту. Респонденты отмечают, что Навальному дали срок ни за что, он предатель и оскорбил ветерана. Также упоминаются несанкционированные митинги, задержания митингующих и шумиха вокруг Навального.",23.0
2021-06,2021,6,"Эпидемия коронавируса, изобретение российской вакцины от него, вакцинация","Эпидемия коронавируса, изобретение российской вакцины от него, вакцинация. Респонденты говорят о заразе, ситуации в мире и Китае, выздоровлении людей, неуверенности в возвращении вируса, заболевших в Хабаровске, вакцине ""Спутник V"", начале вакцинации, престиже вакцины и экспорте за границу.",6.0
2021-06,2021,6,Погода в России,"Погода в России. Респонденты отмечают природные катаклизмы, климатический коллапс, метели, снегопады и нечищеные трассы.",2.0
2021-06,2021,6,Работа властных структур,"Работа властных структур. Респонденты упоминают контроль учителей и воспитателей, новое положение в Думе о работающих пенсионерах, введение военной ипотеки и правила прохождения техосмотра.",2.0
2021-06,2021,6,"Повышение зарплат, пенсий, выплаты","Повышение зарплат, пенсий, выплаты. Респонденты говорят о повышении зарплаты бюджетникам и ее проверке, индексации пенсии работающим пенсионерам, выплате денег декретницам и новых пособиях для беременных и детей.",2.0
2021-06,2021,6,"Аварии, катастрофы, несчастные случаи","Аварии, катастрофы, несчастные случаи. Респонденты упоминают взрыв во Владикавказе, взрыв газа в Питере, пожар в Красноярске, события в Воронеже, обрушение крыши в ледовом дворце и падение ребенка из окна больницы.",1.0
2021-06,2021,6,"Рост цен, тарифов","Рост цен, тарифов. Респонденты отмечают цены в магазине, рост цен на бензин, продукты, рост оплаты за отопление и самый большой рост цен в Саратовской области.",1.0
2021-06,2021,6,События на Украине,"События на Украине. Респонденты говорят о ситуации на Украине, Донбассе, Украине, пускающей НАТО, и сокращении украинской армии.",1.0
2021-06,2021,6,События в области спорта,"События в области спорта. Респонденты упоминают биатлон и лыжные гонки, проигрыш в биатлоне, победу над финнами, спортивные мероприятия и фигурное катание.",1.0
2021-06,2021,6,Встреча С. Лаврова с Ж. Боррелем,"Встреча С. Лаврова с Ж. Боррелем. Респонденты говорят о встрече в Москве, приезде Борреля, заявлении Лаврова о возможном отделении от Евросоюза и нежелании терпеть унижения.",1.0
2021-06,2021,6,"События в США, попытка импичмента Д. Трампу","События в США, попытка импичмента Д. Трампу. Респонденты говорят о выборах в Америке и импичменте Трампу.",1.0
2021-06,2021,6,"Криминальные события, коррупция","Криминальные события, коррупция. Респонденты упоминают убийство экс-главы села в Дагестане, оставление трех детей в лесу и задержание коррупционера.",1.0
2021-06,2021,6,"Ухудшение отношений с Евросоюзом, США, санкции против России","Ухудшение отношений с Евросоюзом, США, санкции против России. Респонденты говорят о выступлении Байдена по отношению к России, военном положении между Россией и США, отношении Евросоюза, безответственном поведении Запада и санкциях.",1.0
2021-06,2021,6,"Встречи, выступления В. Путина","Встречи, выступления В. Путина. Респонденты упоминают выступление Путина по телевизору, конференцию с научными сотрудниками и встречи с корреспондентами СМИ.",1.0
2021-06,2021,6,Другие события в России,"Другие события в России. Респонденты упоминают мусорный вопрос в Махачкале, прожиточный минимум пенсионеров в Чувашии, смерть Ланового и митинги по поводу Фургала.",1.0
2021-06,2021,6,Другие события в мире,"Другие события в мире. Респонденты говорят о договоре по СНВ, выступлении Лукашенко, военном перевороте в Мьянме, землетрясении в Японии и американце с бриллиантом во лбу.",1.0
2021-07,2021,7,,,
2021-07,2021,7,,,
2021-07,2021,7,,,
2021-07,2021,7,,,
2021-07,2021,7,,,
2021-07,2021,7,,,
2021-07,2021,7,,,
2021-07,2021,7,,,
2021-07,2021,7,,,
2021-07,2021,7,,,
2021-07,2021,7,,,
2021-07,2021,7,,,
2021-07,2021,7,,,
2021-07,2021,7,,,
2021-07,2021,7,,,
2021-07,2021,7,,,
2021-07,2021,7,,,
2021-08,2021,8,"Затрудняюсь ответить, нет ответа","Респонденты, которые затруднились ответить или не дали ответа.",64.0
2021-08,2021,8,События вокруг осуждения и отправки в колонию А. Навального,"События, связанные с осуждением и отправкой А. Навального в колонию, включая забастовки, пикеты, судебные процессы над митингующими и реакцию общественности.",8.0
2021-08,2021,8,«Вокруг Навального»,"События, связанные с осуждением и отправкой А. Навального в колонию, включая забастовки, пикеты, судебные процессы над митингующими и реакцию общественности.",8.0
2021-08,2021,8,«забастовки в Москве»,"События, связанные с осуждением и отправкой А. Навального в колонию, включая забастовки, пикеты, судебные процессы над митингующими и реакцию общественности.",8.0
2021-08,2021,8,«молодежь – пикеты»,"События, связанные с осуждением и отправкой А. Навального в колонию, включая забастовки, пикеты, судебные процессы над митингующими и реакцию общественности.",8.0
2021-08,2021,8,«привлечение к суду митингующих»,"События, связанные с осуждением и отправкой А. Навального в колонию, включая забастовки, пикеты, судебные процессы над митингующими и реакцию общественности.",8.0
2021-08,2021,8,"«суд над Навальным, митинги в Москве»","События, связанные с осуждением и отправкой А. Навального в колонию, включая забастовки, пикеты, судебные процессы над митингующими и реакцию общественности.",8.0
2021-08,2021,8,«Навальный – суд»,"События, связанные с осуждением и отправкой А. Навального в колонию, включая забастовки, пикеты, судебные процессы над митингующими и реакцию общественности.",8.0
2021-08,2021,8,«уголовное дело по Навальному»,"События, связанные с осуждением и отправкой А. Навального в колонию, включая забастовки, пикеты, судебные процессы над митингующими и реакцию общественности.",8.0
2021-08,2021,8,«Навального посадили»,"События, связанные с осуждением и отправкой А. Навального в колонию, включая забастовки, пикеты, судебные процессы над митингующими и реакцию общественности.",8.0
2021-08,2021,8,"«наказали виновного Навального: очень рад, что посадили»","События, связанные с осуждением и отправкой А. Навального в колонию, включая забастовки, пикеты, судебные процессы над митингующими и реакцию общественности.",8.0
2021-08,2021,8,«отправка Навального в колонию»,"События, связанные с осуждением и отправкой А. Навального в колонию, включая забастовки, пикеты, судебные процессы над митингующими и реакцию общественности.",8.0
2021-08,2021,8,"«этапировали Навального, и отказ ему в кассационной жалобе»","События, связанные с осуждением и отправкой А. Навального в колонию, включая забастовки, пикеты, судебные процессы над митингующими и реакцию общественности.",8.0
2021-08,2021,8,"Эпидемия коронавируса, вакцинация","События, связанные с пандемией коронавируса и вакцинацией населения, включая улучшение эпидемиологической обстановки, снижение смертности и снятие ограничений.",8.0
2021-08,2021,8,«Пандемия»,"События, связанные с пандемией коронавируса и вакцинацией населения, включая улучшение эпидемиологической обстановки, снижение смертности и снятие ограничений.",8.0
2021-08,2021,8,«улучшается эпидемиологическая обстановка»,"События, связанные с пандемией коронавируса и вакцинацией населения, включая улучшение эпидемиологической обстановки, снижение смертности и снятие ограничений.",8.0
2021-08,2021,8,«идет спад коронавируса»,"События, связанные с пандемией коронавируса и вакцинацией населения, включая улучшение эпидемиологической обстановки, снижение смертности и снятие ограничений.",8.0
2021-08,2021,8,"«коронавирус снизился, смертность снизилась»","События, связанные с пандемией коронавируса и вакцинацией населения, включая улучшение эпидемиологической обстановки, снижение смертности и снятие ограничений.",8.0
2021-08,2021,8,«снятие коронавирусных ограничений»,"События, связанные с пандемией коронавируса и вакцинацией населения, включая улучшение эпидемиологической обстановки, снижение смертности и снятие ограничений.",8.0
2021-08,2021,8,«стали открываться страны после пандемии»,"События, связанные с пандемией коронавируса и вакцинацией населения, включая улучшение эпидемиологической обстановки, снижение смертности и снятие ограничений.",8.0
2021-08,2021,8,«вакцинация населения»,"События, связанные с пандемией коронавируса и вакцинацией населения, включая улучшение эпидемиологической обстановки, снижение смертности и снятие ограничений.",8.0
2021-08,2021,8,Аномальная погода в России,"События, связанные с аномальными погодными явлениями в России, включая морозы, снегопады, оттепели и ураганы.",5.0
2021-08,2021,8,«Аномальные морозы»,"События, связанные с аномальными погодными явлениями в России, включая морозы, снегопады, оттепели и ураганы.",5.0
2021-08,2021,8,"«снегопады, оттепель»","События, связанные с аномальными погодными явлениями в России, включая морозы, снегопады, оттепели и ураганы.",5.0
2021-08,2021,8,«снегопад в Челябинске»,"События, связанные с аномальными погодными явлениями в России, включая морозы, снегопады, оттепели и ураганы.",5.0
2021-08,2021,8,«заморозки во Владивостоке»,"События, связанные с аномальными погодными явлениями в России, включая морозы, снегопады, оттепели и ураганы.",5.0
2021-08,2021,8,«последствия урагана у нас в области»,"События, связанные с аномальными погодными явлениями в России, включая морозы, снегопады, оттепели и ураганы.",5.0
2021-08,2021,8,«погодные катаклизмы: давление у людей»,"События, связанные с аномальными погодными явлениями в России, включая морозы, снегопады, оттепели и ураганы.",5.0
2021-08,2021,8,Работа властных структур,"События, связанные с работой властных структур, включая деятельность Мишустина, принятие законов и изменения в правилах.",3.0
2021-08,2021,8,«Работа Мишустина – что вникает во все вопросы. Хороший руководитель»,"События, связанные с работой властных структур, включая деятельность Мишустина, принятие законов и изменения в правилах.",3.0
2021-08,2021,8,«закон о запрете продажи несовершеннолетним детям спичек и зажигалок»,"События, связанные с работой властных структур, включая деятельность Мишустина, принятие законов и изменения в правилах.",3.0
2021-08,2021,8,"«закон о том, что детей нельзя высаживать из транспорта»","События, связанные с работой властных структур, включая деятельность Мишустина, принятие законов и изменения в правилах.",3.0
2021-08,2021,8,«изменение правил техосмотра автомобилей»,"События, связанные с работой властных структур, включая деятельность Мишустина, принятие законов и изменения в правилах.",3.0
2021-08,2021,8,«повышение налогов и штрафов»,"События, связанные с работой властных структур, включая деятельность Мишустина, принятие законов и изменения в правилах.",3.0
2021-08,2021,8,«про упрощение покупки земли»,"События, связанные с работой властных структур, включая деятельность Мишустина, принятие законов и изменения в правилах.",3.0
2021-08,2021,8,«вытрезвители вводят»,"События, связанные с работой властных структур, включая деятельность Мишустина, принятие законов и изменения в правилах.",3.0
2021-08,2021,8,Политический кризис в Армении,"События, связанные с политическим кризисом в Армении, включая протесты против Пашиняна и военный переворот.",3.0
2021-08,2021,8,«Армения: протесты против Пашиняна»,"События, связанные с политическим кризисом в Армении, включая протесты против Пашиняна и военный переворот.",3.0
2021-08,2021,8,«беспорядки в Армении»,"События, связанные с политическим кризисом в Армении, включая протесты против Пашиняна и военный переворот.",3.0
2021-08,2021,8,«в Армении военный переворот»,"События, связанные с политическим кризисом в Армении, включая протесты против Пашиняна и военный переворот.",3.0
2021-08,2021,8,«забастовка в Ереване»,"События, связанные с политическим кризисом в Армении, включая протесты против Пашиняна и военный переворот.",3.0
2021-08,2021,8,События на Украине,"События, связанные с ситуацией на Украине, включая украинский вопрос, Донбасс и Зеленского.",2.0
2021-08,2021,8,«Ситуация на Украине»,"События, связанные с ситуацией на Украине, включая украинский вопрос, Донбасс и Зеленского.",2.0
2021-08,2021,8,«украинский вопрос»,"События, связанные с ситуацией на Украине, включая украинский вопрос, Донбасс и Зеленского.",2.0
2021-08,2021,8,«про Донбасс»,"События, связанные с ситуацией на Украине, включая украинский вопрос, Донбасс и Зеленского.",2.0
2021-08,2021,8,«про Зеленского»,"События, связанные с ситуацией на Украине, включая украинский вопрос, Донбасс и Зеленского.",2.0
2021-08,2021,8,Другие события в России,"Другие события в России, включая объединение партий и интервью дочери Пескова.",2.0
2021-08,2021,8,«Объединение партии Миронова и партии патриотов»,"Другие события в России, включая объединение партий и интервью дочери Пескова.",2.0
2021-08,2021,8,«интервью дочери Пескова Ксении Собчак»,"Другие события в России, включая объединение партий и интервью дочери Пескова.",2.0
2021-08,2021,8,«установление памятника на Лубянке Невскому или Дзержинскому»,"Другие события в России, включая объединение партий и интервью дочери Пескова.",2.0
2021-08,2021,8,Другие события в мире,"Другие события в мире, включая пересечение границы дипломатами и обрушение дома в Бангладеш.",2.0
2021-08,2021,8,«Наши дипломаты пересекли границу с Кореей»,"Другие события в мире, включая пересечение границы дипломатами и обрушение дома в Бангладеш.",2.0
2021-08,2021,8,«в Бангладеш рухнул дом»,"Другие события в мире, включая пересечение границы дипломатами и обрушение дома в Бангладеш.",2.0
2021-08,2021,8,«выпал снег в Сахаре»,"Другие события в мире, включая пересечение границы дипломатами и обрушение дома в Бангладеш.",2.0
2021-08,2021,8,"Рост цен, тарифов","События, связанные с ростом цен и тарифов, включая подорожание продуктов, бензина и услуг ЖКХ.",1.0
2021-08,2021,8,«Подорожание цен»,"События, связанные с ростом цен и тарифов, включая подорожание продуктов, бензина и услуг ЖКХ.",1.0
2021-08,2021,8,«цены растут на масло и сахар»,"События, связанные с ростом цен и тарифов, включая подорожание продуктов, бензина и услуг ЖКХ.",1.0
2021-08,2021,8,«повышение цен на бензин»,"События, связанные с ростом цен и тарифов, включая подорожание продуктов, бензина и услуг ЖКХ.",1.0
2021-08,2021,8,«высокие цены на ЖКХ»,"События, связанные с ростом цен и тарифов, включая подорожание продуктов, бензина и услуг ЖКХ.",1.0
2021-08,2021,8,"«высокие цены на услуги ЖКХ, прибавка на продукты»","События, связанные с ростом цен и тарифов, включая подорожание продуктов, бензина и услуг ЖКХ.",1.0
2021-08,2021,8,«повышение тарифов на электроэнергию»,"События, связанные с ростом цен и тарифов, включая подорожание продуктов, бензина и услуг ЖКХ.",1.0
2021-08,2021,8,"Напряженные отношения с Евросоюзом, США, санкции против России","События, связанные с напряженными отношениями с Евросоюзом и США, включая санкции против России и блокировку ""Северного потока 2"".",1.0
2021-08,2021,8,"«“Северный поток 2” блокируют, агрессия со стороны США и Европы»","События, связанные с напряженными отношениями с Евросоюзом и США, включая санкции против России и блокировку ""Северного потока 2"".",1.0
2021-08,2021,8,«очередные санкции»,"События, связанные с напряженными отношениями с Евросоюзом и США, включая санкции против России и блокировку ""Северного потока 2"".",1.0
2021-08,2021,8,"«санкции против Газпрома, санкции против России, высказывания, что Америка никогда не признает Крым российским и санкции будут продолжаться»","События, связанные с напряженными отношениями с Евросоюзом и США, включая санкции против России и блокировку ""Северного потока 2"".",1.0
2021-08,2021,8,Авиаудар США по Сирии,"События, связанные с авиаударом США по Сирии.",1.0
2021-08,2021,8,«Сирия: бомбежка США»,"События, связанные с авиаударом США по Сирии.",1.0
2021-08,2021,8,«удар по Сирии»,"События, связанные с авиаударом США по Сирии.",1.0
2021-08,2021,8,«Байден Сирию бомбил»,"События, связанные с авиаударом США по Сирии.",1.0
2021-08,2021,8,«расстрел арабов американцами»,"События, связанные с авиаударом США по Сирии.",1.0
2021-08,2021,8,События в США,"События, связанные с событиями в США, включая выступления Байдена и погодные условия.",1.0
2021-08,2021,8,«Выступление Байдена»,"События, связанные с событиями в США, включая выступления Байдена и погодные условия.",1.0
2021-08,2021,8,«новый президент США – выступления»,"События, связанные с событиями в США, включая выступления Байдена и погодные условия.",1.0
2021-08,2021,8,«мороз в США»,"События, связанные с событиями в США, включая выступления Байдена и погодные условия.",1.0
2021-08,2021,8,"Встречи, выступления В. Путина","События, связанные со встречами и выступлениями В. Путина, включая встречи с Лукашенко и выступления о политике.",1.0
2021-08,2021,8,«Встреча Путина и Лукашенко в Сочи»,"События, связанные со встречами и выступлениями В. Путина, включая встречи с Лукашенко и выступления о политике.",1.0
2021-08,2021,8,«выступление Путина о политике на международной арене»,"События, связанные со встречами и выступлениями В. Путина, включая встречи с Лукашенко и выступления о политике.",1.0
2021-08,2021,8,«выступление Путина перед ФСБ»,"События, связанные со встречами и выступлениями В. Путина, включая встречи с Лукашенко и выступления о политике.",1.0
2021-08,2021,8,«речь Путина»,"События, связанные со встречами и выступлениями В. Путина, включая встречи с Лукашенко и выступления о политике.",1.0
2021-08,2021,8,"Аварии, катастрофы, несчастные случаи","События, связанные с авариями, катастрофами и несчастными случаями, включая взрывы газа, пожары и ДТП.",1.0
2021-08,2021,8,«ДТП»,"События, связанные с авариями, катастрофами и несчастными случаями, включая взрывы газа, пожары и ДТП.",1.0
2021-08,2021,8,«взрыв газа в России в жилом доме»,"События, связанные с авариями, катастрофами и несчастными случаями, включая взрывы газа, пожары и ДТП.",1.0
2021-08,2021,8,«пожар в Нижнем Новгороде»,"События, связанные с авариями, катастрофами и несчастными случаями, включая взрывы газа, пожары и ДТП.",1.0
2021-08,2021,8,«возгорания в Подмосковье – пожары»,"События, связанные с авариями, катастрофами и несчастными случаями, включая взрывы газа, пожары и ДТП.",1.0
2021-08,2021,8,«глыбы падают на людей»,"События, связанные с авариями, катастрофами и несчастными случаями, включая взрывы газа, пожары и ДТП.",1.0
2021-08,2021,8,"«на ВДНХ утонула машина, и об этом сообщали СМИ»","События, связанные с авариями, катастрофами и несчастными случаями, включая взрывы газа, пожары и ДТП.",1.0
2021-08,2021,8,"Криминальные события, коррупция","События, связанные с криминальными происшествиями и коррупцией, включая воровство, взятки и убийства.",1.0
2021-08,2021,8,"«Воровство, кражи, грабежи»","События, связанные с криминальными происшествиями и коррупцией, включая воровство, взятки и убийства.",1.0
2021-08,2021,8,«чиновников ловят на взятках»,"События, связанные с криминальными происшествиями и коррупцией, включая воровство, взятки и убийства.",1.0
2021-08,2021,8,"«коррупция на таможне, арестовали таможенника»","События, связанные с криминальными происшествиями и коррупцией, включая воровство, взятки и убийства.",1.0
2021-08,2021,8,«убийство девушки в Кемерово»,"События, связанные с криминальными происшествиями и коррупцией, включая воровство, взятки и убийства.",1.0
2021-08,2021,8,"«мать троих детей увезла в лес, выкинула»","События, связанные с криминальными происшествиями и коррупцией, включая воровство, взятки и убийства.",1.0
2021-08,2021,8,"Выплаты, повышение пенсий","События, связанные с выплатами и повышением пенсий, включая пособия для детей.",1.0
2021-08,2021,8,«Всевозможные пособия для детей»,"События, связанные с выплатами и повышением пенсий, включая пособия для детей.",1.0
2021-08,2021,8,«пособие на детей рассчитываться будет по-другому»,"События, связанные с выплатами и повышением пенсий, включая пособия для детей.",1.0
2021-08,2021,8,«прибавка к пенсии»,"События, связанные с выплатами и повышением пенсий, включая пособия для детей.",1.0
2021-08,2021,8,События в области спорта,"События, связанные со спортивными мероприятиями, включая чемпионаты по лыжам и биатлону.",1.0
2021-08,2021,8,«Чемпионат мира по лыжам и биатлону»,"События, связанные со спортивными мероприятиями, включая чемпионаты по лыжам и биатлону.",1.0
2021-08,2021,8,«победа наших лыжников. Большунов – чемпион мира впервые за свою карьеру»,"События, связанные со спортивными мероприятиями, включая чемпионаты по лыжам и биатлону.",1.0
2021-08,2021,8,«наши биатлонисты проиграли»,"События, связанные со спортивными мероприятиями, включая чемпионаты по лыжам и биатлону.",1.0
2021-08,2021,8,"«футбол: наши, как обычно, плохо играют»","События, связанные со спортивными мероприятиями, включая чемпионаты по лыжам и биатлону.",1.0
2021-08,2021,8,Праздники,"События, связанные с праздниками, включая День защитника Отечества.",1.0
2021-08,2021,8,«23 Февраля»,"События, связанные с праздниками, включая День защитника Отечества.",1.0
2021-08,2021,8,«День защитника Отечества»,"События, связанные с праздниками, включая День защитника Отечества.",1.0
2021-08,2021,8,«День спецназа: сам в спецназе служил»,"События, связанные с праздниками, включая День защитника Отечества.",1.0
2021-08,2021,8,"«День армии, концерт»","События, связанные с праздниками, включая День защитника Отечества.",1.0
2021-10,2021,10,"Затрудняюсь ответить, нет ответа",Респонденты затрудняются ответить или не дают ответа.,68.0
2021-10,2021,10,"Эпидемия коронавируса, вакцинация","Эпидемия коронавируса и вакцинация. Респонденты отмечают третью волну пандемии, усиление коронавируса, ожидание новой пандемии, уменьшение коронавируса, отступление ковида, карантин, испытание вакцины в других странах и вакцинацию людей.",9.0
2021-10,2021,10,Обострение обстановки на Украине,"Обострение обстановки на Украине. Респонденты интересуются происходящим в Луганске и Донбассе, отмечают опасность возникновения войны и войну на Донбассе.",5.0
2021-10,2021,10,Работа властных структур,"Работа властных структур. Респонденты отмечают встречу Мишустина с рабочими в Алтайском крае и Сибири, выступление Бондаренко, освобождение судей от ответственности за коррупцию и указ об облегчении положения педагогов.",4.0
2021-10,2021,10,"Отправка А. Навального в исправительную колонию, митинги в его защиту","Отправка А. Навального в исправительную колонию и митинги в его защиту. Респонденты отмечают посадку Навального, перевод Навального на зону, митинг Навального, избиение бабушек и молодежи на Манежной площади и незаконное задержание людей на митингах.",2.0
2021-10,2021,10,"Рост цен, тарифов","Рост цен и тарифов. Респонденты отмечают рост цен на ЖКХ, продукты и лекарства, повышение цен на бензин, электроэнергию и тарифы, а также рост ЖКХ.",2.0
2021-10,2021,10,"Напряженные отношения России с США, антироссийские санкции","Напряженные отношения России с США и антироссийские санкции. Респонденты отмечают напряженную обстановку с Америкой, плохое отношение Америки к России, нагнетание со стороны США, кибератаки и экономические санкции по поводу Навального.",2.0
2021-10,2021,10,"Аномальная погода в России, природные катаклизмы","Аномальная погода в России и природные катаклизмы. Респонденты отмечают морозы, похолодание, снег, извержение вулкана на Камчатке, плохую погоду и непогоду в Дагестане.",2.0
2021-10,2021,10,Другие события в мире,"Другие события в мире. Респонденты отмечают скандал в королевстве Англии, интервью Меган Маркл и события в Армении.",2.0
2021-10,2021,10,"Выплаты, повышение пенсий, детских пособий","Выплаты, повышение пенсий и детских пособий. Респонденты отмечают выплаты нуждающимся, детские выплаты, повышение выплат на детей, пособия для детей, льготы учителям и увеличение пенсий на 5 тысяч.",1.0
2021-10,2021,10,События в области спорта,"События в области спорта. Респонденты отмечают биатлон, победу Большунова в лыжах, лыжные гонки, победу ""Спартака"" у ""Краснодара"" и чемпионат по фигурному катанию.",1.0
2021-10,2021,10,"Меры по борьбе с коррупцией, аресты","Меры по борьбе с коррупцией и аресты. Респонденты отмечают разоблачение коррупционеров по всей России, арест мэра города и арест мэра Троицка Челябинской области.",1.0
2021-10,2021,10,"Встречи, выступления В. Путина","Встречи и выступления В. Путина. Респонденты отмечают встречу Путина с Эрдорганом, выступление президента и новости о плохой работе Путина.",1.0
2021-10,2021,10,"Аварии, катастрофы, несчастные случаи","Аварии, катастрофы и несчастные случаи. Респонденты отмечают аварию в Курумоче, ДТП на ""Большевичке"", пожар дома в Анапе, пожар в торговом центре ""Скала"" и пожары и ДТП в городе.",1.0
2021-10,2021,10,Криминальные события,"Криминальные события. Респонденты отмечают преступность, жуликов, минирование школы в Томске, депутата ЛДПР, сбившего девушку, и мошенников по продаже вакцины.",1.0
2021-10,2021,10,Другие события в России,"Другие события в России. Респонденты отмечают Масленицу, 8 Марта, заключение Платошкина Николая Николаевича, выпуск маньяка и африканскую чуму свиней.",1.0
2021-11,2021,11,"Затрудняюсь ответить, нет ответа","Респонденты, которым трудно ответить или нет ответа.",62.0
2021-11,2021,11,Обвинения Д. Байдена в адрес В. Путина,"Обвинения Д. Байдена в адрес В. Путина, включая высказывания о том, что Байден назвал Путина киллером и оскорбил Россию.",14.0
2021-11,2021,11,"Эпидемия коронавируса, вакцинация","Эпидемия коронавируса и вакцинация, включая отслеживание статистики по ковиду, обнаружение новых штаммов, снятие части карантина и отправку вакцины в другие страны.",5.0
2021-11,2021,11,"Напряженные отношения России с США, западными странами, антироссийские санкции","Напряженные отношения России с США, западными странами и антироссийские санкции, включая политику Америки против России и агрессивный настрой Запада.",3.0
2021-11,2021,11,Празднование Дня воссоединения Крыма с Россией,"Празднование Дня воссоединения Крыма с Россией, включая годовщину присоединения Крыма и крымский юбилей.",3.0
2021-11,2021,11,"Выступления, действия В. Путина, его ответ Д. Байдену","Выступления и действия В. Путина, его ответ Д. Байдену, включая высказывания Путина о взаимоотношениях между Россией и США.",2.0
2021-11,2021,11,Работа властных структур,"Работа властных структур, включая закон о защите населения, территорий от чрезвычайных ситуаций, и закон о запрещении ЛГБТ пропаганды.",2.0
2021-11,2021,11,"Аварии, катастрофы, несчастные случаи","Аварии, катастрофы и несчастные случаи, включая пожар в Анапе, крупные автоаварии и взрыв газа в жилом доме.",2.0
2021-11,2021,11,Обострение обстановки на Украине,"Обострение обстановки на Украине, включая возобновление военных действий на Донбассе.",2.0
2021-11,2021,11,"Рост цен, тарифов","Рост цен и тарифов, включая повышение цен на все и подорожание бензина.",1.0
2021-11,2021,11,Отправка А. Навального в исправительную колонию,"Отправка А. Навального в исправительную колонию, включая интерес к новостям о Навальном.",1.0
2021-11,2021,11,"Аномальная погода в России, природные катаклизмы","Аномальная погода в России и природные катаклизмы, включая землетрясение в Туве и извержение вулкана.",1.0
2021-11,2021,11,"Выплаты, повышение пенсий, детских пособий","Выплаты, повышение пенсий и детских пособий, включая повышение выплат для детей и инвалидам.",1.0
2021-11,2021,11,Криминальные события,"Криминальные события, включая убийство адвоката и педофилию.",1.0
2021-11,2021,11,"Состояние здоровья Д. Байдена, затруднения при подъеме по трапу самолета","Состояние здоровья Д. Байдена, затруднения при подъеме по трапу самолета, включая немощность и бесполезность президента США.",1.0
2021-11,2021,11,"Меры по борьбе с коррупцией, аресты","Меры по борьбе с коррупцией и аресты, включая арест губернатора Пензенской области.",1.0
2021-11,2021,11,Другие события в России,"Другие события в России, включая учения в Крыму и масленицу.",1.0
2021-11,2021,11,Другие события в мире,"Другие события в мире, включая обвал фондовых рынков и рост биткоина.",
2021-12,2021,12,"Затрудняюсь ответить, нет ответа",Респонденты не смогли ответить на вопрос.,61.0
2021-12,2021,12,"Эпидемия коронавируса, вакцинация","Респонденты отмечают борьбу с пандемией, обсуждение коронавируса, в том числе третью волну в Европе, оценку российской вакцины, ход вакцинации и опасения по поводу принудительной вакцинации и последствий прививок.",7.0
2021-12,2021,12,Обвинения Д. Байдена в адрес В. Путина,"Респонденты обсуждают обвинения Байдена в адрес Путина, включая высказывания об убийстве, оскорбления и унижение России.",7.0
2021-12,2021,12,Вакцинация В. Путина,"Респонденты отмечают вакцинацию Путина от коронавируса, его президентскую прививку от ковида и скрытую вакцинацию.",4.0
2021-12,2021,12,Работа властных структур,"Респонденты отмечают приезд Мишустина в Алтайский край, увеличение ставки Центробанка, новый закон о депутатах, внесение в Госдуму закона о расстреле бездомных животных и принятие законов Госдумы.",3.0
2021-12,2021,12,"Напряженные отношения России с США, западными странами, антироссийские санкции","Респонденты отмечают напряженные отношения с США и западными странами, антироссийские санкции, нападки со стороны Америки и угрозы.",3.0
2021-12,2021,12,"Выступления, действия В. Путина, его ответ Д. Байдену","Респонденты отмечают вакцинацию Путина от коронавируса, его президентскую прививку от ковида и скрытую вакцинацию.",2.0
2021-12,2021,12,"Коррупция, меры по борьбе с ней, аресты","Респонденты отмечают аресты за коррупцию губернатора, мэра города, экс-президента республики и воровство в областях.",2.0
2021-12,2021,12,Спортивные события,"Респонденты отмечают победы в фигурном катании, победу России над Мальтой, начало футбольных матчей и боев.",2.0
2021-12,2021,12,Рост цен,"Респонденты отмечают повышение цен на продукты и энергоносители, а также необходимость регулирования цен правительством.",2.0
2021-12,2021,12,Закрытие танкером прохода через Суэцкий канал,Респонденты отмечают застревание танкера в Суэцком канале и затор в Суэцком канале.,2.0
2021-12,2021,12,Проблемы со здоровьем А. Навального,"Респонденты отмечают болезнь Навального, ухудшение здоровья, тяжелое состояние и издевательства над ним.",2.0
2021-12,2021,12,"Выплаты, повышение пенсий, детских пособий","Респонденты отмечают выплаты на детей с 3 до 7 лет, изменение индексации пенсии, повышение пенсии для неработающих и увеличение средней зарплаты.",2.0
2021-12,2021,12,Отдых В. Путина в Туве,"Респонденты обсуждают отдых Путина на Алтае, его охоту и рыбалку, а также поездки в тайгу.",1.0
2021-12,2021,12,Ответ В. Путина Д. Байдену,"Респонденты отмечают ответ Путина Байдену, включая высказывания о том, кто обзывается, и предложение провести беседу.",1.0
2021-12,2021,12,"Другие встречи, выступления В. Путина","Респонденты отмечают выступление Путина в Кремле, поздравление Росгвардии и поручение продолжать освоение Севера.",1.0
2021-12,2021,12,Обострение обстановки на Украине,"Респонденты отмечают беспорядки на Украине, угрозу войны и обострение в Донбассе.",1.0
2021-12,2021,12,"Состояние здоровья Д. Байдена, затруднения при подъеме по трапу самолета","Респонденты отмечают маразм Байдена, спотыкание на трапе и падение.",1.0
2021-12,2021,12,"Военные учения, укрепление обороноспособности страны","Респонденты отмечают военные новости, учения подводного флота, развитие российской армии и вооруженные силы.",1.0
2021-12,2021,12,Криминальные события,"Респонденты отмечают убийства, кражу леса из Забайкалья и вывоз в Красноярск.",1.0
2021-12,2021,12,"Аварии, катастрофы, несчастные случаи","Респонденты отмечают крушение вертолета в Башкирии, взрыв газа в Химках и падение ребенка с 8 этажа в Екатеринбурге.",1.0
2021-12,2021,12,Другие события в России,"Респонденты отмечают открытие памятника и музея Гагарину, интервью Собчак с убийцей девочек и выставку роботов в Ижевске.",1.0
2021-12,2021,12,Другие события в мире,"Респонденты отмечают приглашение Байденом Путина и Си Цзиньпина, взрыв в Индонезии и события в Китае.",0.0
2021-13,2021,13,"Затрудняюсь ответить, нет ответа","Респонденты, которые не смогли назвать ни одного события.",60.0
2021-13,2021,13,"Эпидемия коронавируса, вакцинация","Эпидемия коронавируса и вакцинация, сравнение с Россией, рост заболеваемости, надежды на спад вируса и массовую вакцинацию, разработка новых лекарств.",8.0
2021-13,2021,13,Обострение обстановки на Украине,"Обострение конфликта на Донбассе, стягивание войск к границам Крыма, опасения начала войны.",7.0
2021-13,2021,13,Закрытие танкером прохода через Суэцкий канал,"Блокировка Суэцкого канала танкером, застрявший сухогруз, операция по вызволению контейнеровоза.",3.0
2021-13,2021,13,"Аварии, катастрофы, несчастные случаи","Различные чрезвычайные происшествия, включая ЧП на заводе, действия пьяного блогера, авария в Черемхово, взрыв жилого дома в Зеленодольске и взрыв в Подмосковье.",3.0
2021-13,2021,13,"А. Навальный в колонии, ухудшение его здоровья","Положение А. Навального в колонии, жалобы на ухудшение здоровья, сообщения об издевательствах, объявлении голодовки и повышенном внимании врачей.",2.0
2021-13,2021,13,"Рост цен, тарифов","Повышение цен на различные товары и услуги, включая продукты, кварплату и коммунальные услуги.",2.0
2021-13,2021,13,"Выплаты, повышение пенсий, детских пособий","Увеличение социальных выплат, включая пособия для детей, инвалидов, повышение материнского капитала и прибавка к пенсии.",2.0
2021-13,2021,13,"Напряженные отношения России с США, западными странами","Напряженность в отношениях между Россией и США, несправедливое отношение к России, ввод войск поляками и американцами.",2.0
2021-13,2021,13,"Коррупция, меры по борьбе с ней, аресты","Борьба с коррупцией, аресты губернаторов и чиновников в различных городах России, включая арест Ивана Белозерцева.",2.0
2021-13,2021,13,Обвинения Д. Байдена в адрес В. Путина,"Обвинения Д. Байдена в адрес В. Путина, включая слова о том, что Путин убийца.",2.0
2021-13,2021,13,Перестрелка в Мытищах,"Перестрелка в Мытищах, где стрелок отстреливался от полиции, и инцидент в Вешках с 60-летним пенсионером.",2.0
2021-13,2021,13,"Выступления, действия В. Путина","Выступления и действия В. Путина, включая видеоконференции с министрами, отдых и вакцинацию от коронавируса.",2.0
2021-13,2021,13,Спортивные события,"Различные спортивные события, включая победы и поражения в хоккее, боксе, фигурном катании и других видах спорта.",1.0
2021-13,2021,13,События вокруг «Северного потока – 2»,"События, связанные с «Северным потоком – 2», включая инциденты и атаки на строительство.",1.0
2021-13,2021,13,Работа властных структур,"Деятельность властных структур, включая выступления Мишустина, изменения в законах, прямые эфиры губернаторов и смену мэров.",1.0
2021-13,2021,13,Природные катаклизмы в России,"Природные катаклизмы в России, включая наводнения в Иркутске и снежные заносы.",1.0
2021-13,2021,13,Подвиг хирургов в Благовещенске при пожаре,"Героический поступок хирургов в Благовещенске, проводивших операцию на открытом сердце во время пожара.",1.0
2021-13,2021,13,Другие события в России,"Различные события в России, включая День смеха, всплытие подводных лодок, выделение субсидий малому бизнесу и развитие социальных сетей.",1.0
2021-13,2021,13,Другие события в мире,Военный переворот в Мьянме и отъезд Познера из Тбилиси.,1.0
2021-14,2021,14,"Затрудняюсь ответить, нет ответа","Затрудняюсь ответить, нет ответа",59.0
2021-14,2021,14,Обострение обстановки на Украине,"Обострение обстановки на Украине, возможное начало боевых действий, военные действия на юго-востоке Украины, ВСУ стягивают войска в Донбасс, Зеленский стягивает войска и убивает людей.",18.0
2021-14,2021,14,"Эпидемия коронавируса, вакцинация","Эпидемия коронавируса, количество больных растет, возможность третьей волны, закрытие границы с Турцией, вакцинация, вакцина от ковида.",7.0
2021-14,2021,14,Рост цен,"Рост цен, цены растут за последний месяц, повышение цен на продукты.",3.0
2021-14,2021,14,Работа властных структур,"Работа властных структур, новые поправки к законам, гаражная амнистия, карельский парламент принимает закон о детях войны, отставка Морозова.",2.0
2021-14,2021,14,Природные катаклизмы в России,"Природные катаклизмы в России, пожары, половодье, горят леса, наводнения в Центральной России, половодье в Иркутской области, лава из вулкана, паводок в Красноярске, пожары на Дальнем Востоке.",2.0
2021-14,2021,14,"Напряженные отношения России с США, санкции","Напряженные отношения России с США, противостояние США и России, новые санкции против России, санкции.",2.0
2021-14,2021,14,"Выплаты, повышение пенсий, детских пособий","Выплаты на детей, изменения, детям увеличенное пособие, социальные выплаты малоимущим, повысили пенсию, индексация пенсий работающих пенсионеров, прибавление пособий.",2.0
2021-14,2021,14,"А. Навальный в колонии, ухудшение его здоровья, голодовка","А. Навальный в колонии, болезнь Навального, не оказывают помощь, Навальный голодует, девятый день голодовки.",1.0
2021-14,2021,14,"Праздники, памятные даты","Праздники, памятные даты, 60 лет со дня полета Гагарина, 70 лет операции “Север"", Благовещение.",1.0
2021-14,2021,14,"Аварии, катастрофы, несчастные случаи","Аварии, катастрофы, несчастные случаи, авария в Новосибирске, авария с блогером, грузовики ушли под лед на Байкале, сын чиновника попал в ДТП.",1.0
2021-14,2021,14,Смерть принца Филиппа,"Смерть принца Филиппа, муж королевы Великобритании, принц английский, муж Елизаветы Второй.",1.0
2021-14,2021,14,"Коррупция, меры по борьбе с ней, аресты","Коррупция, Пенза, коррупционеров начали трясти нашего мэра, белгородского мэра, Белозерцев арестован.",1.0
2021-14,2021,14,Криминальные события,"Криминальные события, арестовали за похищение человека, в Москве в Мытищах стрелял мужчина, мужчина ранил мальчика в Красноярске, специалист соцзащиты украла деньги у детей-сирот в Иркутске.",1.0
2021-14,2021,14,"Выступления, действия В. Путина","Путин в Сибирь с Шойгу поехал, Путин выступал, 21 числа будет выступление Путина.",1.0
2021-14,2021,14,Другие события в России,"Подводные лодки, новые атомоходы, хорошо оснастили армию, усиление проверки Росгвардии.",1.0
2021-14,2021,14,Другие события в мире,"В Турции перевернулись туристы, погибла россиянка, переговоры с Китаем, события в Сирии.",1.0
2021-15,2021,15,"Затрудняюсь ответить, нет ответа",Респонденты затрудняются ответить или не дают ответа.,58.0
2021-15,2021,15,Обострение обстановки на Украине,"Обострение обстановки на Украине, напряженность, конфликт в Донбассе, подтягивание военной техники с Украины, военные между Украиной и Донбассом, война в Донбассе.",16.0
2021-15,2021,15,"Напряженные отношения России с США, санкции","Напряженные отношения России с США, санкции, отношения Америки с Россией, США пытаются развязать конфликт с Россией, высылка российских дипломатов из США, Байден выдвинул санкции нам, новые санкции против России.",7.0
2021-15,2021,15,"Эпидемия коронавируса, вакцинация","Эпидемия коронавируса, вакцинация, пандемия, усиление коронавируса, борьба с ковидом, прививка от коронавируса, вакцинация, масочный режим, оставят маски, не отменят.",5.0
2021-15,2021,15,Временное прекращение авиаперелетов в Турцию,"Временное прекращение авиаперелетов в Турцию, закрыли авиасообщение с Турцией, закрыли перелет в Турцию, закрытие Турции для россиян, закрытие Турции для отдыха.",3.0
2021-15,2021,15,"Аварии, катастрофы, несчастные случаи","Аварии, катастрофы, несчастные случаи, пожар в Питере, Невская мануфактура горела, взрыв бытового газа, кран упал, в Ангарске на машине врезались в светофор.",2.0
2021-15,2021,15,Переговоры Байдена и В. Путина,"Переговоры Байдена и В. Путина, звонок Байдена нашему президенту Путину, Байден позвонил Путину договориться о встрече, разговор Байдена с Путиным, Байден с Путиным хотят встретиться.",2.0
2021-15,2021,15,Работа властных структур,"Работа властных структур, Мишустин выступил по жилфонду, интервью Лаврова телеканалу “Россия”, закон о просвещении, материнский капитал уйдет в пенсионный фонд – это неправильное решение, смена главы республики.",2.0
2021-15,2021,15,Другие события в России,"Другие события в России, аресты чиновников, арест пензенского губернатора, военные учения в Чёрном море, спуск на воду корабля, митинг по ковиду в Казани, педофил в Тольятти.",2.0
2021-15,2021,15,"Праздники, памятные даты","Праздники, памятные даты, день космонавтики, 60 лет первому полету в космос, фестиваль, посвященный космонавтике, годовщина Чернобыля, театру “Современник” 65 лет.",1.0
2021-15,2021,15,"Рост цен, тарифов","Рост цен, тарифов, повышение цен на питание, ЖКХ и на всё, подорожание продуктов, яйца 100 рублей, повышение цен на бензин, про рост цен на бензин на 13%.",1.0
2021-15,2021,15,Пожары и наводнения в России,"Пожары и наводнения в России, паводки, пожары, наводнения и пожары, пожары везде, всё горит – ужас, паводки на Дальнем Востоке, наводнение в Сибири, Амур затопило и Нижний Новгород затопило – половодье, люди в Хабаровске страдают от наводнения.",1.0
2021-15,2021,15,Спортивные события,"Спортивные события, “Авангард"" выиграл в хоккее, вышел в финал, “Ак Барс” проиграл, “Краснодар” вничью сыграл, на фигурном катании наши заняли весь пьедестал.",1.0
2021-15,2021,15,"А. Навальный в колонии, ухудшение его здоровья, голодовка","А. Навальный в колонии, ухудшение его здоровья, голодовка, про Навального, новости о Навальном, болеет Навальный, голодовка Навального.",1.0
2021-15,2021,15,"Выступления, действия В. Путина","Выступления, действия В. Путина, Путин поручил Госдуме разработать поддержку одиноким, многодетным семьям, Путин говорил, что денег должно хватить всем на всё, выступление Путина про социальные сети, Путин поставил прививку.",1.0
2021-15,2021,15,Смерть принца Филиппа,"Смерть принца Филиппа, смерть Филиппа, принца Англии, принц Филипп умер, овдовела Елизавета Георгиевна.",1.0
2021-15,2021,15,Другие события в мире,"Другие события в мире, готовилось покушение на Лукашенко, Илон Маск презентовал мобильное устройство – Tesla Phone, Шэрон Стоун выпустила мемуары.",1.0
2021-18,2021,18,"Затрудняюсь ответить, нет ответа",Респонденты не смогли ответить на вопрос.,63.0
2021-18,2021,18,"Эпидемия коронавируса, защитные меры, вакцинация","Респонденты отмечают пандемию, рост и падение коронавируса, меры по коронавирусу, масштабность прививок, помощь России в вакцинации, а также гибель людей в Индии.",7.0
2021-18,2021,18,"Праздники, памятные даты","Респонденты отмечают День Победы и парад, «Бессмертный полк», праздник 1 Мая и великую Пасху.",5.0
2021-18,2021,18,"События на Украине, обострение военной напряженности","Респонденты обеспокоены событиями в Донецке, военными действиями на Украине и поездкой американского госсекретаря.",5.0
2021-18,2021,18,"Выплаты, пособия","Респонденты отмечают выплаты ветеранам, повышение пособий, выплаты на детей к школе и увеличение пособий на детей для оплаты летних лагерей.",4.0
2021-18,2021,18,"Напряженные отношения России с США, странами Запада, санкции","Респонденты отмечают отношения России с коллективным Западом, атаки на Россию, учения НАТО возле границ России и решение Европарламента о дополнительных санкциях.",3.0
2021-18,2021,18,Работа властных структур,"Респонденты отмечают высказывания Мишустина, нового губернатора области, проект налога на богатство, введение нового закона про сбор грибов и штрафы за сорняки.",2.0
2021-18,2021,18,"Выступления, действия В. Путина","Респонденты отмечают высказывание Путина о хорошей жизни, конференцию Путина и его общение с Эрдоганом.",2.0
2021-18,2021,18,"Аварии, несчастные случаи","Респонденты отмечают аварии, аварию в Ставропольском крае, аварию на Тюменском тракте, гибель школьников-спортсменов и нападение бродячих собак.",2.0
2021-18,2021,18,"Пожары, наводнения, другие стихийные бедствия в России","Респонденты отмечают пожары, лесные пожары, снег в Коми, пожары в Тюмени, наводнения по России и подтопления в регионе.",2.0
2021-18,2021,18,Взаимная высылка российских дипломатов за рубежом и иностранных дипломатов из России,Респонденты отмечают высылку дипломатов из Чехии и высылку российских дипломатов из европейских государств.,2.0
2021-18,2021,18,"А. Навальный в колонии, голодовка, лечение","Респонденты отмечают репрессии в отношении Навального, его голодовку и лечение.",1.0
2021-18,2021,18,Увеличение числа нерабочих дней на майские праздники,"Респонденты отмечают выходные с 1 по 11 мая, нерабочие дни между праздниками и длинные праздничные дни.",1.0
2021-18,2021,18,"Митинги, последствия для их участников","Респонденты отмечают митинги в Москве и Питере, наказания за участие в митингах и задержания людей.",1.0
2021-18,2021,18,"Рост цен, тарифов","Респонденты отмечают повышение цен на масло, сахар, строительные материалы, тарифы и бензин.",1.0
2021-18,2021,18,Спортивные события,"Респонденты отмечают спортивные события, победу «Зенита» над «Локомотивом», скандал на чемпионате мира по шашкам и юношеский чемпионат мира по хоккею.",1.0
2021-18,2021,18,Другие события в России,"Респонденты отмечают осуждение Платошкина, планы России по строительству дамбы в Охотском море и строительство завода в городе Выкса.",1.0
2021-18,2021,18,Другие события в мире,"Респонденты отмечают вооруженное столкновение между Киргизией и Таджикистаном, обвал сцены в Израиле, обрушение моста в Мексике и выступление Илона Маска.",1.0
2021-19,2021,19,Массовое убийство школьников в казанской школе,"Массовое убийство школьников в казанской школе, трагедия в Казани, дети убиты в Казани, вооруженное нападение в Казани, Татария, жертвы, трагедия в гимназии №175.",52.0
2021-19,2021,19,"Затрудняюсь ответить, нет ответа","Затрудняюсь ответить, нет ответа",35.0
2021-19,2021,19,Обострение палестино-израильского конфликта,"Обострение палестино-израильского конфликта, война Палестины и Израиля, Израиль с Палестиной столкнулись в конфликте, Палестина бомбила Израиль.",4.0
2021-19,2021,19,"Праздники, памятные даты","Праздники, памятные даты, День Победы, 9 Мая – празднование, парад в Москве, салют в Москве на Красной площади, праздники: Пасха, 1 Мая, Красная горка, 9 Мая, Ураза-байрам.",3.0
2021-19,2021,19,События на Украине,"События на Украине, события на Украине, агрессивно относится к нам, Донбасс, вопрос Украины стоит очень остро, арестовывают лидеров украинских, на Украине Медведчука собираются арестовывать.",2.0
2021-19,2021,19,"Эпидемия коронавируса, защитные меры, вакцинация","Эпидемия коронавируса, защитные меры, вакцинация, в Индии коронавирус, вакцинация, прививки от ковида, коронавирус уменьшается, создали новую вакцину, рост заболеваемости ковидом в Москве, смертность от ковида.",2.0
2021-19,2021,19,"Напряженные отношения России с США, странами Запада","Напряженные отношения России с США, странами Запада, отношения с Америкой, конфликт с Чехией, публикация списка недружественных стран Чехия и США, обозначение врагов России, напряженность витает вокруг России.",1.0
2021-19,2021,19,"Выступления, действия В. Путина","Выступления, действия В. Путина, высказывания Путина, интервью Путина, президент дал распоряжение увеличить охрану в школе и ограничить оборот оружия.",1.0
2021-19,2021,19,"Выплаты, пособия","Выплаты, пособия, денежные выплаты за детей, на детей деньги, прибавка: детские 10 тысяч рублей, пособия.",1.0
2021-19,2021,19,Работа властных структур,"Работа властных структур, отчет Мишустина в Думе, Мишустин, выступления, новые законы, закон о продуктах, выращенных на своих участках, закон новый насчет либералов.",1.0
2021-19,2021,19,"Пожары, наводнения, погодные катаклизмы в России","Пожары, наводнения, погодные катаклизмы в России, наводнения, пожары, пожар в лесах и селах, пожары в Сибири, Аномальная жара в Татарстане.",1.0
2021-19,2021,19,Рост цен,"Рост цен, рост цен, рост цен на бензин, продукты, цены.",1.0
2021-19,2021,19,Другие события в России,"Другие события в России, водоснабжение Крыма, экзамены в школах, идет война в Аксае, людей выгоняют с рынков.",1.0
2021-19,2021,19,Другие события в мире,"Другие события в мире, конфликт между Арменией и Азербайджаном, запуск Илона Маска, обрушение криптовалюты.",1.0
2021-20,2021,20,"Затрудняюсь ответить, нет ответа","Затрудняюсь ответить, нет ответа",51.0
2021-20,2021,20,Массовое убийство школьников в казанской школе,"Вооруженное нападение в школе, расстрел в школе, кошмар, резонансное дело со стрельбой в школе в Казани, событие в Казани потрясло сильно, стрельба в Казани.",25.0
2021-20,2021,20,Обострение палестино-израильского конфликта,"Война Израиля с Палестиной, конфликт между Израилем и Палестиной, событие в Израиле и Палестине, война, война в секторе Газа.",3.0
2021-20,2021,20,"Пожары, наводнения, погодные катаклизмы в России","Пожары, наводнения в Сибири и на востоке, лесные пожары в Сибири, пожары и наводнения, бури, потоп в Сибири, вихрь в Астрахани, песчаная буря, буран у нас, природные явления.",3.0
2021-20,2021,20,"Эпидемия коронавируса, защитные меры, вакцинация","Коронавирус, больше ничего, коронавирус на земном шаре, началась третья волна больных ковидом, появился новый вид коронавируса, коронавирус в Индии, рост смертей, вакцинация достала, агитация.",3.0
2021-20,2021,20,События на Украине,"Ситуация на Украине, напряженка с Украиной, положение на Украине, в Донбассе, война на Донбассе, позиция Зеленского.",3.0
2021-20,2021,20,Работа властных структур,"Выступление Мишустина, закон о цитировании, закон об ограничении в выборах, обсуждается тема по поводу ужесточения владения огнестрельным оружием, Дегтярев вручил награды.",3.0
2021-20,2021,20,Напряженные отношения России со странами Запада,"Обострение с американцами, дипломатический кризис с чехами, недружественные страны – США, Чехия, высылка дипломатов.",2.0
2021-20,2021,20,"Выплаты, пособия, пенсии","Будут выделять деньги перед 1 сентября, выплаты на детей, пенсия неполным семьям, про пособие для беременных, матерям-одиночкам выплаты, начали заниматься вопросами пенсионеров, повышение пенсий, медики получили деньги.",2.0
2021-20,2021,20,"Выступления, действия В. Путина","Разные выступления Путина, высказывание Путина: кто захочет от нас кусок откусить, выбьем зубы, Путин о “Северном потоке – 2”, разговоры Путина о возврате денег за отдых детей, Путин много общается с учениками, с молодежью.",2.0
2021-20,2021,20,Другие события в России,"Суд над Платошкиным, подготовка учеников к сдаче ЕГЭ, запуск реактора в институте Курчатова, фестиваль в Крыму музыкальный.",2.0
2021-20,2021,20,Встреча С. Лаврова и Э. Блинкена,"Встреча Лаврова с госсекретарем США, встреча Лаврова и Блинкена, встречался Лавров с американцами.",1.0
2021-20,2021,20,"Аварии, пожары, несчастные случаи","Всякие дорожные аварии, куча аварий и сбитые пешеходы в Адлеровском районе, ЧП в Москве, пожар, таксист попал в аварию, женщина пострадала, погибла, ребенка сбили мопедом, девочка пропала в Кемерово.",1.0
2021-20,2021,20,Конкурс «Евровидение»,"Евровидение – выступления, конкурс Евровидение, по телевидению показывают Евровидение.",1.0
2021-20,2021,20,Предстоящая встреча В. Путина с Д. Байденом,"Байден с Путиным – будущая встреча, в июне должны состояться переговоры Путина с президентом США, встреча готовится Путина и Байдена.",1.0
2021-20,2021,20,Спортивные события,"Наши выиграли в хоккей, новости про футбольный клуб “Спартак”, окончание сезона премьер-лиги футбольной, чемпионат мира по хоккею.",1.0
2021-20,2021,20,Криминальные события,"В Пермском крае ученик напал на учителя, напали на учительницу с ножом, Самара – стреляли, врач убил практикантку.",1.0
2021-20,2021,20,Другие события в мире,"Задержание в Минске самолета и задержание главы “Некста”, землетрясение в Китае, в Китае в горах погибли спортсмены.",1.0
2021-21,2021,21,"Затрудняюсь ответить, нет ответа",Респонденты затрудняются ответить или не дают ответа.,61.0
2021-21,2021,21,"Экстренная посадка самолета в Белоруссии, задержание двух пассажиров, последствия этих событий","Экстренная посадка самолета в Белоруссии, задержание двух пассажиров, последствия этих событий. Респонденты отмечают захват самолета Белоруссией, действия Лукашенко, перехват самолета и санкции против Белоруссии.",13.0
2021-21,2021,21,Массовое убийство школьников в казанской школе,"Массовое убийство школьников в казанской школе. Респонденты говорят о расстреле школьников, казанской трагедии и террористе в Казани.",7.0
2021-21,2021,21,"Эпидемия коронавируса, защитные меры, вакцинация","Эпидемия коронавируса, защитные меры, вакцинация. Респонденты отмечают распространение ковида, вспышку коронавируса, продление карантинных мер и вакцинацию в России.",3.0
2021-21,2021,21,"Пожары, наводнения, погодные катаклизмы в России","Пожары, наводнения, погодные катаклизмы в России. Респонденты говорят о катаклизмах в природе, жаре, ураганах, наводнениях, пожарах в Сибири и паводках.",2.0
2021-21,2021,21,Работа властных структур,"Работа властных структур. Респонденты отмечают праймериз ЕР, предвыборные выборы, новые налоги на животных и закон о петрушке.",2.0
2021-21,2021,21,"Выплаты, пособия, пенсии","Выплаты, пособия, пенсии. Респонденты говорят о выплатах, детских пособиях, пособиях для одиноких матерей и выплатах детям перед школой.",2.0
2021-21,2021,21,"Напряженные отношения России со странами Запада, антироссийские санкции","Напряженные отношения России со странами Запада, антироссийские санкции. Респонденты отмечают внешнюю политику, события в Чехии, санкционную политику против России.",2.0
2021-21,2021,21,События на Украине,События на Украине. Респонденты говорят о ситуации в Донбассе и неспокойной обстановке на границе с Украиной.,2.0
2021-21,2021,21,"Аварии, катастрофы, несчастные случаи","Аварии, катастрофы, несчастные случаи. Респонденты отмечают катастрофы на производстве, разлив нефтепродуктов, отравление метаном и утопления.",2.0
2021-21,2021,21,"Выступления, действия В. Путина","Выступления, действия В. Путина. Респонденты отмечают встречу Путина и Лукашенко, совещание с Шойгу и выступление Путина на заседании правительства.",1.0
2021-21,2021,21,Криминальные события,Криминальные события. Респонденты говорят об убийстве учительницы в Перми и ограблении ломбарда.,1.0
2021-21,2021,21,Обострение палестино-израильского конфликта,Обострение палестино-израильского конфликта. Респонденты отмечают ситуацию в Палестине и события в секторе Газа.,1.0
2021-21,2021,21,Спортивные события,"Спортивные события. Респонденты отмечают проигрыш сборной России Дании, финал Лиги Европы и чемпионат мира по хоккею.",1.0
2021-21,2021,21,Рост цен,"Рост цен. Респонденты говорят о взлете цен, повышении цены бензина и росте цен на продукты.",1.0
2021-21,2021,21,Предстоящая встреча В. Путина с Д. Байденом,Предстоящая встреча В. Путина с Д. Байденом. Респонденты отмечают подготовку встречи Путина и Байдена.,1.0
2021-21,2021,21,"Выпускной день в школах, праздники","Выпускной день в школах, праздники. Респонденты отмечают выпускные и последние звонки в школах.",1.0
2021-21,2021,21,Другие события в России,"Другие события в России. Респонденты отмечают суд над Платошкиным, уход из жизни актрисы Шацкой и урезание зарплаты бюджетникам.",1.0
2021-21,2021,21,Другие события в мире,"Другие события в мире. Респонденты отмечают запрет криптовалюты в Китае, Евровидение и падение фуникулера в Италии.",1.0
2021-22,2021,22,"Затрудняюсь ответить, нет ответа",Респондент не смог ответить на вопрос.,66.0
2021-22,2021,22,"Экстренная посадка самолета в Белоруссии, задержание двух пассажиров, последствия этих событий","Экстренная посадка самолета в Белоруссии, задержание оппозиционера, обсуждение поведения Лукашенко, недовольство в Европе, последствия.",5.0
2021-22,2021,22,Петербургский международный экономический форум,"Международный экономический форум в Петербурге, экономический форум, петербургский форум, форум ленинградский.",4.0
2021-22,2021,22,Спортивные события,"Футбольный матч Россия – Болгария, проиграли Канаде, поражение сборной России по хоккею, новый тренер в “Спартаке”.",4.0
2021-22,2021,22,Работа властных структур,"Мишустин приехал, праймериз “Единой России”, покидают люди ЛДПР, льготная ипотека, закон о просветительской деятельности ввели.",3.0
2021-22,2021,22,Предстоящая встреча В. Путина с Д. Байденом,"Предстоящая встреча президентов России и США, приближение встречи Путина с Байденом.",2.0
2021-22,2021,22,"Выплаты, пособия, пенсии","Выплаты, возврат денег за детские путевки, выплата по 10 тысяч рублей на подготовку детей к школе, прибавка пенсии.",2.0
2021-22,2021,22,Массовое убийство школьников в казанской школе,"Казанская трагедия, Казань, что происходит с детьми, ребенок в Татарстане расстрелял школу, события в Татарстане, стрельба.",2.0
2021-22,2021,22,"Эпидемия коронавируса, защитные меры, вакцинация","Коронавирус растет, опять будут ограничения, куча людей погибает от ковида, коронавирус, новый штамм, вакцинация, о вакцине отрицательное мнение.",2.0
2021-22,2021,22,События на Украине,"Меня волнует Украина, сама там родилась, отношения с Украиной, события на Украине.",2.0
2021-22,2021,22,"Рост цен, тарифов","Цены выросли на всё, подорожали песок и хлеб, цены на ЖХК подняли в мае, повышение цен на бензин, продукты, повышение на коммунальные услуги, поднятие цен меня возмущает.",2.0
2021-22,2021,22,"Выступления, действия В. Путина","Встреча Путина и Лукашенко, выступление Путина на конференции, интервью Путина, Путин про молодежь.",2.0
2021-22,2021,22,"Пожары, наводнения, погодные катаклизмы в России","Пожары, климатические изменения, наводнение в Красноярске, Якутия горит, наводнение в Сибири, погодные аномалии, в Туве 40 м/с ветер, в Оренбургском крае град.",2.0
2021-22,2021,22,Другие события в России,"Сдача ЕГЭ у одиннадцатиклассников, День химика, падение акций Новороссийского порта, суд Платошкина.",2.0
2021-22,2021,22,Криминальные события,"Новосибирск, как застрелили парня, девушка пропала в Оренбурге, ее убили, екатеринбургский стрелок стрелял с балкона.",1.0
2021-22,2021,22,Завершение строительства первой нитки газопровода «Северный поток – 2»,"Завершение строительства первой нити газопровода, протянули первую ветку газа в Германию, то, что достраивают “Северный поток – 2”.",1.0
2021-22,2021,22,Напряженные отношения России со странами Запада,"Международная политика: отношения США, России и Европы, Америка – не нравится, что она на нас нападает, американская политика непонятная, шок.",1.0
2021-22,2021,22,"Аварии, катастрофы, несчастные случаи","Обычно с экологией – опять у нас что-то разлили, экологическая катастрофа в Краснодарском крае, ДТП на Ленинском проспекте, ребенок выскочил, машина едет, попал под машину.",1.0
2021-22,2021,22,Другие события в мире,"Байден смягчает санкции по отношению к “Северному потоку”, упал биткоин, погибли бегуны в Китае, японцы крабов ловят на территории России.",1.0
2021-23,2021,23,"Затрудняюсь ответить, нет ответа",Респонденты затрудняются ответить или не дают ответа.,69.0
2021-23,2021,23,"Эпидемия коронавируса, рост числа заболевших, вакцинация","Эпидемия коронавируса, рост числа заболевших, вакцинация. Респонденты отмечают рост заболеваемости, необходимость вакцинации.",5.0
2021-23,2021,23,Предстоящая встреча В. Путина с Д. Байденом,Предстоящая встреча В. Путина с Д. Байденом. Респонденты ждут встречи Путина и Байдена.,5.0
2021-23,2021,23,События на Украине,"События на Украине. Респонденты отмечают положение на Украине и в Донбассе, украинские новости, ситуацию с футболками.",4.0
2021-23,2021,23,Спортивные события,"Спортивные события. Респонденты отмечают проигрыш в хоккее, начало футбольного чемпионата, проигрыш Бельгии.",3.0
2021-23,2021,23,Петербургский международный экономический форум,Петербургский международный экономический форум. Респонденты отмечают саммит в Питере и интересные заявления.,2.0
2021-23,2021,23,Работа властных структур,"Работа властных структур. Респонденты отмечают поездки Мишустина, объединение регионов, закон про машины, заседания в Думе.",2.0
2021-23,2021,23,"Экстренная посадка самолета в Бело-руссии, задержание двух пассажиров","Экстренная посадка самолета в Белоруссии, задержание двух пассажиров. Респонденты отмечают посадку самолета в Белоруссии и действия Лукашенко.",2.0
2021-23,2021,23,"Аварии, катастрофы, несчастные случаи","Аварии, катастрофы, несчастные случаи. Респонденты отмечают инцидент с квадроциклом, самокаты, ДТП, падение с высоты, убийство плитой.",2.0
2021-23,2021,23,"Пожары, наводнения в России","Пожары, наводнения в России. Респонденты отмечают пожары в Сибири, наводнения на Дальнем Востоке и Камчатке, затопление Костромы.",2.0
2021-23,2021,23,Другие события в России,"Другие события в России. Респонденты отмечают День России, признание ФБК экстремистской организацией, аресты людей.",2.0
2021-23,2021,23,"Выступления, действия В. Путина","Выступления, действия В. Путина. Респонденты отмечают встречу Путина и Лукашенко, выступления по Украине, поздравления и награждения.",1.0
2021-23,2021,23,"Выплаты, пособия, повышение зарплаты и пенсий","Выплаты, пособия, повышение зарплаты и пенсий. Респонденты отмечают выплаты к школе, социальные выплаты детям, повышение зарплаты бюджетникам и пенсий.",1.0
2021-23,2021,23,Криминальные события,"Криминальные события. Респонденты отмечают убийство судебных приставов, убийство девочки, убийство молодого парня.",1.0
2021-23,2021,23,Завершение строительства первой нитки газопровода «Северный поток – 2»,Завершение строительства первой нитки газопровода «Северный поток – 2». Респонденты отмечают достройку и окончание строительства.,1.0
2021-23,2021,23,Напряженные отношения России со странами Запада,Напряженные отношения России со странами Запада. Респонденты отмечают передряги с Америкой и воинственность США и НАТО.,1.0
2021-23,2021,23,"Рост цен, тарифов","Рост цен, тарифов. Респонденты отмечают резкий рост цен, подорожание, повышение цен на бензин и ЖКХ.",1.0
2021-23,2021,23,Массовое убийство школьников в казанской школе,Массовое убийство школьников в казанской школе. Респонденты отмечают расстрел детей в школе.,1.0
2021-23,2021,23,Другие события в мире,"Другие события в мире. Респонденты отмечают пощечину Макрону, совещания по Арктике, рождение панды.",1.0
2021-24,2021,24,"Затрудняюсь ответить, нет ответа","Затрудняюсь ответить, нет ответа.",49.0
2021-24,2021,24,Встреча В. Путина и Д. Байдена,"Встреча Владимира Путина с президентом США в Женеве, встреча президентов двух ядерных держав, женевская встреча, переговоры в Женеве.",21.0
2021-24,2021,24,"Эпидемия коронавируса, рост числа заболевших, защитные меры","Эпидемия коронавируса, рост числа заболевших, защитные меры. Очередная волна, рост заболевших, карантин, ограничения, прививки, вспышки коронавируса.",12.0
2021-24,2021,24,"Пожары, наводнения в России, другие погодные катаклизмы","Пожары, наводнения в России, другие погодные катаклизмы. Засуха, наводнения, пожары, ливневые дожди, подтопление городов, наводнение в Керчи, Крым заливает, Дальний Восток весь плавает, погода, катаклизмы, наводнения, град.",7.0
2021-24,2021,24,Спортивные события,"Спортивные события. Чемпионат Европы по футболу, соревнования по волейболу и футболу, футбол евротур, хоккей.",5.0
2021-24,2021,24,Работа властных структур,"Работа властных структур. Открытое письмо Зюганова Путину, Дума приняла закон о сохранении прожиточного минимума должникам, отменили техосмотр, принятие закона об оружии.",2.0
2021-24,2021,24,"Аварии, катастрофы, несчастные случаи","Аварии, катастрофы, несчастные случаи. Взрыв АЗС в Новосибирске, дом сгорел с детьми, пожары, ребенок упал с 14 этажа.",1.0
2021-24,2021,24,"Выплаты, пособия, повышение зарплат и пенсий","Выплаты, пособия, повышение зарплат и пенсий. Детские пособия, выплаты детям, обещание повысить зарплату, пенсию будут добавлять.",1.0
2021-24,2021,24,"Рост цен, тарифов","Рост цен, тарифов. Дорогие цены, цены растут, зарплата – нет, продукты подорожали сильно, повышение цен на продукты, цена на свеклу достигла 180 рублей, ЖКХ повышается.",1.0
2021-24,2021,24,"Выступления, действия В. Путина","Выступления, действия В. Путина. Выступление Путина на съезде “Единой России”, Путин ввел в пятерку лидеров “Единой России” Шойгу, Лаврова, Кузнецову и еще двоих и убрал Медведева из этого списка.",1.0
2021-24,2021,24,Петербургский международный экономический форум,"Петербургский международный экономический форум. Съезд в Питере предпринимателей, Петербургский экономический форум, саммит в Санкт-Петербурге.",1.0
2021-24,2021,24,События на Украине,"События на Украине. Война на Украине, Донбасс, убийство военнослужащих в ЛНР.",1.0
2021-24,2021,24,Другие события в России,"Другие события в России. Арест Юрия Хованского, смерть сестры Шойгу.",1.0
2021-24,2021,24,Другие события в мире,"Другие события в мире. Границу с Турцией открыли, летали натовские самолеты, блок приближается.",1.0
2021-25,2021,25,"Затрудняюсь ответить, нет ответа","Затрудняюсь ответить, нет ответа.",48.0
2021-25,2021,25,"Рост эпидемии коронавируса, защитные меры, отношение к прививкам","Рост заболеваемости коронавирусом, отношение к мерам защиты и вакцинации.",23.0
2021-25,2021,25,"Нарушение государственной границы России в Черном море эсминцем Великобритании, ответные действия","Нарушение государственной границы России в Черном море эсминцем Великобритании, ответные действия.",9.0
2021-25,2021,25,"Наводнения, пожары в России, другие погодные катаклизмы","Наводнения, пожары и другие погодные катаклизмы в России.",8.0
2021-25,2021,25,Встреча В. Путина и Д. Байдена,Встреча В. Путина и Д. Байдена.,4.0
2021-25,2021,25,Спортивные события,Спортивные события.,4.0
2021-25,2021,25,"Подготовка к «прямой линии» с В. Путиным, действия В. Путина","Подготовка к «прямой линии» с В. Путиным, действия В. Путина.",2.0
2021-25,2021,25,Другие события в мире,Другие события в мире.,2.0
2021-25,2021,25,Работа властных структур,Работа властных структур.,1.0
2021-25,2021,25,"Праздники, памятные даты","Праздники, памятные даты.",1.0
2021-25,2021,25,"Рост цен, тарифов","Рост цен, тарифов.",1.0
2021-25,2021,25,"Выплаты, пособия, повышение пенсий","Выплаты, пособия, повышение пенсий.",1.0
2021-25,2021,25,События на Украине,События на Украине.,1.0
2021-25,2021,25,"Аварии, катастрофы, несчастные случаи","Аварии, катастрофы, несчастные случаи.",1.0
2021-25,2021,25,Другие события в России,Другие события в России.,1.0
2021-25,2021,25,«Тяжелая обстановка с коронавирусом»,Тяжелая обстановка с коронавирусом.,
2021-25,2021,25,"«пандемия, третья волна»","Пандемия, третья волна.",
2021-25,2021,25,"«рост ковида, нехватка больничных коек»","Рост ковида, нехватка больничных коек.",
2021-25,2021,25,«указ по поводу QR-кодов»,Указ по поводу QR-кодов.,
2021-25,2021,25,«надоели обязательной вакцинацией»,Надоели обязательной вакцинацией.,
2021-25,2021,25,«насильственная вакцинация граждан»,Насильственная вакцинация граждан.,
2021-25,2021,25,"«прививки не хотим делать, мы категорически против»","Прививки не хотим делать, мы категорически против.",
2021-25,2021,25,«шантаж по поводу вакцинации»,Шантаж по поводу вакцинации.,
2021-25,2021,25,«Великобритания зашла в Черное море»,Великобритания зашла в Черное море.,
2021-25,2021,25,«вторжение англичан в наши воды»,Вторжение англичан в наши воды.,
2021-25,2021,25,«провокация в Крыму английского корабля»,Провокация в Крыму английского корабля.,
2021-25,2021,25,«инцидент с Англией: обнаглели»,Инцидент с Англией: обнаглели.,
2021-25,2021,25,«стрельба в Черном море»,Стрельба в Черном море.,
2021-25,2021,25,«британцев выперли с нашей территории»,Британцев выперли с нашей территории.,
2021-25,2021,25,"«Ливни затопили Крым, Нижний Новгород»","Ливни затопили Крым, Нижний Новгород.",
2021-25,2021,25,"«наводнения, ливни в Крыму, Керчь; вода поднимается в Амуре»","Наводнения, ливни в Крыму, Керчь; вода поднимается в Амуре.",
2021-25,2021,25,«наводнение в Благовещенске»,Наводнение в Благовещенске.,
2021-25,2021,25,"«паводки в Забайкальском крае, и мосты рушатся»","Паводки в Забайкальском крае, и мосты рушатся.",
2021-25,2021,25,«пожары в лесах»,Пожары в лесах.,
2021-25,2021,25,«стихийные бедствия и катаклизмы»,Стихийные бедствия и катаклизмы.,
2021-25,2021,25,«Встреча двух президентов»,Встреча двух президентов.,
2021-25,2021,25,«встреча президентов США и России»,Встреча президентов США и России.,
2021-25,2021,25,"«встреча Путина и Байдена, пресс-конференция»","Встреча Путина и Байдена, пресс-конференция.",
2021-25,2021,25,«Футбол: выступление нашей и других команд»,Футбол: выступление нашей и других команд.,
2021-25,2021,25,«чемпионат Европы по футболу и вылет сборной России»,Чемпионат Европы по футболу и вылет сборной России.,
2021-25,2021,25,«в футбол продули наши»,В футбол продули наши.,
2021-25,2021,25,«футбол проиграли наши с треском»,Футбол проиграли наши с треском.,
2021-25,2021,25,«бокс смотрю»,Бокс смотрю.,
2021-25,2021,25,«30 июня состоится “прямая линия” с Путиным»,30 июня состоится “прямая линия” с Путиным.,
2021-25,2021,25,«выступление Путина перед телезрителями»,Выступление Путина перед телезрителями.,
2021-25,2021,25,«вопросы Путину задаем предварительно»,Вопросы Путину задаем предварительно.,
2021-25,2021,25,«Путин поговорил по телефону с президентом Армении Пашиняном»,Путин поговорил по телефону с президентом Армении Пашиняном.,
2021-25,2021,25,«Новые предложения Мишустина о налогах»,Новые предложения Мишустина о налогах.,
2021-25,2021,25,«деятельность Собянина»,Деятельность Собянина.,
2021-25,2021,25,«съезд политических партий»,Съезд политических партий.,
2021-25,2021,25,«техосмотр отменили»,Техосмотр отменили.,
2021-25,2021,25,«22 июня - нападение фашистов на Советский Союз»,22 июня - нападение фашистов на Советский Союз.,
2021-25,2021,25,«в разных городах прошел день памяти Великой Отечественной войны»,В разных городах прошел день памяти Великой Отечественной войны.,
2021-25,2021,25,«“Алые паруса”»,“Алые паруса”.,
2021-25,2021,25,«Сабантуй»,Сабантуй.,
2021-25,2021,25,«Выросли цены на всё»,Выросли цены на всё.,
2021-25,2021,25,«рост цен на продовольствие»,Рост цен на продовольствие.,
2021-25,2021,25,«рост цен на свеклу и морковь»,Рост цен на свеклу и морковь.,
2021-25,2021,25,«поднятие цены на ЖКХ»,Поднятие цены на ЖКХ.,
2021-25,2021,25,«рост цен на товары и услуги»,Рост цен на товары и услуги.,
2021-25,2021,25,«стройматериалы очень дорожают»,Стройматериалы очень дорожают.,
2021-25,2021,25,«Выплаты единовременные»,Выплаты единовременные.,
2021-25,2021,25,«выплаты детские»,Выплаты детские.,
2021-25,2021,25,«детские пособия»,Детские пособия.,
2021-25,2021,25,«пособия детские на новорожденных и на третьего ребенка»,Пособия детские на новорожденных и на третьего ребенка.,
2021-25,2021,25,«о повышении пенсии»,О повышении пенсии.,
2021-25,2021,25,«Война на Украине»,Война на Украине.,
2021-25,2021,25,«бесит Зеленский: приглашает президента на встречу в какие-то окопы»,Бесит Зеленский: приглашает президента на встречу в какие-то окопы.,
2021-25,2021,25,«выступление Тимошенко»,Выступление Тимошенко.,
2021-25,2021,25,«Взрыв в Новосибирске на АЗС»,Взрыв в Новосибирске на АЗС.,
2021-25,2021,25,«горел склад на Лужнецкой набережной»,Горел склад на Лужнецкой набережной.,
2021-25,2021,25,«крушение вертолета в Ленинградской области»,Крушение вертолета в Ленинградской области.,
2021-25,2021,25,«ребенок упал в колодец в Новосибирске»,Ребенок упал в колодец в Новосибирске.,
2021-25,2021,25,«Закрытие ФБК»,Закрытие ФБК.,
2021-25,2021,25,«избиение женщины в МФЦ»,Избиение женщины в МФЦ.,
2021-25,2021,25,"«уход из жизни: Владимир Балашов, диктор»","Уход из жизни: Владимир Балашов, диктор.",
2021-25,2021,25,«Бузова выступала во МХАТе»,Бузова выступала во МХАТе.,
2021-25,2021,25,«проводились учения войск ВМФ»,Проводились учения войск ВМФ.,
2021-25,2021,25,«Учения НАТО вблизи наших границ»,Учения НАТО вблизи наших границ.,
2021-25,2021,25,«в Китае сохранили жесткие ограничительные меры по ковиду»,В Китае сохранили жесткие ограничительные меры по ковиду.,
2021-25,2021,25,«в Чехии около 300 человек пострадали от торнадо»,В Чехии около 300 человек пострадали от торнадо.,
2021-25,2021,25,«крушение дома в США»,Крушение дома в США.,
2021-26,2021,26,"Затрудняюсь ответить, нет ответа",Респонденты затрудняются ответить или не дают ответа.,51.0
2021-26,2021,26,"Эпидемия коронавируса, усиление защитных мер, отношение к прививкам","Обсуждение эпидемии коронавируса, усиления защитных мер и отношения к прививкам, включая введение новых ограничений, вакцинацию и связанные с этим вопросы.",19.0
2021-26,2021,26,«Прямая линия» с В. Путиным,"Обсуждение «прямой линии» с президентом Путиным, включая вопросы, освещенные в эфире, и общее впечатление от выступления.",14.0
2021-26,2021,26,"Наводнения, пожары в России, другие погодные катаклизмы","Обсуждение наводнений и пожаров в различных регионах России, включая Якутию, Дальний Восток, Хабаровск и Крым, а также общая ситуация с погодой и катаклизмами в стране.",4.0
2021-26,2021,26,Нарушение государственной границы России британским эсминцем,"Обсуждение нарушения государственной границы России британским кораблем в районе Крыма, провокации британского флота в Черном море.",4.0
2021-26,2021,26,Спортивные события,"Обсуждение спортивных событий, включая футбол, волейбол, баскетбол и хоккей.",4.0
2021-26,2021,26,"Выплаты, пособия, повышение пенсий","Обсуждение выплат и пособий, включая пособия на детей, выплаты малоимущим матерям-одиночкам и многодетным семьям, повышение пенсии и зарплат медикам и другим в Москве и крупных городах.",2.0
2021-26,2021,26,События на Украине,"Обсуждение событий на Украине, включая войну и военные учения.",1.0
2021-26,2021,26,"Рост цен, тарифов","Обсуждение роста цен и тарифов, включая квартплату и продукты питания.",1.0
2021-26,2021,26,Встреча В. Путина и Д. Байдена,"Обсуждение встречи Путина и Байдена, переговоров с Байденом.",1.0
2021-26,2021,26,"Напряженные отношения России со странами Запада, военные корабли НАТО в Черном море","Обсуждение напряженных отношений России со странами НАТО, провокаций со стороны натовцев и военных учений в Черном море.",1.0
2021-26,2021,26,Работа властных структур,"Обсуждение работы властных структур, включая введение налога на домашних животных, заседание правительства с обещанием о повышении пенсий и поправки на оружие.",1.0
2021-26,2021,26,Праздники,"Обсуждение праздников, включая «Алые паруса» в Питере и День города.",1.0
2021-26,2021,26,Другие события в России,"Обсуждение других событий в России, включая смерть Сличенко, угон полицейской машины от Кремля, взрыв заправки в Новосибирске и стрельбу пьяного мужчины с балкона.",1.0
2021-26,2021,26,Другие события в мире,"Обсуждение других событий в мире, включая 100-летие компартии Китая, открытие памятника Диане в Лондоне и крушение военного самолета на Филиппинах.",
2021-27,2021,27,"Затрудняюсь ответить, нет ответа","Респонденты, которые затруднились ответить или не дали ответа.",49.0
2021-27,2021,27,"Эпидемия коронавируса, усиление защитных мер, отношение к прививкам","Усиление эпидемии коронавируса, рост заболеваемости, появление новых штаммов, необходимость вакцинации, введение QR-кодов, принудительная вакцинация, закрытие доступа для непривитых.",18.0
2021-27,2021,27,Резкий рост коронавируса,Резкий рост заболеваемости коронавирусом.,18.0
2021-27,2021,27,"повышение уровня заболеваемости коронавирусом, новые штаммы","Повышение уровня заболеваемости коронавирусом, появление новых штаммов.",18.0
2021-27,2021,27,"корона возобновилась, надо делать прививки","Возобновление эпидемии коронавируса, необходимость вакцинации.",18.0
2021-27,2021,27,прививки от ковида и их последствия,Обсуждение прививок от COVID-19 и их последствий.,18.0
2021-27,2021,27,введение qr-кодов,Введение QR-кодов.,18.0
2021-27,2021,27,"вакцинация народа добровольно-принудительная, противозаконная",Оценка вакцинации как добровольно-принудительной и противозаконной.,18.0
2021-27,2021,27,всё закрыли для непривитых людей,Ограничения для непривитых людей.,18.0
2021-27,2021,27,очередное коронавирусное сумасшествие нашего мира,Оценка ситуации с коронавирусом как сумасшествие.,18.0
2021-27,2021,27,"Наводнения, пожары, ураганы в России, другие погодные катаклизмы","Наводнения, пожары, ураганы и другие стихийные бедствия в России.",15.0
2021-27,2021,27,"Затопление, стихийные, природные происшествия",Затопления и другие стихийные бедствия.,15.0
2021-27,2021,27,"ливневые потопы, ураганы. Крым. Пожары лесные. Людей жалко","Ливневые потопы, ураганы в Крыму, лесные пожары.",15.0
2021-27,2021,27,"ураган, пожары в Якутии",Ураган и пожары в Якутии.,15.0
2021-27,2021,27,"ураган у нас здесь был, повалило много деревьев",Ураган с поваленными деревьями.,15.0
2021-27,2021,27,град на Алтае,Град на Алтае.,15.0
2021-27,2021,27,в Анапе нашествие божьих коровок,Нашествие божьих коровок в Анапе.,15.0
2021-27,2021,27,жара,Жара.,15.0
2021-27,2021,27,"Аварии, катастрофы, несчастные случаи","Аварии, катастрофы и несчастные случаи.",4.0
2021-27,2021,27,Авиакатастрофа на Камчатке,Авиакатастрофа на Камчатке.,4.0
2021-27,2021,27,"много аварий на озерах, много несчастных случаев",Множество аварий на озерах и несчастных случаев.,4.0
2021-27,2021,27,человеку голову переехали ночью пьяный лежал на дороге,Смерть человека под колесами автомобиля.,4.0
2021-27,2021,27,Спортивные события,Различные спортивные события.,4.0
2021-27,2021,27,Еврофутбол,Еврофутбол.,4.0
2021-27,2021,27,"футбол, проигрыш нашей команды",Проигрыш российской футбольной команды.,4.0
2021-27,2021,27,Черчесова отстранили,Отстранение Черчесова.,4.0
2021-27,2021,27,автоспорт,Автоспорт.,4.0
2021-27,2021,27,предстоящие Олимпийские игры,Предстоящие Олимпийские игры.,4.0
2021-27,2021,27,"Выступления, действия В. Путина",Выступления и действия Владимира Путина.,3.0
2021-27,2021,27,"Выступление Путина, прямая линия","Выступление Путина, прямая линия.",3.0
2021-27,2021,27,выступление президента – четыре часа говорил,"Выступление президента, длившееся четыре часа.",3.0
2021-27,2021,27,поездка Путина в Кузбасс,Поездка Путина в Кузбасс.,3.0
2021-27,2021,27,приезд в Кемерово Владимира Владимировича Путина,Приезд Владимира Путина в Кемерово.,3.0
2021-27,2021,27,Нарушение государственной границы России британским эсминцем,Нарушение государственной границы России британским эсминцем.,2.0
2021-27,2021,27,Корабль зашёл в наши воды,Вторжение корабля в российские воды.,2.0
2021-27,2021,27,нарушение наших границ в Чёрном море,Нарушение российских границ в Чёрном море.,2.0
2021-27,2021,27,"английский корабль подходил к нашей границе, и его выперли",Приближение английского корабля к российской границе и его выдворение.,2.0
2021-27,2021,27,События на Украине,"Различные события, связанные с Украиной.",2.0
2021-27,2021,27,"Всё, что происходит вокруг Украины","События, происходящие вокруг Украины.",2.0
2021-27,2021,27,отношения с Украиной,Отношения с Украиной.,2.0
2021-27,2021,27,политика на Украине,Политическая ситуация на Украине.,2.0
2021-27,2021,27,военные конфликты на Украине,Военные конфликты на Украине.,2.0
2021-27,2021,27,"Напряжённые отношения России со странами Запада, военные учения у российских границ",Напряжённые отношения России со странами Запада и военные учения у российских границ.,1.0
2021-27,2021,27,Евросоюз и США против нас козни строят,Действия Евросоюза и США против России.,1.0
2021-27,2021,27,ухудшение международной обстановки вокруг нас,Ухудшение международной обстановки вокруг России.,1.0
2021-27,2021,27,учения военные вокруг нас настораживают,Военные учения вокруг России вызывают настороженность.,1.0
2021-27,2021,27,"учения проводят, и лазят они к нашим границам",Проведение учений и приближение к российским границам.,1.0
2021-27,2021,27,Вывод войск США из Афганистана,Вывод войск США из Афганистана.,1.0
2021-27,2021,27,"Афганистан, американцы вывели свои войска с Афганистана",Вывод американских войск из Афганистана.,1.0
2021-27,2021,27,"Америка из Афганистана уходит, талибы полезут по всему миру",Вывод американских войск из Афганистана и возможная активизация талибов.,1.0
2021-27,2021,27,последние события в Афганистане,Последние события в Афганистане.,1.0
2021-27,2021,27,"Рост цен, тарифов",Рост цен и тарифов.,1.0
2021-27,2021,27,"Цены выросли, а зарплаты упали",Рост цен при снижении зарплат.,1.0
2021-27,2021,27,удивляют цены,Высокие цены.,1.0
2021-27,2021,27,цена на картошку,Высокая цена на картофель.,1.0
2021-27,2021,27,повышение цен на морковку,Повышение цен на морковь.,1.0
2021-27,2021,27,управляющие компании завышают цены,Завышение цен управляющими компаниями.,1.0
2021-27,2021,27,"Выплаты, пособия, повышение пенсий","Выплаты, пособия и повышение пенсий.",1.0
2021-27,2021,27,Выплаты на детей,Выплаты на детей.,1.0
2021-27,2021,27,выплаты малоимущим семьям пособий,Выплаты пособий малоимущим семьям.,1.0
2021-27,2021,27,повышение пенсии,Повышение пенсий.,1.0
2021-27,2021,27,поднимаются прожиточный минимум и минимальная зарплата,Повышение прожиточного минимума и минимальной зарплаты.,1.0
2021-27,2021,27,Работа властных структур,Работа властных структур.,1.0
2021-27,2021,27,Выступление Зюганова,Выступление Зюганова.,1.0
2021-27,2021,27,налоги новые придумывают,Введение новых налогов.,1.0
2021-27,2021,27,о работе правительства,Работа правительства.,1.0
2021-27,2021,27,закон о выгуле домашних животных в Московской области,Закон о выгуле домашних животных в Московской области.,1.0
2021-27,2021,27,Смерть В. Меньшова,Смерть Владимира Меньшова.,1.0
2021-27,2021,27,Меньшов умер,Смерть Владимира Меньшова.,1.0
2021-27,2021,27,смерть Меньшова,Смерть Владимира Меньшова.,1.0
2021-27,2021,27,"умер Меньшов, режиссёр","Смерть Владимира Меньшова, режиссёра.",1.0
2021-27,2021,27,"Праздники, фестивали",Праздники и фестивали.,1.0
2021-27,2021,27,300 лет Кемерово,300-летие Кемерово.,1.0
2021-27,2021,27,"праздник в Кузбассе, 300 лет",Празднование 300-летия Кузбасса.,1.0
2021-27,2021,27,День любви и верности,День любви и верности.,1.0
2021-27,2021,27,Фольклориада,Фольклориада.,1.0
2021-27,2021,27,Криминальные события,Криминальные события.,1.0
2021-27,2021,27,В Барнауле украли на 6 миллионов золота,Кража золота в Барнауле на 6 миллионов.,1.0
2021-27,2021,27,в Казани убийства,Убийства в Казани.,1.0
2021-27,2021,27,"разборка с мигрантами в сибирском регионе, где диаспора Азербайджана пыталась навести свои порядки","Конфликт с мигрантами в Сибирском регионе, где азербайджанская диаспора пыталась установить свои правила.",1.0
2021-27,2021,27,Убийство президента Гаити,Убийство президента Гаити.,1.0
2021-27,2021,27,Смерть президента Гаити,Смерть президента Гаити.,1.0
2021-27,2021,27,убийство президента Гаити,Убийство президента Гаити.,1.0
2021-27,2021,27,Другие события в России,Другие события в России.,1.0
2021-27,2021,27,В Городце открыли памятник Александру II,Открытие памятника Александру II в Городце.,1.0
2021-27,2021,27,преследование несистемной оппозиции,Преследование несистемной оппозиции.,1.0
2021-27,2021,27,Другие события в мире,Другие события в мире.,1.0
2021-27,2021,27,Взрыв в Дубае,Взрыв в Дубае.,1.0
2021-27,2021,27,Лукашенко разоблачил террористов,Заявление Лукашенко о разоблачении террористов.,1.0
2021-27,2021,27,Таджикистан – граница,Ситуация на границе Таджикистана.,1.0
2021-28,2021,28,"Затрудняюсь ответить, нет ответа","Респонденты, которые затруднились ответить или не дали ответа.",54.0
2021-28,2021,28,"Рост эпидемии коронавируса, защитные меры, отношение к прививкам","Рост заболеваемости коронавирусом, введение защитных мер и отношение к вакцинации.",17.0
2021-28,2021,28,Опять волна пандемии,Новая волна пандемии коронавируса.,17.0
2021-28,2021,28,"всё про ковид, растет показатель",Рост показателей заболеваемости COVID-19.,17.0
2021-28,2021,28,повышение числа болеющих ковидом,Увеличение количества заболевших COVID-19.,17.0
2021-28,2021,28,ограничение для выезда по стране и за пределы страны,Ограничения на поездки внутри страны и за границу.,17.0
2021-28,2021,28,"масочный режим, о вакцинации",Введение масочного режима и вакцинация.,17.0
2021-28,2021,28,"вакцинация принудительная, экспериментальная и коронавирус","Принудительная вакцинация, эксперименты и коронавирус.",17.0
2021-28,2021,28,принудиловка по вакцинации – решили людей убить окончательно уже?,Принудительная вакцинация с целью уничтожения людей.,17.0
2021-28,2021,28,"Наводнения, пожары, ураганы в России, другие погодные катаклизмы","Стихийные бедствия в России, включая наводнения, пожары и ураганы.",11.0
2021-28,2021,28,"Пожары и наводнения, катаклизмы природные","Природные катаклизмы, такие как пожары и наводнения.",11.0
2021-28,2021,28,"пожары в Якутии, наводнение в Краснодарском крае",Пожары в Якутии и наводнения в Краснодарском крае.,11.0
2021-28,2021,28,"катастрофы, катаклизмы, где пожары, где ливни, засухи","Катастрофы и катаклизмы, включая пожары, ливни и засухи.",11.0
2021-28,2021,28,затопление в Сочи,Наводнение в Сочи.,11.0
2021-28,2021,28,Москву затопило,Наводнение в Москве.,11.0
2021-28,2021,28,наводнение в Крыму,Наводнение в Крыму.,11.0
2021-28,2021,28,аномальная жара,Аномальная жара.,11.0
2021-28,2021,28,События на Украине,"События, происходящие на Украине.",3.0
2021-28,2021,28,Об Украине,Об Украине.,3.0
2021-28,2021,28,события на Донбассе и Украине,События на Донбассе и Украине.,3.0
2021-28,2021,28,"отношения нестабильные с Украиной, вообще караул",Нестабильные отношения с Украиной.,3.0
2021-28,2021,28,в Украине начальника СБУ обвинили во взятках,Обвинение начальника СБУ во взятках на Украине.,3.0
2021-28,2021,28,"события в Украине, насчет русского языка","События на Украине, касающиеся русского языка.",3.0
2021-28,2021,28,"Выплаты, пособия, повышение пенсий",Выплаты пособий и повышение пенсий.,3.0
2021-28,2021,28,Пособия детям,Детские пособия.,3.0
2021-28,2021,28,выделение средств на покупку школьных принадлежностей,Выделение средств на покупку школьных принадлежностей.,3.0
2021-28,2021,28,по поводу выплачиваемых пособий детям до 16 лет,Выплаты пособий детям до 16 лет.,3.0
2021-28,2021,28,пенсия - повышение,Повышение пенсий.,3.0
2021-28,2021,28,повышение пенсий,Повышение пенсий.,3.0
2021-28,2021,28,Наводнение в Европе,Наводнения в Европе.,3.0
2021-28,2021,28,"Наводнение в Европе, дожди",Наводнения и дожди в Европе.,3.0
2021-28,2021,28,Германию затопило,Наводнение в Германии.,3.0
2021-28,2021,28,наводнение в Нидерландах и в Германии,Наводнения в Нидерландах и Германии.,3.0
2021-28,2021,28,"потоп в Германии, Бельгии",Наводнения в Германии и Бельгии.,3.0
2021-28,2021,28,"Выступления, действия В. Путина",Выступления и действия Владимира Путина.,3.0
2021-28,2021,28,Встреча Путина и Лукашенко,Встреча Путина и Лукашенко.,3.0
2021-28,2021,28,последняя статья Путина,Последняя статья Путина.,3.0
2021-28,2021,28,Путин выступал,Выступление Путина.,3.0
2021-28,2021,28,"Аварии, катастрофы, несчастные случаи","Аварии, катастрофы и несчастные случаи.",3.0
2021-28,2021,28,Выброс хлора в Ижевске,Выброс хлора в Ижевске.,3.0
2021-28,2021,28,крушение поезда на Амуре,Крушение поезда на Амуре.,3.0
2021-28,2021,28,пожар в Реутове,Пожар в Реутове.,3.0
2021-28,2021,28,самолет в Томске посадку сделал вынужденную,Вынужденная посадка самолета в Томске.,3.0
2021-28,2021,28,восемнадцатилетняя студентка сбила троих людей в Москве,Восемнадцатилетняя студентка сбила троих людей в Москве.,3.0
2021-28,2021,28,Спортивные события,Спортивные события.,2.0
2021-28,2021,28,Чемпионат Европы по футболу,Чемпионат Европы по футболу.,2.0
2021-28,2021,28,"футбол, подготовка к Олимпиаде в Токио","Футбол, подготовка к Олимпиаде в Токио.",2.0
2021-28,2021,28,хоккей – чемпионат,Хоккей - чемпионат.,2.0
2021-28,2021,28,Работа властных структур,Работа властных структур.,2.0
2021-28,2021,28,Мишустин приехал в Томск,Приезд Мишустина в Томск.,2.0
2021-28,2021,28,указ Мишустина понравился о больничных листах,Указ Мишустина о больничных листах.,2.0
2021-28,2021,28,выступление Жириновского по Ютубу,Выступление Жириновского на YouTube.,2.0
2021-28,2021,28,запретили шампанское называть шампанским,Запрет называть шампанское шампанским.,2.0
2021-28,2021,28,"Рост цен, тарифов",Рост цен и тарифов.,1.0
2021-28,2021,28,Удорожание цен на продукты,Рост цен на продукты.,1.0
2021-28,2021,28,рост цен на стройматериалы,Рост цен на строительные материалы.,1.0
2021-28,2021,28,повышение цен на бензин,Повышение цен на бензин.,1.0
2021-28,2021,28,повышение цен ЖКХ,Повышение цен на жилищно-коммунальные услуги.,1.0
2021-28,2021,28,Вывод войск США из Афганистана,Вывод войск США из Афганистана.,1.0
2021-28,2021,28,События в Афганистане,События в Афганистане.,1.0
2021-28,2021,28,Америка вышла из Афганистана,Вывод американских войск из Афганистана.,1.0
2021-28,2021,28,вывод войск из Афганистана,Вывод войск из Афганистана.,1.0
2021-28,2021,28,Нарушение государственной границы России британским эсминцем,Нарушение государственной границы России британским эсминцем.,1.0
2021-28,2021,28,Нарушение границ в Черном море,Нарушение границ в Черном море.,1.0
2021-28,2021,28,"про корабли Великобритании, что они провоцируют Россию",Провокации Великобритании с кораблями в отношении России.,1.0
2021-28,2021,28,“Дефендер” возле Крыма душили,"Инцидент с эсминцем ""Дефендер"" возле Крыма.",1.0
2021-28,2021,28,"Смерть В. Меньшова, П. Мамонова",Смерть В. Меньшова и П. Мамонова.,1.0
2021-28,2021,28,Смерть Мамонова Петра,Смерть Петра Мамонова.,1.0
2021-28,2021,28,умер артист Меньшов,Смерть артиста Меньшова.,1.0
2021-28,2021,28,смерть актеров,Смерть актеров.,1.0
2021-28,2021,28,Другие события в России,Другие события в России.,1.0
2021-28,2021,28,Нападение на пассажиров в Минусинске,Нападение на пассажиров в Минусинске.,1.0
2021-28,2021,28,праздник мусульман,Мусульманский праздник.,1.0
2021-28,2021,28,Другие события в мире,Другие события в мире.,1.0
2021-28,2021,28,Визит Меркель в Вашингтон,Визит Меркель в Вашингтон.,1.0
2021-28,2021,28,конфликт в Грузии,Конфликт в Грузии.,1.0
2021-28,2021,28,события на Кубе,События на Кубе.,1.0
2021-29,2021,29,"Затрудняюсь ответить, нет ответа","Респонденты, которые затрудняются ответить или не имеют ответа.",53.0
2021-29,2021,29,"Наводнения, пожары в России, другие погодные катаклизмы","События, связанные с наводнениями, пожарами и другими погодными катаклизмами в России, включая наводнения и пожары в Якутии и Карелии, потопы в Хабаровском крае и Крыму, размытие Транссибирской магистрали, сильные дожди и затопления городов.",12.0
2021-29,2021,29,"Рост эпидемии коронавируса, защитные меры, прививки и отношение к ним","События, связанные с ростом эпидемии коронавируса, защитными мерами, прививками и отношением к ним, включая третью волну ковида, усиление тенденции распространения ковида-19, выступления эпидемиологов и вирусологов, отмену QR-кодов в Москве, эпидемию и вакцинацию, принудительную вакцинацию.",11.0
2021-29,2021,29,Летние Олимпийские игры в Токио,"События, связанные с Летними Олимпийскими играми в Токио, включая открытие Олимпиады, новости про Олимпиаду и просмотр соревнований.",7.0
2021-29,2021,29,Спортивные события,"Спортивные события, включая Летние Олимпийские игры в Токио.",6.0
2021-29,2021,29,Стихийные бедствия в мире,"Стихийные бедствия в мире, включая катаклизмы на Земле и в Европе, затопления в разных странах, тайфуны в Китае и камнепады в Абхазии.",3.0
2021-29,2021,29,"День Военно-морского флота, парад","События, связанные с Днем Военно-морского флота и парадом, включая подготовку к празднику ВМФ и просмотр парада кораблей в Санкт-Петербурге.",2.0
2021-29,2021,29,События на Украине,"События на Украине, включая события в Донбассе, проблемы с газом, распродажу земли и взрывы.",2.0
2021-29,2021,29,Работа властных структур,"Работа властных структур, включая отмену штампа о регистрации брака, отмену бумажных паспортов, предвыборную гонку и снятие с выборов Грудинина.",2.0
2021-29,2021,29,Задержание главы ГИБДД по Ставропольскому краю,"Задержание главы ГИБДД по Ставропольскому краю, включая арест начальника ГАИ Ставрополья и обвинения в коррупции.",2.0
2021-29,2021,29,"Выступления, действия В. Путина","Выступления и действия В. Путина, включая его статьи и заявления о снижении цен на продукты.",2.0
2021-29,2021,29,Другие спортивные события,"Другие спортивные события, включая бои без правил, футбольные матчи и чемпионаты.",1.0
2021-29,2021,29,"Аварии, несчастные случаи","Аварии и несчастные случаи, включая аварии на Ялтинской трассе, спасение утопающих и пропажу людей.",1.0
2021-29,2021,29,"Рост цен, тарифов","Рост цен и тарифов, включая повышение цен на продукты, квартплату и лекарства.",1.0
2021-29,2021,29,"Выплаты, пособия, повышение пенсий","Выплаты, пособия и повышение пенсий, включая выплаты школьникам и детям.",1.0
2021-29,2021,29,Соглашение Германии и США по «Северному потоку – 2»,"Соглашение Германии и США по «Северному потоку – 2», включая решение вопроса по запуску газопровода.",1.0
2021-29,2021,29,Криминальные события,"Криминальные события, включая ДТП с жертвами, убийства и мошенничество.",1.0
2021-29,2021,29,Подача Россией иска против Украины в Европейский суд по правам человека,"Подача Россией иска против Украины в Европейский суд по правам человека, включая жалобы о дискриминации русских.",1.0
2021-29,2021,29,Другие события в России,"Другие события в России, включая авиасалон МАКС, митинги против вакцинации, закрытие ФБК и повышение ключевой ставки.",1.0
2021-29,2021,29,Другие события в мире,"Другие события в мире, включая забастовки против вакцинации, заседания ОПЕК+ и курс криптовалюты.",1.0
2021-30,2021,30,"Затрудняюсь ответить, нет ответа","Респонденты, которые не смогли назвать конкретное событие.",54.0
2021-30,2021,30,Летние Олимпийские игры в Токио,"Олимпийские игры в Токио, которые вызвали интерес, несмотря на отсутствие российского флага и наличие медалей.",13.0
2021-30,2021,30,Олимпийские игры в Токио,Олимпийские игры в Токио,13.0
2021-30,2021,30,Олимпийские игры в Токио,"То, что происходит в Токио – игры всемирные Олимпийские",13.0
2021-30,2021,30,Олимпийские игры в Токио,"То, что наша команда выступает не под российским флагом на Олимпиаде",13.0
2021-30,2021,30,Олимпийские игры в Токио,Олимпиада. Есть медали у нас – 16,13.0
2021-30,2021,30,"Пожары, наводнения в России","Пожары и наводнения в различных регионах России, включая тайгу, Сочи, Краснодарский край и Крым.",13.0
2021-30,2021,30,"Пожары, наводнения в России",Тайга горит,13.0
2021-30,2021,30,"Пожары, наводнения в России","Лес горит, в Сочи пожар",13.0
2021-30,2021,30,"Пожары, наводнения в России","Вся Россия горит, а помогаем тушить пожары в Турции",13.0
2021-30,2021,30,"Пожары, наводнения в России","Лесные пожары: Забайкалье, Якутия, наводнение в Краснодарском крае",13.0
2021-30,2021,30,"Пожары, наводнения в России",Наводнение на юге страны,13.0
2021-30,2021,30,"Пожары, наводнения в России",Дожди и наводнения в Крыму,13.0
2021-30,2021,30,"Пожары, наводнения в России",Наводнение в Сочи,13.0
2021-30,2021,30,"Рост эпидемии коронавируса, защитные меры, прививки","Рост заболеваемости коронавирусом в России, увеличение смертности, разрешение работать без перчаток, принудительная вакцинация и обязательные прививки для педагогов.",10.0
2021-30,2021,30,"Рост эпидемии коронавируса, защитные меры, прививки","Коронавирус идет, третья волна, много заболевших в России",10.0
2021-30,2021,30,"Рост эпидемии коронавируса, защитные меры, прививки","Коронавирус, его прогнозы",10.0
2021-30,2021,30,"Рост эпидемии коронавируса, защитные меры, прививки",Увеличение количества смертности от ковида в России,10.0
2021-30,2021,30,"Рост эпидемии коронавируса, защитные меры, прививки",Разрешение работать в магазинах людям без перчаток,10.0
2021-30,2021,30,"Рост эпидемии коронавируса, защитные меры, прививки",Принудительная вакцинация,10.0
2021-30,2021,30,"Рост эпидемии коронавируса, защитные меры, прививки",Вакцинация – обязательно делать,10.0
2021-30,2021,30,"Рост эпидемии коронавируса, защитные меры, прививки",Обязательные прививки для педагогов,10.0
2021-30,2021,30,Стихийные бедствия в мире,"Природные катаклизмы, наводнения в Европе и Германии, пожары в Турции.",3.0
2021-30,2021,30,Стихийные бедствия в мире,Вся планета страдает от природных катаклизмов,3.0
2021-30,2021,30,Стихийные бедствия в мире,Наводнение в Европе,3.0
2021-30,2021,30,Стихийные бедствия в мире,"Пожары в Турции, наводнение в Германии",3.0
2021-30,2021,30,Стихийные бедствия в мире,Дождь в Германии,3.0
2021-30,2021,30,Стихийные бедствия в мире,В Турции пожар,3.0
2021-30,2021,30,"Выплаты, пособия, повышение пенсий","Выплаты и пособия, включая дотации к пенсии, повышение зарплаты, выплаты школьникам, беременным и военнослужащим.",2.0
2021-30,2021,30,"Выплаты, пособия, повышение пенсий","Дотации к пенсии, льготы",2.0
2021-30,2021,30,"Выплаты, пособия, повышение пенсий","О повышении пенсии, зарплаты",2.0
2021-30,2021,30,"Выплаты, пособия, повышение пенсий","Выплаты школьникам и беременным, военнослужащим",2.0
2021-30,2021,30,"Выплаты, пособия, повышение пенсий",Выплаты детям по 10 тысяч рублей,2.0
2021-30,2021,30,"Выплаты, пособия, повышение пенсий",Выплата денег детям-дошкольникам,2.0
2021-30,2021,30,События на Украине,"Ситуация на Украине, включая Донбасс и лишение россиян гражданства.",2.0
2021-30,2021,30,События на Украине,"Ситуация на Украине, Донбасс",2.0
2021-30,2021,30,События на Украине,Лишение россиян на Украине гражданства,2.0
2021-30,2021,30,События на Украине,Война на Донбассе. Я сам из Луганска и воевал,2.0
2021-30,2021,30,Работа властных структур,"Изменения в паспортах, новая миграционная политика, ужесточение техосмотров и штрафов, отмена запрета на отстрел редких животных.",2.0
2021-30,2021,30,Работа властных структур,Изменения в паспортах,2.0
2021-30,2021,30,Работа властных структур,Новая миграционная политика,2.0
2021-30,2021,30,Работа властных структур,Сообщение об ужесточении техосмотров и штрафов,2.0
2021-30,2021,30,Работа властных структур,Отмена обязательного прохождения ТО,2.0
2021-30,2021,30,Работа властных структур,Закон об отмене запрета на отстрел редких животных,2.0
2021-30,2021,30,Работа властных структур,Подоходный за физкультуру – возврат,2.0
2021-30,2021,30,"Рост цен, тарифов","Рост цен на товары, наценки, рост цен на 20%, повышение тарифов ЖКХ, подорожание овощей и бананов.",1.0
2021-30,2021,30,"Рост цен, тарифов",Повышение цен на товары,1.0
2021-30,2021,30,"Рост цен, тарифов",Наценки,1.0
2021-30,2021,30,"Рост цен, тарифов",Рост цен на 20%,1.0
2021-30,2021,30,"Рост цен, тарифов",ЖКХ каждый раз поднимает тарифы,1.0
2021-30,2021,30,"Рост цен, тарифов",Овощи дорогие,1.0
2021-30,2021,30,"Рост цен, тарифов",Подорожали бананы,1.0
2021-30,2021,30,Криминальные события,"Воровство, взяточничество, кража детей, избиение и расчленение жены, ДТП со смертельным исходом.",1.0
2021-30,2021,30,Криминальные события,"Много воровства, взяточничества",1.0
2021-30,2021,30,Криминальные события,Кража детей,1.0
2021-30,2021,30,Криминальные события,Мужик избил жену и расчленил ее,1.0
2021-30,2021,30,Криминальные события,Студентка в Москве сбила двух детей,1.0
2021-30,2021,30,Поездка М. Мишустина на Дальний Восток и в Сибирь,Поездка Мишустина в различные города Дальнего Востока и Сибири.,1.0
2021-30,2021,30,Поездка М. Мишустина на Дальний Восток и в Сибирь,Мишустин ездил на Курилы,1.0
2021-30,2021,30,Поездка М. Мишустина на Дальний Восток и в Сибирь,Приезд Мишустина в Комсомольск-на-Амуре,1.0
2021-30,2021,30,Поездка М. Мишустина на Дальний Восток и в Сибирь,Поездка Мишустина в Иркутск и Хабаровск,1.0
2021-30,2021,30,Поездка М. Мишустина на Дальний Восток и в Сибирь,В Томск приезжал Мишустин,1.0
2021-30,2021,30,Поездка М. Мишустина на Дальний Восток и в Сибирь,"Как выступал Мишустин, ездил по заводам",1.0
2021-30,2021,30,"Аварии, несчастные случаи","Аварии, разбившиеся самолеты, обрушение моста в Забайкалье, взрыв газа в Барнауле, авария катера в Крыму.",1.0
2021-30,2021,30,"Аварии, несчастные случаи",Аварии,1.0
2021-30,2021,30,"Аварии, несчастные случаи",Разбившиеся самолеты,1.0
2021-30,2021,30,"Аварии, несчастные случаи",Рухнул мост в Забайкалье,1.0
2021-30,2021,30,"Аварии, несчастные случаи",Взрыв газа в жилом доме в Барнауле,1.0
2021-30,2021,30,"Аварии, несчастные случаи",В Крыму катер перевернулся: все смотрели на медуз и дисбаланс,1.0
2021-30,2021,30,"Выступления, действия В. Путина","Статья Путина про украинцев и русских, встреча Путина с Лукашенко.",1.0
2021-30,2021,30,"Выступления, действия В. Путина",Статья Путина про украинцев и русских,1.0
2021-30,2021,30,"Выступления, действия В. Путина","Путин с Лукашенко встречался. То ли он к нему ездил, то ли наоборот",1.0
2021-30,2021,30,"Выступления, действия В. Путина",Разговор Путина с нашим губернатором,1.0
2021-30,2021,30,Праздники,"День ВМФ, парад ВМФ в Санкт-Петербурге, день области, день Феодосии.",1.0
2021-30,2021,30,Праздники,День ВМФ,1.0
2021-30,2021,30,Праздники,Праздник Военно-морского флота,1.0
2021-30,2021,30,Праздники,Парад ВМФ,1.0
2021-30,2021,30,Праздники,Парад в Санкт-Петербурге,1.0
2021-30,2021,30,Праздники,День области,1.0
2021-30,2021,30,Праздники,День Феодосии,1.0
2021-30,2021,30,События вокруг «Северного потока – 2»,"Газовый контракт с Германией, завершение строительства «Северного потока – 2».",1.0
2021-30,2021,30,События вокруг «Северного потока – 2»,Газовый контракт с Германией,1.0
2021-30,2021,30,События вокруг «Северного потока – 2»,Что завершается строительство “Северного потока – 2”,1.0
2021-30,2021,30,События вокруг «Северного потока – 2»,“Северный поток” заканчивают,1.0
2021-30,2021,30,Другие события в России,"Массовые обыски, задержания у сторонников Навального, неспособность властей потушить пожары.",1.0
2021-30,2021,30,Другие события в России,"Массовые обыски, задержания у сторонников Навального по всем городам",1.0
2021-30,2021,30,Другие события в России,Неспособность властей потушить пожары,1.0
2021-30,2021,30,Другие события в мире,"Вывод войск ООН из Афганистана, события в Таджикистане, открытие туризма в Египте, взрыв на химзаводе в Германии.",1.0
2021-30,2021,30,Другие события в мире,Вывод войск ООН из Афганистана. События в Таджикистане,1.0
2021-30,2021,30,Другие события в мире,Открытие туризма в Египет,1.0
2021-30,2021,30,Другие события в мире,Взрыв на химзаводе в Германии,1.0
2021-31,2021,31,"Затрудняюсь ответить, нет ответа",Респонденты затрудняются ответить или не дают ответа.,51.0
2021-31,2021,31,"Летние Олимпийские игры в Токио, выступления российских спортсменов","Выступления российских спортсменов на летних Олимпийских играх в Токио, в том числе золотые медали российских гимнасток. Спортсмены выступали не под своим флагом.",17.0
2021-31,2021,31,"Пожары, наводнения в России, другие природные катаклизмы","Аномально жаркое лето, погодные условия, неурожай, потоп, пожары, наводнения, экстремальные погодные условия, наводнения, пожары. Наводнение в Амурской области. Пожары в Якутии, жалко кедровые леса, в Краснодаре выпал град, ураган в Башкирии.",16.0
2021-31,2021,31,"Пандемия коронавируса, защитные меры, прививки","Ситуация с ковидом, коронавирус, ужесточение мер по коронавирусу, вакцинация.",8.0
2021-31,2021,31,Стихийные бедствия в мире,"Стихийные бедствия в мире, в частности пожары в Турции и наводнения в Германии.",3.0
2021-31,2021,31,"Работа властных структур, подготовка к выборам","Работа властных структур, подготовка к выборам, в частности приезд Мишустина на Дальний Восток, предложение Шойгу построить столицу в Сибири, выступление Матвиенко, налог на мясо, новые правила об алиментах, выборы: подготовка, не допустили кандидатов от КПРФ кандидатами в Госдуму, Бондаренко не пустили в Госдуму по Саратовской области.",3.0
2021-31,2021,31,"Выплаты, пособия, повышение пенсий, зарплат","Выплаты, пособия, повышение пенсий, зарплат, в частности временная выплата на школьников, школьное пособие, выплаты на многодетные семьи начались на две недели раньше, социальные выплаты, индексация пенсий, обещают увеличение пенсий, обещали поднять зарплаты.",2.0
2021-31,2021,31,События на Украине,"События на Украине, в частности положение с Украиной, Донбасс, высказывание Зеленского о Донбассе, Зеленский призвал граждан Донбасса, считающих себя русскими, уезжать в Россию.",2.0
2021-31,2021,31,Криминальные события,"Криминальные события, в частности убийство пяти человек, сбежали заключенные, громкие происшествия в сфере уголовного производства.",1.0
2021-31,2021,31,"Рост цен, тарифов","Рост цен, тарифов, в частности дорожает всё кругом, постоянный рост цен, рост цен на продукты питания, рост цен на мясо и мясные продукты, выросли цены на бензин.",1.0
2021-31,2021,31,Аварии,"Аварии, в частности обрушился дом в Красноярске, стоянку завалило, аварий много было в Галиче.",1.0
2021-31,2021,31,Другие события в России,"Другие события в России, в частности про МАКС, который прошел, при поступлении очень мало бюджетных мест, а много целевых, и проходные баллы 20–21, отношение к людям, которые в бедствиях, а помощь до них не доходит.",1.0
2021-31,2021,31,Другие события в мире,"Другие события в мире, в частности ушли американцы из Афганистана, талибы угрожают всему миру, ДТП туристического автобуса в Турции, погибло четверо россиян, Лионель Месси ушел из “Барселоны”, на Аляске разбился самолет, погибло 6 человек, самолет упал в Венесуэле.",1.0
2021-32,2021,32,"Затрудняюсь ответить, нет ответа",Респонденты затрудняются ответить или не дают ответа.,52.0
2021-32,2021,32,"Пожары, наводнения в России, другие природные катаклизмы","Пожары и наводнения в различных регионах России, включая Сибирь, Якутию, Приморье, Амурскую область, Крым и Краснодарский край. Упоминаются сводки с фронта пожаров, град, аномальные явления с погодой, жара и климатические неурядицы.",23.0
2021-32,2021,32,"Аварии, катастрофы, несчастные случаи","Различные аварии, включая автомобильные, взрыв автобуса, авария с вертолетом, крушение автобуса в Воронеже и вертолета на Камчатке, разлив нефти в Новороссийске и массовое отравление детей в поезде.",7.0
2021-32,2021,32,"Летние Олимпийские игры в Токио, их окончание","Награждение олимпийских чемпионов, выступления спортсменов на Олимпиаде и отношение к ним, окончание Олимпийских игр, возвращение олимпийцев, несправедливость и скандалы.",5.0
2021-32,2021,32,"Пандемия коронавируса, прививки, отношение к ним","Беспокойство по поводу болезни ковид, ухудшение коронавирусной ситуации, рост заболеваний ковид-19, вакцинация и статистика по коронавирусу, добровольно-принудительная вакцинация.",5.0
2021-32,2021,32,"Работа властных структур, подготовка к выборам","Выступления Мишустина, штрафы на авто, изменения законодательства на авто, отстранение Грудинина от выборов, депутаты ездят по России, баннеры кандидатов на выборы.",2.0
2021-32,2021,32,События на Украине,"События на Украине, включая Донбасс, проблемные отношения с Украиной и политику Украины.",2.0
2021-32,2021,32,Пожары в Турции,Пожар в Анталии и тушение пожаров в Турции.,2.0
2021-32,2021,32,"Выплаты, пособия, повышение пенсий","Выделение пособий на семью, денежных средств на ребенка, пособий для школьников, социальные вопросы, помощь многодетным, помощь детям, повышение пенсии.",1.0
2021-32,2021,32,События в Афганистане,"Американцы покинули Афганистан, военный конфликт, захват талибами, война.",1.0
2021-32,2021,32,"Поездки, встречи В. Путина",Приезд Путина в Челябинскую область и предстоящая встреча Меркель и Путина.,1.0
2021-32,2021,32,"Рост цен, тарифов","Рост цен на бензин и продукты, высокие цены на продукты, повышение цен на бензин, рост цен на ЖКХ и лекарства.",1.0
2021-32,2021,32,Авиакатастрофа в Турции,"Разбился самолет спасательный в Турции, падение самолета, крушение самолета.",1.0
2021-32,2021,32,Другие события в России,"Соболь уехала из страны, арест комика за шутку, запрет интервью с Летовым, уборочная сейчас идет.",1.0
2021-32,2021,32,Другие события в мире,"Выступление белорусского президента, конфликт с Киргизией, плохое отношение к русскоязычному населению, будут выборы в ФРГ.",1.0
2021-33,2021,33,"Затрудняюсь ответить, нет ответа",Респондент не смог ответить на вопрос.,54.0
2021-33,2021,33,События в Афганистане,"Американские войска выведены из Афганистана, правительство сменилось, президент свергнут, Кабул взят, талибы заняли Афганистан.",19.0
2021-33,2021,33,"Пожары, наводнения в России, другие природные катаклизмы","Пожары в тайге, лесах Якутии, заповеднике “Мордовский”, наводнения в Анапе, затопления на юге, пожары в Сибири, наводнения в Амурской области, жара, шторм в Балтийском море.",15.0
2021-33,2021,33,"Пандемия коронавируса, защитные меры, прививки","Информация о коронавирусе, пандемия, ношение масок, отмена перчаток, послабления по ковиду, подарки за прививки, учеба на удаленке, вакцинация.",4.0
2021-33,2021,33,"Аварии, катастрофы, несчастные случаи","Аварии в военной технике, взрыв в Москве, падение самолета в Подмосковье, гибель туристов на Камчатке.",4.0
2021-33,2021,33,"Работа властных структур, подготовка к выборам","Итоги работы правительства, повышение МРОТ, детские пособия, больничный по уходу за ребенком 100%, строительство новых городов в Сибири, выборы.",2.0
2021-33,2021,33,События на Украине,"События на Украине, уничтожение русских, Зеленский хочет разрушить страну.",2.0
2021-33,2021,33,Визит А. Меркель в Россию,"Меркель приехала в Москву, последний раз в своей должности, встреча Меркель и Путина.",2.0
2021-33,2021,33,Другие события в России,"30 лет ГКЧП, Грудинина прессуют, “Дождь” внесли в список иностранных агентов, ФБК Навального объявили террористическим каналом, Алиханов борется с загрязнением рек и озер.",2.0
2021-33,2021,33,"Рост цен, низкий уровень жизни","Материальное положение, нет денежной помощи пенсионерам, пенсию не прибавляют, рост цен на бензин, рост цен на капусту.",1.0
2021-33,2021,33,"Выплаты, пособия, повышение пенсий","Денежные выплаты для детей, пособия на детей к школе, дополнительные выплаты, пенсионерам по 10 тысяч, помощь населению.",1.0
2021-33,2021,33,"Криминальные события, коррупционные скандалы, терроризм","Перерезали семью в Хакасии, убийство бабушки на улице Октября, смерть восьмилетней девочки, коррупция, теракт в Воронеже.",1.0
2021-33,2021,33,Пожары в Турции,"Пожары в Турции, тушение пожаров в Турции.",1.0
2021-33,2021,33,Спортивные события,"Олимпиада в Токио, Арина Аверина заняла второе место, Параолимпиада, переход Месси.",1.0
2021-33,2021,33,Крушение российского самолета в Турции,"Падение самолета российского в Турции, разбился самолет, гибель пилотов.",1.0
2021-33,2021,33,Другие события в мире,"Русофобия в Казахстане, Лукашенко отменил обязательную вакцинацию.",1.0
2021-34,2021,34,"Затрудняюсь ответить, нет ответа",Респонденты не смогли ответить на вопрос.,55.0
2021-34,2021,34,События в Афганистане,"Бегство американцев из Афганистана, захват талибами, плохая ситуация, беженцы, эвакуация из Кабула российскими самолетами. Опасения по поводу распространения ситуации.",20.0
2021-34,2021,34,"Выплаты, пособия, повышение пенсий","Выплаты пенсионерам перед выборами, раздача денег пенсионерам и силовым структурам, выплаты на детей и беременным, выплаты детям к школе, дополнительные денежные средства на детей, добавление пенсии.",9.0
2021-34,2021,34,"Пожары, наводнения в России, другие природные катаклизмы","Пожары, ливни, град, катаклизмы природные, горят леса, разливаются реки, пожары в Якутии, Самаре, Башкирии, наводнения, неготовность служб реагирования, люди остались без крыши над головой.",8.0
2021-34,2021,34,"Пандемия коронавируса, прививки","Ковид в мире, третья волна, снижение заболеваемости коронавирусом, умирают от ковида, пандемия, вакцинация, прививки, ситуация с ковидом, вакцинация подростков.",2.0
2021-34,2021,34,"Аварии, катастрофы, несчастные случаи","Авария на Уренгое, взрыв на газозаводе, ДТП на дорогах в Томске, пожар в ТЦ, падение самолета, дети пропадают, нашли девочку потерявшуюся.",2.0
2021-34,2021,34,События на Украине,"Событие на Украине – “Крымская платформа”, Украина. Борьба за Крым, Празднование Дня независимости на Украине, цены нормальные, встреча Байдена с Зеленским.",2.0
2021-34,2021,34,Спортивные события,"Параолимпийские игры, Олимпиада, чемпионат мира по пляжному футболу, жеребьевка по футболу, бокс.",2.0
2021-34,2021,34,"Предвыборная кампания, предстоящие выборы в Госдуму","Выборы в Государственную думу, предвыборная кампания, Бондаренко на выборы идет, приносили предвыборные газеты.",2.0
2021-34,2021,34,Работа властных структур,"Разрешение двойного гражданства чиновникам, меняют Конституцию, канал “Дождь” объявили иностранными агентами, изменения в ПДД, новый закон для автовладельцев.",1.0
2021-34,2021,34,Рост цен,"Повышение цен на всё, цены ужас какие, повышение цен огорчает, подорожание бензина.",1.0
2021-34,2021,34,"Выступления, встречи В. Путина","Встреча Путина с Ангелой Меркель, встреча Путина с правителями других стран, выступление президента перед “Единой Россией”.",1.0
2021-34,2021,34,Другие события в России,"День города в Нижнем Новгороде, 70-летие первого президента Чечни, МАКС и в парке “Патриот” выставка, открывают новые школы, идет стройка в Хабаровском крае, Осетии.",1.0
2021-34,2021,34,Другие события в мире,"Обстановка на границе Беларуси и Литвы. Проблема беженцев, самолет упал с туристами, события, происходящие за рубежом.",1.0
2021-35,2021,35,"Затрудняюсь ответить, нет ответа","Респонденты, которые не смогли или не захотели ответить на вопрос.",61.0
2021-35,2021,35,События в Афганистане,"Ситуация в Афганистане, волнующая многих, особенно выход американцев из Афганистана и действия Талибана.",13.0
2021-35,2021,35,"Выплаты, пособия, повышение пенсий","Социальные выплаты, особенно пенсионерам, включая добавки и выплаты по 10-15 тысяч, а также выплаты инвалидам, военным и медикам.",8.0
2021-35,2021,35,"Пожары, наводнения в России, другие природные катаклизмы","Экологические катаклизмы, такие как пожары в Сибири, Якутии и Мордовии, наводнения в Улан-Удэ и Бурятии, а также штормы в Сочи и Анапе.",4.0
2021-35,2021,35,"Предвыборная кампания, предстоящие выборы в Госдуму","Предстоящие выборы в Госдуму, включая обсуждение кандидатов, снятие Потапенко и рекламу ЛДПР.",4.0
2021-35,2021,35,Спортивные события,"Чемпионат Европы по футболу и Паралимпиада, отбор на чемпионат по футболу сборной России и чемпионат мира по пляжному футболу.",3.0
2021-35,2021,35,"События на Украине, визит В. Зеленского в США","События на Украине, поведение Зеленского и его визит в Америку.",2.0
2021-35,2021,35,"Выступления, встречи В. Путина","Восстановление экономической жизни в России, надежды на восстановление отношений с Украиной, поездка на Дальний Восток и выступление в Артеке.",2.0
2021-35,2021,35,Работа властных структур,"Выступление Мишустина, награждение актеров и работников культуры, возможный уход Шойгу и Лаврова в Думу, изменения в образовании и амнистия.",2.0
2021-35,2021,35,"Годовщины, праздники, традиционные события","День знаний, 1 сентября, начало учебного года, 1 сентября в Беслане, поминание о теракте и день Республики Татарстан.",2.0
2021-35,2021,35,"Пандемия коронавируса, прививки","Рост ковида, смертность, рекорды по коронавирусу и принудительная вакцинация.",2.0
2021-35,2021,35,Другие события в России,"Фестиваль оркестров в Москве, открытие развязки в Новом Уренгое, выступление Шукшиной, свадьба Моргенштерна и другие происшествия.",2.0
2021-35,2021,35,Восточный экономический форум,"Дальневосточный экономический форум, саммит во Владивостоке.",1.0
2021-35,2021,35,Рост цен,"Подорожание, особенно хлеба, бензина, газа и изделий из металла.",1.0
2021-35,2021,35,Другие события в мире,"Споры о Северном потоке - 2, репортажи о Лукашенко, крушение вертолета в Америке и тушение пожара в Турции.",1.0
2021-36,2021,36,"Затрудняюсь ответить, нет ответа","Респонденты, которые затруднились ответить или не дали ответа.",63.0
2021-36,2021,36,Гибель главы МЧС Е. Зиничева,"Гибель главы МЧС Российской Федерации, включая обстоятельства его гибели при спасении журналиста и посмертное награждение.",8.0
2021-36,2021,36,События в Афганистане,"События в Афганистане, включая уход американцев, приход к власти талибов и общее налаживание ситуации.",7.0
2021-36,2021,36,"Взрыв бытового газа в Ногинске, другие аварии",Взрыв бытового газа в жилом доме в Ногинске и другие аварии.,5.0
2021-36,2021,36,"Предвыборная кампания, предстоящие выборы в Госдуму","Предвыборная кампания, включая агитацию за ""Единую Россию"", недовольство участием крупных госчиновников и рекламу против КПРФ.",4.0
2021-36,2021,36,"Выплаты, пособия","Выплаты пенсионерам и детям, включая одноразовую поддержку и другие выплаты.",3.0
2021-36,2021,36,"События на Украине, визит В. Зеленского в США","События на Украине, включая визит Зеленского в США и ситуацию в Донбассе.",2.0
2021-36,2021,36,"Пожары в России, другие природные катаклизмы","Природные катаклизмы, включая пожары в Якутии и на Урале, а также смерч над Амуром.",2.0
2021-36,2021,36,"Пандемия коронавируса, вакцинация","Вспышка коронавируса, рост смертности, ситуация в Екатеринбурге и разработка новых вакцин.",2.0
2021-36,2021,36,Спортивные события,"Различные спортивные события, включая результаты паралимпийцев и вручение наград олимпийцам.",2.0
2021-36,2021,36,"Российско-белорусские отношения, переговоры В. Путина и А. Лукашенко","Переговоры между Путиным и Лукашенко, налаживание контактов и военные учения.",1.0
2021-36,2021,36,"Выступления, встречи, поездки В. Путина","Различные выступления и встречи В. Путина, включая случай на встрече со школьниками.",1.0
2021-36,2021,36,Криминальные события,"Криминальные новости, включая убийства детей и случаи педофилии.",1.0
2021-36,2021,36,Работа властных структур,"Работа властных структур, включая корректировку федеральных законов и награждение выдающихся людей.",1.0
2021-36,2021,36,"Годовщины, праздники, традиционные даты","Годовщины, праздники и традиционные даты, включая память команды ""Локомотив"" и празднование Дня города.",1.0
2021-36,2021,36,Окончание строительства «Северного потока – 2»,"Завершение строительства и запуск ""Северного потока 2"".",1.0
2021-36,2021,36,"Рост цен, тарифов","Рост цен на различные товары и услуги, включая бензин и коммунальные платежи.",1.0
2021-36,2021,36,Восточный экономический форум,Восточный экономический форум во Владивостоке.,1.0
2021-36,2021,36,Другие события в России,"Различные события в России, включая отравление граждан в ""Магните"" и учения российской армии.",1.0
2021-36,2021,36,Другие события в мире,"Различные события в мире, включая смерть Бельмондо и крушение самолета в Турции.",1.0
2021-38,2021,38,"Затрудняюсь ответить, нет ответа",Респондент затрудняется ответить или не имеет ответа.,54.0
2021-38,2021,38,Расстрел студентов в Перми,"В Пермском университете произошла стрельба, в результате которой пострадали люди. Студент расстрелял студентов. Восемь человек погибло.",17.0
2021-38,2021,38,Выборы в Госдуму,Выборы в Государственную думу Российской Федерации. Выборы прошли и победила “Единая Россия”. Обсуждались вопросы электронного голосования и фальсификации выборов.,15.0
2021-38,2021,38,"Аварии, катастрофы, несчастные случаи",В Ногинске взорвался дом. Самолет упал в Хабаровском крае. В Кабардино-Балкарии произошла смерть людей. В Томске в магазине “Магнит” отравились арбузом.,5.0
2021-38,2021,38,Пандемия коронавируса,Вирус становится больше и больше. Очередной всплеск ковида. Увеличение смертности от ковида. Проводятся вакцинации.,2.0
2021-38,2021,38,"События на Украине, визит В. Зеленского в США",Визит Зеленского в ООН и в Америку. Президент Украины Зеленский клевещет на Россию с трибуны ООН. Война в Донецке. Покушение на чиновника в Украине.,2.0
2021-38,2021,38,"Дожди, наводнения, пожары в России","Наводнение в Сочи, Дагестане. Стихийные бедствия, пожары, потоп.",2.0
2021-38,2021,38,"Выступления, встречи В. Путина",Беседа Путина с вновь выбранными депутатами в Госдуму. Общение Путина с главами регионов. Речь Путина.,1.0
2021-38,2021,38,"Рост цен, тарифов","Растут цены на продукты питания, бензин и остальное. ЖКХ поднимают.",1.0
2021-38,2021,38,"Выплаты, пособия, повышение зарплаты, пенсии","Выплаты 10 тысяч к пенсии. Индексация пенсий. Денежные средства пенсионерам и детям, которые пошли в школу. Добавка к пенсии. Прибавление пенсии. С 1 октября бюджетникам повысят зарплату.",1.0
2021-38,2021,38,Работа властных структур,"Выступление заместителя Набиуллиной о том, что пенсионерам государство ничего не должно. Выступление Шойгу. Губернатор Алтайского края возмущен, что есть много бедных, даже нищих. Изменения техосмотра, правил дорожного движения.",1.0
2021-38,2021,38,События в Афганистане,События в Афганистане.,1.0
2021-38,2021,38,Генеральная ассамблея ООН,Заседание Генассамблеи ООН. Встречи Лаврова в ООН.,1.0
2021-38,2021,38,Окончание строительства «Северного потока – 2»,Закончили строить газопровод «Северный поток – 2».,1.0
2021-38,2021,38,Другие события в России,"В Крым открыли новую дорогу, Астрахань хорошеет. Открытие новой дороги по Брянску. Бабушке отключили все коммунальные услуги, а она ветеран войны.",1.0
2021-38,2021,38,Другие события в мире,Выборы в Германии. Посол Китая заявил о готовности нанести ядерный удар по США. Франция обиделась на США и Австралию. Бокс: украинец и американец.,1.0
2021-39,2021,39,"Затрудняюсь ответить, нет ответа","Респонденты, которые затруднились ответить или не дали ответа.",64.0
2021-39,2021,39,Расстрел студентов в Перми,"Трагический инцидент со стрельбой в Пермском университете, вызвавший широкий общественный резонанс.",7.0
2021-39,2021,39,"Выборы в Госдуму, реакция на них","Выборы в Государственную Думу, их итоги, обсуждения, нарушения и митинги после выборов.",6.0
2021-39,2021,39,Пандемия коронавируса,"Четвертая волна COVID-19, статистика, смертность, борьба с вирусом, вакцинация и ужесточение мер.",5.0
2021-39,2021,39,"Аварии, катастрофы, несчастные случаи","Различные аварии, катастрофы, включая гибель Зиничева, падение самолетов и гибель туристов на Эльбрусе.",2.0
2021-39,2021,39,"Рост цен, тарифов","Подорожание продуктов питания, рост цен на всё, увеличение квартплаты, тарифов ЖКХ и цен на транспорт.",2.0
2021-39,2021,39,События на Украине,"Положение на Украине, реакция на контракт России и Венгрии, перекопанный канал и парашютирование украинцев с войсками НАТО.",2.0
2021-39,2021,39,"Встречи, действия В. Путина","Переговоры Путина с Эрдоганом, встреча с Лукашенко, отдых Путина и выход из самоизоляции.",2.0
2021-39,2021,39,"Выплаты, пособия, повышение зарплаты, пенсии","Выплаты пенсионерам, детские пособия, повышение зарплаты силовикам и добавки к пенсии.",2.0
2021-39,2021,39,События вокруг «Северного потока - 2»,"Достройка ""Северного потока"", события в нефтегазовом комплексе, ситуация вокруг ""Северного потока"" и споры из-за газа вокруг Украины.",2.0
2021-39,2021,39,Работа властных структур,"Выступление Мишустина, высказывание Голиковой о доходах пенсионеров, новые штрафы ГИБДД, отклонение увеличения МРОТ и список иноагентов.",2.0
2021-39,2021,39,Другие события в мире,"Арест Саакашвили, выборы в Германии и решение Госдепартамента США по наведению порядка среди бизнесменов России.",2.0
2021-39,2021,39,Криминальные события,"Криминальные происшествия, включая убийства, аресты наркобаронов и предотвращение терактов.",1.0
2021-39,2021,39,События в Афганистане,"События в Афганистане, связанные с талибами и террористической деятельностью.",1.0
2021-39,2021,39,Рост цен на газ в Европе,Повышение цен на газ в Европе и достижение рекордных значений.,1.0
2021-39,2021,39,Извержение вулканов,"Извержения вулканов, включая вулкан на Пальма-де-Майорке и на Гавайях.",1.0
2021-39,2021,39,Отказ индексировать пенсии работающим пенсионерам,Решение не индексировать пенсии работающим пенсионерам.,1.0
2021-39,2021,39,"Дожди, наводнения в России","Наводнения и паводки в различных регионах России, включая Кизилюрт, Амурскую область, Новороссийск и Сочи.",1.0
2021-39,2021,39,Другие события в России,Открытие дороги в городе Перми и строительство новых городов в Сибири.,1.0
2021-40,2021,40,"Затрудняюсь ответить, нет ответа","Затрудняюсь ответить, нет ответа",65.0
2021-40,2021,40,"Пандемия коронавируса, защитные меры, вакцинация","Рост заболевших коронавирусом повысился, это очень беспокоит; смертность высокая от коронавируса; локдаун обсуждается в регионах; введение QR-кодов в Орловской области для привитых; вакцинация, увеличение заболеваний в России; вакцинация от коронавируса; обязательная вакцинация для бюджетников.",7.0
2021-40,2021,40,Рост цен на газ в Европе,Высокие цены на газ в Европе; газовый кризис в Европе; газовый психоз в Европе; за газ ругаются.,5.0
2021-40,2021,40,Криминальные события,"Ракову хотят осудить за крупные хищения, мошенницу; в тюрьмах изнасилования, издевательства, пытки; избиение в метро парня, который заступился за девушку; крадут, убивают детей.",4.0
2021-40,2021,40,Полет российских артистов на орбитальную станцию для съемок фильма,"В космос улетели артисты кино снимать; запуск ракеты с артистами; полет в космос наших, фильм там впервые снимают; съемки фильма в космосе.",4.0
2021-40,2021,40,"Аварии, катастрофы, несчастные случаи","Самолет разбился в Татарстане; ЧП в Амурской области, горел завод; люди погибли от суррогатного алкоголя в Оренбурге, туристы погибли на Камчатке; очень много ДТП смертельных.",3.0
2021-40,2021,40,События на Украине,"Сейчас всё больше про Украину; Украина – не нравится, что творится; на Украине спикера Рады отправили в отставку.",2.0
2021-40,2021,40,"Рост цен, тарифов","Цены поднимаются заоблачные; всё дорожает, особенно хлеб; подорожание продуктов, зарплаты стоят; бензин дорожает бесконечно, цены на продукты повысились; подъем коммунальной платы.",2.0
2021-40,2021,40,"Наводнения, другие стихийные бедствия в России","В Краснодарском крае наводнение; наводнение в Крыму; наводнения, снег; оползень в Сочи; пожары и затопления.",2.0
2021-40,2021,40,"Выборы в Госдуму, реакция на них",Выборы в Госдуму; обсуждение выборов; электронное голосование в Думу; вбросы голосов на выборах; протесты по результатам выборов.,1.0
2021-40,2021,40,События вокруг «Северного потока – 2»,"Насчет ""Северного потока 2""; порадовался за Россию, что мы построили “Северный поток – 2”; “Северный поток – 2” – завершено строительство.",1.0
2021-40,2021,40,"Выступления, заявления В. Путина","Выступление Путина по газу; заявление Путина по поводу коронавируса, что справляемся с пандемией.",1.0
2021-40,2021,40,Работа властных структур,Мишустин в Курске; Бондаренко воюет в саратовской думе.,1.0
2021-40,2021,40,Спортивные события,"Чемпионат мира по футболу; футбол, Россия выиграла еле-еле 1:0 у словаков; золото Садулаева; хоккей; бокс.",1.0
2021-40,2021,40,"Выплаты, пособия, повышение зарплаты, пенсии",10 тысяч подарили; доплата к пенсии; будут выплаты на детей; индексация пенсий и зарплат; новая система оплаты труда врачей.,1.0
2021-40,2021,40,События в Афганистане,Афган; события в Афганистане.,1.0
2021-40,2021,40,Другие события в России,День пожилого человека; чествование учителей года; перепись скоро будет.,1.0
2021-40,2021,40,Другие события в мире,"Вручение Нобелевской премии мира; Нуланд едет в Россию, ВАДА сняло аккредитацию; совместные учения Белоруссии и России; сбой в Фейсбук, Вотсап; извержение вулкана на острове в Испании; Саакашвили арестовали. В Турции аресты.",1.0
2021-41,2021,41,"Затрудняюсь ответить, нет ответа",Респонденты не смогли ответить на вопрос.,62.0
2021-41,2021,41,"Пандемия коронавируса, защитные меры, вакцинация","Респонденты отмечают рост заболеваемости COVID-19, количество умерших, возобновление ограничений, тестирование детей, введение QR-кодов и обязательную вакцинацию.",11.0
2021-41,2021,41,Полет российских кинематографистов на орбитальную станцию для съемок фильма,Респонденты отмечают отправку актеров в космос для съемок фильма.,4.0
2021-41,2021,41,"Рост цен на газ в Европе, газовый кризис","Респонденты отмечают ситуацию вокруг газа, газовый кризис в Европе и рост цен на газ.",3.0
2021-41,2021,41,"Аварии, катастрофы, несчастные случаи","Респонденты отмечают авиакатастрофу в Татарстане, обрушение трассы в Новосибирске, гибель мотоциклистов в Октябрьской набережной и отравление в Оренбурге.",3.0
2021-41,2021,41,"Рост цен, тарифов","Респонденты отмечают подорожание цен на товары, продукты, бензин и услуги ЖКХ.",2.0
2021-41,2021,41,События на Украине,"Респонденты отмечают выступления Зеленского против России, убийство депутата в Раде и ситуацию с газом.",2.0
2021-41,2021,41,"Выступления, заявления, интервью В. Путина","Респонденты отмечают речь Путина о возможности баллотироваться, решение о повышении благосостояния народа, выступления перед женщинами и интервью с корреспонденткой из США.",2.0
2021-41,2021,41,Работа властных структур,"Респонденты отмечают визит Мишустина на предприятия, увеличение налогов, отказ от проверок в колониях и назначение Поклонской.",2.0
2021-41,2021,41,Криминальные события,"Респонденты отмечают пропажу детей, убийства, издевательства над заключенными, пытки в Саратовской колонии и убийство детей матерью.",2.0
2021-41,2021,41,"Выплаты, пособия, повышение зарплаты, пенсии","Респонденты отмечают выплаты детям и пенсионерам, пособия для школьников, поддержку матерей и прибавки к зарплате.",2.0
2021-41,2021,41,Стрельба в учебных заведениях,Респонденты отмечают стрельбу в университете и около школы.,2.0
2021-41,2021,41,"ДТП в Сочи с автомобилем, в котором находилась К. Собчак","Респонденты отмечают аварию с Собчак и то, что водитель Собчак сбил человека.",2.0
2021-41,2021,41,Другие события в мире,"Респонденты отмечают ситуацию в Афганистане и расследование ""Пандоры"".",2.0
2021-41,2021,41,Спортивные события,"Респонденты отмечают победу одиночниц в фигурном катании, победу волейбольной команды и победу сборной России по футболу.",1.0
2021-41,2021,41,"Выборы в Госдуму, реакция на них","Респонденты отмечают результаты выборов, победу ""Единой России"" и фальсификации.",1.0
2021-41,2021,41,Международный форум РЭН-2021,Респонденты отмечают энергетическую неделю и встречу по поводу энергетического кризиса.,1.0
2021-41,2021,41,Драка в московском метро,"Респонденты отмечают драку в метро и то, как парень помог девушке.",1.0
2021-41,2021,41,Попытка американского эсминца нарушить российскую границу в Японском море,Респонденты отмечают нарушение границы американским кораблем.,1.0
2021-41,2021,41,Природные явления в России,"Респонденты отмечают погоду, бабье лето и приближающееся похолодание.",1.0
2021-41,2021,41,Визит В. Нуланд в Россию,Респонденты отмечают приезд представителя США.,1.0
2021-41,2021,41,Другие события в России,"Респонденты отмечают перепись населения, бунт заключенных и победу ""Учитель года"".",1.0
2021-42,2021,42,"Затрудняюсь ответить, нет ответа",Респонденты не смогли назвать никакие события.,55.0
2021-42,2021,42,"Пандемия коронавируса, рост заболеваемости, защитные меры","Вспышка коронавирусной инфекции, люди умирают, введение локдауна, вводят QR-коды для привитых, нерабочие дни, каникулы, изоляция, режимы кодов для торговых центров.",26.0
2021-42,2021,42,События на Украине,"Обсуждаются события на Украине, война на Донбассе, плохие отношения с Украиной, и возможное вступление Украины в НАТО.",3.0
2021-42,2021,42,"Обострение отношений с НАТО, рост международной напряженности","Прерваны контакты с НАТО, высланы дипломаты, НАТО и Европа неадекватно себя ведут на границе, скапливаются натовские войска.",3.0
2021-42,2021,42,"Аварии, катастрофы, несчастные случаи","С Кремля крыша слетела, взрыв на фабрике в Рязани, погиб рабочий на стройке в Троицке, пешехода сбили, несчастный случай с девочкой, отравление алкоголем.",2.0
2021-42,2021,42,Валдайский форум,"Обсуждается Валдайский форум, встреча в Валдае, съезд на Валдае.",2.0
2021-42,2021,42,"Выступления, заявления, интервью В. Путина","Выступление Путина на Валдае, высказывания Путина по поводу борьбы с бедностью, интервью с Путиным, Путин поблагодарил команду России по киберспорту.",2.0
2021-42,2021,42,"Выплаты, пособия, повышение зарплаты, пенсии","Помощь многодетным семьям, пособия, увеличение размера пособия на ребенка, соцвыплаты, пособия на детей, пенсии, минимальная пенсия увеличится, повышение зарплаты и пенсий.",1.0
2021-42,2021,42,Работа властных структур,"Приезд Мишустина в Орел, выступления коммунистов, про страховки на машины.",1.0
2021-42,2021,42,"Рост цен на газ в Европе, газовый кризис","Подорожание газа в Европе, цены на газ, газовый кризис, газовая проблема в Европе, отказы от российского газа, отношения газа и Европы.",1.0
2021-42,2021,42,Стрельба в учебных заведениях,"В школах стрельбы, детей расстреливают в школе – Татарстан, Пермь, школьник открыл стрельбу в школе, школьник расстрелял кого-то.",1.0
2021-42,2021,42,"Рост цен, тарифов","Повышение цен, цены повышают на всё, цены на продукты взлетели, повысили тариф на капитальный ремонт.",1.0
2021-42,2021,42,Полет российских кинематографистов на орбитальную станцию для съемок фильма,"В космос слетали Пересильд и кинорежиссер Шипенко, кино снимали в космосе, космос осваиваем, мы первые, кто отправил туда кинокомпанию.",1.0
2021-42,2021,42,"События вокруг «Северного потока – 2», экспорт газа за границу","Северный поток – 2, пустили газовую трубу, газ продают за границу во все стороны, увеличение транзита газа.",1.0
2021-42,2021,42,Спортивные события,"Гран При по фигурному катанию, наши выиграли фигуристы, Спартак проиграл англичанам, спорт в Москве, бойцовые соревнования, Емельяненко выиграл, чемпионат мира по хоккею.",1.0
2021-42,2021,42,Криминальные события,"Хроника убийств, ограблений, драки мигрантов в России, избиение в метро в московском, женщина убила ребенка.",1.0
2021-42,2021,42,Другие события в России,"Перепись населения, Нобелевская премия присуждена главе Новой газеты Муратову, пытки в тюрьме, открытие барнаульского моста.",1.0
2021-42,2021,42,Другие события в мире,"Биткоин возрос в цене, вулкан извергался в Японии, Эрдоган выслал из своей страны дипломатов 10 стран, в том числе из Америки.",1.0
2021-43,2021,43,"Затрудняюсь ответить, нет ответа","Затрудняюсь ответить, нет ответа",55.0
2021-43,2021,43,"Пандемия коронавируса, рост заболеваемости, защитные меры, введение нерабочих дней, отношение к вакцинации","Ситуация с коронавирусом обостряется, много болеют и умирают. Заболевают как привитые, так и непривитые. Начали бороться с ковидом всеми силами. Всенародный отпуск. Выходные из-за коронавируса. Карантин, самоизоляция. Локдаун, ситуация с коронавирусом. Вакцинация принудительная напрягает. Заставляют ставить вакцину, вплоть до увольнения или штрафа.",28.0
2021-43,2021,43,События на Украине,"Волнует, что происходит на Украине. Донецк, события на Украине. На Донбассе Украина пошла в наступление, накаляется обстановка. Бомбили Донбасс. Про Украину, что провоцирует Россию на войну.",9.0
2021-43,2021,43,"Газовый кризис в Европе, проблемы с экспортом газа за границу","Про “Газпром” с Европой, что Европе всё мало газа. Цена на газ высокая для ЕС. Газ в Молдавии, Молдавия жалуется на Россию из-за денег. Вопрос по газу. Газовый конфликт. Не могут запустить вторую линию газопровода.",2.0
2021-43,2021,43,Работа властных структур,"Поездка Мишустина по городам. Заседание Госсовета, о транспорте говорили, состояние дорог. Отклонили закон об ответственности депутатов за свои предвыборные обещания. Отмена техосмотра для частных лиц. Он будет происходить только при продаже. Член КПРФ подстрелил лося.",1.0
2021-43,2021,43,Рост цен,"Всё дорогое. Что цены росли. Повышение цен на продукты питания. Цены на продукты и на всё, что повышается. Повышение цен на проезд.",1.0
2021-43,2021,43,"Выплаты, пособия, повышение пенсии","Выплаты. Многодетным прибавляют пособия, матерям-одиночкам и другой молодежи. Обещание правительства проиндексировать пенсии. Решают, выдать или нет пенсионерам по 10 тысяч.",1.0
2021-43,2021,43,"Обострение отношений с НАТО, рост международной напряженности",Отношения НАТО и России. Отношение ухудшается к России. Расширение НАТО. Военные действия НАТО.,1.0
2021-43,2021,43,Выступления В. Путина,"Выступление Путина на форуме в “двадцатке”. Выступление Путина, как он говорил о вакцинации. Что Путин ответил о будущем долларов и криптовалюты в целом.",1.0
2021-43,2021,43,Криминальные события,"Про расстрелы в школах. Пытки в тюрьмах, в колониях. Резонансное дело про мошенников. Суд над хозяевами ТЦ “Зимняя вишня”.",1.0
2021-43,2021,43,"Аварии, катастрофы","Взрыв в жилом доме в Набережных Челнах. Взрыв бытового газа. Пожар, люди пострадали.",1.0
2021-43,2021,43,Спортивные события,"“Авангард"" – смена тренера. “Зенит” выиграл. Гимнастика. Фигурное катание. Футбол: наши побеждать больше стали.",1.0
2021-43,2021,43,"Погода, наводнения, пожары в России","Погода портится. Наводнение в Краснодарском крае. Пожары в России. Где топит, где горит.",1.0
2021-43,2021,43,Другие события в России,"Перепись идет. Форум на Валдае. ЖКХ начинают на пенсионеров в суды подавать, штрафы делают. Сажание людей, которые за Навального. Соболь объявили в розыск.",1.0
2021-43,2021,43,Другие события в мире,Вулкан на Пальме. Ребрендинг “Фейсбука”. Рост биткойна.,1.0
2021-44,2021,44,"Затрудняюсь ответить, нет ответа",Респонденты затрудняются ответить или не дают ответа.,55.0
2021-44,2021,44,"Пандемия коронавируса, рост заболеваемости, защитные меры, отношение к вакцинации","Респонденты отмечают рост заболеваемости коронавирусом, обсуждение защитных мер, введение QR-кодов и локдаунов, а также отношение к вакцинации.",26.0
2021-44,2021,44,События на Украине,"Респонденты отмечают обострение ситуации на Украине, в частности, в ДНР и ЛНР, а также обстрелы Донбасса.",6.0
2021-44,2021,44,Военная активность США в Черном море,"Респонденты отмечают учения американских военных кораблей в Черном море, а также их заход в нейтральные воды.",2.0
2021-44,2021,44,"Аварии, катастрофы","Респонденты отмечают аварии в Иркутской области, взрывы газовых баллонов в многоквартирных домах и падение самолета.",2.0
2021-44,2021,44,Другие события в России,"Респонденты отмечают смерть диктора Кириллова, спасение детей полицейскими и туман в Москве.",2.0
2021-44,2021,44,Избиение мужчины в Новой Москве,"Респонденты отмечают драку и избиение мужчины в Ватутинках, а также беспредел кавказцев в Новой Москве.",1.0
2021-44,2021,44,Саммит G20 по экологическим вопросам,"Респонденты отмечают саммит G20, зеленый саммит и экологический форум в Италии.",1.0
2021-44,2021,44,"Газовый кризис в Европе, проблемы с поставкой газа","Респонденты отмечают газовые проблемы, ""Северный поток"", энергокризис и стоимость газа в Европе, а также проблемы с поставкой газа с Украиной.",1.0
2021-44,2021,44,Работа властных структур,"Респонденты отмечают изменения в законах, заморозку накопительной части пенсии, повышение зарплаты чиновникам и выступления коммунистов.",1.0
2021-44,2021,44,"Выплаты, пособия, повышение пенсии","Респонденты отмечают детские пособия, выплаты для родителей с детьми, помощь малоимущим, повышение зарплаты и пенсии.",1.0
2021-44,2021,44,"Встречи, поездки, выступления В. Путина","Респонденты отмечают визит Путина в Крым, встречу с Лукашенко и выступление на международной конференции.",1.0
2021-44,2021,44,Праздники,Респонденты отмечают День армейской авиации и День народного единства.,1.0
2021-44,2021,44,"Рост цен, тарифов","Респонденты отмечают общее повышение цен, особенно на продукты и ЖКХ.",1.0
2021-44,2021,44,Спортивные события,"Респонденты отмечают футбольные матчи, первенство мира по греко-римской борьбе и соревнования по фигурному катанию.",1.0
2021-44,2021,44,Дистанционное обучение,Респонденты считают дистанционное обучение полным провалом образования.,1.0
2021-44,2021,44,Другие события в мире,"Респонденты отмечают отношения с Белоруссией, извержение вулкана на испанских островах и оплату лечения для невакцинированных в Грузии.",1.0
2021-45,2021,45,"Затрудняюсь ответить, нет ответа",Респонденты затрудняются ответить или не дают ответа.,52.0
2021-45,2021,45,"Антиковидные меры, их ужесточение, введение QR-кодов, обязательная вакцинация","Ужесточение антиковидных мер, введение QR-кодов, обязательная вакцинация, нерабочие дни, закрытие проезда пенсионерам, закрытие ТЦ, QR-коды не нужны, принудительная вакцинация.",13.0
2021-45,2021,45,"Пандемия коронавируса, рост заболеваемости","Информация о ковиде, карантин во всем мире, состояние заболеваемости страны, везде коронавирус, большая смертность от ковида, уровень ковида увеличился.",12.0
2021-45,2021,45,Проблема с мигрантами на границе Белоруссии,"Скандал на белорусской границе, инциденты на границе с Белоруссией, беженцы бегут между Белоруссией и Польшей, гибнут люди в Белоруссии.",11.0
2021-45,2021,45,События на Украине,"Непонятные события на границе с Украиной, безобразия с Украиной, обстрелы на Донбассе, война на Донбассе, угроза войны с Украиной.",5.0
2021-45,2021,45,Военная активность США и НАТО в Черном море,"Напряженность из-за американского флота в Черном море, волнение вызывают американцы в Черном море, зашли корабли НАТО в Черное море.",5.0
2021-45,2021,45,Другие события в России,"Перепись населения, День народного единства, арест Бондаренко, скончался сатирик Виктор Коклюшкин, раскопки в Дербенте, снегопад в Москве.",2.0
2021-45,2021,45,Работа властных структур,"Встреча Мишустина с губернаторами, урезание бюджета здравоохранения, обременение на земельные участки и дома, принятие нового закона о насильниках, отмена техосмотра.",1.0
2021-45,2021,45,Спортивные события,"Победа футболистов, Россия выиграла в футбол, футбол Россия – Хорватия, наши выиграли футбол у Кипра, фигурное катание, финал теннисного турнира.",1.0
2021-45,2021,45,"Рост цен, тарифов","Очередное повышение цен, повышение цен на продукты и ЖКХ, повышение цены на бензин и продукты, топливо в России подорожало.",1.0
2021-45,2021,45,Криминальные события,"Криминальная хроника, чиновники украли из госбюджета, пытки в тюрьмах, массовые изнасилования в тюрьмах и колониях, обвиняемого в массовом убийстве Галявиева вернули в Казань.",1.0
2021-45,2021,45,"Аварии, взрывы, пожары, несчастные случаи","Взрыв газа в Уренгое и Уфе, взрыв газа в Чувашии, Ан-12 разбился, пожар на Некрасовском рынке, пожар в приюте животных, падение мужчины под поезд в метро.",1.0
2021-45,2021,45,"Выплаты, пособия, повышение зарплаты, пенсии","Рассматривают единовременную выплату, повысить хотели зарплату, выплаты пенсионерам, социальные выплаты.",1.0
2021-45,2021,45,Другие события в мире,"Нестабильные международные отношения, саммит в Глазго по климату, газопровод в Германию, обстановка в Нагорном Карабахе, китов жалко в Арктике.",1.0
2021-46,2021,46,"Затрудняюсь ответить, нет ответа",Респонденты затрудняются ответить или не имеют ответа.,55.0
2021-46,2021,46,Ситуация с мигрантами на белорусско-польской границе,"Ситуация с мигрантами на белорусско-польской границе, где беженцев не пускают в Польшу, они замерзают и голодают, поляки стреляют в беженцев, обливают людей зеленой водой, натравливают собак, происходит депортация в Беларусь.",13.0
2021-46,2021,46,"Введение QR-кодов, обязательная вакцинация","Введение QR-кодов и обязательная вакцинация, ажиотаж с кодами, не пускают в магазины без прививки и QR-кодов, заставляют делать прививки, вводят QR-коды в общественных местах, самолетах, поездах, детских садах, собирают подписи против кодов.",11.0
2021-46,2021,46,"Пандемия коронавируса, изменения в уровне заболеваемости","Пандемия коронавируса, распространение эпидемии, ковид-обстановка в мире тяжелая, статистика по коронавирусу в стране и за рубежом, рост заболеваемости, много умирают от вируса, говорят, что коронавирус пошел на спад.",9.0
2021-46,2021,46,События на Украине,"Проблемы с Украиной, противостояние, события на Донбассе, военная обстановка, войска стягивают к российской границе, скифское золото отдают Украине.",3.0
2021-46,2021,46,Военная активность США и НАТО в Черном море,"Военная активность США и НАТО в Черном море, корабли и самолеты США находятся в Черном море.",3.0
2021-46,2021,46,"Выплаты, пособия, повышение зарплаты, пенсии","Выплаты малоимущим, поднимут детские пособия, выплата 10 тысяч перед Новым годом для детей, МРОТ повысили, прожиточный минимум, пенсионерам, говорят, что-то будет, говорили про увеличение пенсии.",3.0
2021-46,2021,46,Работа властных структур,"Расширение полномочий полиции, закон о ЦФА, лишение Карелии статуса северного региона, техосмотр отменили, штраф дороже на дорогах.",2.0
2021-46,2021,46,Другие события в России,"Перепись населения, увольнение врачей скорой помощи, митинги в Питере против кодов, Гаркалин умер, Марина Хлебникова в тяжелом состоянии.",2.0
2021-46,2021,46,Другие события в мире,"США заявили о непризнании выборов в 2024 году, если выберут Путина, наводнение в Канаде, выставка технологии в Дубае.",2.0
2021-46,2021,46,"Рост цен, тарифов, снижение уровня жизни людей","Прибавляется инфляция, повышение цен на всё, повышение проезда, пенсионеры выживают, люди жалуются на низкие зарплаты.",1.0
2021-46,2021,46,Незаконная охота депутата Госдумы В. Рашкина на лося,"Депутат Рашкин и лось, депутат, стреляющий в лося, депутат лося завалил, депутат Рашкин убил лося, возмутило поведение депутата господина Рашкина, который лося застрелил.",1.0
2021-46,2021,46,Спортивные события,"Фигурное катание, чемпионат мира по футболу, проигрыш нашей сборной Хорватии, “Ротор” проиграл «“Металлургу”», ""Спартак"" проиграл.",1.0
2021-46,2021,46,"Выступления, высказывания В. Путина","Выступление президента о социальной поддержке населения, выступление Путина в МИДе о провокациях, грустные глаза Владимира Владимировича, когда корреспондент спросил, что с Украиной делать, а он ответил, что пока не знаю, что.",1.0
2021-46,2021,46,"Аварии, взрывы, пожары, несчастные случаи","Аварии, происшествия по России, пожары в России, стало больше ДТП, взрыв завода в Липецке, в Красноярске обрушился склад с алкоголем, отравление молодежи алкогольными напитками.",1.0
2021-46,2021,46,Уничтожение Россией советского спутника,"Сбили спутник в космосе, взорвали спутник российский, осколками засыпали космос, спутник уничтожили неработающий, Шойгу заявил, что наши войска сбили в космосе спутник недействующий.",1.0
2021-47,2021,47,"Затрудняюсь ответить, нет ответа","Респонденты, которые затруднились ответить или не дали ответа.",53.0
2021-47,2021,47,Авария на угольной шахте «Листвяжная» в Кемеровской области,"Авария на угольной шахте «Листвяжная» в Кемеровской области, вызвавшая трагические последствия, включая гибель шахтеров. Респонденты упоминали взрыв, обрушение шахты и гибель людей.",13.0
2021-47,2021,47,"Антиковидные меры, их ужесточение, введение QR-кодов, обязательная вакцинация","Введение антиковидных мер, ужесточение правил, введение QR-кодов и обязательная вакцинация, что вызвало обсуждения и протесты. Респонденты упоминали борьбу с короной, принуждение к вакцинации, QR-коды и митинги против них.",8.0
2021-47,2021,47,"Пандемия коронавируса, появление новой разновидности коронавируса","Продолжающаяся пандемия коронавируса и появление новых разновидностей вируса, таких как «омикрон». Респонденты упоминали эпидемию, пандемию ковида, ситуацию с коронавирусом и новые штаммы.",8.0
2021-47,2021,47,Ситуация с мигрантами на белорусско-польской границе,"Кризис с мигрантами на белорусско-польской границе, вызывающий обеспокоенность и обсуждения. Респонденты упоминали мигрантов на границе, миграционный кризис и беспорядки.",7.0
2021-47,2021,47,События на Украине,"События на Украине, включая конфликт на Донбассе и напряженные отношения с Россией. Респонденты упоминали конфликт на Донбассе и обстановку на границе.",7.0
2021-47,2021,47,Работа властных структур,"Работа властных структур, включая принятие законов и обсуждение бюджета. Респонденты упоминали принятие законов, бюджет на 2022–2023 годы и поправки в Госдуме.",2.0
2021-47,2021,47,Военная активность США и НАТО в Черном море,"Военная активность США и НАТО в Черном море, вызывающая напряженность в регионе. Респонденты упоминали концентрацию сил НАТО и американские корабли.",2.0
2021-47,2021,47,"Аварии, пожары, несчастные случаи","Различные аварии, пожары и несчастные случаи, произошедшие в разных регионах. Респонденты упоминали ДТП с депутатом, аварию с майором и пожары.",1.0
2021-47,2021,47,Рост цен,"Рост цен на товары и услуги, вызывающий недовольство населения. Респонденты упоминали повышение цен на всё, рост цен в магазинах и на бензин.",1.0
2021-47,2021,47,"Выплаты, пособия, повышение пенсии","Выплаты, пособия и повышение пенсий, обсуждаемые в обществе. Респонденты упоминали выплаты школьникам, повышение социальных выплат и индексацию пенсий.",1.0
2021-47,2021,47,Незаконная охота депутата Госдумы В. Рашкина на лося,"Незаконная охота депутата Госдумы В. Рашкина на лося, вызвавшая общественный резонанс. Респонденты упоминали коммуниста, добывшего лося на охоте, и браконьерство.",1.0
2021-47,2021,47,Смерть известных людей,"Смерть известных людей, таких как Александр Градский и Нина Русланова, вызвавшая соболезнования. Респонденты упоминали смерть Градского, Руслановой и Гаркалина.",1.0
2021-47,2021,47,"Выступления, действия В. Путина","Выступления и действия В. Путина, привлекающие внимание общественности. Респонденты упоминали выступления, разговоры и действия Путина.",1.0
2021-47,2021,47,Криминальные события,"Различные криминальные события, вызывающие обеспокоенность. Респонденты упоминали детей-террористов и мошенников.",1.0
2021-47,2021,47,Спортивные события,"Различные спортивные события, привлекающие внимание болельщиков. Респонденты упоминали футбол, фигурное катание и Лигу чемпионов.",1.0
2021-47,2021,47,Другие события в России,"Различные другие события в России, привлекающие внимание общественности. Респонденты упоминали увольнение преподавателей и арест Лилии Чанышевой.",1.0
2021-47,2021,47,Другие события в мире,"Различные другие события в мире, привлекающие внимание общественности. Респонденты упоминали встречу между Пашиняном, Путиным и Алиевым, конференцию в Глазго и вулкан на Канарах.",1.0
2021-48,2021,48,"Затрудняюсь ответить, нет ответа","Респонденты, которые затруднились ответить.",56.0
2021-48,2021,48,Авария на угольной шахте «Листвяжная» в Кемеровской области,"Авария на угольной шахте «Листвяжная» в Кемеровской области, в результате которой погибли люди.",12.0
2021-48,2021,48,События на Украине,"Обострение ситуации на Украине, включая войну в Донбассе и подготовку переворота.",9.0
2021-48,2021,48,"Пандемия коронавируса, появление новой разновидности коронавируса","Пандемия коронавируса, рост заболеваемости и появление новых штаммов.",7.0
2021-48,2021,48,"Антиковидные меры, их ужесточение, обязательная вакцинация, введение QR-кодов","Ужесточение антиковидных мер, принудительная вакцинация и введение QR-кодов.",5.0
2021-48,2021,48,Смерть известных деятелей искусства,"Смерть известных деятелей искусства, таких как Градский, Гаркалин, Наумов и Русланова.",3.0
2021-48,2021,48,Военная активность США и НАТО вблизи российских границ,"Военная активность США и НАТО вблизи российских границ, приближение НАТО к границам России.",2.0
2021-48,2021,48,Ситуация с мигрантами на белорусско-польской границе,"Кризис с мигрантами на белорусско-польской границе, беженцы на границе с Белоруссией.",2.0
2021-48,2021,48,"Повышение зарплаты, пенсии",Повышение зарплаты и индексация пенсий.,2.0
2021-48,2021,48,Другие события в мире,"Различные события в мире, включая Ассамблею ВОЗ и саммит НАТО.",2.0
2021-48,2021,48,Работа властных структур,"Принятие законов, совещания правительства и другие действия властных структур.",1.0
2021-48,2021,48,Рост цен,Рост цен на продукты и инфляция.,1.0
2021-48,2021,48,"Аварии, пожары","Аварии и пожары, включая аварию вахтового автобуса и пожар на типографии.",1.0
2021-48,2021,48,"Погода в России, природные катаклизмы",Неблагоприятные погодные условия и природные катаклизмы в России.,1.0
2021-48,2021,48,"Выступления, действия В. Путина","Выступления и действия В. Путина, включая встречу с Байденом.",1.0
2021-48,2021,48,Другие события в России,"Различные события в России, включая лицензии и квоты на минеральные удобрения.",1.0
2021-49,2021,49,"Затрудняюсь ответить, нет ответа","Респонденты, которые затруднились ответить или не дали ответа.",59.0
2021-49,2021,49,Разговор по видеосвязи В. Путина с Д. Байденом,Обсуждение переговоров и общения между Владимиром Путиным и президентом США Джо Байденом.,11.0
2021-49,2021,49,События на Украине,"Обсуждение ситуации и обострения на Украине, включая Донбасс, и опасения по поводу втягивания в конфликт.",10.0
2021-49,2021,49,"Пандемия коронавируса, появление новой разновидности коронавируса","Обсуждение информации о COVID-19, новых волнах, штаммах и опасениях по поводу распространения.",5.0
2021-49,2021,49,Военная активность США и НАТО вблизи российских границ,"Обсуждение агрессивных действий НАТО, скопления войск у российских границ и провокаций в Черном море.",4.0
2021-49,2021,49,"Антиковидные меры, обязательная вакцинация, введение QR-кодов","Обсуждение прививок, масок, QR-кодов и вакцинации, включая вопросы принудительности и добровольности.",3.0
2021-49,2021,49,Авария на угольной шахте «Листвяжная» в Кемеровской области,Обсуждение взрыва и гибели горняков на шахте «Листвяжная» в Кемеровской области.,3.0
2021-49,2021,49,Работа властных структур,"Обсуждение приезда Мишустина в Пермский край, новых законов и изменений в законодательстве.",2.0
2021-49,2021,49,"Поездки, встречи, выступления В. Путина","Обсуждение совещаний, поездок и встреч Владимира Путина, включая онлайн-конференции.",2.0
2021-49,2021,49,"Повышение зарплаты, пенсии","Обсуждение повышения зарплат бюджетникам, пенсий и детских выплат.",1.0
2021-49,2021,49,"Рост цен, тарифов","Обсуждение повышения цен на продукты, бензин и услуги ЖКХ.",1.0
2021-49,2021,49,Стрельба в московском МФЦ,Обсуждение стрельбы и убийства в МФЦ в Москве.,1.0
2021-49,2021,49,Спортивные события,"Обсуждение Лиги чемпионов, чемпионата России по футболу и других спортивных событий.",1.0
2021-49,2021,49,"Аварии, пожары, несчастные случаи","Обсуждение аварий, пожаров и других несчастных случаев, включая падение автобуса и пожар на «Птичке».",1.0
2021-49,2021,49,"Погода в России, природные катаклизмы","Обсуждение снегопадов, пурги, ураганов и других природных катаклизмов в России.",1.0
2021-49,2021,49,Другие события в России,Обсуждение запуска ракеты с космонавтами и награждения волонтеров в России.,1.0
2021-49,2021,49,Другие события в мире,"Обсуждение ситуации с бездомными на границе, бойкота Олимпиады и других мировых событий.",1.0
2021-50,2021,50,"Затрудняюсь ответить, нет ответа",Респондент не смог ответить на вопрос.,65.0
2021-50,2021,50,События на Украине,"Общая обстановка на Украине, отношения с Украиной, война на Украине, поведение украинского президента, стремление Украины в НАТО, украинские нападки на Россию.",6.0
2021-50,2021,50,"Пандемия коронавируса, появление новой разновидности коронавируса","Информация о ковиде, общая ситуация в стране по коронавирусу, пандемия, много умирающих, ковид свел с ума, пандемия, новый штамм, омикрон бушует.",5.0
2021-50,2021,50,"Антиковидные меры, обязательная вакцинация, введение QR-кода","Прививки от ковида принудительные, заставляют принудительно прививаться, разделение общества на вакцинированных и не вакцинированных, введение QR-кода, код обязательно.",4.0
2021-50,2021,50,Разговор по видеосвязи В. Путина с Д. Байденом,"Телефонный разговор Путина с Байденом, видеосвязь президентов России и Америки, встреча Путина с Байденом дистанционно, переговоры Путина с президентом США Байденом.",4.0
2021-50,2021,50,Военная активность США и НАТО вблизи российских границ,"Продвижение НАТО на восток, учения войск НАТО, Америка к нашим границам подтягивается, бомбардировщики летают рядом с нашей границей.",4.0
2021-50,2021,50,"Пособия, выплаты, повышение зарплаты, пенсии","Пособия по пять тысяч, обещали детям на новолуния праздник пять тысяч, зарплату повышают, повысили зарплаты ковидным врачам, выплатят пенсионерам к Новому году по 10 тысяч, выплата пенсий дополнительных к Новому году, детям до семи лет.",3.0
2021-50,2021,50,"Авария на угольной шахте «Листвяжная» в Кемеровской области, последующие события","Взрыв на шахте в Кузбассе, авария в Кузбассе, шахта угольная, взрыв метана, авария на шахте “Листвяжная”, арест хозяина шахты, взрыв где был.",2.0
2021-50,2021,50,"Поездки, встречи, выступления В. Путина","Визит Путина в Индию, Путин с Китаем вел переговоры, совещание Путина с министрами, 23 декабря будет выступать Путин, подготовка к пресс-конференции с Путиным.",2.0
2021-50,2021,50,Работа властных структур,"Мишутин приезжал в Пермь, принятие законов Государственной думой, голосование в Думе по QR-кодам, правка закона о санитарных нормах, штрафы за балконы.",2.0
2021-50,2021,50,Спортивные события,"Россия победила Канаду по хоккею, хоккеисты наши побеждают, биатлон, кубок мира – хорошие новости, “Спартак"" тренера снял, спорт: в баскетбол ЦСКА проиграл.",1.0
2021-50,2021,50,"Рост цен, тарифов","Рост цен, после Нового года повысятся цены на всё, инфляция, повышение цен на ЖКХ, подорожал общественный транспорт, рост цен и услуг ЖКХ, проезд подорожает с 1 января цены подорожают.",1.0
2021-50,2021,50,Аварии,"Аварии на дорогах, в Челябинске на заводе труба загорелась – происшествия, взрыв газа в Беломечетке, обрушение дома в центре Саратова, случилась в Железногорске утечка хлоркремния.",1.0
2021-50,2021,50,Криминальные события,"23 миллиона украли из банка в Ачинске, 4 декабря один школьник убил другого в нашем городе, террор в школах, убийства в Серпухове.",1.0
2021-50,2021,50,Другие события в России,"Открытие новых станций метро в Москве, открытие “Русала” в Тайшете, сто лет Юрию Никулину.",1.0
2021-50,2021,50,Другие события в мире,"Новость о бойкотировании американцами Олимпиады в Китае, осудили в Германии на пожизненный срок гражданина России, который убил чеченского террориста, переизбрание в Германии канцлера, пожар в Токио, торнадо в США.",1.0
2021-51,2021,51,"Затрудняюсь ответить, нет ответа","Респонденты, которые затрудняются ответить или не имеют ответа.",61.0
2021-51,2021,51,Пресс-конференция В. Путина с журналистами,"Пресс-конференция В. Путина, отмеченная респондентами как значимое событие, включала в себя выступления 23 декабря, общение с российскими и иностранными журналистами, а также обсуждение различных вопросов.",18.0
2021-51,2021,51,"События на Украине, угроза российско-украинского военного конфликта","События на Украине, представляющие угрозу российско-украинского конфликта, характеризуются расшатыванием страны, подготовкой к войне и военными действиями, а также действиями Зеленского.",6.0
2021-51,2021,51,"Пандемия коронавируса, появление новой разновидности коронавируса","Пандемия коронавируса, включая появление новых разновидностей, таких как ковид-19 и новые штаммы, а также новый вид короны - омикрон.",3.0
2021-51,2021,51,"Разговор по видеосвязи В. Путина с Д. Байденом, напряженные отношения России со странами Запада","Разговор по видеосвязи В. Путина с Д. Байденом, характеризующийся напряженной обстановкой с американцами, решением Путина по ""красным линиям"" и заявлением о продвижении НАТО на восток.",3.0
2021-51,2021,51,"Пособия, выплаты, повышение пенсии","Пособия, выплаты и повышение пенсии, включая выплаты детям, подарки новогодние, обещания Путина о выплатах, социальную помощь детям, прибавки к пенсии и индексацию.",2.0
2021-51,2021,51,"Аварии, пожары","Аварии и пожары, включая аварии на дорогах и ДТП, катастрофы авиационные, пожары в различных городах и сгоревшие объекты.",2.0
2021-51,2021,51,Другие события в России,"Другие события в России, включая подготовку к Новому году, запуск ""Циркона"", скандал в МГУ и снос частного сектора.",2.0
2021-51,2021,51,"Обязательная вакцинация, введение QR-кодов","Обязательная вакцинация и введение QR-кодов, включая вакцинацию подростков и детей, вопросы по введению QR-кодов для граждан и споры по введению QR-кодов.",1.0
2021-51,2021,51,Спортивные события,"Спортивные события, включая зимнюю Олимпиаду, соревнования по хоккею и гимнастике, чемпионаты мира и России по различным видам спорта.",1.0
2021-51,2021,51,Работа властных структур,"Работа властных структур, включая расширение полномочий полиции, поднятие зарплаты депутатам и нововведения в правилах дорожного движения.",1.0
2021-51,2021,51,"Рост цен, тарифов","Рост цен и тарифов, включая инфляцию, повышение цен с Нового года, рост цен на бензин, продукты и одежду.",1.0
2021-51,2021,51,Природные явления и катаклизмы,"Природные явления и катаклизмы, включая потопы, морозы, метели и выпадение снега.",1.0
2021-51,2021,51,Криминальные события,"Криминальные события, включая нападения, разбитые машины, убийства и случаи выбрасывания детей.",1.0
2021-51,2021,51,Другие события в мире,"Другие события в мире, включая поставки газа в Германию и ситуацию с беженцами на границе с Белоруссией.",1.0
2022-02,2022,2,"Затрудняюсь ответить, нет ответа","Затрудняюсь ответить, нет ответа",44.0
2022-02,2022,2,"События в Казахстане, действия сил ОДКБ по восстановлению порядка в стране","Беспорядки и попытки захвата власти террористами в Казахстане, решение о вводе войск ОДКБ и помощь Казахстану, наведение порядка.",41.0
2022-02,2022,2,"Переговоры России и НАТО, напряженные отношения России со странами Запада","Переговоры по безопасности с НАТО, участие МИД в переговорах, ультиматум Западу, отношения России с Западом и Европой.",6.0
2022-02,2022,2,"Пандемия коронавируса, распространение новой разновидности коронавируса","Обсуждение событий о коронавирусе, заболеваемость коронавирусом, пандемия омикрона.",3.0
2022-02,2022,2,"Пособия, выплаты, повышение пенсии","Повышение выплат, увеличение пенсии, добавка к пенсии, индексация пенсии.",3.0
2022-02,2022,2,"События на Украине, угроза российско-украинского военного конфликта","Неспокойно на границе России и Украины, разговоры про войну.",2.0
2022-02,2022,2,Другие события в мире,"В Бразилии упал склон горы, с гибелью людей, спорт, например биатлон.",2.0
2022-02,2022,2,Криминальные события,"Криминал, грабежи, убийства, педофилы насилуют детей, изнасилование девочек, убийства.",1.0
2022-02,2022,2,"Рост цен, тарифов","Подорожание, инфляция, повышение цен на продукты, сигареты, алкоголь, бензин дорожает.",1.0
2022-02,2022,2,Ложные сообщения о минировании школ,"Минирование школ повальное, заминировали школу в Самаре и Екатеринбурге, голых детей выгнали на улицу.",1.0
2022-02,2022,2,Работа властных структур,"Пресс-конференция Лаврова, интервью министра иностранных дел, изменения в законе о гражданстве, перенос законопроекта о QR-кодах.",1.0
2022-02,2022,2,Новогодние праздники,"Новый год, новогодние праздники, новогодние программы.",1.0
2022-02,2022,2,"Вакцинация от коронавируса, введение QR-кода","Вакцинация детей, подростков прививать собираются от коронавируса, с прививками и QR-кодами людей забодали.",1.0
2022-02,2022,2,Высказывания и действия В. Путина,"Путин обещал пособия детям и 13-ю пенсию пенсионерам, Путин сказал, что будет прибавка к пенсии.",1.0
2022-02,2022,2,Другие события в России,"Два подростка спасли беременную женщину из пожара, расстрел целого табуна лошадей в Алтайском крае, Хованского освободили.",1.0
2022-03,2022,3,"Затрудняюсь ответить, нет ответа","Респонденты, которые затрудняются ответить или не имеют ответа.",52.0
2022-03,2022,3,"Беспорядки в Казахстане, прекращение беспорядков","Беспорядки в Казахстане, включая перевороты, налеты, митинги и общую нестабильность, которые были быстро подавлены.",12.0
2022-03,2022,3,"Переговоры России с НАТО и США, напряженные отношения России и США","Переговоры между Россией, НАТО и США, касающиеся расширения НАТО на восток, а также общие напряженные отношения между этими странами.",11.0
2022-03,2022,3,"События на Украине, угроза российско-украинского военного конфликта","События на Украине, включая войну на Донбассе и общую угрозу российско-украинского военного конфликта.",10.0
2022-03,2022,3,"Рост заболеваемости коронавирусом, распространение новой его разновидности","Рост заболеваемости коронавирусом, включая новые штаммы, такие как омикрон.",8.0
2022-03,2022,3,"Пособия, выплаты, повышение пенсии, зарплаты","Изменения в пособиях, выплатах, пенсиях и зарплатах, включая индексацию и увеличение.",4.0
2022-03,2022,3,"Рост цен, тарифов","Рост цен и тарифов, включая цены на продукты питания, жилье и налоги.",2.0
2022-03,2022,3,Изнасилование и убийство пятилетней девочки в Костроме,Изнасилование и убийство пятилетней девочки в Костроме.,1.0
2022-03,2022,3,Спортивные события,"Различные спортивные события, включая теннис, биатлон и фигурное катание.",1.0
2022-03,2022,3,Работа властных структур,"Деятельность Мишустина и правительства, включая приезд Мишустина в Воронеж и введение закона о педофилии.",1.0
2022-03,2022,3,Криминальные события,"Криминальные события, включая грабеж жены Градского и арест начальника ФСБ.",1.0
2022-03,2022,3,"Аварии, чрезвычайные происшествия, несчастные случаи","Аварии, чрезвычайные происшествия и несчастные случаи, включая пожары, ДТП и нападения бродячих собак.",1.0
2022-03,2022,3,Выступления и действия В. Путина,"Выступления и действия В. Путина, включая разговор Путина с Байденом.",1.0
2022-03,2022,3,"Вакцинация от коронавируса, введение QR-кода",Вакцинация от коронавируса и введение QR-кода.,1.0
2022-03,2022,3,Другие события в России,"Другие события в России, включая падение фондового рынка, концерт памяти Александра Градского и открытие нового вокзала в Йошкар-Оле.",1.0
2022-03,2022,3,Другие события в мире,"Другие события в мире, включая апелляцию Брейвика и падение биткойна.",1.0
2022-04,2022,4,"Затрудняюсь ответить, нет ответа",Респондент затрудняется ответить или не имеет ответа.,51.0
2022-04,2022,4,"События на Украине, опасения российско-украинского военного конфликта","Опасения российско-украинского военного конфликта, беспокойство насчет Украины, ситуация на Донбассе и в Луганске, военное положение на Украине, возможная война с Украиной, подготовка к войне, слухи о подготовке России к войне, вранье западных стран о планах России.",19.0
2022-04,2022,4,"Рост заболеваемости коронавирусом, распространение новой его разновидности","Рост заболеваемости коронавирусом, ковидные истории, распространение коронавируса, большой рост числа заболевших, новая волна заболеваемости, заболеваемость омикроном.",10.0
2022-04,2022,4,"Переговоры России с НАТО и США, напряженные отношения России и США","Переговоры России с НАТО и США, отношения Россия – НАТО и США, переговоры с НАТО, встреча с НАТО, ультиматум правительства странам НАТО и Америке, ответ США на предложение.",8.0
2022-04,2022,4,Ситуация в Казахстане,"Ситуация в Казахстане, беспорядки в Казахстане, волна поднималась, бунт в Казахстане, мирное урегулирование конфликта, вывод войск, смена власти.",5.0
2022-04,2022,4,"Пособия, выплаты, повышение пенсии, зарплаты","Пособия, выплаты, повышение пенсии, зарплаты, индексация пособий, повышение соцвыплат, повышение зарплат и пособий для многодетных, дополнительные выплаты пенсионерам, добавка к пенсии, индексация, повторная пенсия, выплаты на детей.",3.0
2022-04,2022,4,Гибель женщины в Санкт-Петербурге во время купания на Крещение,"Гибель женщины в Санкт-Петербурге во время купания на Крещение, трагедия на Крещение, утонувшая девушка, женщина утонула, гибель в проруби.",2.0
2022-04,2022,4,"Ужесточение антиковидных мер, вакцинация от коронавируса","Ужесточение антиковидных мер, вакцинация от коронавируса, ужесточение ковидных мер, больницы не будут вести прием, уходим на дистанционное обучение, вопрос о прививках подросткам, подростков хотят прививать.",2.0
2022-04,2022,4,Спортивные события,"Спортивные события, биатлон, фигурное катание, подготовка к Олимпиаде.",2.0
2022-04,2022,4,Другие события в России,"Другие события в России, Куравлев умер, Миллеру присвоили Героя труда, арест жены чеченского судьи, о военной технике, которая на учениях.",2.0
2022-04,2022,4,Другие события в мире,"Другие события в мире, война в Арабских Эмиратах, гололед в Турции.",2.0
2022-04,2022,4,Гибель ребенка в Чите от стаи бездомных собак,"Гибель ребенка в Чите от стаи бездомных собак, собаки загрызли девочку, собаки загрызли ребенка в Забайкалье, девочку собаки загрызли насмерть.",1.0
2022-04,2022,4,"Рост цен, тарифов, падение рубля, обвал фондового рынка","Рост цен, тарифов, падение рубля, обвал фондового рынка, цены в магазинах, повышение цен, инфляция, инфляция и падение фондового рынка, курс доллара.",1.0
2022-04,2022,4,Криминальные события,"Криминальные события, мошенники звонят, жестокость против детей, о том, как изнасиловали ребенка.",1.0
2022-04,2022,4,Работа властных структур,"Работа властных структур, обсуждение пенсионной реформы, закон о педофилах, выступление Голиковой.",1.0
2022-05,2022,5,"События на Украине, опасения российско-украинского военного конфликта","Опасения, связанные с конфликтом на Украине, напряженными отношениями с Украиной, ажиотажем вокруг Украины, возможной войной и военными действиями на Украине.",16.0
2022-05,2022,5,Зимние Олимпийские игры в Пекине,"Зимние Олимпийские игры в Пекине, участие российской сборной, обсуждение фигуристов и биатлона.",13.0
2022-05,2022,5,"Рост заболеваемости коронавирусом, распространение новой его разновидности","Рост заболеваемости коронавирусом, всплеск ковида, распространение омикрона, рост числа заболевших и детская смертность от ковида.",7.0
2022-05,2022,5,"Переговоры России с НАТО и США, напряженные отношения между Россией и США, Западом, НАТО","Обострение отношений с Западом, напряжение между НАТО и Россией, расширение НАТО, угрозы санкциями Западом, ультиматум правительства американцам.",4.0
2022-05,2022,5,"Пособия, выплаты, повышение пенсии","Обсуждение пособий на детей, повышения пенсий, индексации пенсий и надбавок к пенсии.",2.0
2022-05,2022,5,Другие события в мире,"Обсуждение военных учений в Белоруссии, покупки ""Майкрософт"" ""Майнкрафт"", волнений на границе с Афганистаном, забастовки канадских дальнобойщиков, расстрела в американской школе.",2.0
2022-05,2022,5,Действия В. Путина,"Обсуждение встреч В. Путина с китайским лидером, посещения открытия Олимпиады в Пекине и посещения президента Аргентины.",1.0
2022-05,2022,5,"Ужесточение антиковидных мер, вакцинация от коронавируса","Введение QR-кодов, карантин в школах, дистанционное обучение, запрет посещать тренировки, поступление прививки для подростков.",1.0
2022-05,2022,5,Работа властных структур,"Изменения и поправки в законодательство, изменение закона о минимальном прожиточном минимуме, закон о частной собственности в водоохранной зоне, награждение Миллера.",1.0
2022-05,2022,5,"Рост цен, тарифов, падение рубля, обвал фондового рынка","Рост цен на продукты питания, одежду, обувь, крупу, алкоголь, рост курса доллара по отношению к рублю, обрушение фондового рынка.",1.0
2022-05,2022,5,Ситуация в Казахстане,"Обсуждение событий в Казахстане и забастовок, митингов.",1.0
2022-05,2022,5,Криминальные события,"Обсуждение криминальных событий, убийств, маньяка в Казани, насилия над девочкой педофилами, убийства девятимесячного ребенка.",1.0
2022-05,2022,5,"Аварии, несчастные случаи","Обсуждение аварий в Воронеже, грузовика, сбившего девушку в Калининграде, несчастного случая с девочкой из Красноярского края, собаки, загрызшей девочку.",1.0
2022-05,2022,5,События в Чечне,"Обсуждение беспредела в Чечне, принудительного вывоза женщины из Нижнего Новгорода в Чечню, дела Янгулбаевых и митинга в Грозном, высказываний Кадырова.",1.0
2022-05,2022,5,Смерть Л. Куравлева и В. Мережко,Обсуждение смерти Виктора Мережко и Леонида Куравлева.,1.0
2022-05,2022,5,Природные катаклизмы в России,"Обсуждение затоплений, наводнений, ограничение движения автобусов в Татарстане из-за снегопада, ситуации в Анапе.",1.0
2022-05,2022,5,Другие события в России,Обсуждение уборки мусора в Санкт-Петербурге и юбилея Льва Лещенко.,1.0
2022-06,2022,6,"Затрудняюсь ответить, нет ответа",Респонденты затрудняются ответить или отказываются отвечать.,51.0
2022-06,2022,6,"События на Украине, опасения российско-украинского военного конфликта","Опасения российско-украинского военного конфликта, ситуация на Донбассе, военные действия, нагнетание военной напряженности, переговоры.",19.0
2022-06,2022,6,Зимние Олимпийские игры в Пекине,"Зимние Олимпийские игры в Китае, выступления спортсменов под нейтральным флагом, успехи российских спортсменов, ситуация с Валиевой, допинг.",14.0
2022-06,2022,6,"Переговоры и напряженные отношения между Россией и НАТО, США","Переговоры между Россией и НАТО, отношения между странами, приближение блока НАТО к границам России, подлодки в российских водах.",6.0
2022-06,2022,6,"Рост заболеваемости коронавирусом, распространение новой его разновидности","Рост заболеваемости коронавирусом, новые штаммы, высокий всплеск заболеваний.",6.0
2022-06,2022,6,Действия В. Путина,"Встреча Путина и Макрона, поездка Путина в Китай, встреча с китайским лидером, высказывания Путина об Украине, возложение венка.",2.0
2022-06,2022,6,Болезнь В. Жириновского,"Болезнь Жириновского, которую он скрывал, здоровье Жириновского, госпитализация, реанимация.",1.0
2022-06,2022,6,"События в Чечне, высказывания и действия Р. Кадырова","События в Чечне, конфликт, давление и настрой против народа, скандалы, высказывания Кадырова.",1.0
2022-06,2022,6,Работа властных структур,"Изменения в законодательстве о здравоохранении, повышение ставки Центрального банка, регулирование криптовалют, ситуация в Саратовской думе.",1.0
2022-06,2022,6,"Рост цен, тарифов, падение рубля","Рост цен, подорожание продуктов, повышение тарифов ЖКХ, увеличение тарифов на электроэнергию, падение рубля.",1.0
2022-06,2022,6,Криминальные события,"Криминальные события: посадили за игру, убийства, разбои, насилие.",1.0
2022-06,2022,6,"Пособия, выплаты, повышение пенсии","Выплаты социальные, индексация пособий, добавка к пенсии, увеличение пособий.",1.0
2022-06,2022,6,"Аварии, несчастные случаи","Аварии на дорогах, обвал грунта, утечка газа, обрушение завода, гибель людей, нападения собак.",1.0
2022-06,2022,6,"Ужесточение антиковидных мер, вакцинация от коронавируса","QR-коды, тесты на антитела, масочный режим, прививка детей, смертность в больницах.",1.0
2022-06,2022,6,Другие события в России,"Смерть супруги Тодоровского, смерть актрис Зинаиды Кириенко и Брик, смерть Куравлева.",
2022-06,2022,6,Другие события в мире,"Ситуация в Казахстане, обвал фондового рынка, дорогая нефть, учения в Беларуси.",
2022-07,2022,7,"События на Украине, опасения российско-украинского военного конфликта","Опасения российско-украинского военного конфликта, напряженная ситуация между Россией и Украиной, военные действия на Донбассе, концентрация российских войск возле границы с Украиной, возможная война с Украиной.",39.0
2022-07,2022,7,"Затрудняюсь ответить, нет ответа","Затрудняюсь ответить, нет ответа",39.0
2022-07,2022,7,Зимние Олимпийские игры в Китае,"Зимние Олимпийские игры в Китае, российские спортсмены хорошо выступают, наши взяли золото в лыжах.",17.0
2022-07,2022,7,"Рост заболеваемости коронавирусом, распространение новой его разновидности","Рост заболеваемости коронавирусом, очередное повышение ковида.",3.0
2022-07,2022,7,"Напряженные отношения между Россией и Западом, США","Напряженные отношения между Россией и Западом, внешняя агрессивная политика против нашего государства, требования к США о гарантии безопасности, отношения с Америкой.",2.0
2022-07,2022,7,Беженцы из ДНР и ЛНР в России,"Беженцы из ДНР и ЛНР, беженцы с Донбасса в Ростовской области, из Украины начали вывозить людей, эвакуация жителей Донбасса.",2.0
2022-07,2022,7,Другие события в России,"Другие события в России, Жириновский болеет ковидом, пытаются судить Навального, увеличение пособий на детей и пенсионеров, Троицкий лес вырубают, девочку в Твери изнасиловали и убили.",2.0
2022-07,2022,7,"Рост цен, тарифов, инфляция","Рост цен, высокие цены ЖКХ, подорожание услуг ЖКХ и инфляция, цены на ЖКХ подняли.",1.0
2022-07,2022,7,Действия В. Путина,"Действия В. Путина, встреча Путина с канцлером Германии, как Путин говорит про войну с Украиной, переговоры Путина, прилетел президент Бразилии.",1.0
2022-07,2022,7,"Аварии, несчастные случаи","Аварии, несчастные случаи, дорожно-транспортные происшествия каждый день, под лед человек ушел, поезд сбил человека, бездомная собака покусала девочку.",1.0
2022-07,2022,7,Другие события в мире,"Другие события в мире, учения в Белоруссии, падение криптовалюты.",1.0
2022-09,2022,9,Военная операция России на Украине,"Военная операция России на Украине, включающая спецоперацию по денацификации и демилитаризации Украины, войсковую операцию по принуждению Украины к миру, специальную военную операцию и военную операцию по освобождению Украины. Также упоминается позорное выступление Зеленского в неадекватном состоянии и решение поиграть в войнушку.",74.0
2022-09,2022,9,"Затрудняюсь ответить, нет ответа",Респонденты затрудняются ответить или не дают ответа.,19.0
2022-09,2022,9,Новые санкции по отношению к России,"Новые санкции против России, включающие закрытие международного пространства, ограничения поставок в Россию и прекращение поставок компьютерных комплектующих.",4.0
2022-09,2022,9,"Рост цен, инфляция, снижение курса рубля","Рост цен, инфляция и снижение курса рубля, включая подорожание всего, рост цен на продукты, рост курса доллара и евро.",4.0
2022-09,2022,9,Ситуация с коронавирусом,"Ситуация с коронавирусом, включая то, что коронавирус прошел и про него не слышно стало.",1.0
2022-09,2022,9,Спортивные события,"Спортивные события, включая хоккей, выгон с турнира в Дубае и лишение спортсменов права участвовать.",1.0
2022-09,2022,9,Признание Россией независимости ДНР и ЛНР,"Признание Россией независимости ДНР и ЛНР, включая признание Донбасса и ЛНР.",1.0
2022-09,2022,9,"Действия, выступления В. Путина","Действия и выступления В. Путина, включая то, что Путин начал действовать в ответ, а не предупреждать.",1.0
2022-09,2022,9,Другие события в России,"Другие события в России, включая закрытие либералов, национализацию в России в пользу государства и открытие новой станции метро.",1.0
2022-09,2022,9,Другие события в мире,"Другие события в мире, включая договоренность в Китае и России о расчетах между странами и подорожание нефти.",
2022-10,2022,10,Военная операция России на Украине,"Военная операция России на Украине, включающая борьбу с фашизмом, освобождение и демилитаризацию Украины, защиту жителей ДНР и ЛНР, а также военные действия и сообщения о погибших солдатах и биолабораториях.",63.0
2022-10,2022,10,"Затрудняюсь ответить, нет ответа","Затрудняюсь ответить, нет ответа",27.0
2022-10,2022,10,"Рост цен, снижение курса рубля","Рост цен и снижение курса рубля, включая скачок курса доллара, повышение цен на различные товары, такие как молоко и масло.",5.0
2022-10,2022,10,"Новые санкции по отношению к России, уход из России зарубежных компаний","Новые санкции в отношении России, осуждение за рубежом, арест активов за границей, уход с рынка множества компаний, закрытие иностранных компаний и отказ зарубежных компаний от поставок.",4.0
2022-10,2022,10,"Блокировка Инстаграма, других соцсетей","Блокировка Инстаграма и других соцсетей, включая закрытие некоторых соцсетей.",1.0
2022-10,2022,10,"Детские пособия, повышение пенсий","Детские пособия, повышение пенсий, включая выплаты детям до 16 лет, новые пособия на детей и добавки к пенсии.",1.0
2022-10,2022,10,"Дефицит продуктов, других товаров, ажиотажный спрос на них","Дефицит продуктов, других товаров, ажиотажный спрос на них, включая исчезновение сахара, соли и муки, а также дефицит товаров в магазинах.",1.0
2022-10,2022,10,"Действия, выступления В. Путина",Действия и выступления В. Путина.,1.0
2022-10,2022,10,Другие события в России,"Другие события в России, включая выступление Мишустина, празднование 8 Марта, сплочение народа, драки с мигрантами, бегство крыс с корабля и победу над коронавирусом.",1.0
2022-10,2022,10,Другие события в мире,"Другие события в мире, включая заявление премьера Англии о поездках в Россию и поднятие цен на бензин в США.",1.0
2022-11,2022,11,Специальная военная операция России на Украине,"Специальная военная операция России на Украине, включающая денацификацию, наведение порядка, объединение русского духа и народа, продвижение войск, потери воинов, освободительные действия, переживания за солдат, освобождение людей, пленных, переговоры с Украиной. Операция потрясла респондентов, они переживают за родственников на Украине.",62.0
2022-11,2022,11,"Затрудняюсь ответить, нет ответа",Респонденты затрудняются ответить или не имеют ответа.,27.0
2022-11,2022,11,"Рост цен, снижение курса рубля, проблемы российской экономики","Рост цен, снижение курса рубля, проблемы российской экономики, включая рост цен на дрожжах, цены на медикаменты, инфляцию, рост курса доллара, закрытие предприятий, отсутствие работы, кризис в экономике.",5.0
2022-11,2022,11,"Новые санкции по отношению к России, уход из России зарубежных компаний","Новые санкции по отношению к России, уход из России зарубежных компаний, включая заморозку счетов, блокировку доступа к счетам, санкции от Европы, исключение из ЕСПЧ, запрет на ввоз компьютеров и лекарств, прекращение работы брендов, уход с рынка авто, закрытие Макдональдса.",3.0
2022-11,2022,11,"Концерт-митинг в «Лужниках», посвященный Дню воссоединения Крыма с Россией, выступление на нем В. Путина","Концерт-митинг в Лужниках, посвященный Дню воссоединения Крыма с Россией, выступление на нем В. Путина, включая годовщину присоединения Крыма, праздник присоединения Крыма, концерт в Лужниках, куча народа в поддержку, обращение президента.",2.0
2022-11,2022,11,"Выплаты детям, рост пособий, повышение пенсий","Выплаты детям, рост пособий, повышение пенсий, включая доплаты детям, повышение детских пособий, индексацию, повышение пособий и пенсий, обещание прибавить пенсию, повышение социальных пенсий.",2.0
2022-11,2022,11,"Дефицит продуктов, ажиотажный спрос на них","Дефицит продуктов, ажиотажный спрос на них, включая вопросы обеспечения продовольствием, люди скупают продукты, ажиотаж, покупки сахара, соли, исчезновение сахара с полок, отсутствие товаров в магазинах, очереди за сахаром и солью.",1.0
2022-11,2022,11,"Действия Центробанка, предложение о переназначении Э. Набиуллиной","Действия Центробанка, предложение о переназначении Э. Набиуллиной, включая повышение ключевой ставки, рост ипотеки, неправильные действия Центробанка, продление контракта с Набиуллиной.",1.0
2022-11,2022,11,"Блокировка Инстаграма, других соцсетей","Блокировка Инстаграма, других соцсетей, включая блокировку доступа к сайтам, блокировку Инстаграм-ресурсов, закрытие Инстаграма, отключение и блокировку Инстаграма и, возможно, Ютуба.",1.0
2022-11,2022,11,Другие события в России,"Другие события в России, включая снижение заболеваемости коронавирусом, новости и девушка с плакатом о войне, митинги за мир, отказ от доллара, снижение цен на бензин.",1.0
2022-11,2022,11,Другие события в мире,"Другие события в мире, включая мировое общественное мнение по поводу России, представление Зеленского к премии мира.",1.0
2022-12,2022,12,Специальная военная операция на Украине,"Респонденты отмечают ежедневные сводки о спецоперации на Украине, боевые действия, гибель солдат, войну с нацистами и освобождение от бандеровцев. Также упоминается сообщение о возможности покинуть Мариуполь.",60.0
2022-12,2022,12,"Затрудняюсь ответить, нет ответа",Респонденты затрудняются ответить или не имеют ответа.,28.0
2022-12,2022,12,Решение о продаже российских газа и нефти за рубли,"Респонденты отмечают решение Путина продавать нефть за рубли, расчет в рублях за газ и энергоносители, а также продажу газа только в рублях другим странам.",4.0
2022-12,2022,12,"Рост цен, снижение курса рубля","Респонденты отмечают рост цен на товары, подорожание бензина, запчастей, сахара и туалетной бумаги, а также рост курса доллара.",4.0
2022-12,2022,12,Работа властных структур,"Респонденты отмечают исчезновение Шойгу, ультиматум по фиксации цен на металлопрокат и борьбу со спекуляцией, а также обсуждение вокруг авиационной отрасли.",1.0
2022-12,2022,12,"Выплаты детям, рост пособий, повышение зарплаты бюджетникам, пенсий","Респонденты отмечают выплаты на детей, дотации на детей школьного возраста, увеличение размера пособий, повышение зарплаты бюджетникам и прибавку к пенсии.",1.0
2022-12,2022,12,"Новые санкции по отношению к России, уход из России зарубежных компаний","Респонденты отмечают санкции, последствия санкций и уход иностранных компаний.",1.0
2022-12,2022,12,"Напряженные отношения между Россией и США, странами Запада","Респонденты отмечают, что Байден назвал Путина убийцей, Америку, которая не слушает Россию, и брехню Запада про Россию.",1.0
2022-12,2022,12,"Дефицит продуктов, ажиотажный спрос на них","Респонденты отмечают сообщение в СМИ об отсутствии сахара в магазинах, дефицит продуктов и ажиотаж.",1.0
2022-12,2022,12,Слухи о смерти В. Жириновского,"Респонденты отмечают смерть Жириновского, фейковую смерть и опровержение смерти.",1.0
2022-12,2022,12,Другие события в России,"Респонденты отмечают добавление срока Навальному, бегство Чубайса и звезд, укрепление рубля, открытие Московской биржи, аварии в Перми и строительство метро в Крюково.",1.0
2022-12,2022,12,Другие события в мире,"Респонденты отмечают землетрясение в Японии, падение самолета в Китае и спортивные события, в частности проигрыш футбольного клуба “Реал Мадрид”.",1.0
2022-13,2022,13,Специальная военная операция России на Украине,"Специальная военная операция России на Украине, операция по спасению Украины, специальная операция по освобождению ДНР и ЛНР, война на Украине, на Украине бомбят, люди умирают, молодые парни умирают ни за что, войска выходят из области под Киевом, переговоры пошли.",61.0
2022-13,2022,13,"Затрудняюсь ответить, нет ответа","Затрудняюсь ответить, нет ответа",26.0
2022-13,2022,13,Решение о продаже российских газа и нефти за рубли,"Решение о продаже российских газа и нефти за рубли, отказ продавать нефть и газ за валюту, газ продаем за рубли, замена доллара на рубль в экономических отношениях с Европой, перевод оплаты газа и остальных платежей Запада на рубли.",5.0
2022-13,2022,13,"Рост цен, инфляция","Рост цен, инфляция, подорожание продуктов питания, бумаги, цены растут неоправданно на продукты питания, одежду и обувь, цены подкинули, и здорово, цены прыгнули очень сильно.",4.0
2022-13,2022,13,Взрыв нефтехранилища в Белгороде,"Взрыв нефтехранилища в Белгороде, авиаудар в Белгороде, в Белгороде взрыв на нефтебазе, стрельба по Белгороду, по России, уже и Россию бомбили. Как допустили, что в Белгороде нефтебазу обстреляли?, бомбили Белгород, нефтебазу взорвали украинцы.",3.0
2022-13,2022,13,"Новые санкции по отношению к России, уход из России зарубежных компаний","Новые санкции по отношению к России, уход из России зарубежных компаний, санкции против России, каждый день новые санкции против России, на Россию давят санкциями, санкции. Как будем выбираться?.",1.0
2022-13,2022,13,"Укрепление рубля, снижение курса доллара","Укрепление рубля, снижение курса доллара, рост рубля, доллар падает, рубль укрепляется, доллар подешевел, снижение долларов.",1.0
2022-13,2022,13,"Дефицит продуктов, ажиотажный спрос на них","Дефицит продуктов, ажиотажный спрос на них, дефицит товаров, нет сахара, куда делись сахар и мука?, порошки пропадают, разбирали продукты питания в магазинах, нехватка продуктов из-за закупки людьми.",1.0
2022-13,2022,13,"Действия, выступления В. Путина","Действия, выступления В. Путина, Путин выступил и сказал, что газ за рубли для недружественных стран, Путин помогает Украине, Путин сказал, что Крым наш был и будет, то, что Путин говорил по телевидению. Что говорил, то и сделал.",1.0
2022-13,2022,13,"Выплаты детям, рост пособий, повышение зарплат бюджетникам, пенсий","Выплаты детям, рост пособий, повышение зарплат бюджетникам, пенсий, детям помощь, обещанные выплаты соцпособий, пенсия поднялась и выплаты малоимущим, повышение пенсии социальной, поднятие зарплаты бюджетникам.",1.0
2022-13,2022,13,Напряженные отношения между Россией и странами Запада,"Напряженные отношения между Россией и странами Запада, противостояние Запада с Россией, выливание Западом грязи на Россию.",1.0
2022-13,2022,13,Другие события в России,"Другие события в России, показатели по коронавирусу спадают, повысили банки ставки на вклады, в Госдуме предложили не пускать сбежавших звезд, наши победили в кинологии на международном конкурсе.",1.0
2022-13,2022,13,Другие события в мире,"Другие события в мире, беженцы в Европе с Украины, высказывания Сербии о своем отношении к России положительном, вручение “Оскара"", самолет упал в Китае, в горах, то, что Южная Осетия хочет к нам присоединиться.",1.0
2022-14,2022,14,Специальная военная операция на Украине,"Специальная военная операция на Украине, военные действия, события, происходящие на Украине, особенности спецоперации, убийства солдат, переживания, Буча, провокация, Мариуполь, гибель людей в Краматорске.",56.0
2022-14,2022,14,"Затрудняюсь ответить, нет ответа","Затрудняюсь ответить, нет ответа",29.0
2022-14,2022,14,Смерть В. Жириновского,"Смерть В. Жириновского, кончина Жириновского, уход из жизни Жириновского.",10.0
2022-14,2022,14,Рост цен,"Рост цен, резкое поднятие цен на продукты питания, рост цен на сахар, ценообразование, цены на продукты, техника бытовая подорожала.",2.0
2022-14,2022,14,"Укрепление рубля, снижение курса доллара","Укрепление рубля, курс доллара, понижение доллара, доллар падает.",2.0
2022-14,2022,14,"Новые санкции по отношению к России, уход из России зарубежных компаний","Новые санкции против России, отключение банковских карт, пакет санкций против нас вводят, уход брендов из России.",2.0
2022-14,2022,14,"Напряженные отношения между Россией и США, странами Запада","Напряженные отношения между Россией и США, странами Запада, ложь со стороны США в СМИ, нападки на Россию со стороны западных СМИ и США, отношения с Европой, отвернулись от нас государства Германия, Франция.",1.0
2022-14,2022,14,Издевательства украинских военных над российскими военнопленными,"Издевательства украинских военных над российскими военнопленными, издеваются над нашими пленными, издевательство над нашими военными, про пленных солдат.",1.0
2022-14,2022,14,Решение о продаже российских газа и нефти за рубли,"Решение о продаже российских газа и нефти за рубли, плата за газ будет теперь в рублях, оплата за газ в рублях, перевод на оплату ресурсов в рублях.",1.0
2022-14,2022,14,Работа властных структур,"Работа властных структур, выступление Мишустина в Госдуме, обещания Мишустина о ценах, правительство отчиталось в Госдуме, правительство заработало.",1.0
2022-14,2022,14,"Выплаты детям, рост пособий, повышение зарплаты бюджетникам, пенсий","Выплаты детям, рост пособий, повышение зарплаты бюджетникам, пенсий, пособия на детей, детские выплаты новые, прибавка к зарплате, повышение пенсии, прибавка пенсии.",1.0
2022-14,2022,14,Другие события в России,"Другие события в России, бегство артистов, открытие охотничьего сезона.",1.0
2022-14,2022,14,Другие события в мире,"Другие события в мире, выборы во Франции, автопробег в Германии в поддержку России, латыши отказались праздновать День Победы 9 мая, ситуация на фондовой бирже.",1.0
2022-15,2022,15,Военная спецоперация России на Украине,"Военная спецоперация России на Украине, связанная со специальной военной операцией, войной, операцией по уничтожению террористов, войной с Украиной, штурмом “Азовстали”, освобождением Мариуполя, событиями на Украине, военными украинцами в плен сдалось, слежкой за войной, переживанием, плачем, спецоперацией, переживанием и смотрением только об этом и говорят.",53.0
2022-15,2022,15,"Затрудняюсь ответить, нет ответа",Респонденты затрудняются ответить или не дают ответа.,34.0
2022-15,2022,15,Гибель российского крейсера «Москва»,"Гибель российского крейсера «Москва», затопление крейсера “Москва”, крейсер “Москва” затонул, флагман Черноморского флота, про крейсер “Москва”, ракета прилетела, наш крейсер “Москва” подорвали украинцы, потеряли корабль.",3.0
2022-15,2022,15,Рост цен,"Рост цен в магазинах и рост квартплаты, всё дорожает, подорожание, цены на продукты, сахар подорожал, продукты.",3.0
2022-15,2022,15,Смерть и похороны В. Жириновского,"Смерть и похороны В. Жириновского, смерть Жириновского, смерть лидера ЛДПР, по поводу Жириновского, смерть и похороны, похороны Жириновского, смерть Жириновского и его похороны.",2.0
2022-15,2022,15,Новые санкции по отношению к России,"Новые санкции по отношению к России, всё связанное с санкциями, новые санкции, санкции к России, санкции, много западных компаний, арест счетов, арест картин на финской границе.",1.0
2022-15,2022,15,"Выплаты детям, рост пособий, повышение зарплат, пенсий","Выплаты детям, рост пособий, повышение зарплат, пенсии, детские выплаты, детские пособия, о выплатах детям до 18 лет, повышение зарплат и пенсий, о повышении пенсии, дадут по 10 тысяч нам, пенсионерам.",1.0
2022-15,2022,15,Работа властных структур,"Работа властных структур, выступление Мишустина по поводу поддержки экономики в Думе, введение правительством последних новых законов, снижение ключевой ставки ЦБ, льготы для ІТ.",1.0
2022-15,2022,15,Обстрелы Украиной российской территории,"Обстрелы Украиной российской территории, бомбили украинцы Белгород, Брянскую область штурмуют, бьют, обстрел Брянска, обстреливают области, граничащие с Украиной, украинские самолеты входят на Россию.",1.0
2022-15,2022,15,"Напряженные отношения между Россией и США, странами Запада","Напряженные отношения между Россией и США, странами Запада, поведение Запада, агрессивная политика Америки, НАТО проявляет агрессию к России, негатив со стороны Запада.",1.0
2022-15,2022,15,Снижение курса доллара,"Снижение курса доллара, падает доллар, курс доллара прыгает, доллар ни во что не ставят.",1.0
2022-15,2022,15,Другие события в России,"Другие события в России, день космонавтики, осудили, дали 10 лет девушке за акцию протеста, спорт, хоккей, ЦСКА вышла в финал.",1.0
2022-15,2022,15,Другие события в мире,"Другие события в мире, выборы во Франции, премьер-министры Прибалтики приехали в Киев, смещение главы Пакистана, дефолт в Шри-Ланке, ковид в Китае растет.",1.0
2022-16,2022,16,Военная спецоперация России на Украине,"Военная спецоперация России на Украине, за которой пристально следят, особенно в Донецке и Луганске. Освобождение Мариуполя от нацистов и сдача в плен.",58.0
2022-16,2022,16,"Затрудняюсь ответить, нет ответа","Затрудняюсь ответить, нет ответа.",36.0
2022-16,2022,16,Гибель российского крейсера «Москва»,"Гибель крейсера «Москва», затонул крейсер, 27 человек погибло, жалко корабль.",1.0
2022-16,2022,16,"Выплаты детям, рост пособий, повышение зарплат, пенсий","Выплаты детям, рост пособий, повышение зарплат, пенсий, индексация пенсий и пособий, дотации увеличивают малообеспеченным семьям, повышение зарплат.",1.0
2022-16,2022,16,"Новые санкции по отношению к России, уход из России зарубежных компаний","Новые санкции по отношению к России, уход из России зарубежных компаний, закрытие “Макдональдс” в Москве.",1.0
2022-16,2022,16,Рост цен,"Рост цен на всё, цены в магазине, цены волнуют, цены растут.",1.0
2022-16,2022,16,Работа властных структур,"Работа властных структур, Мишустин отчитывался перед Госдумой, Набиуллиной продлили срок работы на пять лет, о высказываниях Кадырова.",1.0
2022-16,2022,16,Смерть В. Жириновского,Смерть В. Жириновского.,1.0
2022-16,2022,16,Испытание ракеты «Сармат»,"Испытание ракеты «Сармат», запуск ракеты, запуск новой ракеты военной, баллистическую ракету испытали.",1.0
2022-16,2022,16,Другие события в России,"Другие события в России, Пасха, день рождения Ленина, угроза теракта в Крыму.",1.0
2022-16,2022,16,Другие события в мире,"Другие события в мире, Французские выборы, возможное вступление Финляндии в НАТО, Латвия хочет объявить нас террористами.",1.0
2022-17,2022,17,Военная спецоперация России на Украине,"Военная операция на Украине, боевые действия, освобождение городов, переживания о войне, желание победы.",51.0
2022-17,2022,17,"Затрудняюсь ответить, нет ответа",Респонденты затрудняются ответить или не дают ответа.,39.0
2022-17,2022,17,"Выплаты детям, рост пособий, повышение пенсий","Выплаты ветеранам, выплаты на детей, детские пособия, индексация пенсий и пособий, повышение пенсий, соцдоплата.",1.0
2022-17,2022,17,Вооруженное нападение в детском саду под Ульяновском,"Расстрел в детском саду, убийства, расстрел детсада в Ульяновске, дети в садике расстреляли, вооруженное нападение в детском саду и жертвы.",1.0
2022-17,2022,17,Рост цен,"Инфляция, повышение цен на всё, повышение цен на продукты, подорожание продуктов, рост цен, цены повысились.",1.0
2022-17,2022,17,Состояние российской экономики,"Состояние экономики, экономика страны, снижение валюты, открываются российские предприятия, проект объединения фермеров.",1.0
2022-17,2022,17,Обстрелы Украиной российской территории,"Атаки со стороны Украины на российские регионы приграничные, удары по нашей территории, Курскую область стали обстреливать, обстрел сел в Белгороде, обстрелы территории Белгорода и Курска.",1.0
2022-17,2022,17,"Напряженные отношения между Россией и США, НАТО, странами Запада","Война России с Америкой, размещение войск НАТО вблизи наших границ для проведения учений, отношения с Польшей.",1.0
2022-17,2022,17,Гибель российского крейсера «Москва»,"Корабль “Москва”, затопление, “Москва” утонула, крейсер затонул “Москва”, крейсер утопили в Черном море.",1.0
2022-17,2022,17,"Аварии, несчастные случаи","ДТП на Волоколамском проспекте города Твери, нелепая смерть мужчины на кладбище, самокаты возгорались.",1.0
2022-17,2022,17,"Праздники, подготовка к празднованию Дня Победы","Православные праздники, День Земли, день рождения Ленина, 9 Мая, обсуждение, мы празднуем, подготовка к празднованию 9 Мая.",1.0
2022-17,2022,17,Новые санкции по отношению к России,"Повторные санкции на Россию, сюжеты про западные санкции, Америка разрешила использовать наш госдолг на пользу Украине.",1.0
2022-17,2022,17,Работа властных структур,"Снижение ключевой ставки ЦБ, что думает правительство в отношении жизни людей.",1.0
2022-17,2022,17,События в Приднестровье,"Нагнетается обстановка в Приднестровье, события в Приднестровье, Молдавии. Приднестровье, разморозить конфликты собираются, меня заинтересовало то, что в Приднестровье начинается война. Там я раньше в Тирасполе жила.",1.0
2022-17,2022,17,Другие события в России,"Соловьева Владимира собирались убить, освобождение Улюкаева, новости о том, что в Московском зоопарке вылупились птенцы, паромная переправа в Севастополе заработала.",1.0
2022-17,2022,17,Другие события в мире,"Макрон победил, и это меня огорчает, поездки Гутерриша, съезд 40 стран.",1.0
2022-19,2022,19,Военная спецоперация России на Украине,"Военные действия на Украине, спецоперация на Донбассе, трагедия на Украине, спецоперация на Украине: чтобы скорее всё кончилось, ребята не гибли там, выигрышные позиции России в военной операции на Украине, нападение на остров Змеиный, битва за Азовсталь, отсутствие переговоров, за Украину реву каждый день: жалко детей, стариков, бомбят, уничтожают их оружие на Украине. Многие в плен сдаются, и в плену их хорошо содержат, освобождение территории Азовстали.",45.0
2022-19,2022,19,"Затрудняюсь ответить, нет ответа","Затрудняюсь ответить, нет ответа",38.0
2022-19,2022,19,Празднование Дня Победы,"День Победы, парад, посвященный Дню Победы, демонстрация 9 мая, 9 мая митинг, шествие Бессмертного полка, торжества в честь Дня Победы на ВДНХ, выступление Путина.",8.0
2022-19,2022,19,"Напряженные отношения между Россией и США, НАТО, странами Запада","Русофобия Америки и Запада, Польши, Прибалтики. Вступление в НАТО Швеции и Финляндии. Разрушение памятников, о вступлении Финляндии и Швеции в НАТО, негативное отношение Польши к России, антироссийские действия в Прибалтике.",2.0
2022-19,2022,19,Пожары в России,"Пожары в Сибири, пожар в Приморье, пожар в Красноярском крае, пожары в Красноярском крае, Омской, Курганской областях.",2.0
2022-19,2022,19,Состояние российской экономики,"Вопрос инфляции, доллар и евро падают, падение доллара. Радуюсь росту российской экономики, стабильность рублей, наш рубль стал расти, открытие заводов.",2.0
2022-19,2022,19,"Санкции по отношению к России, ответные санкции","Санкции Запада, новые санкции против России, ответные действия на экономические санкции, одобряю действия президента по перекрытию газа, у нашего олигарха Ахмедова конфисковали яхту.",1.0
2022-19,2022,19,"Выплаты на детей, рост пособий, повышение пенсий","Забота о семьях, социальные выплаты, индексация пенсий и пособий, будущая индексация пенсии, выплаты детям от 8 лет, детям от 8 до 17 лет будут давать пособия.",1.0
2022-19,2022,19,Рост цен,"Повышение цен, всё подорожало, цены высокие, рост цен на технику.",1.0
2022-19,2022,19,Работа властных структур,"Кредитные каникулы по долгам и кредитам, смена главы Республики Марий Эл, с поста уходит Радаев, высказывания Медведева, наше тульское правительство не хочет заниматься детьми-инвалидами.",1.0
2022-19,2022,19,Обстрелы Украиной российской территории,"Взрывы в Белгородской области, гибель людей, обстрелы в Белгородской области, обстрел наших границ украинскими националистами.",1.0
2022-19,2022,19,Другие события в России,"В России, кто имеет инакомыслие, добавляют в черный список, ковид-заболеваемость падает, аэропорты южного направления не открыты, бегство проворовавшейся элиты из России, ухудшение погодных условий.",1.0
2022-19,2022,19,Другие события в мире,"Полуфинал Лиги чемпионов, Украина победила на Евровидении, умер президент ОАЭ, новый коронавирус набирает обороты, зачем Украина отдает свое зерно?, арест Анатолия Шария, винят, что Путин в Украину вошел.",1.0
2022-20,2022,20,Военная спецоперация России на Украине,"Военная спецоперация России на Украине, о которой респонденты стабильно смотрят новости, переживают за войну, за ребят, которые погибают, за успехи спецоперации, за выход пленных из ""Азовстали"", за победу в Мариуполе, за то, что азовцы сдаются и правильно проводятся боевые действия.",51.0
2022-20,2022,20,"Затрудняюсь ответить, нет ответа",Респонденты затрудняются ответить или не дают ответа.,42.0
2022-20,2022,20,"Напряженные отношения между Россией и США, НАТО, странами Запада","Напряженные отношения между Россией и США, НАТО, странами Запада, где коллективный Запад пытается ущемлять россиян повсюду, негатив Америки жмет, притесняет, не дает вздохнуть, спасу нет от них, приближение НАТО.",1.0
2022-20,2022,20,Рост цен,"Рост цен, рост цен на продукты.",1.0
2022-20,2022,20,"Повышение зарплат, пенсий","Повышение зарплат госслужащим, повышение зарплаты и пенсий, повышение пенсий, сообщение об индексации пенсии, поднятие МРОТ.",1.0
2022-20,2022,20,"Укрепление рубля, снижение курса доллара","Укрепление рубля, курс доллара упал, обвал доллара.",1.0
2022-20,2022,20,"Пожары, наводнения, природные катаклизмы в России","Пожары в Тюмени и в нашей области, пожары на Севере, пожары, наводнения, снегопад, ухудшение погоды на Урале.",1.0
2022-20,2022,20,"Юбилеи, праздники","100-летие пионерской организации, 1100 лет принятию ислама, День Победы.",1.0
2022-20,2022,20,"Санкции по отношению к России, ответные санкции","Санкции по отношению к России, ответные санкции, санкции политические все, уход иностранных компаний из страны, национализация “Рено”.",1.0
2022-20,2022,20,Работа властных структур,"Отставка губернатора Радаева, смена губернатора, принятие электронного голосования.",1.0
2022-20,2022,20,Другие события в России,"Инфляция упала на чуть, открываются новые рабочие вакансии в Барнауле, нашли обезглавленный труп в часе езды от Уфы.",1.0
2022-20,2022,20,Другие события в мире,"""Евровидение"", заявление Турции о неподдержании Швеции, нестабильность в Приднестровье.",1.0
2022-21,2022,21,"Затрудняюсь ответить, нет ответа",Респондент затрудняется ответить или не имеет ответа.,45.0
2022-21,2022,21,Военная спецоперация России на Украине,"Военная спецоперация на Украине, продвижение наших войск, новости с фронта, освобождение “Азовстали”, наступление наших в Донецке, война проклятая.",44.0
2022-21,2022,21,"Повышение зарплат, пенсий, пособий","Повышение пенсий и зарплат, повышение выплат в соцсфере, увеличение МРОТ и пенсий, индексация пенсий, пособия для детей, прибавка денежных средств многодетным семьям, повышение детских пособий.",5.0
2022-21,2022,21,"Пожары, наводнения, природные катаклизмы в России","Пожары в Тюмени, на Алтае, наводнения, потоп в Иркутске, проливные дожди в Татарстане.",1.0
2022-21,2022,21,"Укрепление рубля, снижение курса доллара","Укрепление рубля, курс рубля укрепляется, доллар понизился, падение доллара.",1.0
2022-21,2022,21,Санкции по отношению к России,"Санкции против России, Америка обворовала Россию на 300 миллиардов, потеря золота.",1.0
2022-21,2022,21,"Рост цен, инфляция","Инфляция, повышение цен, подорожание продуктов, рост цен на продовольствие.",1.0
2022-21,2022,21,Напряженные отношения между Россией и странами Запада,"Русофобия в мире и Европе, Байден винит Путина в бедах США, Запад недопонимает, разговор о ядерной войне.",1.0
2022-21,2022,21,Работа властных структур,"Выступление Набиуллиной, замена главы правительства Республики Марий Эл, законы в экономической политике, изменение образования.",1.0
2022-21,2022,21,Понижение ключевой ставки Центробанка,"Понижение ключевой ставки в Центробанке, снижение ставки рефинансирования, изменение курса Центробанка.",1.0
2022-21,2022,21,"Юбилеи, праздники","День пограничника, 1100-летие принятие ислама, последний звонок в школах.",1.0
2022-21,2022,21,Другие события в России,"Начало летних каникул, отключение отопления, запуск поезда “Ласточка” Адлер – Сочи и Анапа, открытие аэропорта в Краснодаре.",1.0
2022-21,2022,21,Другие события в мире,"Продовольственный кризис в Европе, ужесточение карантина в Шанхае, распространение обезьяньей оспы, расстрел школьников в США, события в Ереване, чемпионат мира по хоккею.",1.0
2022-22,2022,22,"Затрудняюсь ответить, нет ответа",Респондент затрудняется ответить или не имеет ответа.,51.0
2022-22,2022,22,Военная спецоперация России на Украине,"Военная спецоперация России на Украине, успехи России в ходе военной спецоперации на Украине, взятие войсками Российской Федерации Луганской области, обострение в Херсоне, обстановка на границе Брянской области, удар по Севастополю, удар по Еленовке, обстрелы Севастополя, минирование Донецка минами-лепестками, насилие на Украине по отношению к мирным гражданам со стороны ВСУ, дети гибнут на Украине, обстановка на Украине меня беспокоит и беспокоит, что деремся с нашими родными людьми.",37.0
2022-22,2022,22,Природные катаклизмы в России,"Природные катаклизмы в России, потоп в Сочи, пожар в Якутии, наводнение в Сочи, потоп в Анапе, наводнение в Барнауле, наводнение в Крыму, стихийные бедствия по всей России, наводнения, пожары.",3.0
2022-22,2022,22,"Санкции по отношению к России, их последствия, ситуация с газом в Европе","Санкции по отношению к России, обстановка насчет санкций, седьмой пакет санкций, закрывают иностранные счета, задержка турбины “Газпрома"", Запад сам себе делает хуже санкциями к России, Европа страдает из-за отсутствия российского газа.",2.0
2022-22,2022,22,"Преступления, несчастные случаи","Преступления, несчастные случаи, задержание в Воронеже парня, который осквернял могилы, убийство в Москве восьмерых человек, сгорели в ТЦ, хостел в Москве сгорел, Хабаровск: избиение пенсионерки, в Томской области упал кран на стройке, ДТП, в котором погиб ребенок в Уфе, пропажа ребенка в Оренбургской области.",2.0
2022-22,2022,22,Другие события в мире,"Другие события в мире, Китай собирается напасть на США, ушли премьер-министры Англии и Италии, открытие границы с Грузией, продажа зерна Турции.",2.0
2022-22,2022,22,"Работа властных структур, перестановки во власти","Работа властных структур, перестановки во власти, Мишустин выступал, приезд Матвиенко в Дагестан, заявления Юрия Борисова, смена правительства, отставка Рогозина, возможно, наведение порядка в верхушке власти, Роскосмос: отставка Рогозина, снижение ключевой ставки, закон о реновации в Санкт-Петербурге.",1.0
2022-22,2022,22,День Военно-Морского Флота,"День Военно-Морского Флота, праздник Военно-морского флота, военно-морской парад, парад ВМФ в Санкт-Петербурге.",1.0
2022-22,2022,22,Визит В. Путина в Иран,"Визит В. Путина в Иран, приезд Путина в Тегеран, встречи Путина в Тегеране, формирование новой макроэкономической зоны с участием России, Ирана, Турции в Тегеране.",1.0
2022-22,2022,22,"Повышение пенсий, пособий","Повышение пенсий, пособий, добавка к пенсии, добавки пенсионерам, обещали прибавку 10 тысяч рублей, хотят ввести тринадцатую пенсию, пособия на детей.",1.0
2022-22,2022,22,Рост заболеваемости коронавирусом в России,"Рост заболеваемости коронавирусом в России, ковид снова. Одна теперь мысль в голове, новая волна коронавируса, рост заболеваемости – корона, увеличилось число коронавирусников.",1.0
2022-22,2022,22,Поездка С. Лаврова по странам Африки,"Поездка С. Лаврова по странам Африки, визит Лавров в Африку, ездит Лавров по Африке, поездка Лаврова в Африку.",1.0
2022-22,2022,22,Другие события в России,"Другие события в России, мост через Амур и через Лену. Во Владивостоке открылись международные игры “Дети Азии”, форум “Иволга”, объединение БГУ и УГАТУ, пустили экспресс-электричку Самара – Пенза, арбузы выросли в теплице в Пермском крае, белый медведь попросил помощи у людей, “Зенит” победил “Крылья Советов"".",1.0
2022-23,2022,23,"Затрудняюсь ответить, нет ответа",Респонденты затрудняются ответить или не знают ответа.,54.0
2022-23,2022,23,Военная спецоперация России на Украине,"Военная спецоперация России на Украине, война против нацистов, действия военные в Донецке, Луганске, переживания за ребят, которые воюют, гибель людей.",38.0
2022-23,2022,23,"Повышение зарплат, пенсий, пособий, прожиточного минимума","Повышение зарплат, пенсий, пособий, прожиточного минимума, изменения зарплат и пенсии, повышение МРОТ, добавление пенсии, выплаты детских пособий.",2.0
2022-23,2022,23,Другие события в России,"Другие события в России, арест Митволя, отмена масочного режима, про АвтоВАЗ, открытие Макдональдса, внедрение общественного транспорта на водородном топливе.",2.0
2022-23,2022,23,"Праздники, памятные даты","Праздники, памятные даты, День России, 350 лет Петру Первому, День защиты детей.",1.0
2022-23,2022,23,Работа властных структур,"Работа властных структур, высказывания Медведева в Телеграм-канале, отмена Болонской системы в образовании, снижение ставки рефинансирования, выборы главы Бурятии.",1.0
2022-23,2022,23,"Рост цен, тарифов","Рост цен, тарифов, рост цен на продукты, повышение тарифов ЖКХ и оплаты питания в детском саду.",1.0
2022-23,2022,23,Напряженные отношения между Россией и странами Запада,"Напряженные отношения между Россией и странами Запада, блокировка самолета Лаврова, Лаврова не пропустили в Сербию.",1.0
2022-23,2022,23,"Укрепление рубля, снижение курса доллара","Укрепление рубля, снижение курса доллара, новости о том, что доллар опустился по отношению к рублю.",1.0
2022-23,2022,23,Природные катаклизмы в России,"Природные катаклизмы в России, пожары, заморозки, землетрясение в Иркутске.",1.0
2022-23,2022,23,Санкции по отношению к России,"Санкции по отношению к России, санкции – шестой пакет, невозможность выплат нерезидентам дивидендов.",1.0
2022-23,2022,23,Другие события в мире,"Другие события в мире, пресс-конференции Лаврова в Анкаре и в Ереване, приезд представителей Талибана в Петербург, суд Джонни Деппа, рост цен на бензин в Америке.",1.0
2022-24,2022,24,"Затрудняюсь ответить, нет ответа","Затрудняюсь ответить, нет ответа",51.0
2022-24,2022,24,Военная спецоперация России на Украине,"Военная спецоперация России на Украине, военные действия, война продолжается, наши побеждают, Донецк бомбардируют, война, жалко молоденьких ребятишечек, переживают за наших ребят на Украине, люди гибнут, наши хорошо относятся к пленным украинцам.",38.0
2022-24,2022,24,"Петербургский международный экономический форум, выступление на нем В. Путина","Петербургский международный экономический форум, форум с большим количеством стран, форум в Питере, Талибан приехал на ПМЭФ, референдум в Санкт-Петербурге, речь Путина, выступление Путина на экономическом форуме в Санкт-Петербурге, пресс-конференция на форуме.",5.0
2022-24,2022,24,"Повышение зарплат, пенсий, пособий, MPOT","Повышение зарплат, пенсий, пособий, MPOT, зарплаты подняли, выплаты детям, повышение детских пособий, за третьего ребенка обещают выплаты, МРОТ и пенсии подняли, повышение МРОТ с первого июня.",1.0
2022-24,2022,24,Работа властных структур,"Работа властных структур, выступление Матвиенко, Наталью Поклонскую отправили снова работать в прокуратуру, введение комиссии на валютные счета, награждение медиков, может, отменят ЕГЭ.",1.0
2022-24,2022,24,"Праздники, памятные даты","Праздники, памятные даты, День России, празднование Дня России, праздник 12 июня, полет Витязей, Алые паруса, Сабантуй, юбилей Петра Первого.",1.0
2022-24,2022,24,"Санкции по отношению к России, уход из России западных компаний","Санкции по отношению к России, уход из России западных компаний, санкции, санкции Европы, политика болгарских деятелей - отказ от газа из России, Икея уходит с рынка России, Кока-кола ушла из России.",1.0
2022-24,2022,24,Напряженные отношения между Россией и странами Запада,"Напряженные отношения между Россией и странами Запада, отношение к нам Европы и США, отношение Запада к России, Европа к нам плохо относится.",1.0
2022-24,2022,24,"Рост цен, тарифов","Рост цен, тарифов, инфляция, повышение цен, подорожание цен, повышение коммуналки, наценка.",1.0
2022-24,2022,24,"Укрепление рубля, снижение курса доллара","Укрепление рубля, снижение курса доллара, рубль укрепляется – радует, доллар падает, падение доллара.",1.0
2022-24,2022,24,Природные катаклизмы в России,"Природные катаклизмы в России, природные бедствия, землетрясение в Анапе, пожары летние.",1.0
2022-24,2022,24,Другие события в России,"Другие события в России, арест Олега Митволя, бывшего замглавы Росприроднадзора, открытие Вкусно и точка, мне не нравится, что уезжают за границу люди, которых мы любили и которые нас обкакивают, убийство в Ревде двух молодых людей.",1.0
2022-24,2022,24,Другие события в мире,"Другие события в мире, Франция перешла на военную экономику, вспышка чумы в Китае, оспа обезьян, выход команды США в финал НХЛ, обвал криптовалюты.",1.0
2022-25,2022,25,"Затрудняюсь ответить, нет ответа","Респонденты, которые затрудняются ответить или не дали ответа.",51.0
2022-25,2022,25,Военная спецоперация России на Украине,"Военная спецоперация России на Украине, продвижение в плане спецоперации, новости с фронта, успехи армии, боевые действия в Донецке и Луганске, гибель солдат, обстрелы платформы.",34.0
2022-25,2022,25,Смерть Ю. Шатунова и П. Нарцисса,"Смерть Ю. Шатунова и П. Нарцисса, гибель двух эстрадных звезд, смерть звезд, в том числе Юрия Шатунова, Пьера Нарцисса.",5.0
2022-25,2022,25,Петербургский международный экономический форум,"Петербургский международный экономический форум в Санкт-Петербурге, интересный форум, саммит в Петербурге.",3.0
2022-25,2022,25,"Санкции по отношению к России, уход из России западных компаний","Санкции по отношению к России, уход из России западных компаний, блокада санкционных грузов в Литве, закрытие транзита через Литву в Калининград, уход брендов с рынка.",2.0
2022-25,2022,25,"Праздники, памятные даты","Праздники, памятные даты, день скорби и печали, Алые паруса, выпускной, День города, Сабантуй, Троица.",2.0
2022-25,2022,25,Другие события в России,"Другие события в России, Путин подписал указ о выплате внешнего долга в рублях, выход из Болонской системы образования, курс доллара упал, открытие Макдональдса, воровство.",2.0
2022-25,2022,25,Природные катаклизмы в России,"Природные катаклизмы в России, наводнение и ураган в Сочи, пожары в Сибири, землетрясение в Бурятии, стихийные бедствия на юге.",1.0
2022-25,2022,25,"Повышение пенсий, пособий, МРОТ","Повышение пенсий, пособий, МРОТ, выплаты детских пособий, новая индексация пенсии, прибавка пенсий.",1.0
2022-25,2022,25,"Рост цен, тарифов","Рост цен, тарифов, высокие цены на услуги ЖКХ, рост цен на товары и услуги, подорожание всего.",1.0
2022-25,2022,25,"Аварии, несчастные случаи","Аварии, несчастные случаи, разбился самолет в Рязани, разлив нефти в Черном море, утонули дети.",1.0
2022-25,2022,25,Напряженные отношения между Россией и странами Запада,"Напряженные отношения между Россией и странами Запада, недружественная риторика западных стран, отношение Европы к России, НАТО грозит войной.",1.0
2022-25,2022,25,Другие события в мире,"Другие события в мире, обезьянья оспа, повышение ставки ФРС США, суд Джонни Деппа.",
2022-26,2022,26,"Затрудняюсь ответить, нет ответа",Респонденты затрудняются ответить на вопрос.,52.0
2022-26,2022,26,Военная спецоперация России на Украине,"Военная спецоперация России на Украине, в ходе которой российские войска продвигаются по Украине, бомбардируют торговый центр на Украине российскими ракетами, обстреливают Курск и Белгород.",36.0
2022-26,2022,26,Смерть Ю. Шатунова и П. Нарцисса,"Смерть Юрия Шатунова и Пьера Нарцисса, похороны Шатунова.",4.0
2022-26,2022,26,"Санкции по отношению к России, уход из России зарубежных компаний","Санкции против России, нет доступа в Калининград, Эстония закрыла проезд на наш островок, Китай перестал поставлять оборудование, “Хонор” уходит из России.",1.0
2022-26,2022,26,Напряженные отношения между Россией и странами Запада,"Сильные нападки на Россию с Запада, давят со всех сторон, Америка лезет.",1.0
2022-26,2022,26,Саммит БРИКС,"Саммит БРИКС, форум БРИКС.",1.0
2022-26,2022,26,"Повышение пенсий, зарплат, пособий","Повышение пенсий и зарплат бюджетникам, прибавка к пенсии, будет помощь семьям с детьми к школе, повышение выплат на детей.",1.0
2022-26,2022,26,"Рост цен, тарифов","Цены очень растут, страшно даже идти в магазин, цены высокие, подорожание цен, повышение оплаты ЖКХ.",1.0
2022-26,2022,26,"Встречи, выступления В. Путина","Встречи Путина, выступление Путина, Путин говорил о будущем.",1.0
2022-26,2022,26,Работа властных структур,"Обсуждение: выпускников по контракту брать в армию, снижение ипотечной ставки, введение в действие закона о запрете списания банками под ноль всех счетов, нововведения с 1 июля - паспорт делают в течение 5 дней.",1.0
2022-26,2022,26,Саммит НАТО,"Был саммит НАТО, саммит в Мадриде, саммит НАТО в Испании, слёт НАТО, США с Европой встречались.",1.0
2022-26,2022,26,"Аварии, несчастные случаи","Авария самолета в Рязани, взрыв в Киржаче, маршрутка сгорела в Ладожской, много ДТП в области с погибшими, люди тонут, лето.",1.0
2022-26,2022,26,Природные катаклизмы в России,"Наводнение в Краснодарском крае, Сочи, Геленджике, Крым подтопило, много клещей, пожары в Алтайском крае.",1.0
2022-26,2022,26,Другие события в России,"“Алые паруса” – праздник выпускников, арест Яшина, высокий курс рубля, дефолт в России.",1.0
2022-26,2022,26,Другие события в мире,"Каспийский саммит, Узбекистан: беспорядки, Байден упал с велосипеда, землетрясение в Афганистане.",1.0
2022-27,2022,27,"Затрудняюсь ответить, нет ответа",Респондент затрудняется ответить или не дает ответа.,52.0
2022-27,2022,27,Военная спецоперация России на Украине,"Военная спецоперация России на Украине, продвижение войск, освобождение Луганска, ликвидация польских наемников, зачистка Украины от фашистов, гибель людей.",37.0
2022-27,2022,27,Уход в отставку Бориса Джонсона,Отставка Бориса Джонсона с поста премьер-министра Великобритании.,2.0
2022-27,2022,27,Убийство Синдзо Абэ,Убийство бывшего премьера Японии Синдзо Абэ.,2.0
2022-27,2022,27,"Рост цен, тарифов","Повышение цен в магазинах, рост цен на продукты питания и ЖКХ.",1.0
2022-27,2022,27,Природные катаклизмы в России,"Природные катаклизмы, оползни, наводнения в России.",1.0
2022-27,2022,27,Праздники,"День молодежи, День семьи, любви и верности, Курбан-байрам.",1.0
2022-27,2022,27,Смерть Ю. Шатунова,Смерть Юрия Шатунова.,1.0
2022-27,2022,27,"Санкции по отношению к России, уход из России зарубежных компаний","Новые санкции против России, использование активов за границей на восстановление Украины, закрытие транзита Литвой, уход фастфуда из России, отсутствие поставок корма для животных.",1.0
2022-27,2022,27,"Встречи, выступления В. Путина","Встречи Путина с лидерами стран, выступления и интервью Путина.",1.0
2022-27,2022,27,"Повышение пенсий, зарплат, пособий","Индексация заработной платы, прибавка к зарплате, добавка к пенсии, выплаты детям.",1.0
2022-27,2022,27,Работа властных структур,"Выступление Набиуллиной по поводу укрепления рубля, финансовый вопрос в Госдуме.",1.0
2022-27,2022,27,Другие события в России,"Задержание генералов в Ленинградской области, строительство театра в Севастополе, реконструкция Балаклавской бухты, финал Кубка России по футболу.",1.0
2022-27,2022,27,Другие события в мире,"Вступление в НАТО Финляндии и Швеции, коронавирус в Европе, волна ковида в Японии, засуха в Италии.",1.0
2022-28,2022,28,"Затрудняюсь ответить, нет ответа",Респонденты затрудняются ответить или не дают ответа.,54.0
2022-28,2022,28,Военная спецоперация России на Украине,"Военные действия на Украине, ситуация в Донбассе, обстрелы мирного населения, взрывы в Херсоне, Каховке, Донецке, Луганске, освобождение Луганской республики, участие сына в войне, переживания из-за войны.",37.0
2022-28,2022,28,"Работа властных структур, перестановки во власти","Перестановки в правительстве, снятие Рогозина, назначение Мантурова, отставка Рогозина, экономические реформы, изменение налогов, транспортная реформа, упрощенный ввоз иномарок.",2.0
2022-28,2022,28,Другие события в России,"День семьи, любви и верности, День рождения Владивостока, День рыбака, День сталевара на Урале, арест Яшина, начало чемпионата по футболу в России, возвращение ковидных ограничений в Мурманске.",2.0
2022-28,2022,28,Другие события в мире,"Саммит в Индонезии, переговоры в Стамбуле по зерну, доллар и евро сравнялись, открытие границ с Финляндией, акулы в Египте.",2.0
2022-28,2022,28,Природные катаклизмы в России,"Пожары, наводнения, ураганы, ливни в разных регионах России и их последствия, затопление Верхоянского района в Якутии, затопление Питера, смерч в Майкопе.",1.0
2022-28,2022,28,"Санкции по отношению к России, уход из России зарубежных компаний","Очередные санкции, санкции по Украине, блокировка Калининграда, новые санкции, уход компаний.",1.0
2022-28,2022,28,Поездка Джо Байдена по странам Ближнего Востока,"Поездка президента США на Ближний Восток, визит Байдена в Эмираты, попытки Байдена получить нефть у Саудовской Аравии по низким ценам.",1.0
2022-28,2022,28,"Повышение пенсий, пособий, выплат","Обещания о повышении пенсии, повышение пенсии на 10%, увеличение пособий и пенсий, новые выплаты на детей, добавки для детей войны.",1.0
2022-28,2022,28,Уход в отставку Бориса Джонсона,"Уход с поста Бориса Джонсона, отставка Бориса в Англии.",1.0
2022-28,2022,28,"Рост цен, тарифов","Инфляция, рост цен на газ и бензин, повышение тарифов на ЖКХ, высокие цены, особенно в Якутии.",1.0
2022-29,2022,29,"Затрудняюсь ответить, нет ответа",Респондент затрудняется ответить.,56.0
2022-29,2022,29,Военная спецоперация России на Украине,"Военная операция на Украине, война на Донбассе, события на Донбассе, победы на Украине, гибель людей и детей в Украине.",34.0
2022-29,2022,29,"Работа властных структур, перестановки во власти","Принятие закона о предателях и госизмене, понижение ключевой ставки, назначения и увольнения в правительстве.",2.0
2022-29,2022,29,Природные катаклизмы в России,"Пожары, наводнения, смерчи и град в различных регионах России.",2.0
2022-29,2022,29,Визит В. Путина в Иран,"Встреча Ирана, Турции и России, посещение Путиным Ирана, переговоры.",2.0
2022-29,2022,29,Другие события в России,"Рост курса рубля, хороший урожай хлеба, снижение цен на сахар, День города Каменска, VK Fest.",2.0
2022-29,2022,29,"Санкции по отношению к России, их частичное снятие","Обсуждение санкций и Северного потока, снятие ограничений и открытие транзита в Калининград.",1.0
2022-29,2022,29,"Повышение зарплат, пенсий, пособий","Повышение зарплат бюджетникам и коммерческим структурам, добавка к пенсии, пособия о детях-школьниках.",1.0
2022-29,2022,29,"Преступления, несчастные случаи","Происшествия, трагедии и ДТП в различных регионах России, нападения и отравления.",1.0
2022-29,2022,29,Болезнь Джо Байдена,Джо Байден заболел коронавирусом.,1.0
2022-29,2022,29,Другие события в мире,"Аномальная жара в Европе, свержение Джонсона, премьера Италии и убийство премьер-министра Японии.",1.0
2022-31,2022,31,"Затрудняюсь ответить, нет ответа","Затрудняюсь ответить, нет ответа",51.0
2022-31,2022,31,Военная спецоперация России на Украине,"Продвижение наших войск на Украине, уничтожение фашистов украинских; освобождение Луганской области, идем на Николаев, освобождаем Украину; Донецк и Луганск освобождают; разбомбили российские склады с боеприпасами; взрыв в штабе, Херсон – по Антоновскому мосту; Украина, “лепестки” кидают; удар ВСУ по Еленовке; события в Донбассе: прощание в театре с Качурой, и их обстреляли; фейки спецоперации.",33.0
2022-31,2022,31,"Визит Н. Пелоси на Тайвань, конфликт из-за этого между США и Китаем","Прилет из США спикера Конгресса в Тайвань; реакция Китая на прилет Нэнси Пелоси; провокации Америки на Тайване; Китай и США стянули военную технику к Тайваньскому проливу; Тайвань и Китай: что американский посол приехал, и Китай хотел подбить самолет этого посла.",6.0
2022-31,2022,31,"Преступления, несчастные случаи, аварии",Криминальные новости; в Набережных Челнах студент зарезал отца и ранил мать; девочка на аттракционе слетела и погибла; авария на “Тавриде”; пожар на складе “Озон”.,3.0
2022-31,2022,31,Другие события в России,"Зарплату не поднимают, а на всё цены растут; урожай свеклы гораздо больше, развитие сельского хозяйства; как женщина кинула обувью в мэра Углегорска за квартиру.",2.0
2022-31,2022,31,Другие события в мире,Новый вирус обезьяны; Израиль – стычки с Палестиной; Армения и Азербайджан – конфликт; конфликт в Сербии.,2.0
2022-31,2022,31,Природные катаклизмы в России,"Сочи - сильные ливни; наводнение в Приморье, в Крыму; лесные пожары; пожары в Сибири и на Дальнем Востоке; пожар в нашем округе.",1.0
2022-31,2022,31,"Визит В. Путина в Иран, встреча с Р. Эрдоганом в Сочи",Визит Владимира Путина в Иран; Путин поехал в Иран; Путин и турецкий президент; Путин и Эрдоган договорились наращивать товарооборот между своими странами; с Эрдоганом Путин договорился по газу и по рабочим местам.,1.0
2022-31,2022,31,"Повышение пенсий, пособий",Планируют всем пенсионерам дать 13-ю пенсию; прибавят к пенсии в августе; прибавка к пенсии к Новому году; сведения о социальных выплатах; доплаты детям.,1.0
2022-31,2022,31,Работа властных структур,Изменение законодательства о рекламе; снижение ставок по ипотеке.,1.0
2022-31,2022,31,"День Военно-морского флота, другие праздники, культурные мероприятия",Парад ВМФ; парад в Ленинграде; фестиваль музыки в Екатеринбурге; День города Омска; “Цветочный джем” в Москве; завтра День пряника.,1.0
2022-31,2022,31,"Санкции по отношению к России, их последствия, ситуация с газом в Европе","Санкции вводят; новые санкции против России; газ отношения с Германией, не привозят турбину; запрет на выдачу виз в Литве, Эстонии.",1.0
2022-31,2022,31,"Поездка С. Лаврова по странам Африки, визит в Камбоджу",Лавров в Африку ездил; Лавров летал в африканские страны; визит Лаврова в Камбоджу.,1.0
2022-32,2022,32,"Затрудняюсь ответить, нет ответа","Затрудняюсь ответить, нет ответа",52.0
2022-32,2022,32,Военная спецоперация России на Украине,"Военная спецоперация России на Украине, война на Донбассе, ситуация на Украине, отношение к России и республикам, продвижение войск, демилитаризация, освобождение городов, уничтожение складов оружия, расстрел мирных жителей, обстрелы атомной станции.",37.0
2022-32,2022,32,Взрывы на военном аэродроме «Саки» в Крыму,"Взрывы на военном аэродроме «Саки» в Крыму, взрывы в Новофёдоровке, удар по Крыму, хлопки в Крыму.",2.0
2022-32,2022,32,Другие события в России,"Другие события в России, открытие Архангельского моста, строительство кампуса в Томске, крестный ход “Одигитрия”, создание профсоюза в тюрьме.",2.0
2022-32,2022,32,Другие события в мире,"Другие события в мире, аномальная жара в Европе, разрешение карты “Мир” в Турции, обыск у Трампа, высказывание Киссинджера.",2.0
2022-32,2022,32,Природные катаклизмы в России,"Природные катаклизмы в России, пожары, наводнения, ураганы.",1.0
2022-32,2022,32,"Преступления, несчастные случаи, аварии","Преступления, несчастные случаи, аварии, убийство врача, аварии, пожары.",1.0
2022-32,2022,32,Работа властных структур,"Работа властных структур, выступления Мишустина, Шойгу, Лаврова, приезд Шойгу в Екатеринбург, смена губернатора Томской области.",1.0
2022-32,2022,32,"Визит Н. Пелоси на Тайвань, конфликт из-за этого между США и Китаем","Визит Н. Пелоси на Тайвань, конфликт из-за этого между США и Китаем, ситуация с Китаем и Тайванем, военные учения вокруг Тайваня.",1.0
2022-32,2022,32,"Рост заболеваемости коронавирусом в России, возвращение противоковидных мер","Рост заболеваемости коронавирусом в России, возвращение противоковидных мер, появление новых штаммов, возвращение масочного режима, вакцинация.",1.0
2022-32,2022,32,"Праздники, культурные мероприятия","Праздники, культурные мероприятия, День ВДВ, День строителя, парад ВМФ, День физкультурника, 300-летие города Нижнего Тагила, “Цветочный джем” по Москве, и медовый.",1.0
2022-32,2022,32,"Повышение пенсий, пособий, МРОТ","Повышение пенсий, пособий, МРОТ, индексация пенсий, материнский капитал, увеличение МРОТ.",1.0
2022-32,2022,32,"Рост цен, тарифов","Рост цен, тарифов, повышение цен на продукты, медикаменты, авиаперелеты.",1.0
2022-33,2022,33,"Затрудняюсь ответить, нет ответа",Респондент затрудняется ответить или не дает ответа.,54.0
2022-33,2022,33,Военная спецоперация России на Украине,"Военная спецоперация России на Украине, боевые действия на Донбассе, использование ""лепестков"" на Украине, война на Украине и гибель пацанов.",31.0
2022-33,2022,33,Обстрелы Запорожской АЭС,"Обстрелы Запорожской АЭС, нацисты бьют по атомной АЭС на Украине, попытки украинских войск обстрелять АЭС, что грозит катастрофой.",3.0
2022-33,2022,33,Взрывы в Крыму,"Обстрел полуострова Крым, беспилотники налетели на Крым, обстрел Крыма беспилотниками, взрывы в Крыму, взорвались боеприпасы, обстрел штаба флота.",3.0
2022-33,2022,33,Природные катаклизмы в России,"Наводнения по стране, пожар в Рязанской области, лесные пожары в Нижегородской области, пожары в Рязани, наводнение в Сочи, потоп в Тынде, шторм в Кяхте.",2.0
2022-33,2022,33,Другие события в России,"Взрыв в автомобиле – убийство журналистки Дугиной, дочку Дугина взорвали сегодня, открытие завода по обработке металла, “Зенит” выиграл.",2.0
2022-33,2022,33,Другие события в мире,"Засуха в Европе, пожары в Лас-Вегасе, на президента Трампа завели уголовное дело, открытие дополнительных самолетов в Турцию, Турция будет участвовать в восстановлении Украины.",2.0
2022-33,2022,33,Работа властных структур,"Путин пенсионные вопросы решал, Мишустин приезжал, августовское совещание Министерства образования, изменения Налогового кодекса, выборы в Красноярске.",1.0
2022-33,2022,33,"Преступления, несчастные случаи, аварии","В Башкирии убили девушку, пропажа людей, девочка упала в колодец в Чусовском районе, горел склад “Озона”.",1.0
2022-33,2022,33,Санкции по отношению к России,"Санкции против России, русских, у США новые санкции против России, санкции – газопровод, перестали выдавать шенген, приостановка транзита через Литву.",1.0
2022-33,2022,33,"Праздники, зрелищные и культурные мероприятия","Открытие театров, арт-фестиваль в Крыму, прошли концерты, посвященные памяти группы “Кино” Виктора Цоя, форум военной техники в Оби, День села.",1.0
2022-33,2022,33,"Рост заболеваемости коронавирусом в России, возвращение противоковидных мер","Увеличение количества больных ковидом в России, рост ковида идет опять, не нравится это, в Татарстане снова носят маски из-за роста заболеваемости ковидом.",1.0
2022-33,2022,33,"Выплаты, повышение пенсий, пособий","Детские пособия, соцподдержка семьям с маленькими детьми, о выплате единовременного пособия детям, питание детям, о доплатах матерям, пообещали 10 тысяч рублей.",1.0
2022-33,2022,33,Рост цен,"Цены повышают, рост цен, цены взлетели, цены дорогие, повышение цен на продукты.",1.0
2022-34,2022,34,"Затрудняюсь ответить, нет ответа","Затрудняюсь ответить, нет ответа.",55.0
2022-34,2022,34,"""Про военную операцию на Украине""; ""с фронта""; ""специальная военная операция""; ""операция на Украине, наши выигрывают""; ""успехи спецоперации на Украине""; ""Украина – расстраиваюсь страшно""; ""про войну смотрю. Быстрее бы она, сволочь, закончилась"".","Военная спецоперация России на Украине, респонденты говорят о военных действиях на Украине, успехах спецоперации, переживаниях и желании скорейшего завершения.",33.0
2022-34,2022,34,Военная спецоперация России на Украине,"Военная спецоперация России на Украине, военные действия в целом.",31.0
2022-34,2022,34,Природные катаклизмы в России,Природные катаклизмы в России.,4.0
2022-34,2022,34,"""Аномальная жара в регионе""; ""горят леса""; ""лесные пожары в Рязани""; ""пожары в Коми""; ""пожары в Марий Эл и Нижнем Новгороде""; ""наводнение"".","Природные катаклизмы в России, респонденты говорят об аномальной жаре, лесных пожарах и наводнениях.",4.0
2022-34,2022,34,Убийство Дарьи Дугиной,Убийство Дарьи Дугиной.,3.0
2022-34,2022,34,"""Взорвали журналистку в машине""; ""погибла журналистка Дарья""; ""убийство корреспондентки""; ""в шоке от военной журналистки Дарьи, которую хоронили"".","Убийство Дарьи Дугиной, респонденты говорят о взрыве журналистки в машине и шоке от произошедшего.",3.0
2022-34,2022,34,Обстрелы Запорожской АЭС,Обстрелы Запорожской АЭС.,2.0
2022-34,2022,34,"""Бомбардировка АЭС Украиной""; ""Запорожье долбят атомное""; ""атаки на Запорожскую АЭС""; ""украинцы стреляют по своей атомной станции"".","Обстрелы Запорожской АЭС, респонденты говорят о бомбардировках, атаках и обстрелах украинцами атомной станции.",2.0
2022-34,2022,34,Работа властных структур,Работа властных структур.,1.0
2022-34,2022,34,"""Приезд Мишустина""; ""Мишустин был в Забайкалье""; ""изменения в законодательстве"".","Работа властных структур, респонденты говорят о приезде Мишустина и изменениях в законодательстве.",1.0
2022-34,2022,34,"Рост заболеваемости коронавирусом в России, возвращение противоковидных мер","Рост заболеваемости коронавирусом в России, возвращение противоковидных мер.",1.0
2022-34,2022,34,"""Вспышка ковида""; ""ковид растет""; ""вернут масочный режим""; ""коронавирус голову поднимает, 45 тысяч заболевших, в метро надевать маски надо"".","Рост заболеваемости коронавирусом в России, респонденты говорят о вспышке ковида, росте заболеваемости и возвращении масочного режима.",1.0
2022-34,2022,34,Взрывы в Крыму,Взрывы в Крыму.,1.0
2022-34,2022,34,"""Бомбежка в Крыму""; ""взрывы в Крыму""; ""Крым бомбили"".","Взрывы в Крыму, респонденты говорят о бомбежках и взрывах.",1.0
2022-34,2022,34,"Выплаты, повышение пенсий, пособий","Выплаты, повышение пенсий, пособий.",1.0
2022-34,2022,34,"""Детские пособия""; ""пенсию прибавят, пишут в интернете, выплата пособий""; ""прибавка к пенсии"".","Выплаты, повышение пенсий, пособий, респонденты говорят о детских пособиях, прибавке к пенсии и выплате пособий.",1.0
2022-34,2022,34,"Аварии, несчастные случаи","Аварии, несчастные случаи.",1.0
2022-34,2022,34,"""Аварии все крупные. Шестнадцать человек погибло в Ульяновске, у нас фура врезалась""; ""горение склада""; ""поджог на заправке, сам себя поджег""; ""девочка на самокате, пять лет – разбилась насмерть в садике"".","Аварии, несчастные случаи, респонденты говорят о крупных авариях, гибели людей, горении склада и поджоге на заправке.",1.0
2022-34,2022,34,"Праздники, зрелищные мероприятия","Праздники, зрелищные мероприятия.",1.0
2022-34,2022,34,"""День города""; ""День шахтера""; ""День российского флага вроде"".","Праздники, зрелищные мероприятия, респонденты говорят о Дне города, Дне шахтера и Дне российского флага.",1.0
2022-34,2022,34,Другие события в России,Другие события в России.,1.0
2022-34,2022,34,"""Увеличение численности армии""; ""Ройзмана задержали, экс-мэр Екатеринбурга""; ""спартакиада народов России""; ""поднятие цены за подключение электроэнергии"".","Другие события в России, респонденты говорят об увеличении численности армии, задержании Ройзмана, спартакиаде народов России и поднятии цены за подключение электроэнергии.",1.0
2022-34,2022,34,Другие события в мире,Другие события в мире.,1.0
2022-34,2022,34,"""Вопросы о газе за границей""; ""грызня вокруг Тайваня""; ""снос памятников в Латвии"".","Другие события в мире, респонденты говорят о вопросах о газе за границей, грызне вокруг Тайваня и сносе памятников в Латвии.",1.0
2022-35,2022,35,"Затрудняюсь ответить, нет ответа","Затрудняюсь ответить, нет ответа",53.0
2022-35,2022,35,"Спецоперация, военные действия в целом","Спецоперация, военные действия в целом, война на Украине, боевые действия на Украине, война на Донбассе, противостояние ВСУ и контрнаступление в Херсоне.",34.0
2022-35,2022,35,Военная спецоперация России на Украине,"Военная спецоперация России на Украине, боевые действия, война на Донбассе, противостояние ВСУ и контрнаступление в Херсоне.",31.0
2022-35,2022,35,"Обстрелы Запорожской АЭС, визит представителей МАГАТЭ","Обстрелы Запорожской АЭС, визит представителей МАГАТЭ, бомбардировка Запорожской АЭС, визит комиссии на Запорожскую АЭС, приезд делегации МАГАТЭ на Запорожскую станцию.",4.0
2022-35,2022,35,Смерть М. Горбачева,"Смерть М. Горбачева, уход из жизни Горбачева, смерть Михаила Горбачева.",3.0
2022-35,2022,35,"День знаний, другие праздники, памятные события","День знаний, другие праздники, памятные события, 1 сентября, День российского флага, День Республики в Татарстане, День нефтяников, День города, праздник урожая, “Сургутнефтегазу"" 45 лет.",2.0
2022-35,2022,35,Природные катаклизмы в России,"Природные катаклизмы в России, пожары, леса горят, пожары в Рязанской области и в Подмосковье, наводнение, в Татарстане ожидаются заморозки.",2.0
2022-35,2022,35,Другие события в России,"Другие события в России, поднятие флага в техникумах и школах, поднятие патриотизма, в школе заинтересовали гимн, поднятие флага, новые предметы им ввели, рост цен на бензин, футбол, кубок России, Пугачева вернулась в Россию, Лепс приезжал в Татарию.",2.0
2022-35,2022,35,События вокруг поставок энергоносителей в Европу,"События вокруг поставок энергоносителей в Европу, газ отключили - ""Северный поток 1"", рост цен на нефть, потолок на покупку нефти, слова Шольца: “Германия справится без газа России”, Франция не оплатила нам за газ.",1.0
2022-35,2022,35,Работа властных структур,"Работа властных структур, закон об образовании, принятие законов о повышении качества уровня жизни педагогов, партия хочет повысить МРОТ до 30 тысяч рублей, Кадыров заявил, что засиделся на посту Чечни.",1.0
2022-35,2022,35,"Поездки, выступления В. Путина","Поездки, выступления В. Путина, визит президента в Калининградскую область, Путин приезжал в Калининград, открытый урок президента, Путин начинает поездку на Дальний Восток.",1.0
2022-35,2022,35,"Рост заболеваемости коронавирусом в России, возвращение противоковидных мер","Рост заболеваемости коронавирусом в России, возвращение противоковидных мер, новый коронавирус, пандемия опять начинается, рост коронавируса в России, скоро маски опять будут.",1.0
2022-35,2022,35,"Выплаты, повышение пенсий, пособий, МРОТ","Выплаты, повышение пенсий, пособий, МРОТ, повышение МРОТ, пособия малоимущим, повышение детских пособий, прибавка пенсии, материнский капитал повышают, выплаты детям.",1.0
2022-35,2022,35,Взрывы в Крыму,"Взрывы в Крыму, беспилотники в Севастополе, угроза Севастополю, ракеты взорвались в Балаклаве, взрывы в Крыму: Евпатория, Керчь, Севастополь, Балаклава.",1.0
2022-35,2022,35,"Аварии, несчастные случаи","Аварии, несчастные случаи, аварии, пожары, ДТП в Ульяновской области, горел рынок “Людмила” в Волжском, мусоровоз сбил детей, смерть ребенка в Тольятти.",1.0
2022-35,2022,35,Другие события в мире,"Другие события в мире, курс евро падает, засуха в Европе, наводнения в Индии и Пакистане, Багдад – военные стычки, запреты на визы для всех россиян, открытие в Казахстане русских школ, в Армении взорвался торговый центр.",1.0
2022-36,2022,36,,,
2022-36,2022,36,,,
2022-36,2022,36,,,
2022-36,2022,36,,,
2022-36,2022,36,,,
2022-36,2022,36,,,
2022-36,2022,36,,,
2022-36,2022,36,,,
2022-36,2022,36,,,
2022-36,2022,36,,,
2022-36,2022,36,,,
2022-36,2022,36,,,
2022-36,2022,36,,,
2022-36,2022,36,,,
2022-36,2022,36,,,
2022-36,2022,36,,,
2022-36,2022,36,,,
2022-37,2022,37,"Затрудняюсь ответить, нет ответа",Респонденты затрудняются ответить или не имеют ответа.,51.0
2022-37,2022,37,Военная спецоперация России на Украине,"Военная спецоперация России на Украине, освещаемая в новостях, вызывает беспокойство и интерес у населения. Респонденты следят за ходом спецоперации, переживают за ситуацию на Украине и за российских солдат, отмечают обстрелы и напряженность.",36.0
2022-37,2022,37,Военная спецоперация России на Украине,"Военная спецоперация России на Украине, освещаемая в новостях, вызывает беспокойство и интерес у населения. Респонденты следят за ходом спецоперации, переживают за ситуацию на Украине и за российских солдат, отмечают обстрелы и напряженность.",34.0
2022-37,2022,37,Смерть королевы Елизаветы II,"Смерть королевы Елизаветы II, королевы Великобритании, вызвала широкий резонанс и освещалась в новостях.",4.0
2022-37,2022,37,Отход российских войск в Харьковской области,"Отход российских войск в Харьковской области, вызвавший обсуждение контратак украинских войск и отступления российской армии, а также сдачи Балаклеи и Изюма.",3.0
2022-37,2022,37,Саммит ШОС-2022 в Самарканде,"Саммит ШОС-2022 в Самарканде, как важное международное событие, привлекает внимание к вопросам китайского объединения стран и встрече стран Шанхайской организации.",2.0
2022-37,2022,37,Другие события в России,"Другие события в России, включая информацию по детским пособиям, подорожание страховки ОСАГО, новости о Горбачеве и открытии дороги в Йошкар-Оле, освещались в новостях.",2.0
2022-37,2022,37,Другие события в мире,"Другие события в мире, включая отказ Америки спасать Европу, бои на границе Киргизии и Таджикистана, обнародование в США плана разрушения России, экономический форум ВЭФ, совместные учения Китая и России, отсутствие газа в Европе, наводнения в Италии и проблемы с картой “Мир” в Турции, освещались в новостях.",2.0
2022-37,2022,37,Выборы,"Выборы, включая выборы в Мосгордуму и муниципальные выборы, освещались в новостях.",1.0
2022-37,2022,37,Обострение ситуации в Нагорном Карабахе,"Обострение ситуации в Нагорном Карабахе, включая сообщения о войне, обстрелах и вводе войск Азербайджана в Армению, вызывает обеспокоенность.",1.0
2022-37,2022,37,"Поездки, выступления, действия В. Путина","Поездки, выступления и действия В. Путина, включая его визиты в Азию и заявления о завершении конфликта на Украине, привлекают внимание общественности.",1.0
2022-37,2022,37,"День знаний, другие праздники","День знаний, другие праздники, включая первое сентября, 85 лет краю, День Москвы и День города, отмечались в новостях.",1.0
2022-37,2022,37,Работа властных структур,"Работа властных структур, включая реформу образования, принятие новых законов и снижение ставки Центральным банком, освещалась в новостях.",1.0
2022-37,2022,37,Рост заболеваемости коронавирусом,"Рост заболеваемости коронавирусом, включая информацию о коронавирусе, возвращение ковида и возможное введение масочного режима, вызывает обеспокоенность.",1.0
2022-37,2022,37,"Аварии, несчастные случаи","Аварии и несчастные случаи, включая ДТП и пожары, освещались в новостях.",1.0
2022-38,2022,38,Частичная мобилизация,"Обсуждение частичной мобилизации, призыва в армию и новостей, связанных с мобилизацией.",47.0
2022-38,2022,38,«Мобилизация на Украину»,Обсуждение мобилизации на Украине.,47.0
2022-38,2022,38,«мобилизация частичная»,Обсуждение частичной мобилизации.,47.0
2022-38,2022,38,«набирают в армию»,Обсуждение призыва в армию.,47.0
2022-38,2022,38,«последние новости про мобилизацию»,Обсуждение последних новостей о мобилизации.,47.0
2022-38,2022,38,«призыв на войну»,Обсуждение призыва на войну.,47.0
2022-38,2022,38,Военная спецоперация России на Украине,"Обсуждение военных действий и войны в Украине, ожидание победы, потери людей с обеих сторон и окончание войны.",27.0
2022-38,2022,38,«Военные действия на Украине»,Обсуждение военных действий на Украине.,27.0
2022-38,2022,38,«война в Украине. Ждем только победы»,Обсуждение войны в Украине и ожидание победы.,27.0
2022-38,2022,38,"«наши бьют плохо Украину, гибнут много и с той стороны, и с нашей»",Обсуждение потерь с обеих сторон в войне в Украине.,27.0
2022-38,2022,38,"«потеря наших ребят на Украине, больно это»",Обсуждение потерь на Украине.,27.0
2022-38,2022,38,"«война и ее окончание, жалко людей и там, и тут»",Обсуждение окончания войны и сожаление о потерях.,27.0
2022-38,2022,38,"Затрудняюсь ответить, нет ответа",Респонденты затрудняются ответить или не дают ответа.,23.0
2022-38,2022,38,Референдумы на Украине о присоединении к России,"Обсуждение референдумов в ДНР, ЛНР, Херсонской и Запорожской областях и выборов на Украине.",5.0
2022-38,2022,38,«Референдум на Украине»,Обсуждение референдума на Украине.,5.0
2022-38,2022,38,"«голосование, референдумы в ДНР, ЛНР, Херсонской и Запорожской областях»","Обсуждение голосования и референдумов в ДНР, ЛНР, Херсонской и Запорожской областях.",5.0
2022-38,2022,38,«про референдум»,Обсуждение референдума.,5.0
2022-38,2022,38,«что идут выборы на Украине – референдум»,Обсуждение выборов на Украине и референдума.,5.0
2022-38,2022,38,"«Донбасс, Луганск переходят в Россию»",Обсуждение перехода Донбасса и Луганска в Россию.,5.0
2022-38,2022,38,Работа властных структур,"Обсуждение выступлений Лаврова, работы правительства и выборов губернаторов.",1.0
2022-38,2022,38,«Выступление Лаврова»,Обсуждение выступления Лаврова.,1.0
2022-38,2022,38,«работа правительства»,Обсуждение работы правительства.,1.0
2022-38,2022,38,«выборы губернаторов»,Обсуждение выборов губернаторов.,1.0
2022-38,2022,38,Генассамблея ООН,"Обсуждение генеральной ассамблеи ООН, заседаний и сессий ООН.",1.0
2022-38,2022,38,«Генеральная ассамблея ООН»,Обсуждение генеральной ассамблеи ООН.,1.0
2022-38,2022,38,«заседание организации ООН»,Обсуждение заседания организации ООН.,1.0
2022-38,2022,38,«сессия ООН»,Обсуждение сессии ООН.,1.0
2022-38,2022,38,Другие события в России,"Обсуждение подорожания, разбившегося артиста, митинга против войны и проигрыша ""Локомотива"".",1.0
2022-38,2022,38,«Подорожание всего»,Обсуждение подорожания.,1.0
2022-38,2022,38,"«разбился артист, который на Донбасс ехал»","Обсуждение разбившегося артиста, который ехал на Донбасс.",1.0
2022-38,2022,38,«в Москве митинг против войны»,Обсуждение митинга против войны в Москве.,1.0
2022-38,2022,38,"«“Локомотив” проиграл ""Спартаку”»","Обсуждение проигрыша ""Локомотива"" ""Спартаку"".",1.0
2022-38,2022,38,Другие события в мире,Обсуждение отказа Германии Украине в поставке “Леопардов” и продажи украинских земель США.,
2022-38,2022,38,«Германия отказала Украине в поставке “Леопардов”»,Обсуждение отказа Германии Украине в поставке “Леопардов”.,
2022-38,2022,38,«продажа украинских земель США»,Обсуждение продажи украинских земель США.,
2022-39,2022,39,Частичная мобилизация,"Частичная мобилизация в России, когда мужчин забирают воевать и защищать. Обучение призывников, мобилизация, уход мужа добровольцем и бегство из России от мобилизации.",34.0
2022-39,2022,39,Военная спецоперация России на Украине,"Военная спецоперация на Украине, новости о ситуации на Украине, бои под Лиманом, отступление наших войск и гибель солдат.",25.0
2022-39,2022,39,"Затрудняюсь ответить, нет ответа",Респонденты затрудняются ответить или не дают ответа.,22.0
2022-39,2022,39,"Результаты референдумов о присоединении к России, вхождение в Россию новых территорий","Результаты референдумов, воссоединение Донецкой, Луганской, Херсонской, Запорожской областей с Россией, вступление бывших территорий Украины в состав России, признание референдумов и включение в состав России четырех новых субъектов Федерации, Россия прирастает новыми территориями.",20.0
2022-39,2022,39,Взрыв на газопроводах «Северный поток»,"Взрыв трубы газовой, взрыв газопровода в Германии, диверсия на газопроводе, теракт на “Северном потоке”.",5.0
2022-39,2022,39,Трагедия в Ижевске,"Вооруженный человек ворвался в школу в Ижевске и убил детей, расстрел в школе, теракт в Ижевске, нападение на школу, перестрелка в школе.",2.0
2022-39,2022,39,"Обострение отношений с США, Западом, угроза ядерной войны","Обострение отношений с США, Западом, угроза ядерной войны, США угрожают России, ядерная угроза, провокация со стороны Запада ядерной войной, про ядерную войну.",1.0
2022-39,2022,39,Другие события в России,"Прямой эфир с Владимиром Путиным, закрытие каналов в интернете, объявление иноагентами самых популярных людей.",
2022-40,2022,40,Военная спецоперация России на Украине,"Военные действия в ДНР, ЛНР, Запорожье, в Херсонской области. Респонденты выражают желание прекращения войны, упоминают спецоперации, сводки о СВО, бои в Донбассе, отступление в Херсоне и захват Лимана. Отмечают, что украинцы побеждают, и выражают стыд за отступление российских войск.",33.0
2022-40,2022,40,"Затрудняюсь ответить, нет ответа",Респонденты затрудняются ответить или не дают ответа.,31.0
2022-40,2022,40,Частичная мобилизация,"Призыв в армию, мобилизация. Респонденты отмечают, что начали призывать всех подряд, включая больных, и что мобилизация затрагивает молодых людей. Подчеркивают проблемы с обеспечением мобилизованных.",19.0
2022-40,2022,40,Взрыв Крымского моста,"Атака на Крымский мост. Респонденты упоминают взрыв Крымского моста, выражают возмущение произошедшим и задаются вопросом о причинах.",16.0
2022-40,2022,40,"Результаты референдумов на Украине о присоединении к России, вхождение в Россию новых территорий","Референдум на Украине, вхождение в состав РФ четырех областей Украины, присоединение ДНР и ЛНР, Херсонской и Запорожской областей, воссоединение с Украиной, аннексия оккупированных территорий.",5.0
2022-40,2022,40,Взрывы газопроводов «Северный поток»,"Взрывы “Северных потоков”, взрыв на “Северном потоке”, взрыв трубопровода, газ взорвали в Балтийском море, теракты - взрыв газопровода.",2.0
2022-40,2022,40,"Юбилей В. Путина, его выступления","День рождения Владимира Владимировича Путина, юбилей Путина, выступление Путина, Путин выступал перед журналистами после ШОС.",1.0
2022-40,2022,40,"Обострение отношений с США, Западом, угроза ядерной войны","Америка на нас нападет, санкции, угроза ядерной войны, что используют атомную бомбу.",1.0
2022-40,2022,40,Трагедия в Ижевске,"Ижевская школа, обстреляли школу в Ижевске, стрельба в школе в Ижевске, теракт: Ижевск.",1.0
2022-40,2022,40,Другие события в России,"Повышение квартплаты, поднимают доплаты социальные, высказывания Кадырова по поводу генералов, ситуация в стране.",1.0
2022-40,2022,40,Другие события в мире,"Женщина в космос полетела с американской стороны, Илон Маск высказался о присоединении областей к России, соглашение ОПЕК, спортивные события.",1.0
2022-41,2022,41,"Спецоперация, военные действия в целом","Военные действия в Украине, военная операция на Украине, всё о СВО, наблюдаем за военными действиями, мониторим, переживаем, уже привыкаем к новостям с фронта, война, зверства нацистов, война на Украине, успехи наших войск, а наши побеждают, война на Украине. Скорее бы дошли до Одессы.",45.0
2022-41,2022,41,Военная спецоперация России на Украине,"Военная спецоперация России на Украине, военные действия в целом, мониторинг, привыкание к новостям с фронта, война, зверства нацистов, успехи наших войск, надежда на победу.",34.0
2022-41,2022,41,"Затрудняюсь ответить, нет ответа",Респондент затрудняется ответить или не имеет ответа.,31.0
2022-41,2022,41,Частичная мобилизация,"Мобилизация и условия жизни мобилизованных, отправка мобилизованных на Украину, забирают молодых ребят, отправка детей на Украину.",14.0
2022-41,2022,41,Взрыв Крымского моста,"Взрыв Крымского моста, теракт на мосту, событие на Крымском мосту, подрыв Керченского моста.",13.0
2022-41,2022,41,Ответные удары по Украине,"Ответные удары России ракетами, достойный ответ Украине, удары по критической инфраструктуре Украины, бомбежки Киева, порадовавшие удары по Украине.",9.0
2022-41,2022,41,Обстрелы Украиной российских территорий,"Атаки Украины на территорию России, бомбежки Белгорода, теракт в Белгородской области.",2.0
2022-41,2022,41,Встречи и выступления В. Путина,"Выступления Путина на конференции, встреча с Эрдоганом, беседы с Белоруссией и Казахстаном.",1.0
2022-41,2022,41,"Обострение отношений с США, Западом, угроза ядерной войны","Новые санкции против России, угроза ядерной войны, ядерный Армагеддон.",1.0
2022-41,2022,41,Взрыв газопроводов «Северный поток»,Подрыв газопровода «Северный поток».,1.0
2022-41,2022,41,Саммит в Астане,"Саммит в Астане, совещание стран СНГ.",1.0
2022-41,2022,41,Вхождение в Россию новых территорий,"Присоединение ЛНР и ДНР, присоединение областей, страна стала больше.",1.0
2022-41,2022,41,Другие события в России,"Рост цен на продукты, учение РВСН в Марий Эл, стрельба в Ижевске в школе.",1.0
2022-41,2022,41,Другие события в мире,"Заседание ЕС, где РФ признали пособником террористов, 140 государств в ООН ополчились против россиян, Турцию хотят сделать хабом.",
2022-42,2022,42,Военная спецоперация России на Украине,"Военные действия на Украине, новости с Украины, специальная военная операция, сводки с фронта, действия российской армии, война, наступление войск, эвакуация людей из Херсона, отключение от энергосбережения, бомбежки Белгорода и Курска, бомбежка в Крыму.",45.0
2022-42,2022,42,"Затрудняюсь ответить, нет ответа",Респондент затрудняется ответить.,37.0
2022-42,2022,42,Частичная мобилизация,"Мобилизация массовая, забирают детей на войну, внука забрали на мобилизацию, частичная отмена частичной мобилизации.",10.0
2022-42,2022,42,"Взрыв Крымского моста, его восстановление","Взрыв Крымского моста, восстановление, ремонт моста.",3.0
2022-42,2022,42,Падение самолета в Ейске,"Падение самолета в Ейске, катастрофа с самолетом в Краснодарском крае.",3.0
2022-42,2022,42,"Вхождение в Россию новых территорий, введение там военного положения","Присоединение украинских территорий, введение военного положения в присоединенных территориях.",3.0
2022-42,2022,42,Работа властных структур,"Замена командующего, недоверие к президенту Дагестана, закон о детских пособиях.",1.0
2022-42,2022,42,Встречи и выступления В. Путина,"Встреча Путина в Казахстане, Федеральное собрание и обращения Путина.",1.0
2022-42,2022,42,Другие события в России,"Инфляция, рост цен, большие квартплаты, сбила актриса Большова женщину машиной насмерть, подростки подожгли женщину-пенсионерку.",1.0
2022-42,2022,42,Другие события в мире,"Лиз Трасс ушла, выборы в США, поставки оружия Европой Украине.",1.0
2022-43,2022,43,"Затрудняюсь ответить, нет ответа","Затрудняюсь ответить, нет ответа.",42.0
2022-43,2022,43,Обстановка на Украине,"Военная операция на Украине, ход СВО, успехи России в СВО, военные действия на Донбассе, бомбежки Украины, обстрелы всей Украины, бомбили Киев, взрывы на ТЭЦ, успехи наших войск на угледарском направлении, бои в районе Сватово, события в Херсоне, эвакуация, Херсон – что дамбу хотят уничтожить и затопить людей, молодежь гибнет на войне.",41.0
2022-43,2022,43,Военная спецоперация России на Украине,"Военная спецоперация России на Украине, военные действия в целом.",35.0
2022-43,2022,43,"Частичная мобилизация, ее завершение","Частичная мобилизация, ее завершение.",9.0
2022-43,2022,43,Отчетность о мобилизации,"Всё, что связано с мобилизацией, детей в армию забирают, забирают мальчишек на войну, врут безбожно о наборах новобранцев, что одевают, обувают, облава в Ивановской области для мобилизации, завершение частичной мобилизации, конец мобилизации.",9.0
2022-43,2022,43,Информация о работах по созданию «грязной бомбы» на Украине,Информация о работах по созданию «грязной бомбы» на Украине.,5.0
2022-43,2022,43,“Бомба грязная” на Украине,"“Грязная бомба” – Украина собирается применить, “грязная бомба” разговоры о ней, сюжет с “грязной бомбой” на Украине, ядерная угроза со стороны Украины.",5.0
2022-43,2022,43,"Международный дискуссионный клуб «Валдай», выступление там В. Путина","Международный дискуссионный клуб «Валдай», выступление там В. Путина.",5.0
2022-43,2022,43,"“Валдай”, выступление Путина","“Валдай” – Путин отвечал на вопросы, участие в Валдайском экономическом форуме Путина и сам форум, форум на Валдае.",5.0
2022-43,2022,43,"Обстрел российских территорий со стороны Украины, теракты на них","Обстрел российских территорий со стороны Украины, теракты на них.",2.0
2022-43,2022,43,Взрыв моста в Крыму,"Обстрелы Белгородской области, обстрел Шебекино, взрывы в Брянской области, терроризм в Брянске.",2.0
2022-43,2022,43,Другие события в России,Другие события в России.,2.0
2022-43,2022,43,Мишустин поехал в Казахстан,"Господдержка беженцев из Украины, Ксения Собчак сбежала, кража госрезерва, пожар на складе в Питере, рост цен на товары и услуги.",2.0
2022-43,2022,43,Другие события в мире,Другие события в мире.,2.0
2022-43,2022,43,Выбран новый премьер Британии,"Блокировка зернового потока, выкуп Твиттера Илоном Маском, в Сеуле на истекшей неделе погибло 150 человек на празднике Хэллоуин.",2.0
2022-43,2022,43,Падение самолетов,Падение самолетов.,1.0
2022-43,2022,43,Самолеты падают,"Два взрыва самолетов, падение самолета в Иркутске, крушение самолета в Ново-Ленино, самолет разбился, самолет упал на жилой дом.",1.0
2022-45,2022,45,"Спецоперация, военные действия в целом","Военная спецоперация России на Украине, военные действия в целом. Респонденты отмечают, что следят за новостями с фронта, переживают и оплакивают смерти мирных граждан. Также отмечают гибель мобилизованных.",45.0
2022-45,2022,45,"Затрудняюсь ответить, нет ответа",Респонденты затрудняются ответить или не дают ответа.,45.0
2022-45,2022,45,Военная спецоперация России на Украине,"Военная спецоперация России на Украине, военные действия в целом. Респонденты отмечают, что следят за новостями с фронта, переживают и оплакивают смерти мирных граждан. Также отмечают гибель мобилизованных.",32.0
2022-45,2022,45,Уход российских войск из Херсона,"Уход российских войск из Херсона. Респонденты отмечают отвод войск, отступление на левый берег и частичную отдачу Херсонской области.",14.0
2022-45,2022,45,"Частичная мобилизация, ее завершение","Частичная мобилизация, ее завершение. Респонденты отмечают мобилизацию в стране, нарушение правил мобилизации, ее завершение, а также отправку родственников на войну.",4.0
2022-45,2022,45,Другие события в России,"Другие события в России. Респонденты отмечают подготовку соцработников к СВО, праздник 7 ноября, подорожание недвижимости и повышение цен на газ.",2.0
2022-45,2022,45,Другие события в мире,"Другие события в мире. Респонденты отмечают 20-й съезд Компартии Китая, подготовку к саммиту G-20, взрыв в Турции, давку в Сеуле и выселение украинских беженцев в Италии.",2.0
2022-45,2022,45,Обстрелы российских территорий со стороны Украины,Обстрелы российских территорий со стороны Украины. Респонденты отмечают обстрелы Белгородской области и планы Киева атаковать Белгородскую и Курскую области.,1.0
2022-45,2022,45,Выборы в США,Выборы в США. Респонденты отмечают выборы и перевыборы в Америке.,1.0
2022-45,2022,45,"Повышение зарплат, пенсий, пособий","Повышение зарплат, пенсий, пособий. Респонденты отмечают повышение пенсий, надбавки и выплаты детских, а также принятие закона по детским выплатам и увеличение МРОТ.",1.0
2022-45,2022,45,"Аварии, пожары","Аварии, пожары. Респонденты отмечают большое количество аварий, падение самолета в Костроме и Иркутске, а также пожары в Москве и Костроме.",1.0
2022-45,2022,45,Работа властных структур,"Работа властных структур. Респонденты отмечают выступление премьера, указ о выплатах мобилизованным, формирование запаса лекарств и разрешение старшеклассникам не посещать необязательные предметы.",1.0
2022-45,2022,45,Криминальные события,"Криминальные события. Респонденты отмечают тройное убийство в Осе, нападение с топором в Нерехте, выбрасывание ребенка из окна в Костроме и избиение парня.",1.0
2022-46,2022,46,,,48.0
2022-46,2022,46,,,41.0
2022-46,2022,46,,,33.0
2022-46,2022,46,,,5.0
2022-46,2022,46,,,5.0
2022-46,2022,46,,,3.0
2022-46,2022,46,,,2.0
2022-46,2022,46,,,1.0
2022-46,2022,46,,,1.0
2022-46,2022,46,,,1.0
2022-46,2022,46,,,1.0
2022-46,2022,46,,,1.0
2022-46,2022,46,,,1.0
2022-46,2022,46,,,1.0
2022-46,2022,46,,,1.0
2022-46,2022,46,,,1.0
2022-47,2022,47,"Затрудняюсь ответить, нет ответа","Респонденты, затруднившиеся ответить или не имеющие ответа на вопрос.",51.0
2022-47,2022,47,"Спецоперация, военные действия в целом","Военная спецоперация России на Украине, включающая боевые действия и ситуацию на фронте. Респонденты отмечают обстрелы Киева, наступление российских войск и ожидание победы.",39.0
2022-47,2022,47,Военная спецоперация России на Украине,"Военная спецоперация России на Украине, включающая боевые действия и ситуацию на фронте. Респонденты отмечают обстрелы Киева, наступление российских войск и ожидание победы.",34.0
2022-47,2022,47,Расстрел российских военнопленных,"Расстрел российских военнопленных на Украине, вызвавший возмущение и обсуждение в обществе.",2.0
2022-47,2022,47,Уход российских войск из Херсона,"Уход российских войск из Херсона, вызвавший различные оценки и обсуждения в обществе.",2.0
2022-47,2022,47,Чемпионат мира по футболу,"Чемпионат мира по футболу в Катаре, вызвавший интерес, несмотря на отстранение российской сборной.",2.0
2022-47,2022,47,Другие события в России,"Различные события в России, включая ситуацию с коронавирусом, День матери и другие происшествия.",2.0
2022-47,2022,47,Обмен военнопленными,"Обмен военнопленными между Россией и Украиной, вызвавший положительную реакцию у респондентов.",1.0
2022-47,2022,47,"Завершение частичной мобилизации, возможность второй волны мобилизации","Завершение частичной мобилизации и обсуждение возможности второй волны, вызывающие обеспокоенность в обществе.",1.0
2022-47,2022,47,"Повышение и выплата пенсий, пособий","Повышение и индексация пенсий, а также выплаты на детей, вызвавшие положительную реакцию у респондентов.",1.0
2022-47,2022,47,"Напряженные отношения между Россией и странами Запада, санкции","Напряженные отношения между Россией и странами Запада, санкции, вызвавшие обеспокоенность и обсуждение в обществе.",1.0
2022-47,2022,47,Саммит G-20 на Бали,"Саммит G-20 на Бали, вызвавший интерес у респондентов.",1.0
2022-47,2022,47,"Рост цен, тарифов","Рост цен и тарифов, вызвавший недовольство и обеспокоенность у респондентов.",1.0
2022-47,2022,47,"Встречи, выступления В. Путина","Встречи и выступления В. Путина, вызвавшие интерес у респондентов.",1.0
2022-47,2022,47,Работа властных структур,"Работа властных структур, включая принятие законов и другие решения, вызвавшие обсуждение в обществе.",1.0
2022-47,2022,47,Падение ракет в Польше,"Падение ракет в Польше, вызвавшее международный резонанс и обсуждение в обществе.",1.0
2022-47,2022,47,Другие события в мире,"Различные события в мире, включая встречу ОДКБ в Армении, смерть министра иностранных дел Беларуси и другие события.",1.0
2022-48,2022,48,"Затрудняюсь ответить, нет ответа","Респонденты, которые затрудняются ответить или не имеют ответа.",53.0
2022-48,2022,48,"Спецоперация, военные действия в целом","Спецоперация, военные действия в целом",35.0
2022-48,2022,48,Военная спецоперация России на Украине,"Военная спецоперация России на Украине, включающая дела на Украине и проведение операции, военные сводки, события на фронтах Украины, а также проблемы, связанные с топтанием на месте в специальной операции и гибелью солдат.",32.0
2022-48,2022,48,Чемпионат мира по футболу,"Чемпионат мира по футболу, включая мундиаль, чемпионат мира по футболу в Катаре и вылет Германии с чемпионата мира.",3.0
2022-48,2022,48,Обмен военнопленными,"Обмен военнопленными, включая возвращение россиян из украинского плена и обмен пленных несколько раз.",2.0
2022-48,2022,48,Частичная мобилизация,"Частичная мобилизация, включая мобилизацию мужчин и мобилизованных на спецоперацию.",2.0
2022-48,2022,48,"Рост цен, тарифов","Рост цен и тарифов, включая поднятие цен на коммунальные услуги, газ, воду, электричество, повышение цен на ЖКХ и проезда.",2.0
2022-48,2022,48,Другие события в мире,"Другие события в мире, включая приезд Токаева в Россию, перевыборы Си Цзиньпина и выступление Канье Уэста.",2.0
2022-48,2022,48,Обстрел российских территорий,"Обстрел российских территорий, включая обстрелы Белгородской и Курской областей.",1.0
2022-48,2022,48,Расстрел российских военнопленных,"Расстрел российских военнопленных, включая казнь солдат на Украине и расстрел российских военнослужащих на Украине.",1.0
2022-48,2022,48,"Повышение зарплат, пенсий, повышение и выплата пособий","Повышение зарплат, пенсий и выплата пособий, включая увеличение зарплаты госслужащим и бюджетникам, индексацию пенсий, выплаты на детей и повышение материнского капитала.",1.0
2022-48,2022,48,Аварии,"Аварии, включая аварии на трассах и взрыв автомобиля с газом в Волгограде.",1.0
2022-48,2022,48,"Встречи, выступления, переговоры В. Путина","Встречи, выступления и переговоры В. Путина, включая мероприятие в Сириусе, встречу с матерями и разговор с Шольцем.",1.0
2022-48,2022,48,"Напряженные отношения между Россией и странами Запада, санкции","Напряженные отношения между Россией и странами Запада, санкции, включая мнение, что весь мир ополчился против России, новые санкции со стороны Польши.",1.0
2022-48,2022,48,Работа властных структур,"Работа властных структур, включая встречу Мишустина в Узбекистане, посещение Собяниным военных на Украине и поправки в законе об иноагентах.",1.0
2022-48,2022,48,Другие события в России,"Другие события в России, включая выпуск новой ракеты Сармат, спуск на воду нового ледокола и начало выпуска завода Москвич.",1.0
2022-49,2022,49,,,52.0
2022-49,2022,49,,,34.0
2022-49,2022,49,,,29.0
2022-49,2022,49,,,3.0
2022-49,2022,49,,,2.0
2022-49,2022,49,,,2.0
2022-49,2022,49,,,2.0
2022-49,2022,49,,,2.0
2022-49,2022,49,,,2.0
2022-49,2022,49,,,1.0
2022-49,2022,49,,,1.0
2022-49,2022,49,,,1.0
2022-49,2022,49,,,1.0
2022-49,2022,49,,,1.0
2022-49,2022,49,,,1.0
2022-49,2022,49,,,1.0
2022-49,2022,49,,,1.0
2022-49,2022,49,,,1.0
2022-49,2022,49,,,1.0
2022-50,2022,50,"Затрудняюсь ответить, нет ответа",Респонденты затрудняются ответить или не дают ответа.,49.0
2022-50,2022,50,Военная спецоперация России на Украине,"Военная операция, боевые действия на Украине, последние сводки со спецоперации на Украине, о Донбассе, о войне.",38.0
2022-50,2022,50,Военная спецоперация России на Украине,"Военная спецоперация России на Украине, военные действия в целом.",34.0
2022-50,2022,50,Чемпионат мира по футболу,"Чемпионат мира по футболу, чемпионат по футболу в Дубае.",3.0
2022-50,2022,50,Обстрел российских территорий,"Обстрелы российской территории, бомбёжки: Курск и Брянск, обстреляли Белгород, прилет двух ракет под Тулу и под Энгельс, обстрелы аэродромов, возмущает обстрел Донецка, чудовищные обстрелы Донецка.",2.0
2022-50,2022,50,Работа властных структур,"Описание федерального бюджета на следующий год, по ключевой ставке, будет единое пособие для детей, биометрическая цифровизация вводится, запрет на пропаганду ЛГБТ, хотят увеличить срок службы до полутора лет.",2.0
2022-50,2022,50,"Повышение и выплата пенсий, пособий","Путин опять возобновляет пособие, поддержка населения финансово со стороны нашего правительства, детские пособия. Больше стала и пенсия, повышение пенсий.",2.0
2022-50,2022,50,Ход боевых действий,"Положение на фронте, наши успехи на Украине, наступательные действия вооруженных сил РФ, хорошо долбят Украину, Украина: положительная динамика, наступление российских войск на Донбассе, всё плохо на фронте.",1.0
2022-50,2022,50,Гибель людей в спецоперации на Украине,"Крупные потери на территории СВО, много гибнет, гибнут наши солдаты, гибель медицинского персонала, в совхоз привезли убитого с Украины.",1.0
2022-50,2022,50,"Напряженные отношения между Россией и странами Запада, санкции","Очередные пакеты санкций, принятие девятого пакета санкций против России, потолок цен на энергоресурсы, поставка оружия на Украину через Запад.",1.0
2022-50,2022,50,"Встречи, поездки, выступления В. Путина","Путин: отчет, высказывания Путина о том, что мы пойдем до конца, что мы готовимся к удару по всем, отказ Путина от ежегодной конференции, Путин проезжал по мосту.",1.0
2022-50,2022,50,Погода в России,"Гололед, метель, погодные условия – снег, снегопад в России, про плохую погоду в Москве, снегопад в Москве.",1.0
2022-50,2022,50,"Аварии, пожары","Аварии автомобильные, авария на Мариинском перекрестке, пожары частые, пожар в Подмосковье, пожары в торговых комплексах, пожары во Владивостоке, склад горел.",1.0
2022-50,2022,50,"Мобилизация, возможность второй волны мобилизации","Мобилизация, прекращение мобилизации, возможная мобилизация, могут опять начать мобилизацию.",1.0
2022-50,2022,50,Возвращение В. Бута в Россию,"Освобождение Виктора Бута, обмен Бута на Грайнер, Бут вернулся из тюрьмы.",1.0
2022-50,2022,50,"Эпидемия гриппа, ОРВИ, ОРЗ, профилактические меры","Повысилась заболеваемость ОРВИ и ОРЗ, эпидемия ОРВИ, эпидемия гриппа, свиной грипп, новый масочный режим, опять эпидемия, надо носить маски.",1.0
2022-50,2022,50,"Рост цен, тарифов","Цены растут, повышение платы за содержание жилья, ЖКХ подняли, повышение цен на ЖКХ.",1.0
2022-50,2022,50,Другие события в России,"Проблемы в Роскосмосе, в Москве начинают бункеры подготавливать, проблемы с отоплением и перебои с водой, вылов собак, красивую ледяную скульптуру зайца сделали в городе.",1.0
2022-50,2022,50,Другие события в мире,"Китайцы отказались поставлять нам процессоры, саммит в Бишкеке, в Берлине лопнул самый большой аквариум.",1.0
2022-51,2022,51,,,52.0
2022-51,2022,51,,,31.0
2022-51,2022,51,,,4.0
2022-51,2022,51,,,3.0
2022-51,2022,51,,,3.0
2022-51,2022,51,,,2.0
2022-51,2022,51,,,2.0
2022-51,2022,51,,,2.0
2022-51,2022,51,,,2.0
2022-51,2022,51,,,1.0
2022-51,2022,51,,,1.0
2022-51,2022,51,,,1.0
2022-51,2022,51,,,1.0
2022-51,2022,51,,,1.0
2022-51,2022,51,,,1.0
2022-51,2022,51,,,1.0
2023-02,2023,2,"Затрудняюсь ответить, нет ответа",Респонденты затрудняются ответить или не имеют ответа на вопрос о наиболее значимых событиях.,50.0
2023-02,2023,2,"Спецоперация, военные действия в целом","Военная операция на Украине, привлекающая внимание из-за переживаний по поводу войны, боевых действий в зоне СВО, и ситуации в Донбассе и Луганске.",41.0
2023-02,2023,2,Военная спецоперация России на Украине,"Военная спецоперация России на Украине, включающая военные действия в целом, привлекает внимание из-за переживаний по поводу войны, боевых действий в зоне СВО, и ситуации в Донбассе и Луганске.",32.0
2023-02,2023,2,Успехи российской армии,"Успехи российской армии, включая взятие Соледара и наступление к Артемовску, вызывают гордость и надежды на продвижение армии на Донбассе.",8.0
2023-02,2023,2,Гибель людей в спецоперации на Украине,"Гибель солдат и мобилизованных в ходе спецоперации на Украине, особенно трагические события в Макеевке, вызывают скорбь и обеспокоенность.",2.0
2023-02,2023,2,Обстрел российских территорий,"Обстрелы российских территорий, включая Воронеж, Белгород и Энгельс, вызывают тревогу и обеспокоенность.",1.0
2023-02,2023,2,Изменения в руководстве спецоперацией,"Изменения в руководстве спецоперацией, включая перестановку генералов и назначение главнокомандующего, привлекают внимание к управлению военными действиями.",1.0
2023-02,2023,2,Праздники,"Новый год и другие новогодние праздники, включая Рождество, отмечаются как важные события.",1.0
2023-02,2023,2,Работа властных структур,"Работа властных структур, включая заседания Думы, отмену мобилизации для многодетных отцов, повышение возраста военнослужащим, введение единого пособия на детей, законы против ЛГБТ, и изменения в трудовом законодательстве.",1.0
2023-02,2023,2,Смерть известных людей,"Смерть известных людей, таких как Инна Чурикова и Буба Кикабидзе, а также бывшего президента Башкортостана Муртазы Рахимова, вызывает скорбь и соболезнования.",1.0
2023-02,2023,2,"Встречи, поездки, выступления В. Путина","Встречи, поездки и выступления В. Путина, включая новогоднее выступление, поездки в Ростов-на-Дону и Уфу, а также награждение военнослужащих, привлекают внимание к деятельности президента.",1.0
2023-02,2023,2,"Рост цен, тарифов","Рост цен и тарифов, включая цены на услуги ЖКХ и общественный транспорт, вызывает обеспокоенность и недовольство.",1.0
2023-02,2023,2,"Мобилизация, возможность второй волны мобилизации",Обсуждение мобилизации и возможности второй волны мобилизации вызывает обеспокоенность и интерес к дальнейшим планам.,1.0
2023-02,2023,2,"Повышение зарплат, пенсий, пособий","Повышение зарплат, пенсий и пособий, включая выплаты от государства, индексацию пособий и добавки к пенсии, привлекает внимание к социальной поддержке населения.",1.0
2023-02,2023,2,"Аварии, пожары","Аварии и пожары, включая падение самолета в Якутии, отключения света в Дагестане и пожар на Косухина, привлекают внимание к чрезвычайным происшествиям.",1.0
2023-02,2023,2,"Напряженные отношения между Россией и странами Запада, санкции","Напряженные отношения между Россией и странами Запада, включая поставки оружия Украине и падение экспорта газа в Европу, вызывают обеспокоенность.",1.0
2023-02,2023,2,Погода в России,"Погодные условия в России, включая сильные морозы, снегопады и ураганы, привлекают внимание к экстремальным погодным явлениям.",1.0
2023-02,2023,2,Другие события в России,"Различные события в России, включая материальную помощь участникам СВО, заболевания известных людей и фильм ""Чебурашка"", привлекают внимание к разнообразным аспектам жизни в стране.",1.0
2023-02,2023,2,Другие события в мире,"Различные события в мире, включая взрыв газопровода в Прибалтике и землетрясение в Степанакерте, привлекают внимание к международным событиям.",1.0
2023-03,2023,3,"Затрудняюсь ответить, нет ответа",Респонденты не смогли вспомнить или не захотели отвечать на вопрос.,51.0
2023-03,2023,3,Военная спецоперация России на Украине,"Военные действия в целом, спецоперация на Украине, обстановка на Украине, новости про Украину, про войну, сведения о СВО, военная хроника, военная обстановка, боевые действия на Украине, военные действия, которые проходят в Донецкой и Луганской республиках.",34.0
2023-03,2023,3,Успехи российской армии,"Боевые действия пошли лучше, наши двигаются вперед, мы идем сейчас впереди на фронте, наступление войск на Украине, победы нашего воинства, освобождение городов на войне в Украине, взяли Соледар. Это хорошо, Соледар взяли, на Артемовск наступают, освободили Бахмут.",6.0
2023-03,2023,3,"Напряженные отношения между Россией и странами Запада, поставки оружия Украине","Совещание на базе Рамштайн, Крым: разрешение дает США взорвать, Запад продолжает поставку оружия, очередные транши оружия из Европы на Украину, вооружение им везут, хохлам.",3.0
2023-03,2023,3,Гибель людей из-за спецоперации,"Потери на Украине с нашей стороны, жизнь солдат, умирает много солдат, жалко ребят, которые гибнут в СВО, взорвали в Белгороде пацанов и в Макеевке, взрыв в Днепре: взорван дом.",1.0
2023-03,2023,3,Обстрел российских территорий,"Обстрелы Белгородской области, нападение на Крым, беспилотники в Севастополе, обстрелы ДНР и ЛНР.",1.0
2023-03,2023,3,"Встречи, поездки, выступления В. Путина","Выступление президента, обращение, Путин ездил в Ленинград, выступление Путина о 80-летии блокады, выступление Путина на Обуховском заводе. Сказал о том, что ракет много.",1.0
2023-03,2023,3,Работа властных структур,"Высказывание Медведева о ядерном статусе, изменения в налоговой системе, Пенсионный фонд объединился с социальным, сессия Госдумы, Собянин открыл новый медцентр.",1.0
2023-03,2023,3,"Мобилизация, возможность второй волны мобилизации","Вопросы о мобилизации, речь о второй волне мобилизации, слышала, что в феврале будет снова мобилизация, скрытая мобилизация, на войну забирают.",1.0
2023-03,2023,3,Смерть известных людей,"Чурикова умерла и Кикабидзе, смерть Чуриковой, Рахимов умер.",1.0
2023-03,2023,3,"Повышение зарплат, пособий","Повышение зарплаты, обещают добавки по зарплате, социальная денежная выплата, субсидия, единое пособие ввели для детей и беременных.",1.0
2023-03,2023,3,Праздники,"Крещение – праздник, Крещение было, Крещение, купели.",1.0
2023-03,2023,3,"Рост цен, тарифов","Рост цен, квартплата, которая повышается, повышение цен на ЖКХ, увеличение ЖКХ на 9%, только слежу за ценами в магазине.",1.0
2023-03,2023,3,Другие события в России,"Годовщина блокады Ленинграда, катаклизмы погодные в России. Питер тонет, там где-то машины стоят из-за мороза, пробки кругом, открытие банков в Крыму, Никита Михалков в больнице – расстроило, что в Казани готовят бомбоубежище.",1.0
2023-03,2023,3,Другие события в мире,"Гражданская война в Мексике, катастрофа – самолет упал в Непале.",1.0
2023-04,2023,4,"Затрудняюсь ответить, нет ответа",Респонденты затрудняются ответить или не дают ответа.,46.0
2023-04,2023,4,"Спецоперация, военные действия в целом","Военные действия на Украине, переживания за войну, ситуация на фронте и вокруг СВО, происходящее на Украине и война на Донбассе.",41.0
2023-04,2023,4,Военная спецоперация России на Украине,"Военная спецоперация России на Украине, включающая военные действия в целом, ситуацию на фронте, события вокруг СВО и войну на Донбассе.",39.0
2023-04,2023,4,"Напряженные отношения между Россией и странами Запада, поставки оружия Украине","Напряженные отношения между Россией и странами Запада, поставки оружия Украине, нагнетание обстановки, поставки танков и вооружение Украины другими странами.",9.0
2023-04,2023,4,Успехи российской армии,"Успехи российской армии на Украине, наступление войск, захват Соледара, победа под Бахмутом и наступательные действия на трех фронтах.",3.0
2023-04,2023,4,Гибель людей из-за спецоперации,"Гибель военных и мирных жителей на Украине, гибель солдат и людей.",1.0
2023-04,2023,4,Работа властных структур,"Работа властных структур, включая законопроекты об абортах и вырубке деревьев, а также отмену налоговой декларации у чиновников.",1.0
2023-04,2023,4,"Мобилизация, возможность второй волны мобилизации","Возможная мобилизация, тревога о наборе в армию, разговоры о мобилизации в феврале.",1.0
2023-04,2023,4,"Рост цен, тарифов","Рост цен на ЖКХ, повышение тарифов на теплоэнергетику и цен на бензин.",1.0
2023-04,2023,4,"Аварии, несчастные случаи","Аварии и несчастные случаи, включая аварию в Соликамске-Кунгуре, рост числа ДТП в Санкт-Петербурге и утонувшую в реке женщину.",1.0
2023-04,2023,4,Другие события в России,"Другие события в России, включая снятие блокады в Ленинграде, волонтерскую помощь для СВО, день рождения Высоцкого и выпуск нового автомобиля ""Москвич"".",1.0
2023-04,2023,4,Другие события в мире,"Другие события в мире, включая авиакатастрофу в Непале, поиски обломков космических ракет в Казахстане, выпуск мемуаров принца Гарри и сожжение Корана.",1.0
2023-05,2023,5,"Затрудняюсь ответить, нет ответа",Респонденты затрудняются ответить или не дают ответа.,48.0
2023-05,2023,5,"Спецоперация, военные действия в целом","Военная спецоперация на Украине, волнующая респондентов, с разными мнениями о ее ходе и последствиях.",40.0
2023-05,2023,5,Военная спецоперация России на Украине,"Военная спецоперация России на Украине, волнующая респондентов, с разными мнениями о ее ходе и последствиях.",36.0
2023-05,2023,5,"Напряженные отношения между Россией и странами Запада, поставки оружия Украине","Напряженные отношения между Россией и странами Запада, поставки оружия Украине, военная помощь и вооружение Украины со стороны Запада.",5.0
2023-05,2023,5,Успехи российской армии,"Успехи российской армии в ходе спецоперации на Украине, продвижение войск и небольшие победы.",2.0
2023-05,2023,5,Другие события в России,"Другие события в России, такие как потепление погоды, пресечение теракта в Екатеринбурге, метеорит в Кемеровской области, перекрытие Ленинградского моста.",2.0
2023-05,2023,5,Другие события в мире,"Другие события в мире, атака беспилотников на иранские заводы оборонные, китайский зонд над США.",2.0
2023-05,2023,5,Гибель людей из-за спецоперации,"Гибель людей в ходе спецоперации, большое количество убитых солдат.",1.0
2023-05,2023,5,Обстрелы российских территорий со стороны Украины,"Обстрелы российских территорий со стороны Украины, включая Белгородскую и Брянскую области, угрозы ракетных ударов по Крыму.",1.0
2023-05,2023,5,Обмен военнопленными,"Обмен военнопленными между Россией и Украиной, освобождение и возвращение российских солдат.",1.0
2023-05,2023,5,Работа властных структур,"Работа властных структур, повышение призывного возраста, закон о конфиденциальных данных чиновников.",1.0
2023-05,2023,5,"Годовщины, памятные события","Годовщина прорыва блокады Ленинграда, юбилей снятия блокады, Сталинградская битва, празднование 80-летия Сталинградской битвы.",1.0
2023-05,2023,5,"Мобилизация, возможность второй волны мобилизации","Возможная вторая волна мобилизации, сборы на войну.",1.0
2023-05,2023,5,"Аварии, несчастные случаи","Аварии в России, отключение электричества, техногенность, обморожение вахтовиков в Хабаровске, перебои с телефонией в Питере.",1.0
2023-05,2023,5,"Повышение пенсий, пособий","Повышение пенсий и пособий, увеличение детских пособий и материнского капитала, индексация выплат пособий.",1.0
2023-05,2023,5,"Рост цен, тарифов","Рост цен и тарифов, удорожание импортного спортивного питания, повышение оплаты за детсад.",1.0
2023-06,2023,6,"Затрудняюсь ответить, нет ответа","Затрудняюсь ответить, нет ответа",36.0
2023-06,2023,6,Землетрясение в Турции и Сирии,"Землетрясение в Турции и Сирии, трагедия, много погибших, спасение детей.",33.0
2023-06,2023,6,"Спецоперация, военные действия в целом","Военная спецоперация России на Украине, боевые действия, положение на фронте, ситуация в военной операции, Артемовск, Бахмут, Донбасс.",31.0
2023-06,2023,6,Военная спецоперация России на Украине,"Военная спецоперация России на Украине, боевые действия, положение на фронте, ситуация в военной операции, Артемовск, Бахмут, Донбасс.",30.0
2023-06,2023,6,"Аварии, взрывы","Аварии, взрывы, взрывы в жилых домах, взрыв бытового газа, дома взрываются плохо работают газовщики, взрыв газа в Новосибирске.",3.0
2023-06,2023,6,Гибель людей из-за спецоперации,"Гибель людей из-за спецоперации, гибель наших ребят на Украине, гибель пермских детей на Украине, люди гибнут тысячами с обеих сторон, живая кровь наша.",1.0
2023-06,2023,6,Успехи российской армии,"Успехи российской армии, наши продвинулись, мы наступаем – по военным вопросам, стабилизируется ситуация на Донбассе, и это приведет к положительному результату, взятие Соледара, взятие Бахмута.",1.0
2023-06,2023,6,"Напряженные отношения между Россией и странами Запада, поставки оружия Украине","Напряженные отношения между Россией и странами Запада, поставки оружия Украине, Америка хамит всем и России, поставка вооружения Западом, поставка танков на Украину, танки из Германии, переживаем, что поставят дальнобойные ракеты и будут до нас долетать.",1.0
2023-06,2023,6,"Рост цен, тарифов","Рост цен, повышение цен ЖКХ, добавили цены на электричество в России.",1.0
2023-06,2023,6,Работа властных структур,"Работа властных структур, встреча Путина с работниками Аэрофлота, ставка рефинансирования ЦБ на прежнем уровне, Минобразования предлагает исключить русский язык из ЕГЭ.",1.0
2023-06,2023,6,"Мобилизация, возможность второй волны мобилизации","Мобилизация, возможность второй волны мобилизации, только вопросы мобилизации, мобилизации по СВО, что мобилизация не закончилась, вторая волна призыва: этого боятся все и не хотят туда идти.",1.0
2023-06,2023,6,Другие события в России,"Другие события в России, пенсию добавляют, болезнь Костомарова: ему ампутировали стопы, серийная сборка автомобиля “Москвич”, “Лыжня России”.",1.0
2023-06,2023,6,Другие события в мире,"Другие события в мире, взрыв “Северного потока” – расследование, разведывательный шар над Штатами, огненные смерчи в Чили.",1.0
2023-07,2023,7,"Затрудняюсь ответить, нет ответа","Респонденты, которые затрудняются ответить или не имеют ответа.",39.0
2023-07,2023,7,Военная спецоперация России на Украине,"Военная спецоперация России на Украине, включая последние сводки с фронта и успехи российской армии.",33.0
2023-07,2023,7,Землетрясение в Турции и Сирии,"Землетрясение в Турции и Сирии, повлекшее многочисленные жертвы и разрушения.",21.0
2023-07,2023,7,Успехи российской армии,"Наступательные действия на Украине с нашей стороны, наступление России на Украине, продвижение наших войск вперед.",2.0
2023-07,2023,7,"Напряженные отношения между Россией и странами Запада, поставки оружия Украине","Напряженные отношения между Россией и странами Запада, поставки оружия Украине, новые санкции против России.",2.0
2023-07,2023,7,Расследование С. Херша о роли США во взрывах на «Северных потоках»,"Расследование С. Херша о роли США во взрывах на «Северных потоках», взрыв газопровода.",2.0
2023-07,2023,7,Другие события в России,"Другие события в России, включая уровень доверия к Путину, приговор Фургалу и состояние Костомарова.",2.0
2023-07,2023,7,Выступления В. Путина,Выступления В. Путина на заседаниях и перед студентами.,1.0
2023-07,2023,7,Работа властных структур,"Работа властных структур, включая выступления Лаврова перед депутатами Госдумы и информацию о введении штрафов.",1.0
2023-07,2023,7,"Мобилизация, возможность второй волны мобилизации",Обсуждение возможности второй волны мобилизации.,1.0
2023-07,2023,7,Крушение поезда с химикатами в Огайо,"Крушение поезда с химикатами в Огайо, катастрофа.",1.0
2023-07,2023,7,"Аварии, взрывы, несчастные случаи","Аварии, взрывы, несчастные случаи, включая взрывы газа и другие происшествия.",1.0
2023-07,2023,7,Другие события в мире,"Другие события в мире, включая выступления Виктории Нуланд и конференцию в Мюнхене.",1.0
2023-08,2023,8,"Затрудняюсь ответить, нет ответа","Затрудняюсь ответить, нет ответа",40.0
2023-08,2023,8,Военная спецоперация России на Украине,"Военная спецоперация России на Украине, военные действия, ситуация на Украине, сообщения с фронта, гибель людей в военных действиях.",30.0
2023-08,2023,8,Послание В. Путина Федеральному собранию,"Выступление Путина перед Федеральным собранием, доклад Путина, обращение президента к народу.",19.0
2023-08,2023,8,Землетрясение в Турции и Сирии,"Землетрясение в Сирии и Турции, работа МЧС в Турции.",9.0
2023-08,2023,8,"Праздники, концерты","Празднование 23 Февраля, концерт, посвященный Дню защиты Отечества, Масленица.",1.0
2023-08,2023,8,"Напряженные отношения между Россией и странами Запада, поставки оружия Украине","Отношение Запада к нашей стране, нападки Америки, санкции, поставки американцами ракет Украине, отправка вооружения на Украину, танки Запада на Украине.",1.0
2023-08,2023,8,Приостановка участия России в договоре СНВ-3,"Выход России из договора по стратегическим ракетам, выход из программы ядерного сдерживания, договор о вооружении – приостановка участия, ядерный договор прерванный с США.",1.0
2023-08,2023,8,"Визит Д. Байдена на Украину, в Польшу","Визит Байдена в Киев и в Польшу, посещение Байденом Киева, американец к Зеленскому поехал.",1.0
2023-08,2023,8,"Мобилизация, возможность второй волны мобилизации","Мобилизация, про мобилизацию везде, про вторую волну, начинается мобилизация, детей всё мобилизуют и мобилизуют, поэтому мы и переживаем, собираюсь на войну.",1.0
2023-08,2023,8,Другие события в России,"Всё дорожает, срок службы в армии меняют, движение по Крымскому мосту восстановили, здоровье Костомарова, в Красноярске сгорел склад.",1.0
2023-08,2023,8,Другие события в мире,"В Америке взрываются поезда с токсинами, мир, Китай, послание, расследование аварии на газовом потоке.",1.0
2023-09,2023,9,,,
2023-09,2023,9,,,
2023-09,2023,9,,,
2023-09,2023,9,,,
2023-09,2023,9,,,
2023-09,2023,9,,,
2023-09,2023,9,,,
2023-09,2023,9,,,
2023-09,2023,9,,,
2023-09,2023,9,,,
2023-09,2023,9,,,
2023-09,2023,9,,,
2023-09,2023,9,,,
2023-09,2023,9,,,
2023-09,2023,9,,,
2023-09,2023,9,,,
2023-10,2023,10,"Затрудняюсь ответить, нет ответа",Респонденты затрудняются ответить или не дают ответа.,50.0
2023-10,2023,10,Военная спецоперация России на Украине,"Военная спецоперация России на Украине, военные действия в целом, отдельные события. Респонденты отмечают военные действия на Украине, ситуацию на фронте и в Донбассе, события, связанные с военными действиями, спецоперацию, обстрелы Белгородской области и ситуацию с поставками боеприпасов «Вагнеру».",34.0
2023-10,2023,10,Успехи российской армии,"Успехи российской армии на Украине. Респонденты отмечают наступление российских войск, успехи в Артемовске и удары по украинской инфраструктуре.",3.0
2023-10,2023,10,Проникновение диверсионной группы в Брянскую область,"Проникновение диверсионной группы в Брянскую область. Респонденты отмечают нападение диверсантов, террористические акты и подвиг мальчика Фёдора.",3.0
2023-10,2023,10,События в Грузии,"События в Грузии. Респонденты отмечают волнения, действия и митинги в Грузии, а также тревожные события.",2.0
2023-10,2023,10,Другие события в мире,"Другие события в мире. Респонденты отмечают запрет параллельного импорта из Турции, нормализацию отношений между Ираном и Саудовской Аравией и танк в Германии.",2.0
2023-10,2023,10,Землетрясение в Турции и Сирии,Землетрясение в Турции и Сирии. Респонденты отмечают ситуацию и последствия землетрясения.,1.0
2023-10,2023,10,Информация по расследованию взрывов на «Северных потоках»,"Информация по расследованию взрывов на «Северных потоках». Респонденты отмечают информацию о подрыве, причастность Украины и фейки американской прессы.",1.0
2023-10,2023,10,"Аварии, несчастные случаи","Аварии, несчастные случаи. Респонденты отмечают катастрофы, взрыв газа в Чите и другие несчастные случаи.",1.0
2023-10,2023,10,"Напряженные отношения между Россией и странами Запада, поставки оружия Украине","Напряженные отношения между Россией и странами Запада, поставки оружия Украине. Респонденты отмечают настрой Запада и поставки вооружения на Украину и из США.",1.0
2023-10,2023,10,"Действия, выступления А. Лукашенко","Действия, выступления А. Лукашенко. Респонденты отмечают визит Лукашенко в Китай и его высказывания о Зеленском, а также подписание закона о смертной казни за измену.",1.0
2023-10,2023,10,8 Марта,8 Марта. Респонденты отмечают праздник и празднование в Березниках.,1.0
2023-10,2023,10,Выступления В. Путина,Выступления В. Путина. Респонденты отмечают прямой эфир с Путиным.,1.0
2023-10,2023,10,Другие события в России,"Другие события в России. Респонденты отмечают конфликт между Шойгу и Пригожиным, инциденты с молодежью, отказ от болонской системы и финансовое положение.",1.0
2023-11,2023,11,"Затрудняюсь ответить, нет ответа","Затрудняюсь ответить, нет ответа",52.0
2023-11,2023,11,Военная спецоперация России на Украине,"Военная спецоперация России на Украине, ход боевых действий, успехи СВО, военные действия: окружили Артемовск, атаки на нашу территорию, гибнут наши солдаты, нападение на Белгородскую область, мобилизация проходит.",31.0
2023-11,2023,11,"Беспилотник США, сбитый над Черным морем","Сбитие беспилотника США над Черным морем, беспилотник сбит у наших границ, беспилотник сбитый американский, дрон американский сбили наши истребители, затопление американского беспилотника.",7.0
2023-11,2023,11,Акции протеста в Грузии,"Акции протеста в Грузии, перевороты в Грузии, события в Грузии. Еще одна точка, спровоцированная американцами.",2.0
2023-11,2023,11,Выдача ордера на арест В. Путина,"Выдача ордера на арест В. Путина международным судом, Гаага, трибунал признал Путина виноватым в том, что детей вывозит из Украины, объявление международным судом об аресте Владимира Путина.",1.0
2023-11,2023,11,"Поездки, выступления В. Путина","Поездки и выступления В. Путина, поездка Путина в Мариуполь, разговоры с генштабом в Ростове, посещение Путиным Мариуполя, созыв Путина с олигархами, бизнесом, вчерашнее выступление Путина перед предпринимателями.",1.0
2023-11,2023,11,"Аварии, пожары, несчастные случаи","Аварии, пожары, несчастные случаи, взрыв в здании ФСБ и пожар, взрыв газа в Чите, пожар в Красноярске, склады горят, дорожные происшествия, дети погибли, пугают автомобильные аварии и суицид подростков.",1.0
2023-11,2023,11,"Напряженные отношения между Россией и странами Запада, поставки оружия Украине","Напряженные отношения между Россией и странами Запада, поставки оружия Украине, антироссийская настроенность в Евросоюзе, бывших соцлагерях, нагнетание обстановки в странах НАТО, американский В-52 пролетел над Ленинградской областью, на Санкт-Петербург финны стягивают технику, помощь Запада Украине военная, финансовая.",1.0
2023-11,2023,11,Половодье в России,"Половодье в России, весенний разлив в Тульской области, наводнение в Волгоградской области, паводки, половодье в нашей области.",1.0
2023-11,2023,11,Годовщина присоединения Крыма,"Годовщина присоединения Крыма, Крым отмечает праздник присоединения к России, “Крымскую весну” отмечали, годовщина воссоединения с Крымом.",1.0
2023-11,2023,11,Визит Си Цзиньпина в Россию,"Визит Си Цзиньпина в Россию, приезд китайского лидера в Россию, встреча с Владимиром Путиным, приезд китайского лидера к нам, приезжает Си, китайский лидер.",1.0
2023-11,2023,11,Информация по расследованию взрывов на «Северных потоках»,"Информация по расследованию взрывов на «Северных потоках», про “Северный поток”, “Северные потоки"", фейк о диверсии на газопроводах.",1.0
2023-11,2023,11,Землетрясение в Турции,"Землетрясение в Турции, в основном землетрясение в Турции, разрушения в Турции, последствия землетрясения.",1.0
2023-11,2023,11,Работа властных структур,"Работа властных структур, призывной возраст увеличили, ожидается призыв, цифровые рубли, законодательные акты законодательства.",1.0
2023-11,2023,11,Банкротство американских банков,"Банкротство американских банков, банковский крах в США, банкротство трех американских банков, начали банкротиться банки в Америке, начало финансового краха в Америке.",1.0
2023-11,2023,11,Другие события в России,"Другие события в России, забастовка “Вайлдберриз”, здоровье Романа Костомарова, ЧВК “Рёдан”, отца-одиночку ограничивают в родительских правах из-за дочки, которая нарисовала антивоенный плакат, убийство парня-спортсмена в отделе полиции в Республике Дагестан.",1.0
2023-11,2023,11,Другие события в мире,"Другие события в мире, продлили зерновую сделку, события на рынке валют, турнир по фигурному катанию.",1.0
2023-12,2023,12,"Затрудняюсь ответить, нет ответа","Затрудняюсь ответить, нет ответа",47.0
2023-12,2023,12,Военная спецоперация России на Украине,"Военная спецоперация России на Украине, включая боевые действия, новости о СВО, дела на фронте, военные события в ДНР, успехи в СВО, битва за Артемовск, бои ЧВК “Вагнер”, гибель людей.",33.0
2023-12,2023,12,Визит Си Цзиньпина в Россию,"Визит Си Цзиньпина в Россию, включая визит главы Китая в Москву, встречу с Путиным.",10.0
2023-12,2023,12,Поставки оружия Украине,"Поставки оружия Украине, включая снаряды с обедненным ураном, поставки из Британии и дронов Тайванем.",3.0
2023-12,2023,12,Работа властных структур,"Работа властных структур, включая отчет правительства, новый законопроект о воинской службе, модернизация в здравоохранении, образовании.",2.0
2023-12,2023,12,"Землетрясение, наводнение в Турции","Землетрясение, наводнение в Турции, включая помощь Турции и затопление.",1.0
2023-12,2023,12,Выдача ордера на арест В. Путина,"Выдача ордера на арест В. Путина, включая решение Гаагского суда.",1.0
2023-12,2023,12,"Аварии, несчастные случаи","Аварии, несчастные случаи, включая ДТП в Томске, сбитие женщины на перекрестке, провал машины в асфальт, убийство глыбой льда, сбитие лося в Норильске.",1.0
2023-12,2023,12,Акции протеста во Франции,"Акции протеста во Франции, включая пенсионную реформу, забастовки, волнения и митинги.",1.0
2023-12,2023,12,"Поездки, выступления В. Путина","Поездки, выступления В. Путина, включая посещение Крымского полуострова и Мариуполя.",1.0
2023-12,2023,12,"Беспилотник США, сбитый над Черным морем","Беспилотник США, сбитый над Черным морем, включая сбитие американского беспилотника.",1.0
2023-12,2023,12,Природные катаклизмы в России,"Природные катаклизмы в России, включая землетрясение в Сочи и наводнение в Подмосковье.",1.0
2023-12,2023,12,Другие события в России,"Другие события в России, включая повышение пенсий, зарплат, пособий, сибирскую язву, футбол, состояние Костомарова, продажу дома Пугачевой.",1.0
2023-12,2023,12,Другие события в мире,"Другие события в мире, включая проблемы в банках США, взрыв в США, непоставку зерна в Африку, захват Киево-Печерской лавры.",1.0
2023-13,2023,13,Военная спецоперация России на Украине,"Военные действия на Украине, которые вызывают беспокойство у людей. Респонденты следят за сводками, переживают за солдат, отмечают успехи российских войск и обстрелы приграничных территорий.",30.0
2023-13,2023,13,Визит Си Цзиньпина в Россию,"Встреча Путина с главой Китая в Москве, приезд китайского лидера.",7.0
2023-13,2023,13,"Напряженные отношения между Россией и странами Запада, поставки оружия Украине","Нападки Запада, санкции против России, поставки оружия Украине, вооружение с обедненным ураном на территорию Украины.",2.0
2023-13,2023,13,"Размещение российского тактического ядерного оружия в Белоруссии, выступление А. Лукашенко","Размещение ядерного оружия в Белоруссии, Лукашенко выступление.",1.0
2023-13,2023,13,Природные катаклизмы в России,"Наводнение в регионах страны, половодье в Старой Руссе, снегопад в Ростовской области.",1.0
2023-13,2023,13,События в Киево-Печерской лавре,"События в Киево-Печерской лавре, выгоняют монахов, Украина хочет забрать себе, Зеленский хочет отобрать лавру у РПЦ.",1.0
2023-13,2023,13,Работа властных структур,"Поправки в законы, реформы внутренней политики, Шойгу к нам приезжал в Кировскую область.",1.0
2023-13,2023,13,"Рост цен, тарифов","Рост цен на всё, подорожание цен, поднятие цен на коммунальные услуги.",1.0
2023-13,2023,13,Повышение пенсий,"Добавка к пенсии, надбавка социальным пенсионерам к пенсии, пенсию прибавит, повышение пенсии с апреля.",1.0
2023-13,2023,13,"Аварии, пожары, несчастные случаи","Бьются машины, пожары по городам России, дом сгорел в Калининграде, нападения собак на людей.",1.0
2023-13,2023,13,Выдача ордера на арест В. Путина,"Ордер на арест нашего президента, Путину назначили арест, про Международный уголовный суд.",1.0
2023-13,2023,13,Другие события в России,"Теракт в Петербурге, погиб военкор Владлен Татарский из ДНР, начался весенний призыв, коррупция брянских чиновников, заболеваемость ковидом в Татарстане сокращается, сибирская язва в России.",1.0
2023-13,2023,13,Другие события в мире,"Обвинение Трампа в выплате порнозвезде, стрельба в США в школе, торнадо в Америке, ответ ООН по “Северным потокам”, протесты во Франции.",1.0
2023-14,2023,14,"Затрудняюсь ответить, нет ответа","Респонденты, которые затруднились ответить или не дали ответа.",51.0
2023-14,2023,14,Военная спецоперация России на Украине,"Военная спецоперация России на Украине, характеризующаяся сражениями под Артёмовском, продвижением российских войск, боями на Донбассе и Луганске.",31.0
2023-14,2023,14,"Теракт в Санкт-Петербурге, убийство В. Татарского","Теракт в Санкт-Петербурге, в результате которого погиб военкор Владлен Татарский. Убийство журналиста вызвало широкий общественный резонанс.",8.0
2023-14,2023,14,Визит Си Цзиньпина в Россию,"Визит китайского лидера Си Цзиньпина в Россию, встреча с президентом Путиным.",3.0
2023-14,2023,14,Работа властных структур,"Обсуждение законов в Госдуме, рассмотрение законопроектов, включая закон о полиции и проект о майских праздниках. Смена губернатора в Омске.",1.0
2023-14,2023,14,Размещение российского тактического ядерного оружия в Белоруссии,"Размещение тактического ядерного оружия и ядерных ракет в Белоруссии, переговоры с Лукашенко.",1.0
2023-14,2023,14,Визит Э. Макрона и У. Фон дер Ляйен в Пекин,"Визит Макрона и Фон дер Ляйен в Пекин, переговоры с Си Цзиньпином.",1.0
2023-14,2023,14,"Рост цен, тарифов, повышение курса валют","Рост цен на продукты, подорожание квартплаты и капремонта, падение рубля, колебания курса валют, повышение курса доллара и евро.",1.0
2023-14,2023,14,"Напряжённые отношения между Россией и странами Запада, поставки оружия Украине","Вступление Финляндии в НАТО, увеличение поставок оружия Украине.",1.0
2023-14,2023,14,"Аварии, несчастные случаи","Аварии в Оренбургской области, происшествия в Питере и Воронеже, гибель детей.",1.0
2023-14,2023,14,Природные катаклизмы в России,"Землетрясение на Камчатке, наводнение.",1.0
2023-14,2023,14,Другие события в России,"Открытие БКЛ в Москве, установка памятника Жириновскому, решение о строительстве мечети в Москве, индексация выплат и пенсий, события в Ингушетии.",1.0
2023-14,2023,14,Другие события в мире,"Столкновения в Израиле, арест Трампа, чемпионат мира по шахматам.",1.0
2023-15,2023,15,"Затрудняюсь ответить, нет ответа",Респондент затрудняется ответить.,56.0
2023-15,2023,15,Военная спецоперация России на Украине,"Военная спецоперация России на Украине, очистка Украины от бандеровцев, дела на передовой, война на Донбассе, гибель солдат, продвижение по Украине, взятие под контроль севера Артемовска, обстрелы Донецка, ожидание контрнаступления ВСУ.",30.0
2023-15,2023,15,Работа властных структур,Закон об электронных повестках,4.0
2023-15,2023,15,Работа властных структур,"Закон об электронных повестках, учет военнослужащих, изменения в правилах воинского учета.",3.0
2023-15,2023,15,"Природные катаклизмы, погодные перепады в России","Извержение вулкана на Камчатке, паводки в Краснодаре, снегопады в Ростовской области, похолодание в Татарстане.",2.0
2023-15,2023,15,"Теракт в Санкт-Петербурге, убийство В. Татарского","Теракт в Санкт-Петербурге против журналиста Владлена Татарского, похороны журналиста.",2.0
2023-15,2023,15,Работа властных структур,Другие события,1.0
2023-15,2023,15,"Напряженные отношения между Россией и странами Запада, поставки оружия Украине","Подготовка 11-го пакета санкций против России, война с Америкой через Украину, поставки вооружения Украине.",1.0
2023-15,2023,15,Визит Си Цзиньпиня в Россию,"Путин встретился с китайским лидером, переговоры с Китаем.",1.0
2023-15,2023,15,Праздники,"День космонавтики, Пасха, подготовка к 9 Мая.",1.0
2023-15,2023,15,Визит Эмманюэля Макрона и Урсулы фон дер Ляйен в Пекин,Визит Макрона в Китай.,1.0
2023-15,2023,15,"Аварии, пожары, несчастные случаи","Авария, в которой погибли четыре человека, ДТП в Рыбинске, пожар в Питере, в Хабаровске съел человека тигр.",1.0
2023-15,2023,15,Другие события в России,"Тихоокеанский флот по тревоге подняли, инцидент насилия над ребенком в школе в Екатеринбурге, снижение цен на молоко.",1.0
2023-15,2023,15,Другие события в мире,"Акции протеста рабочих во Франции, теракты в Судане, утечка из Пентагона.",1.0
2023-15,2023,15,Работа властных структур,Мишустин приезжал в Тюмень,1.0
2023-15,2023,15,Визит Си Цзиньпиня в Россию,Приезд Си Цзиньпиня,1.0
2023-15,2023,15,Визит Эмманюэля Макрона и Урсулы фон дер Ляйен в Пекин,В Китай ездили оба,1.0
2023-16,2023,16,"Затрудняюсь ответить, нет ответа","Затрудняюсь ответить, нет ответа",53.0
2023-16,2023,16,Военная спецоперация России на Украине,"Военные действия на Украине, спецоперация на Украине, события в Артёмовске и других местах, гибель людей на войне.",31.0
2023-16,2023,16,Работа властных структур,"Мишустин приезжал в Смоленск, отставка Усса, новый губернатор, выдача электронных повесток, закон о сборе краснокнижных растений, закон о корректировании жидкости для электронных сигарет.",3.0
2023-16,2023,16,Падение российской бомбы в Белгороде,"В Белгороде упала бомба, сход бомбы с самолета в Белгороде, инцидент в Белгороде: упала бомба, но никто не пострадал.",3.0
2023-16,2023,16,Посещение В. Путиным зоны СВО,"Визит Путина в зону спецоперации, неожиданный визит Путина в Херсонскую и Луганскую область, Путин посетил Херсонскую область, посетил отряды «Восток» и «Днепр».",2.0
2023-16,2023,16,Другие события в России,"Ковид опять, аресты в Ростове и в Самаре, отпустили сына депутата на Урале, сбившего человека, Сбербанк выплатит дивиденды.",2.0
2023-16,2023,16,Другие события в мире,"Высказывание турецкого министра иностранных дел, ракета Илона Маска упала, в Судане разборки.",2.0
2023-16,2023,16,Зарубежные визиты С. Лаврова,"Лавров: поездка по странам, поездка Сергея Лаврова в страны Латинской Америки, поездка Лаврова в Южную Америку, Кубу, Лавров ездил в Никарагуа.",1.0
2023-16,2023,16,"Аварии, пожары, несчастные случаи","Аварии, пожар в Бийске, пожар в Дзержинском, фанерный завод горел, бродячие собаки загрызли ребенка в Омске, ребенка загрызли собаки в Оренбурге.",1.0
2023-16,2023,16,"Природные катаклизмы, погодные перепады в России","Вулкан на Камчатке, наводнение в Крыму, река Томь пошла, погода плохая, снег, жара невероятная в Питере.",1.0
2023-16,2023,16,"Напряженные отношения между Россией и странами Запада, поставки оружия Украине","Германия выслала российских дипломатов, Америка против нас, Запад обеспечивает Украину оружием.",1.0
2023-16,2023,16,Визит Си Цзиньпина в Россию,"Визит китайского лидера в Россию, приезжал Си Цзиньпин в Москву.",1.0
2023-16,2023,16,Праздники,"День космонавтики, Пасха, праздник Пасхи, Ураза-байрам.",1.0
2023-17,2023,17,"Затрудняюсь ответить, нет ответа",Респонденты затрудняются ответить или не имеют ответа.,55.0
2023-17,2023,17,Военная спецоперация России на Украине,"Военная спецоперация России на Украине, действия на передовой, война в Донбассе, продвижение войск, положительная динамика на фронтах, наступления Украины, контрнаступление ВСУ.",34.0
2023-17,2023,17,"Природные катаклизмы, погодные перепады в России","Природные катаклизмы и погодные перепады в России, включая лесные пожары в Омской и Свердловской областях, пожары в Курганской области, на севере Якутии, вулкан на Камчатке, выпад снега и дожди в Ростове.",2.0
2023-17,2023,17,Другие события в России,"Другие события в России, включая диктант Победы, корь, поднятие цен на автомобили, дело Блиновской, поимка авторитета.",2.0
2023-17,2023,17,Другие события в мире,"Другие события в мире, включая спорт, баллотирование Байдена, разговор Зеленского и Си Цзиньпина, запуск ракеты Маском, война в Судане.",2.0
2023-17,2023,17,Работа властных структур,"Работа властных структур, включая встречу Мишустина с молодежью, сообщение Набиуллиной об утечке денег, повышение пенсии летчикам и шахтерам, легализация тонировки авто.",1.0
2023-17,2023,17,"Аварии, несчастные случаи","Аварии и несчастные случаи, включая ДТП, автобус в аварии, упавшая стена в строящемся доме в Татарстане, смерть мальчика от наркотиков.",1.0
2023-17,2023,17,"Напряженные отношения между Россией и странами Запада, поставки оружия Украине","Напряженные отношения между Россией и странами Запада, поставки оружия Украине, включая давление Запада и поставки бомб с обедненным ураном.",1.0
2023-17,2023,17,Действия В. Путина,"Действия В. Путина, включая продолжение партнерских отношений с Белоруссией, поездки на Донбасс и поздравления с Рамазаном и Пасхой.",1.0
2023-17,2023,17,Зарубежные визиты С. Лаврова,"Зарубежные визиты С. Лаврова, включая визит в США, выступление в ООН и визиты в Латинскую Америку.",1.0
2023-17,2023,17,События в Турции,"События в Турции, включая болезнь Эрдогана, плохое самочувствие в эфире, строительство атомной электростанции и открытие АЭС.",1.0
2023-17,2023,17,Международные контакты России и Китая,"Международные контакты России и Китая, включая сближение, совещание министров обороны, встречи Шойгу и Путина с китайскими лидерами.",1.0
2023-17,2023,17,Падение российской бомбы в Белгороде,"Падение российской бомбы в Белгороде, нечаянный сброс бомбы самолетом.",1.0
2023-19,2023,19,"Затрудняюсь ответить, нет ответа","Респонденты, которые затрудняются ответить или не имеют ответа.",46.0
2023-19,2023,19,Боевые действия на Украине,Боевые действия на Украине,42.0
2023-19,2023,19,Военная спецоперация России на Украине,"Военная спецоперация России на Украине, включая боевые действия, войну в Донбассе и общую военную обстановку. Респонденты отмечают большие потери с обеих сторон.",29.0
2023-19,2023,19,"Атаки дронов, взрывы, теракты на территории России","Атаки дронов, взрывы и теракты на территории России, включая атаки на Кремль, Тульскую область, Севастополь, Донбасс, покушение на Прилепина, сбитые самолеты и вертолеты в Брянской области.",7.0
2023-19,2023,19,"Празднование Дня Победы, парад на Красной площади","Празднование Дня Победы и парад на Красной площади, включая участие президентов Лукашенко и Казахстана.",6.0
2023-19,2023,19,Заявление Е. Пригожина о нехватке боеприпасов для ЧВК «Вагнер»,"Заявление Е. Пригожина о нехватке боеприпасов для ЧВК «Вагнер», в котором он говорит о нехватке боеприпасов для солдат.",3.0
2023-19,2023,19,Природные катаклизмы в России,"Природные катаклизмы в России, включая лесные пожары в Курганской, Тюменской, Свердловской областях, на Дальнем Востоке и наводнение в Иркутской области.",3.0
2023-19,2023,19,Готовящееся контрнаступление ВСУ,"Готовящееся контрнаступление ВСУ, ожидание наступления украинцев.",2.0
2023-19,2023,19,События вокруг Артемовска,"События вокруг Артемовска, включая положение в Бахмуте и Артемовске, а также отступление от Бахмута.",2.0
2023-19,2023,19,"Военные сборы, мобилизация","Военные сборы и мобилизация, включая призыв на переподготовку запасников и подготовку к военным действиям.",1.0
2023-19,2023,19,"Напряженные отношения между Россией и странами Запада, поставки оружия Украине","Напряженные отношения между Россией и странами Запада, поставки оружия Украине, включая критику Америки и Европы, клевету Запада и передачу оружия Украине.",1.0
2023-19,2023,19,Работа властных структур,"Работа властных структур, включая встречи губернатора с Путиным, приезд Мишустина, подписание приказов на военные подготовки и разрешение на эвтаназию бездомных животных.",1.0
2023-19,2023,19,Выборы в Турции,"Выборы в Турции, включая борьбу за выборы и участие Эрдогана.",1.0
2023-19,2023,19,Другие события в России,"Другие события в России, включая смерть Юдашкина и Зайцева, юбилей Валерия Гергиева, концерт Киркорова, повышение цен на бензин и появление птичьего гриппа.",1.0
2023-19,2023,19,Другие события в мире,"Другие события в мире, включая снятие ограничений по COVID, поездку Зеленского по Европе, коронацию короля Англии и повышение цен на газ.",1.0
2023-20,2023,20,"Затрудняюсь ответить, нет ответа",Респондент затрудняется ответить или не имеет ответа.,48.0
2023-20,2023,20,Военная спецоперация в целом,"Военная спецоперация России на Украине, военные действия, события в зоне СВО, новости с фронта, продвижение войск.",33.0
2023-20,2023,20,Освобождение Артёмовска,"Военная спецоперация России на Украине, освобождение Артёмовска от нацистов, взятие Бахмута под контроль.",4.0
2023-20,2023,20,"Атаки дронов, взрывы, теракты на территории России","Атаки дронов, взрывы, теракты на территории России, обстрелы территории России, Брянска, Крыма, Белгорода, диверсанты.",3.0
2023-20,2023,20,Уничтожение российскими военными вооружения и складов с боеприпасами на Украине,"Уничтожение российскими военными вооружения и складов с боеприпасами на Украине, взорвали ЗРК “Пэтриот”, сбили американское ПВО, взрыв в Хмельницком.",2.0
2023-20,2023,20,Выборы Турции,"Выборы в Турции, турецкие выборы, Эрдоган не выиграл в первом раунде.",2.0
2023-20,2023,20,Природные катаклизмы в России,"Природные катаклизмы в России, землетрясение на Камчатке, лесные пожары, наводнения, стихийные бедствия.",2.0
2023-20,2023,20,"Военные сборы, мобилизация","Военные сборы, мобилизация, подписание указа о военных сборах, сбор в запас, отправляют всех на войну, учения, призыв.",1.0
2023-20,2023,20,Другое,"Военная спецоперация России на Украине, видеообращение Пригожина, заявление Пригожина о том, что он покинет Артёмовск из-за нехватки боеприпасов, не хватает нашим войскам на Украине боеприпасов.",1.0
2023-20,2023,20,"Напряженные отношения между Россией и странами Запада, поставки оружия Украине","Напряженные отношения между Россией и странами Запада, наступление Запада на Россию, Америка травит, страны против нас, Евросоюз санкции, поставки оружия Украине.",1.0
2023-20,2023,20,Работа властных структур,"Работа властных структур, новости о законах, утверждение новой образовательной программы, закон о животных, цифровой рубль.",1.0
2023-20,2023,20,"Аварии, пожары, несчастные случаи","Аварии, пожары, несчастные случаи, авария по дороге Тейково – Иваново, погибли люди, девочку сбили на пешеходном переходе в Мурманске, пожар был где-то.",1.0
2023-20,2023,20,Выступления В. Путина,"Выступления В. Путина, выступления Путина о межнациональных отношениях, сеять нужно в селе, Путин об этом вчера разговаривал.",1.0
2023-20,2023,20,"Празднование Дня Победы, парад на Красной площади","Празднование Дня Победы, парад на Красной площади, 9 Мая, День Победы, парад Победы.",1.0
2023-20,2023,20,Другие события в России,"Другие события в России, экономический форум в Казани, в Новосибирске сняли руководителя “Вектора”, в Московском зоопарке панда родила маленьких панд.",1.0
2023-20,2023,20,Другие события в мире,"Другие события в мире, саммит в Японии, зерновая сделка, выборы в молдавской Гагаузии, крушение самолета в Швейцарии, открытие перелетов в Грузию безвизовых.",1.0
2023-21,2023,21,"Затрудняюсь ответить, нет ответа","Затрудняюсь ответить, нет ответа",49.0
2023-21,2023,21,Военная спецоперация России на Украине,"Военная спецоперация России на Украине в целом. Военные действия, военные сводки, война, спецоперация на Украине, сводки с фронтов, что творится на войне на Украине, Украина - печаль.",45.0
2023-21,2023,21,Военная спецоперация России на Украине,"Освобождение Артёмовска. Артёмовск освободили, взяли Бахмут, долгожданное освобождение Артёмовска, победа в Артёмовске.",8.0
2023-21,2023,21,Военная спецоперация России на Украине,"Вторжение боевиков из Украины в Белгородскую область. Белгородская область – вторжение, прорыв диверсионных групп в Белгородской области, атака на Белгород.",7.0
2023-21,2023,21,Военная спецоперация России на Украине,"Атаки дронов, взрывы, теракты на территории России. Атака на Краснодар беспилотником, беспилотники на российской территории, в Жуковском районе, в Тарутино, дроны нас атаковали сегодня, ДРГ в Грайвороне.",4.0
2023-21,2023,21,Другие события в России,"Другие события в России. Смерть мужа Дианы Гурцкой, ЦСКА – “Спартак”, футбол, в Татарстане уже месяц дорожает бензин.",2.0
2023-21,2023,21,Другие события в мире,"Другие события в мире. Авиасообщение с Грузией, Армения отдала часть территории Азербайджану, смерть Тины Тёрнер.",2.0
2023-21,2023,21,Военная спецоперация России на Украине,"Военные сборы, мобилизация. Мобилизация на СВО, молодых отправляют на СВО, грядущая мобилизация.",1.0
2023-21,2023,21,Работа властных структур,"Работа властных структур. Мишустин в Китае, заседание правительства о соцподдержке семей СВО, принятие закона об ограничении для людей, подлежащих военной службе.",1.0
2023-21,2023,21,"Напряженные отношения между Россией и странами Запада, поставки оружия Украине","Напряженные отношения между Россией и странами Запада, поставки оружия Украине. Америка обложила Россию, что Запад хочет дать Украине истребители, Запад хочет поставить самолеты F-16, танки поставляют на Украину, Финляндия отправила Украине пакет военной помощи.",1.0
2023-21,2023,21,Природные катаклизмы в России,"Природные катаклизмы в России. Пожары в лесах, пожары в Челябинской области, пожары на Урале, пожары, наводнения, экология, сухость, дождя нет, уровень воды в Туре, на Татарстан надвигаются гроза и град.",1.0
2023-21,2023,21,Выборы в Турции,"Выборы в Турции. Выборы, второй этап, в Турции, выборы президента Турции, Турция: выборы.",1.0
2023-21,2023,21,"Праздники, праздничные мероприятия","Праздники, праздничные мероприятия. Подготовка к Сабантую, Последний звонок, фестиваль фейерверков.",1.0
2023-22,2023,22,Военная спецоперация в целом,"Военная спецоперация в целом. Респонденты переживают за солдат, говорят о событиях на СВО, спецоперации на Украине, последних новостях с Донбасса и отсутствии конца у войны.",53.0
2023-22,2023,22,"Затрудняюсь ответить, нет ответа",Респонденты затрудняются ответить или не дают ответа.,43.0
2023-22,2023,22,Военная спецоперация России на Украине,"Военная спецоперация России на Украине в целом. Респонденты переживают за солдат, говорят о событиях на СВО, спецоперации на Украине, последних новостях с Донбасса и отсутствии конца у войны.",27.0
2023-22,2023,22,"Атаки дронов, взрывы, теракты на территории России","Атаки дронов, взрывы и теракты на территории России. Беспилотники летают недалеко, бомбят территории, южные области, Смоленщину, Краснодарский край, Крым и Москву.",16.0
2023-22,2023,22,Вторжение боевиков из Украины в Белгородскую область,"Вторжение боевиков из Украины в Белгородскую область. Атаки и провокации в Белгородской области, обстрелы Шебекино, бомбежки домов, эвакуация людей. Респонденты переживают за Белгород.",11.0
2023-22,2023,22,Освобождение Артёмовска,"Освобождение Артёмовска. Артёмовск взяли и отвоевали, Бахмут взяли, битва за Бахмут.",2.0
2023-22,2023,22,"Военные сборы, мобилизация","Военные сборы и мобилизация. Мобилизация, военные сборы в Краснодаре, мобилизованные воины, служба по контракту, забрали знакомого на Донбасс, на СВО.",1.0
2023-22,2023,22,Природные катаклизмы в России,"Природные катаклизмы в России. Пожары на севере и в Сибири, наводнение в Ростове, потопы в Крыму, торнадо в Башкирии.",1.0
2023-22,2023,22,Работа властных структур,"Работа властных структур. Действия Лаврова, ответ Лаврова и Пескова на события в Москве, хотят призывной возраст увеличить.",1.0
2023-22,2023,22,"Праздники, культурные события","Праздники, культурные события. День защиты детей, день рождения Мурманской области, открытие кинофестиваля.",1.0
2023-22,2023,22,"Аварии, несчастные случаи","Аварии, несчастные случаи. Аварии на дорогах и пропажа людей в Барнауле, авария на Софийской, мальчик погиб в Балашове, второй ребенок утонул в области.",1.0
2023-22,2023,22,Другие события в России,"Другие события в России. Перенос иконы «Троица» из музея в храм, учения на границе с Белоруссией, голосование за благоустройство города.",1.0
2023-22,2023,22,Другие события в мире,"Другие события в мире. Выборы в Турции, победа Эрдогана, столкновение поездов в Индии.",1.0
2023-23,2023,23,Военная спецоперация в целом,"Военные действия на Украине, последние сводки с фронтов, ситуация в Донбассе, переживания о солдатах, освобождение территорий.",55.0
2023-23,2023,23,"Затрудняюсь ответить, нет ответа","Респонденты, которые не смогли ответить на вопрос.",41.0
2023-23,2023,23,Военная спецоперация России на Украине,"Военные действия на Украине, последние сводки с фронтов, ситуация в Донбассе, переживания о солдатах, освобождение территорий.",30.0
2023-23,2023,23,Разрушение Каховской ГЭС,"Техногенная катастрофа на Каховской ГЭС, прорыв дамбы, затопление территорий, эвакуация населения, обсуждение причин взрыва.",18.0
2023-23,2023,23,"Атаки дронов, взрывы на территории России","Атаки на территорию России, обстрелы Воронежа, полеты беспилотников в Калужской области, падение дронов в Краснодаре и Курске.",6.0
2023-23,2023,23,Вторжение боевиков из Украины в Белгородскую область,"Атаки на Белгородскую область, налеты на Белгород, обстрелы Шебекино, бомбежка Шебекино.",4.0
2023-23,2023,23,Другие события в России,"День России 12 июня, вставка ІТ, где участвовал Мишустин, высказывания Пригожина, Сабантуй, молодоженам дают сертификат на покупку автомобиля, подорожание цен на бензин.",2.0
2023-23,2023,23,Контрнаступление ВСУ,"Украинское контрнаступление, наступление на Запорожье, отсутствие значительных успехов.",1.0
2023-23,2023,23,Освобождение Артёмовска,"Освобождение Артемовска, освобождение Бахмута, победа вагнеровцев.",1.0
2023-23,2023,23,Природные катаклизмы в России,"Природные катаклизмы, наводнение во Владивостоке, нашествие моли в Тверской области.",1.0
2023-23,2023,23,"Аварии, пожары, несчастные случаи","Горят вагоны в Уфе, отравления сидром в Самаре и Ульяновске.",1.0
2023-23,2023,23,Нападение акулы на туриста в Египте,"Нападение акулы на человека в Египте, гибель туриста.",1.0
2023-23,2023,23,Другие события в мире,"Визит премьера Канады в Киев, столкновение поездов в Индии, пожар в Казахстане.",1.0
2023-24,2023,24,"Затрудняюсь ответить, нет ответа","Затрудняюсь ответить, нет ответа.",47.0
2023-24,2023,24,Военная спецоперация в целом,"Военная спецоперация России на Украине в целом. Военные действия на Украине, война всех интересует, переживаем о наших ребятах на войне, СВО, положение на фронте, спецоперация на Украине, последние новости, ход боевых действий, боевые действия. Сам бы пошел, но меня не берут.",43.0
2023-24,2023,24,Военная спецоперация России на Украине,"Военная спецоперация России на Украине в целом. Военные действия на Украине, война всех интересует, переживаем о наших ребятах на войне, СВО, положение на фронте, спецоперация на Украине, последние новости, ход боевых действий, боевые действия. Сам бы пошел, но меня не берут.",33.0
2023-24,2023,24,Разрушение Каховской ГЭС,"Разрушение Каховской ГЭС. Взорвали Каховскую ГЭС и затопило все, взорвали плотину на Украине и все затопили, взрыв Каховской ГЭС, дамбу взорвали на Украине. Людей затопили.",6.0
2023-24,2023,24,Международный экономический форум в Санкт-Петербурге,"Международный экономический форум в Санкт-Петербурге. Петербургский международный экономический форум, саммит в Питере, экономический форум в Питере.",3.0
2023-24,2023,24,"Атаки дронов, взрывы на территории России","Атаки дронов, взрывы на территории России. Бомбежки наших городов, дроны нападают на Россию, обстрелы Курска, про Воронеж, про дроны, взрывы в Брянской области, в Подмосковье.",2.0
2023-24,2023,24,Контрнаступление ВСУ,"Контрнаступление ВСУ. Контрнаступление ВСУ, контрнаступление отбили, не прорвали оборону, успешное отражение киевского контрнаступа.",2.0
2023-24,2023,24,"Встречи, выступления В. Путина","Встречи, выступления В. Путина. Выступление Путина в Питере, президент в Питере, встреча президента с корреспондентами, вручение наград, встреча Путина с военкорами.",2.0
2023-24,2023,24,Вторжение боевиков из Украины в Белгородскую область,"Вторжение боевиков из Украины в Белгородскую область. Нападение на Белгородскую область, обстрелы Белгорода и Шебекино, события в Белгороде.",1.0
2023-24,2023,24,"Аварии, пожары, несчастные случаи","Аварии, пожары, несчастные случаи. Взрыв дома в Подмосковье, пожар в Купчино, возгорание автобуса в Санкт-Петербурге, инфекции в лагере «Лазурном».",1.0
2023-24,2023,24,Природные катаклизмы в России,"Природные катаклизмы в России. В Сочи наводнение, пожары в Красноярске, шелкопряд в Клепиках уничтожает деревья.",1.0
2023-24,2023,24,Праздники,"Праздники. День России, день рождения, 300-летие, Перми, «Алые паруса» в Питере 24 июня.",1.0
2023-24,2023,24,Работа властных структур,"Работа властных структур. Госдума приняла указ о запрете смены пола, призывной возраст хотят увеличить, губернатор наводит порядок в управлении Омской области.",1.0
2023-24,2023,24,Другие события в России,"Другие события в России. ЕГЭ, ЖКХ удавили платежами, оцифровка денег, рост акций российской биржи, чемпионат по легкой атлетике в России.",1.0
2023-24,2023,24,Другие события в мире,"Другие события в мире. Берлускони умер, Италия поставляет танки Украине, про Египет человека съела акула, финал Лиги чемпионов.",1.0
2023-25,2023,25,"Затрудняюсь ответить, нет ответа","Затрудняюсь ответить, нет ответа",44.0
2023-25,2023,25,Военная спецоперация в целом,"Военная спецоперация в целом, последние новости СВО, обстановка в районе СВО, продвижение наших войск, победы в зоне СВО.",30.0
2023-25,2023,25,Военная спецоперация России на Украине,"Военная спецоперация России на Украине, последние новости СВО, обстановка в районе СВО, продвижение наших войск, победы в зоне СВО.",27.0
2023-25,2023,25,"Мятеж, организованный Евгением Пригожиным, события вокруг ЧВК «Вагнер»","Мятеж, организованный Евгением Пригожиным, предатели, восстание Пригожина, захват штаба в Ростове, марш протеста, непонятки с Пригожиным, мятеж не состоялся.",19.0
2023-25,2023,25,"Атаки дронов, взрывы на территории России","Атаки дронов, взрывы на территории России, атаки Крыма, беспилотники, упавшие в Воронеже, обстрелы территорий, теракты.",2.0
2023-25,2023,25,Гибель батискафа в Атлантическом океане,"Гибель батискафа в Атлантическом океане, батискаф около Титаника, гибель в пучине океана, глубоководный аппарат застрял.",2.0
2023-25,2023,25,Разрушение Каховской ГЭС,"Разрушение Каховской ГЭС, взрыв дамбы, трагедия на херсонской ГЭС.",1.0
2023-25,2023,25,Контрнаступление ВСУ,"Контрнаступление ВСУ, наступательные действия в войне со стороны ВСУ, наступление украинцев на Запорожье.",1.0
2023-25,2023,25,Вторжение боевиков из Украины в Белгородскую область,"Вторжение боевиков из Украины в Белгородскую область, бомбежки и обстрелы Шебекино.",1.0
2023-25,2023,25,Международный экономический форум в Санкт-Петербурге,"Международный экономический форум в Санкт-Петербурге, форум в Питере, форум международный, форум экономический петербургский.",1.0
2023-25,2023,25,"Встречи, выступления Владимира Путина","Встречи, выступления Владимира Путина, обращение Путина, выступление Путина на встрече с военными корреспондентами.",1.0
2023-25,2023,25,Природные катаклизмы в России,"Природные катаклизмы в России, катаклизмы с природой, наводнения в Кисловодске, Сочи, Владивостоке, Осетии, ураганы.",1.0
2023-25,2023,25,Работа властных структур,"Работа властных структур, приезд Мишустина в Казань, изменения в Налоговом кодексе, приезд губернатора в Ачинск.",1.0
2023-25,2023,25,"Аварии, пожары, несчастные случаи","Аварии, пожары, несчастные случаи, аварии в Дагестане, пожар в Волжском, ДТП, отравления алкоголем.",1.0
2023-25,2023,25,"Памятные даты, праздники, фестивали","Памятные даты, праздники, фестивали, День скорби и памяти, свеча памяти, Алые паруса, День молодежи, фестиваль искусств в России.",1.0
2023-25,2023,25,Другие события в России,"Другие события в России, молодежная ассамблея в Сочи, запуск нового электрического водного транспорта, подорожание картошки.",1.0
2023-25,2023,25,Другие события в мире,"Другие события в мире, наводнение в Германии, санкции со стороны Запада и ЕС.",1.0
2023-26,2023,26,"Мятеж, организованный Е. Пригожиным, события вокруг ЧВК «Вагнер»","Мятеж, организованный Е. Пригожиным, события вокруг ЧВК «Вагнер», включая попытку свержения правительства, марш справедливости Пригожина и переживания за Путина из-за наступления на Москву военного Пригожина.",49.0
2023-26,2023,26,"Затрудняюсь ответить, нет ответа","Респонденты, которые затрудняются ответить или не имеют ответа.",36.0
2023-26,2023,26,Военная спецоперация России на Украине,"Военная спецоперация России на Украине, включая боевые действия, контрнаступление со стороны Украины и общую ситуацию.",14.0
2023-26,2023,26,Работа властных структур,"Работа властных структур, включая выступления Путина, действия правительства, повышение зарплат и детские пособия.",1.0
2023-26,2023,26,Беспорядки во Франции,"Беспорядки во Франции, вызванные убийством подростка и общей обстановкой.",1.0
2023-26,2023,26,Другие события в России,"Другие события в России, включая выпускные, День ветеранов боевых действий, потоп в Сочи, повышение тарифов такси и пропажу ребенка в Екатеринбурге.",1.0
2023-26,2023,26,Другие события в мире,"Другие события в мире, включая крушение батискафа “Титан”, остановку транспорта на границе с Польшей и поставку вооружения на Тайвань.",1.0
2023-27,2023,27,"Затрудняюсь ответить, нет ответа","Респонденты, которые затрудняются ответить или не имеют ответа.",50.0
2023-27,2023,27,Военная спецоперация в целом,"Военная спецоперация в целом, включая войну на Украине и связанные с ней военные действия.",29.0
2023-27,2023,27,Военная спецоперация России на Украине,"Военная спецоперация России на Украине, включая войну на Украине и связанные с ней военные действия.",25.0
2023-27,2023,27,"Мятеж, организованный Е. Пригожиным, события вокруг ЧВК «Вагнер»","Мятеж, организованный Е. Пригожиным, события вокруг ЧВК «Вагнер», включая захват Ростова и госизмену со стороны Пригожина.",16.0
2023-27,2023,27,"Атаки дронов, взрывы, диверсии на территории России","Атаки дронов со стороны ВСУ, бомбежки территории России, диверсии, обстрелы области, прилеты, беспилотники в Воронеже, бомбежки в Белгороде, дроны над Москвой, Брянск весь разносит, дроны в Подмосковье, Брянск, Белгород.",3.0
2023-27,2023,27,Природные катаклизмы в России,"Природные катаклизмы в России, включая наводнения и пожары.",2.0
2023-27,2023,27,Угроза подрыва ЗАЭС,"Разговоры о взрыве Запорожской АЭС, угроза Запорожской АЭС, Запорожскую АЭС собираются бомбить, хотят взорвать атомную электростанцию на Украине.",1.0
2023-27,2023,27,"Рост цен, тарифов, падение курса рубля","Рост цен, тарифов, падение курса рубля, включая рост цен и рост валюты.",1.0
2023-27,2023,27,Поставки оружия Украине,"Поставки оружия Украине, включая поставки кассетных боеприпасов и ракет.",1.0
2023-27,2023,27,"Поездки, выступления В. Путина","Поездки, выступления В. Путина, включая выступление на ШОС и приезд в Дербент.",1.0
2023-27,2023,27,"Аварии, пожары, несчастные случаи","Аварии, пожары, несчастные случаи, включая взрыв на заводе в Чапаевске и пожар на Краснознаменской улице в Твери.",1.0
2023-27,2023,27,Другие события в России,"Другие события в России, включая выступления Мишустина и Набиуллиной.",1.0
2023-27,2023,27,Другие события в мире,"Другие события в мире, включая вступление Ирана в ШОС и бунты во Франции.",1.0
2023-28,2023,28,"Затрудняюсь ответить, нет ответа",Респонденты затрудняются ответить или не дают ответа.,53.0
2023-28,2023,28,Все о спецоперации,"Военная спецоперация России на Украине в целом. Респонденты отмечают дела на фронте, как армия воюет, боевые действия, бои на Украине, обстановку на фронте, наступление войск.",26.0
2023-28,2023,28,Военная спецоперация России на Украине,"Военная спецоперация России на Украине в целом. Респонденты отмечают дела на фронте, как армия воюет, боевые действия, бои на Украине, обстановку на фронте, наступление войск.",25.0
2023-28,2023,28,"Природные аномалии, катаклизмы в России","Природные аномалии, катаклизмы в России. Респонденты отмечают наводнения, жару, потопы, пожары, сильные ливни и наводнения в Краснодаре, штормы, засуху на Урале, наводнения в Сочи, пожары в Свердловской области.",8.0
2023-28,2023,28,"Мятеж, организованный Е. Пригожиным, события вокруг ЧВК «Вагнер»","Мятеж, организованный Е. Пригожиным, события вокруг ЧВК «Вагнер». Респонденты отмечают рейд Пригожина, крестовый поход Пригожина, события с Пригожиным, марш справедливости, мнение о тактике информационной.",7.0
2023-28,2023,28,Саммит НАТО в Вильнюсе,"Саммит НАТО в Вильнюсе. Респонденты отмечают саммит НАТО в Вильнюсе, саммит с участием Зеленского, саммит НАТО о приеме Украины.",3.0
2023-28,2023,28,"Атаки дронов, взрывы, теракты и диверсии на территории России","Атаки дронов, взрывы, теракты и диверсии на территории России. Респонденты отмечают отправку дронов Украиной в Россию, артобстрелы городов, нападение на Крым, теракт на Крымском мосту, атаки на Курскую АЭС, падение беспилотника в Воронеже, Курске, обстрел Белгорода, сбитие беспилотника в Курчатове.",1.0
2023-28,2023,28,Работа властных структур,"Работа властных структур. Респонденты отмечают выборы будущие, визит Лаврова в Африку, закон, запрещающий смену пола, приезд помощника президента в Мурманскую область.",1.0
2023-28,2023,28,Криминальные события,"Криминальные события. Респонденты отмечают покушение на Симоньян и Собчак, убийство приемного сына, нападение на молодого человека в Электростали.",1.0
2023-28,2023,28,Поставки оружия Украине,"Поставки оружия Украине. Респонденты отмечают бомбы, поставляемые в Украину, кассетные бомбы, оружие Украине от США.",1.0
2023-28,2023,28,"Аварии, пожары, несчастные случаи","Аварии, пожары, несчастные случаи. Респонденты отмечают ДТП в Томске, крупный пожар в Химках, утонувшего мальчика.",1.0
2023-28,2023,28,"Поездки, выступления В. Путина","Поездки, выступления В. Путина. Респонденты отмечают встречу Путина с Пригожиным, выступление Владимира Путина о встрече с Пригожиным, выступление Владимира Путина с информацией по IT-технологиям.",1.0
2023-28,2023,28,Возвращение азовцев на Украину из Турции,"Возвращение азовцев на Украину из Турции. Респонденты отмечают возврат военнопленных из Турции украинских, отправку командиров “Азова” из Турции на Украину, сдачу Эрдоганом азовцев на Украину.",1.0
2023-28,2023,28,Другие события в России,"Другие события в России. Респонденты отмечают повышение цен на газ, подорожание бензина, отсутствие горбуши в Мурманской области, открытие памятника Державину в Великом Новгороде.",1.0
2023-28,2023,28,Другие события в мире,"Другие события в мире. Респонденты отмечают уменьшение добычи нефти арабами, волнения во Франции, закрытие генконсульства Финляндии в Санкт-Петербурге.",1.0
2023-29,2023,29,Военная спецоперация в целом,"События, связанные с военной операцией; больше, что войны касается, СВО; положение на фронте; военные действия на Украине; война на Донбассе, СВО; война, как наши воины воюют; наши идут вперед, побеждают в спецоперации; затянутые военные действия; с войной проблемы.",48.0
2023-29,2023,29,"Затрудняюсь ответить, нет ответа","Затрудняюсь ответить, нет ответа",46.0
2023-29,2023,29,Военная спецоперация России на Украине,"Военная спецоперация России на Украине, военные действия, положение на фронте, война на Донбассе, затянутые военные действия.",25.0
2023-29,2023,29,Атака на Крымский мост,"Атака на Крымский мост, взрывы Керченского моста, теракт на Крымском мосту, взорванный мост в Крыму.",23.0
2023-29,2023,29,"Атаки дронов, взрывы, диверсии на территории России","Атаки дронов, взрывы, диверсии на территории России, обстрелы нашей территории, атака беспилотников, обстрел наших городов, прилеты по территории России, что в Воронеже происходило, нефтебазу взорвали, Шебекино.",3.0
2023-29,2023,29,Работа властных структур,"Работа властных структур, новые законы, закон о смене пола, закон об утилизации автомобиля, обсуждение Семейного кодекса в Госдуме.",2.0
2023-29,2023,29,"Мятеж, организованный Е. Пригожиным, события вокруг ЧВК «Вагнер»","Мятеж, организованный Е. Пригожиным, события вокруг ЧВК «Вагнер», бунт ЧВК “Вагнер”, мятеж Пригожина, ЧВК ушел, непонятки после мятежа Пригожина. Ищут предателей.",1.0
2023-29,2023,29,Выход России из зерновой сделки,"Выход России из зерновой сделки, прекращение зерновой сделки, отказ от зерновой сделки, отмена зерновой сделки, срыв зерновой сделки.",1.0
2023-29,2023,29,"Природные аномалии, катаклизмы в России","Природные аномалии, катаклизмы в России, дожди кругом, катаклизмы и потопы, погодные условия, затопило кругом, затопление Москвы, затопление в Сочи, наводнения, поднятие уровня воды в Ангарске и в Селенге, Туапсе – наводнение.",1.0
2023-29,2023,29,"Инфляция, рост цен","Инфляция, рост цен, цены растут, инфляция, девальвация рубля, дорожает бензин каждый день, подорожание машин из-за налогов.",1.0
2023-29,2023,29,Другие события в России,"Другие события в России, стрелкова посадили, митинг мигрантов в Москве, ЧП в Тамбовской области, холера, в Московском зоопарке родились два белых тигренка.",1.0
2023-29,2023,29,Другие события в мире,"Другие события в мире, решения последней встречи НАТО, вызов в Польше нашего посла, президент Америки упал.",1.0
2023-30,2023,30,"Затрудняюсь ответить, нет ответа","Затрудняюсь ответить, нет ответа",49.0
2023-30,2023,30,Военная спецоперация в целом,"Военная спецоперация в целом, ситуация на специальной военной операции на Украине, репортажи о СВО, положение на Украине, беспокоюсь, что там на войне, новости с фронта, военные действия в Украине, о войне на Украине переживаю.",38.0
2023-30,2023,30,Военная спецоперация России на Украине,"Военная спецоперация России на Украине, ситуация на специальной военной операции на Украине, репортажи о СВО, положение на Украине, беспокоюсь, что там на войне, новости с фронта, военные действия в Украине, о войне на Украине переживаю.",28.0
2023-30,2023,30,"Атаки дронов, взрывы, диверсии на территории России","Атаки дронов, взрывы, диверсии на территории России, атаки беспилотников, беспилотники, летящие в Москву, в Москву БПЛА летели, Москва-Сити, диверсии украинские на наших территориях, Белгород бомбят, взрыв в Таганроге, ракета упала в Таганроге.",6.0
2023-30,2023,30,Атака на Крымский мост,"Атака на Крымский мост, удар по Крымскому мосту, взорвали Крымский мост, взрыв на Крымском мосту, теракт на Крымском мосту, удар по Крымскому мосту, взорвали Крымский мост, взрыв на Крымском мосту, теракт на Крымском мосту.",5.0
2023-30,2023,30,Саммит Россия – Африка в Санкт-Петербурге,"Саммит Россия – Африка в Санкт-Петербурге, с Африкой саммит, встреча с африканскими главами государств, в Питере африканцы, друзья африканские приехали в Россию, 23 миллиарда простили Африке.",5.0
2023-30,2023,30,"Природные аномалии, катаклизмы в России","Природные аномалии, катаклизмы в России, стихии, природа, пожары, пожары, жара, затопления от дождей по России, в Сочи шторм, дождь в Москве, вчерашний потоп в Москве, ливень.",3.0
2023-30,2023,30,Работа властных структур,"Работа властных структур, на Алтай ездил Мишустин, законы о мобилизации, возраст для резервистов подняли до 40, призывной возраст увеличили до 30 лет, цифровой рубль.",2.0
2023-30,2023,30,Другие события в России,"Другие события в России, парад в Питере, много призывают на войну, повышение цен на бензин и продукты, грибной сезон, девочку изнасиловали и убили в Красногорске.",2.0
2023-30,2023,30,Другие события в мире,"Другие события в мире, военный переворот в Африке, волнения в Израиле, встреча Зеленского со Столтенбергом, наводнение в Европе, пожары в Турции, акула съела мальчика в Египте.",2.0
2023-30,2023,30,"Мятеж, организованный Е. Пригожиным, события вокруг ЧВК «Вагнер»","Мятеж, организованный Е. Пригожиным, события вокруг ЧВК «Вагнер», бунт Пригожина, поход Пригожина на Москву, действия ЧВК “Вагнер”, ЧВК “Вагнер” мятеж устроили.",1.0
2023-30,2023,30,"Встречи, выступления В. Путина","Встречи, выступления В. Путина, выступление Путина на форуме, высказывания Путина о войне, Лукашенко и Путин – встреча.",1.0
2023-30,2023,30,"Аварии, пожары, несчастные случаи","Аварии, пожары, несчастные случаи, детей много погибло, утонуло, дети пропадают или в аварию попадают, падение самолёта, ДТП со смертельным исходом, кран на дом упал на Хмельницкого.",1.0
2023-31,2023,31,"Затрудняюсь ответить, нет ответа",Респонденты затрудняются ответить или не дают ответа.,54.0
2023-31,2023,31,Военная спецоперация в целом,"Военная спецоперация в целом, включающая военные новости, текущие события на Украине, военные действия на территории Украины, бои на Украине, наступление российских войск, подробности боевых действий в СВО, успехи, хорошая работа наших военных.",36.0
2023-31,2023,31,Военная спецоперация России на Украине,"Военная спецоперация России на Украине, включающая военные новости, текущие события на Украине, военные действия на территории Украины, бои на Украине, наступление российских войск, подробности боевых действий в СВО, успехи, хорошая работа наших военных.",28.0
2023-31,2023,31,"Атаки дронов, взрывы, диверсии на территории России","Атаки дронов, взрывы, диверсии на территории России, включая взрывы, беспилотники, атаки на Москву, нападения на нашу область и на Москву, и на Крым, беспилотники в Москва-Сити, беспилотники в Москве и Таганроге, беспилотники на Новороссийск.",8.0
2023-31,2023,31,"Природные аномалии, катаклизмы в России","Природные аномалии, катаклизмы в России, включая дожди, пожары, жару, смерчи, погодные катаклизмы в Краснодарском крае, ураган в Марий Эл.",3.0
2023-31,2023,31,Саммит Россия – Африка в Санкт-Петербурге,"Саммит Россия – Африка в Санкт-Петербурге, включая переговоры с Африкой, африканский саммит с участием России, саммит в Ленинграде.",2.0
2023-31,2023,31,Работа властных структур,"Работа властных структур, включая поездки Мишустина по Хабаровскому краю, Омску, Томску, Барнаулу, Владивостоку, осмотр производства, приезд министра здравоохранения, депутатов посадят на “Ладу”, 30 тысяч штрафа за неявку по повестке.",2.0
2023-31,2023,31,Атака на Крымский мост,"Атака на Крымский мост, включая бомбежки, нападения, теракты, разрушения.",1.0
2023-31,2023,31,"Инфляция, рост цен","Инфляция, рост цен, включая курс доллара, рост валют, рост цен, обесценивание денег.",1.0
2023-31,2023,31,"Аварии, пожары, несчастные случаи","Аварии, пожары, несчастные случаи, включая аварии по стране, катастрофы, взрыв в Самаре на нефтекомбинате, пожар крупный на фабрике.",1.0
2023-31,2023,31,Праздники,"Праздники, включая День ВДВ, День ВМФ, День железнодорожника, День города.",1.0
2023-31,2023,31,Криминальные события,"Криминальные события, включая выпуск педофила из тюрьмы в Подмосковье, убийство девушки, поимка маньяка, избиение девушки в Каменске.",1.0
2023-31,2023,31,Другие события в России,"Другие события в России, включая Навальному дали 19 лет, повышение пенсий работающим пенсионерам, умерла Ирина Мирошниченко, чемпионат России по футболу.",1.0
2023-31,2023,31,Другие события в мире,"Другие события в мире, включая Нигер: смещение правительства, наводнение в Китае, поставка оружия на Украину – США, суд над Трампом.",1.0
2023-32,2023,32,"Затрудняюсь ответить, нет ответа","Респонденты, которые затрудняются ответить или не имеют ответа.",54.0
2023-32,2023,32,Военная спецоперация в целом,"Военная спецоперация в целом, включающая военные действия, информацию о СВО, ситуацию на фронте и наступление на Купянском направлении.",35.0
2023-32,2023,32,Военная спецоперация России на Украине,"Военная спецоперация России на Украине, включающая военные действия, информацию о СВО, ситуацию на фронте и наступление на Купянском направлении.",27.0
2023-32,2023,32,"Атаки дронов, взрывы, диверсии на территории России","Атаки дронов, взрывы и диверсии на территории России, включая диверсионные действия с Украины, атаки дронов на Москву и другие города.",8.0
2023-32,2023,32,"Природные аномалии, катаклизмы в России","Природные аномалии и катаклизмы в России, включая штормы, потопы и ураганы в различных регионах.",3.0
2023-32,2023,32,Саммит Россия – Африка в Санкт-Петербурге,"Саммит Россия – Африка в Санкт-Петербурге, включая приезд делегатов из африканских стран и африканские встречи с Путиным.",2.0
2023-32,2023,32,Атака на Крымский мост,"Атака на Крымский мост, включая взрыв Крымского моста.",1.0
2023-32,2023,32,"Инфляция, рост цен, снижение курса рубля","Инфляция, рост цен и снижение курса рубля, включая рост цен на импортные товары и повышение курса доллара и евро.",1.0
2023-32,2023,32,Работа властных структур,"Работа властных структур, включая выступление Мишустина, новые законы для уклонистов от СВО, повышение ключевой ставки и отмену комиссии за переводы между своими счетами в разных банках.",1.0
2023-32,2023,32,Переворот в Нигере,"Переворот в Нигере, включая госпереворот и свержение правительства.",1.0
2023-32,2023,32,Запуск Россией межпланетной станции «Луна-25»,"Запуск Россией межпланетной станции «Луна-25», включая запуск спутника и полет на Луну.",1.0
2023-32,2023,32,"Смерть В. Васильевой, И. Мирошниченко","Смерть В. Васильевой, И. Мирошниченко, включая смерть актрисы Мирошниченко и похороны Веры Васильевой.",1.0
2023-32,2023,32,Криминальные события,"Криминальные события, включая новости о преступлениях и избиение участников СВО.",1.0
2023-32,2023,32,Другие события в России,"Другие события в России, включая арест Большакова, День строителя, День города и отсутствие света в Дагестане.",1.0
2023-32,2023,32,Другие события в мире,"Другие события в мире, включая конфликт Польши с Украиной, пожары на Гавайях и Родосе, и Чемпионат мира по футболу среди женщин.",1.0
2023-33,2023,33,"Затрудняюсь ответить, нет ответа",Респонденты затрудняются ответить или не дают ответа.,54.0
2023-33,2023,33,Военные хроники,"Военные хроники, ход войны, спецоперация на Украине, ситуация на Донбассе, успехи российских войск на Купянск, а также отступление Украины.",31.0
2023-33,2023,33,Военная спецоперация России на Украине,"Военная спецоперация России на Украине в целом, наступление российских войск. Респонденты отмечают военные хроники, ход войны, спецоперацию на Украине, ситуацию на Донбассе, успехи российских войск на Купянск, а также отступление Украины.",25.0
2023-33,2023,33,"Атаки дронов, взрывы, диверсии на территории России","Атаки беспилотников, взрывы и диверсии на территории России. Респонденты отмечают атаки беспилотников в Москве-Сити и Курске, прилеты беспилотников в Белгород и Новгород, а также случаи сбития дронов над Россией.",6.0
2023-33,2023,33,Атаки беспилотников,"Атаки беспилотников в Москве-Сити и Курске, прилеты беспилотников в Белгород и Новгород, а также случаи сбития дронов над Россией.",6.0
2023-33,2023,33,"Взрывы, аварии, несчастные случаи","Взрывы, аварии и несчастные случаи. Респонденты отмечают взрывы в Сергиевом Посаде, Загорске, Махачкале и на бензоколонке в Дагестане, аварию на дороге Тюмень – Марий Эл, гибель людей в Каменске-Уральском и случаи гибели самокатчиков.",6.0
2023-33,2023,33,Взрыв в Сергиевом Посаде,"Взрывы в Сергиевом Посаде, Загорске, Махачкале и на бензоколонке в Дагестане, аварию на дороге Тюмень – Марий Эл, гибель людей в Каменске-Уральском и случаи гибели самокатчиков.",6.0
2023-33,2023,33,"Природные аномалии, катаклизмы в России","Природные аномалии и катаклизмы в России. Респонденты отмечают ливни, наводнения в Приморском крае, затопление Уссурийска и пожары в Сочи.",3.0
2023-33,2023,33,катаклизмы природные,"катаклизмы природные, ливни, наводнения в Приморском крае, затопление Уссурийска и пожары в Сочи.",3.0
2023-33,2023,33,"Инфляция, рост цен, снижение курса рубля","Инфляция, рост цен и снижение курса рубля. Респонденты отмечают повышение цен на мясо, бензин, подорожание на всё, рост цен и падение рубля, а также ослабление рубля.",3.0
2023-33,2023,33,Повышение цен,"Повышение цен на мясо, бензин, подорожание на всё, рост цен и падение рубля, а также ослабление рубля.",3.0
2023-33,2023,33,Работа властных структур,"Работа властных структур. Респонденты отмечают приезд Мишустина в Самару, рассмотрение вопроса о мобилизации и наказании за неявку, закон об интернете и введение новых правил продажи лекарств.",2.0
2023-33,2023,33,Приезд Мишустина в Самару,"Приезд Мишустина в Самару, рассмотрение вопроса о мобилизации и наказании за неявку, закон об интернете и введение новых правил продажи лекарств.",2.0
2023-33,2023,33,Атака на Крымский мост,Атака на Крымский мост. Респонденты отмечают взрыв на Крымском мосту и попытки атак на Крымский мост.,1.0
2023-33,2023,33,Взрыв на Крымском мосту,Взрыв на Крымском мосту и попытки атак на Крымский мост.,1.0
2023-33,2023,33,Повышение ключевой ставки ЦБ,Повышение ключевой ставки ЦБ. Респонденты отмечают повышение ставки Центробанка.,1.0
2023-33,2023,33,Ключевая ставка,"Ключевая ставка, повышение ставки Центробанка.",1.0
2023-33,2023,33,Запуск Россией межпланетной станции «Луна-25» и её крушение,Запуск Россией межпланетной станции «Луна-25» и её крушение. Респонденты отмечают запуск спутника «Луна-25» и крушение лунной экспедиции.,1.0
2023-33,2023,33,В космос на Луну полетели,"В космос на Луну полетели, запуск спутника «Луна-25» и крушение лунной экспедиции.",1.0
2023-33,2023,33,Криминальные события,"Криминальные события. Респонденты отмечают убийство девочки в Дивногорске, криминал в Черепаново и преступления против детей.",1.0
2023-33,2023,33,Убили девочку в Дивногорске,"Убийство девочки в Дивногорске, криминал в Черепаново и преступления против детей.",1.0
2023-33,2023,33,Другие события в России,"Другие события в России. Респонденты отмечают выставку вооружения в Москве, открытие МЦД, начало сборки отечественного смартфона в Зеленограде, новые учебники истории и День строителя.",1.0
2023-33,2023,33,Выставка вооружения в Москве,"Выставка вооружения в Москве, открытие МЦД, начало сборки отечественного смартфона в Зеленограде, новые учебники истории и День строителя.",1.0
2023-33,2023,33,Другие события в мире,Другие события в мире. Респонденты отмечают потоп в Китае и пожар на Гавайях.,1.0
2023-33,2023,33,Потоп в Китае,Потоп в Китае и пожар на Гавайях.,1.0
2023-34,2023,34,"Затрудняюсь ответить, нет ответа",Респонденты затрудняются ответить или не имеют ответа.,44.0
2023-34,2023,34,"Крушение самолета в Тверской области, гибель Е. Пригожина","Крушение самолета в Тверской области, гибель Е. Пригожина. Респонденты отмечают авиакатастрофу, взрыв самолета с Пригожиным, гибель команды Пригожина, а также неопределенность в причинах и сожаление о случившемся.",29.0
2023-34,2023,34,"Военная спецоперация в целом, наступление российских войск","Военная спецоперация России на Украине. Респонденты отмечают положение на фронте, военные действия, продвижение российских войск и освобождение территорий.",21.0
2023-34,2023,34,Военная спецоперация России на Украине,"Военная спецоперация России на Украине. Респонденты отмечают положение на фронте, военные действия, продвижение российских войск и освобождение территорий.",19.0
2023-34,2023,34,"Атаки дронов, взрывы, диверсии на территории России","Атаки дронов, взрывы, диверсии на территории России. Респонденты отмечают атаки беспилотников на Москву и другие регионы, а также взрывы на различных объектах.",3.0
2023-34,2023,34,Саммит БРИКС,Саммит БРИКС. Респонденты отмечают расширение БРИКС и вхождение новых стран.,2.0
2023-34,2023,34,Другие события в России,"Другие события в России. Респонденты отмечают подготовку к первому сентября, День шахтера, форум в Лужниках и другие события.",2.0
2023-34,2023,34,Работа властных структур,"Работа властных структур. Респонденты отмечают высказывания Путина и Мишустина, повышение ставок ЦБ и увеличение налогов.",1.0
2023-34,2023,34,"Природные аномалии, катаклизмы в России","Природные аномалии, катаклизмы в России. Респонденты отмечают наводнения, дожди, пожары и другие катаклизмы в различных регионах страны.",1.0
2023-34,2023,34,"Инфляция, рост цен, снижение курса рубля","Инфляция, рост цен, снижение курса рубля. Респонденты отмечают рост цен на бензин и падение курса рубля.",1.0
2023-34,2023,34,"Взрывы, аварии, несчастные случаи","Взрывы, аварии, несчастные случаи. Респонденты отмечают гибель людей в коллекторе в Москве и взрыв в Махачкале.",1.0
2023-34,2023,34,Запуск Россией межпланетной станции «Луна-25» и её крушение,Запуск Россией межпланетной станции «Луна-25» и её крушение. Респонденты отмечают запуск спутника на Луну и его падение.,1.0
2023-34,2023,34,Другие события в мире,"Другие события в мире. Респонденты отмечают разбирательство по Трампу, слив радиоактивной воды в океан в Японии и условия для стабильности на Украине.",1.0
2023-35,2023,35,"Затрудняюсь ответить, нет ответа","Затрудняюсь ответить, нет ответа",53.0
2023-35,2023,35,Военная спецоперация России на Украине,"Военная спецоперация России на Украине, наступление российских войск. Военные действия на Украине, Донбасс и война, как обычно, все про СВО, как ребята воюют, какие потери, всего ли хватает, последние новости со спецоперации на Украине, наши молодцы, пока стойко держат оборону на всех рубежах, ход спецоперации на Украине, победы наших войск, Украина, война, чтобы наши победили.",27.0
2023-35,2023,35,"Крушение самолета в Тверской области, гибель Е. Пригожина","Крушение самолета в Тверской области, гибель Е. Пригожина. В Твери разбился самолет, разбившийся самолет с Пригожиным, гибель Евгения Пригожина при крушении самолета в Тверской области, Пригожин умер или нет?, авиакатастрофа с Пригожиным.",12.0
2023-35,2023,35,"Атаки дронов, взрывы, диверсии на территории России","Атаки дронов, взрывы, диверсии на территории России. Дроны в Москве, Калуга, Рязань, Псков, дроны в Подмосковье, нападение беспилотников, нападение на Псков, нападение на Калужскую область, обстрел Брянской области, беспилотники достигают наших городов.",6.0
2023-35,2023,35,"Природные аномалии, катаклизмы в России","Природные аномалии, катаклизмы в России. Наводнение в Амурской области, тайфун во Владивостоке, наводнение: Уссурийск, Славянка – опорные стенки валятся, машины тонут, пожар в Геленджике.",3.0
2023-35,2023,35,Другие события в России,"Другие события в России. Мост в Красноярске открыли, Россия выпустила самолет, как на Эльбрусе погиб турист, “Спартак” проиграл.",2.0
2023-35,2023,35,"Инфляция, рост цен, снижение курса рубля","Инфляция, рост цен, снижение курса рубля. Повышение цен на бензин, на товары, на продукты, резкое подорожание, рост цен на лекарства, бензин подорожал, доллар подрос, инфляция.",1.0
2023-35,2023,35,1 сентября - День знаний,"1 сентября - День знаний. 1 сентября, дети в школу пошли очно, первое сентября – День знаний, учебный год начался.",1.0
2023-35,2023,35,Работа властных структур,"Работа властных структур. Поднятие ключевой ставки Центробанка, введение биометрических данных, цифровой рубль, закон о медпрепаратах, закон о рекламе, штрафы, переписали учебник истории, реформа образовательных программ.",1.0
2023-35,2023,35,"Поездки, выступления В. Путина","Поездки, выступления В. Путина. Встреча Путина с Эрдоганом в Сочи, Путин был сегодня в Тургиново, разговор о важном Путина с учениками, разговор Путина с танкистами.",1.0
2023-35,2023,35,Саммит БРИКС,"Саммит БРИКС. БРИКС, БРИКС состоялся, приняли новых участников.",1.0
2023-35,2023,35,Подготовка к единому дню голосования,"Подготовка к единому дню голосования. 10 сентября выборы губернатора, выборы губернатора.",1.0
2023-35,2023,35,Другие события в мире,"Другие события в мире. В Китае тайфун прошёл, бунт в Африке, выброс радиоактивных вод в Японии, учения в Белоруссии.",1.0
2023-36,2023,36,"Затрудняюсь ответить, нет ответа","Затрудняюсь ответить, нет ответа",52.0
2023-36,2023,36,Военная спецоперация России на Украине,"Военная спецоперация на Украине: последние новости со спецоперации на Украине, положение на фронте, действия в зоне СВО, военные действия на Украине, наших ребят убивают на Украине, наши освобождают потихоньку Украину, наши войска пошли в наступление на Харьков, наши подбили танк английский, войска наши продвигаются, и придёт конец действиям СВО.",33.0
2023-36,2023,36,Военная спецоперация России на Украине,"Военная спецоперация России на Украине, наступление российских войск",28.0
2023-36,2023,36,"Атаки дронов, обстрелы, диверсии на территории России","Атаки дронов, обстрелы, диверсии на территории России: беспилотники везде, активизация украинских дронов на Москву, о беспилотниках, в Раменках упал, вражеские вылазки на Брянскую область, обстрел дронами Брянской области, обстрелы Белгорода, обстрелы в Батайске.",5.0
2023-36,2023,36,Гибель Е. Пригожина,"Гибель Е. Пригожина: самолет разбился с Пригожиным, авиакатастрофа Пригожина, Евгения Пригожина убили, Пригожин пропал, похороны Пригожина.",3.0
2023-36,2023,36,"Природные аномалии, катаклизмы в России","Природные аномалии, катаклизмы в России: погодные аномалии, наводнение, стихия, горят леса, Дальний Восток топит, Амур вышел из берегов, наводнение в Приморском крае.",2.0
2023-36,2023,36,"Инфляция, рост цен, снижение курса рубля","Инфляция, рост цен, снижение курса рубля: повышение цен на горючее, бензин вечно дорожает, и продукты дорожают, рост доллара, курс рубля падает.",2.0
2023-36,2023,36,Праздники,"Праздники: 1 сентября, День знаний, День города Москвы, 200 лет Минусинску, 80 лет как Украину освободили от фашистов.",2.0
2023-36,2023,36,Другие события в России,"Другие события в России: открытие нового метро во Внуково, сообщение о вспышках язвы в Воронежской области, Киркоров снялся в новых роликах.",2.0
2023-36,2023,36,Другие события в мире,"Другие события в мире: землетрясение в Марокко, Америка собралась поставлять урановые кассетные боеприпасы Украине, Блинкен приезжал в Украину, в Румынии нашли детали от беспилотника России, вопрос с Арменией, затопило Стамбул, Индия хочет поменять название своей страны.",2.0
2023-36,2023,36,Единый день голосования,"Единый день голосования: выборы, выборы губернатора, мэра выбрали, выборы мэра Москвы, выборы сегодня, уже проголосовали.",1.0
2023-36,2023,36,Работа властных структур,"Работа властных структур: выступление Мишустина, ключевая ставка ЦБ, про самозанятость: стаж в пенсионный будет идти, Дума принимает решение неучастия России в Олимпийских играх, с 1 сентября по рецептам все лекарства хотели сделать.",1.0
2023-36,2023,36,Встреча В. Путина с Р. Эрдоганом в Сочи,"Встреча В. Путина с Р. Эрдоганом в Сочи: визит Эрдогана, приезд Эрдогана, переговоры с Турцией, связь Путина с Эрдоганом – хорошая встреча.",1.0
2023-36,2023,36,"Поездки, выступления В. Путина","Поездки, выступления В. Путина: всё про Путина, Путин выступал где-то, к нам едет Путин.",1.0
2023-37,2023,37,"Затрудняюсь ответить, нет ответа","Затрудняюсь ответить, нет ответа.",54.0
2023-37,2023,37,Боевые действия на Украине,"Военная спецоперация на Украине, боевые действия на Украине, военная операция на Украине, за СВО наблюдаем, сообщения с фронтов СВО, сводки боевых действий, ситуация с Украиной, военные действия, события на фронтах.",26.0
2023-37,2023,37,Военная спецоперация России на Украине,"Военная спецоперация России на Украине, в целом, наступление российских войск.",22.0
2023-37,2023,37,Визит Ким Чен Ына в Россию,Визит Ким Чен Ына в Россию.,6.0
2023-37,2023,37,"Атаки дронов, обстрелы, диверсии на территории России","Атаки дронов, обстрелы, диверсии на территории России.",4.0
2023-37,2023,37,Аварийная посадка самолета в поле,Аварийная посадка самолета в поле.,4.0
2023-37,2023,37,Единый день голосования,Единый день голосования.,3.0
2023-37,2023,37,Работа властных структур,Работа властных структур.,2.0
2023-37,2023,37,ВЭФ во Владивостоке,ВЭФ во Владивостоке.,2.0
2023-37,2023,37,Гибель Е. Пригожина,Гибель Е. Пригожина.,1.0
2023-37,2023,37,"Инфляция, рост цен, снижение курса рубля","Инфляция, рост цен, снижение курса рубля.",1.0
2023-37,2023,37,"Природные аномалии, катаклизмы за рубежом","Природные аномалии, катаклизмы за рубежом.",1.0
2023-37,2023,37,"Природные аномалии, катаклизмы в России","Природные аномалии, катаклизмы в России.",1.0
2023-37,2023,37,"Напряженные отношения между Россией и странами Запада, поставки оружия Украине","Напряженные отношения между Россией и странами Запада, поставки оружия Украине.",1.0
2023-37,2023,37,События в Армении,События в Армении.,1.0
2023-37,2023,37,Другие события в России,Другие события в России.,1.0
2023-37,2023,37,Другие события в мире,Другие события в мире.,1.0
2023-38,2023,38,"Затрудняюсь ответить, нет ответа","Затрудняюсь ответить, нет ответа",54.0
2023-38,2023,38,Боевые действия на Украине,"Военные события на Украине, война в Донбассе, новости о войне на Украине, обстановка в военной ситуации СВО, Россия готовится к наступлению в Украине, наши хорошо наступают и отбивают позиции",26.0
2023-38,2023,38,Военная спецоперация России на Украине,"Военная спецоперация в целом, наступление российских войск",23.0
2023-38,2023,38,События в Армении,"Армяно-азербайджанский конфликт, Армения и Азербайджан – обстрелы территорий, Армения волнует, в Армении убили шесть российских миротворцев, сдача Арменией Нагорного Карабаха Азербайджану",7.0
2023-38,2023,38,"Атаки дронов, обстрелы, диверсии на территории России","Атака беспилотников, дроны, атака на Крым, обстрел штаба Черноморского флота в Севастополе, атака на Севастополь, обстрел Белгородской области, в Ростове-на-Дону беспилотники взорвались",3.0
2023-38,2023,38,Визит Ким Чен Ына в Россию,"Встреча лидеров Северной Кореи и России, наши с корейцами пообщались. Это прекрасно, товарищи из дружественной страны, приехал кореец, приезжал Ким Чен Ын",3.0
2023-38,2023,38,"Инфляция, рост цен, снижение курса рубля","То, что выросли цены, курс доллара, подорожали продукты, дорожает бензин, повышение цен на дизель",3.0
2023-38,2023,38,"Аварии, катастрофы, несчастные случаи","Аварии самолетов, вертолетов, в Москве взорвался газ, взрыв газа в Балашихе, в Барнауле ДТП с детьми, выпал молодой человек 18 лет с высотного дома",3.0
2023-38,2023,38,Генеральная Ассамблея ООН,"Ассамблея ООН, выступление Зеленского в ООН, ООН – заседание",2.0
2023-38,2023,38,Другие события в России,"Восточный экономический форум, открытие трёх заводов на Дальнем Востоке, катаклизмы в Приморском крае, коронавирус возвращается, закрытие школ и садов на карантин, чемпионат России по футболу",2.0
2023-38,2023,38,Другие события в мире,"Вчера состоялась всеобщая национальная забастовка в Греции, в Румынии нашли беспилотник российский, Ливия – наводнение, Лига чемпионов стартанула",2.0
2023-38,2023,38,Работа властных структур,"Выступление Лаврова, Колокольцев выступал, Мишустин, об электронных паспортах закон, повышение ключевой ставки",1.0
2023-38,2023,38,Единый день голосования,"Выборы в региональные органы власти, выборы губернатора, выборы мэра, выборы в новых регионах России",1.0
2023-38,2023,38,Гибель Е. Пригожина,"Гибель Пригожина, Пригожина взорвали, Пригожин, его смерть",1.0
2023-39,2023,39,"Затрудняюсь ответить, нет ответа",Респонденты затрудняются ответить или не дают ответа.,59.0
2023-39,2023,39,Военная спецоперация России на Украине,"Военная спецоперация России на Украине, наступление российских войск. Респонденты отмечают военную хронику, военные действия, спецоперацию на Украине, сводки с фронтов, дела на фронте и победы российских солдат.",28.0
2023-39,2023,39,"Военная спецоперация в целом, наступление российских войск","Военная спецоперация в целом, наступление российских войск",25.0
2023-39,2023,39,"Армяно-азербайджанский конфликт, отношения России и Армении","Армяно-азербайджанский конфликт, отношения России и Армении. Респонденты говорят о войне в Карабахе, нападении Азербайджана, беженцах, убитых миротворцах, беспорядках и упреках в сторону России, и уходе Армении от России.",5.0
2023-39,2023,39,"Атаки дронов, обстрелы, диверсии на территории России","Атаки дронов, обстрелы и диверсии на территории России. Респонденты упоминают беспилотники, взрыв штаба флота, дроны в Подмосковье, налёты и обстрелы Белгородской области, Севастополя и Курска.",3.0
2023-39,2023,39,"Инфляция, рост цен, снижение курса рубля","Инфляция, рост цен и снижение курса рубля. Респонденты отмечают поднятие цен на всё, рост цен на бензин и повышение курса доллара.",2.0
2023-39,2023,39,Работа властных структур,"Работа властных структур. Респонденты упоминают выборы Собянина, высказывание министра финансов Силуанова, новости за Кадырова и работу правительства.",1.0
2023-39,2023,39,Чествование нациста в парламенте Канады,Чествование нациста в парламенте Канады. Респонденты говорят о ситуации с нацистом в канадском парламенте и чествовании нациста в Канаде.,1.0
2023-39,2023,39,"Аварии, катастрофы, несчастные случаи","Аварии, катастрофы и несчастные случаи. Респонденты упоминают аварии на Московском шоссе, взрыв бытового газа в Тюмени, взрыв в Балашихе и ДТП.",1.0
2023-39,2023,39,"Повышение зарплат, пенсий","Повышение зарплат и пенсий. Респонденты отмечают объявление о повышении зарплаты бюджетникам, поднятие зарплаты военнослужащим и учителям с 1 октября, индексацию пенсий и повышение МРОТ с 1 января.",1.0
2023-39,2023,39,"Напряжённые отношения между Россией и странами Запада, поставки оружия Украине","Напряжённые отношения между Россией и странами Запада, поставки оружия Украине. Респонденты говорят о помощи Вашингтона и Англии Зеленскому, поставках оружия Западом и угрозе стран Запада.",1.0
2023-39,2023,39,"Встречи, выступления В. Путина",Встречи и выступления В. Путина. Респонденты упоминают встречи Путина с представителями других стран и интервью с Путиным.,1.0
2023-39,2023,39,Годовщина присоединения новых территорий к России,Годовщина присоединения новых территорий к России. Респонденты говорят о праздновании присоединения новых территорий к Российской Федерации и воссоединении с Донецкой и Луганской областями.,1.0
2023-39,2023,39,Празднование присоединения новых территорий к Российской Федерации,Празднование присоединения новых территорий к Российской Федерации,1.0
2023-39,2023,39,Другие события в России,"Другие события в России. Респонденты упоминают призыв в армию и извержение вулкана на Камчатке, а также проигрыш ""Зенита"" и выигрыш ЦСКА.",1.0
2023-39,2023,39,Другие события в мире,"Другие события в мире. Респонденты говорят об отсутствии денег в Конгрессе США на Украину, новой вспышке ковида и пожаре в Иране.",1.0
2023-40,2023,40,"Затрудняюсь ответить, нет ответа",Респонденты затрудняются ответить или не дают ответа.,57.0
2023-40,2023,40,"Военная спецоперация в целом, наступление российских войск","Военная спецоперация в целом, наступление российских войск. Респонденты отмечают дела на СВО, новости о спецоперации, обстановку на боевых действиях, наступательные действия, ликвидацию складов, успехи нашей армии в СВО, последние новости со спецоперации на Украине, спецоперацию на Украине, последние новости с фронтов.",27.0
2023-40,2023,40,Военная спецоперация России на Украине,"Военная спецоперация России на Украине, наступление российских войск. Респонденты отмечают дела на СВО, новости о спецоперации, обстановку на боевых действиях, наступательные действия, ликвидацию складов, успехи нашей армии в СВО, последние новости со спецоперации на Украине, спецоперацию на Украине, последние новости с фронтов.",25.0
2023-40,2023,40,Вторжение ХАМАС в Израиль,"Вторжение ХАМАС в Израиль. Респонденты отмечают нападение на Израиль, начало войны в Израиле, вторжение ХАМАС в Израиль, конфликт в секторе Газа.",5.0
2023-40,2023,40,Международный дискуссионный клуб «Валдай» в Сочи,"Международный дискуссионный клуб «Валдай» в Сочи. Респонденты отмечают дискуссионный клуб «Валдай», клуб «Валдай» в Сочи, встречи в Сочи.",3.0
2023-40,2023,40,"Встречи, выступления В. Путина, речь на сессии клуба «Валдай»","Встречи, выступления В. Путина, речь на сессии клуба «Валдай». Респонденты отмечают выступление Владимира Владимировича на форуме, сегодняшнее выступление Путина, встреча Путина с президентом Узбекистана.",3.0
2023-40,2023,40,"Атаки дронов, обстрелы, диверсии на территории России","Атаки дронов, обстрелы, диверсии на территории России. Респонденты сообщают о взрыве дрона в аэропорту Адлера, ДРГ в Крыму, сбитом дроне у аэропорта службой ПВО, полетах дронов на территорию России, обстреле Курска беспилотниками.",2.0
2023-40,2023,40,"Инфляция, рост цен, снижение курса рубля","Инфляция, рост цен, снижение курса рубля. Респонденты отмечают подорожание цен на топливо и продукты, рост доллара, падение рубля.",2.0
2023-40,2023,40,Армяно-азербайджанский конфликт,"Армяно-азербайджанский конфликт. Респонденты отмечают войну между Ереваном и Азербайджаном, Карабах, конфликт в Армении с Азербайджаном, Нагорный Карабах – война.",2.0
2023-40,2023,40,Криминальные события,"Криминальные события. Респонденты отмечают рост преступности, избиение людей сыном Кадырова в СИЗО, арест мэра Кизилюрта, большое количество мошенничеств с пожилыми людьми, убийство мужчины из-за девушки.",1.0
2023-40,2023,40,Природные катаклизмы в России,Природные катаклизмы в России. Респонденты отмечают наводнение в Оренбурге и в Питере.,1.0
2023-40,2023,40,Работа властных структур,"Работа властных структур. Респонденты отмечают выступление Пескова, поднятие ставки Центробанком, собрание учителей Мишустиным.",1.0
2023-40,2023,40,Праздники,"Праздники. Респонденты отмечают День города Москвы, включение ДНР, ЛНР в состав России, День учителя, празднование столетия Расула Гамзатова в Кремле, праздник в Грозном.",1.0
2023-40,2023,40,Другие события в России,"Другие события в России. Респонденты отмечают взрыв гранаты в самолёте Пригожина, обсуждение гибели Пригожина, присвоение звания героя сыну Кадырова, переживания за погибших из Коми республики.",1.0
2023-40,2023,40,Другие события в мире,"Другие события в мире. Респонденты отмечают падение автобуса в Италии, пожар на свадьбе в Ираке, чествование нациста в Канаде.",1.0
2023-41,2023,41,"Затрудняюсь ответить, нет ответа",Респондент затрудняется ответить или не имеет ответа.,44.0
2023-41,2023,41,"Вторжение ХАМАС в Израиль, ответные действия Израиля","Конфликт между Израилем и ХАМАС, военные действия в Палестине с Израилем, бомбёжки в Израиле и Палестине, война в секторе Газа, призывы ХАМАС к джихаду.",35.0
2023-41,2023,41,Военная спецоперация России на Украине,"Военная спецоперация в целом, наступление российских войск, обстановка на Украине, последние новости, неразбериха и наступление.",24.0
2023-41,2023,41,Военная спецоперация России на Украине,"Военная спецоперация в целом, наступление российских войск, обстановка на Украине, последние новости, неразбериха и наступление.",23.0
2023-41,2023,41,"Атаки дронов, обстрелы, диверсии на территории России","Атаки дронов, обстрелы, диверсии на территории России, дроны в Брянской области, нападают дронами, обстрелы Белгорода и Шебекино, тревоги в Севастополе.",1.0
2023-41,2023,41,Армяно-азербайджанский конфликт,"Армяно-азербайджанский конфликт, армянские события, в Карабахе что-то, война в Нагорном Карабахе.",1.0
2023-41,2023,41,"Инфляция, рост цен, снижение курса рубля","Инфляция, рост цен, снижение курса рубля, повышение цен, поднятие цен, цены подняли на всё, наценка на яйцо, рост цен на топливо, рост курса доллара.",1.0
2023-41,2023,41,"Аварии, пожары","Аварии, пожары, авария в метро в Москве, аварии на дорогах, дом сгорел, дети погибли у нас в городе.",1.0
2023-41,2023,41,Другие события в России,"Другие события в России, выступление нашего президента Путина, считает, что он работает хорошо, на своем месте, добавка выплат на детей, наводнение в Питере.",1.0
2023-41,2023,41,Другие события в мире,"Другие события в мире, в канадском парламенте приветствовали фашиста, Олимпиада, отклонили наших выступать, про столкновение зерновозов в Мраморном море.",1.0
2023-42,2023,42,"Затрудняюсь ответить, нет ответа","Затрудняюсь ответить, нет ответа",45.0
2023-42,2023,42,"Вторжение ХАМАС в Израиль, ответные действия Израиля","Военный конфликт между Израилем и Палестиной, беспокойство за Палестину, война с Палестиной, геноцид, бомбят даже больницы.",34.0
2023-42,2023,42,Военная спецоперация России на Украине,"События на Украине, спецоперация на Украине, последние сводки с фронтов, война с киевским режимом, наступление под Авдеевкой.",21.0
2023-42,2023,42,"Встречи, поездки, выступления В. Путина","Визит президента в Китай, Среднюю Азию, выступление Путина в Санкт-Петербурге, прошёлся по всему, был в Перми, приезжал к нам.",2.0
2023-42,2023,42,Работа властных структур,"Бюджет верстают, ставка ЦБ, визит Лаврова в Корею, деньги меняют, изменение правил поступления в колледжи после 9-го класса, Мурашко приехал, закон о сборе грибов.",1.0
2023-42,2023,42,"Аварии, пожары, несчастные случаи","Аварий много на дороге, ДТП со смертельным исходом, авария на остановке, дети часто падают из окон, авария газа в Москве, пожар в городе.",1.0
2023-42,2023,42,Криминальные события,"Убийства, маньяк в нашем районе, криминальные события в Новосибирске, на этой неделе нашли расчленённый труп.",1.0
2023-42,2023,42,"Инфляция, рост цен, снижение курса рубля","Цены вверх на продукты питания, повышение цен на бензин, подорожание мяса, ЖКХ, тарифы на электроэнергию.",1.0
2023-42,2023,42,Другие события в России,"Мобилизация в семье, с 1 ноября обещали повышение пенсий, “Факел” вчера выиграл, футбол привлекает внимание, на кладбище бегал медведь.",1.0
2023-42,2023,42,Другие события в мире,"Повреждение газопровода между Финляндией и Норвегией, токсины в Японии начали выбрасывать в океан, сжигают Коран, саммит лидеров СНГ.",1.0
2023-43,2023,43,"Затрудняюсь ответить, нет ответа",Респонденты затрудняются ответить или не дают ответа.,44.0
2023-43,2023,43,"Обострение палестино-израильского конфликта, война в зоне конфликта","Обострение палестино-израильского конфликта, война в зоне конфликта. Респонденты отмечают арабо-израильский конфликт, военный конфликт между Израилем и Палестиной, нарастание агрессии между Израилем и Палестиной, войну в Израиле, обстановку в секторе Газа и атаку Израиля на Палестину.",31.0
2023-43,2023,43,Военная спецоперация России на Украине,"Военная спецоперация России на Украине. Респонденты отмечают конфликт на Украине, войну, положение дел на фронте, военные действия на Украине, поставку дальнобойных ракет на Украину, гибель парней, победы в СВО и российскую армию.",27.0
2023-43,2023,43,Другие события в России,"Другие события в России. Респонденты отмечают землетрясение в Иркутской области, погодные изменения, снегопад в Москве, стычки с мигрантами и концерт в Серпухове.",2.0
2023-43,2023,43,Другие события в мире,"Другие события в мире. Респонденты отмечают восстание Европы против Израиля, выступление Греты Тунберг, расстрел в Америке, отстранение России в МОК и смерть Мэттью Перри.",2.0
2023-43,2023,43,Работа властных структур,"Работа властных структур. Респонденты отмечают новость о возрастном ограничении на выплату материнского капитала, повышение пенсии на 7,5% неработающим пенсионерам и положительную оценку работы руководителя республики в Москве.",1.0
2023-43,2023,43,Повышение Центробанком ключевой ставки,Повышение Центробанком ключевой ставки. Респонденты отмечают повышение ставки Центробанка и повышение ставки рефинансирования до 15% в Центробанке.,1.0
2023-43,2023,43,"Встречи, поездки, выступления В. Путина","Встречи, поездки, выступления В. Путина. Респонденты отмечают визит президента в Китай, высказывания Путина о работе с молодежью, о техническом образовании, встречу с представителями КНР и приезд Путина в Ростов.",1.0
2023-43,2023,43,"Инфляция, рост цен, снижение курса рубля","Инфляция, рост цен, снижение курса рубля. Респонденты отмечают повышение цен, падение рубля и рост курса доллара.",1.0
2023-44,2023,44,"Затрудняюсь ответить, нет ответа","Респонденты, которые затрудняются ответить или не имеют ответа.",46.0
2023-44,2023,44,Военная спецоперация России на Украине,"Военная спецоперация России на Украине, включая связанные с ней действия и события на Украине.",28.0
2023-44,2023,44,"Обострение палестино-израильского конфликта, война в зоне конфликта","Обострение палестино-израильского конфликта, включая войну в Израиле и военные действия в Палестине.",27.0
2023-44,2023,44,События в Махачкале,"Беспорядки в аэропорту Махачкалы, включая бунт и аресты дагестанской молодежи.",2.0
2023-44,2023,44,Другие события в России,"Другие события в России, включая День народного единства, закрытие Ситибанка и приезд Пугачёвой.",2.0
2023-44,2023,44,"Инфляция, рост цен, снижение курса рубля","Инфляция, рост цен и снижение курса рубля, включая подорожание куриной продукции и бензина.",1.0
2023-44,2023,44,Работа властных структур,"Работа властных структур, включая изменение ключевой ставки Центробанка, прожиточного минимума и отставку Кувшинникова.",1.0
2023-44,2023,44,"Встречи, поездки, выступления В. Путина","Встречи, поездки и выступления В. Путина, включая его обещания повысить пенсии и решение проблем с богатыми.",1.0
2023-44,2023,44,"Аварии, пожары, несчастные случаи","Аварии, пожары и несчастные случаи, включая аварии на дорогах и пожары.",1.0
2023-44,2023,44,Другие события в мире,"Другие события в мире, включая взрыв на шахте в Казахстане и приезд Макрона.",1.0
2023-45,2023,45,"Затрудняюсь ответить, нет ответа","Затрудняюсь ответить, нет ответа",51.0
2023-45,2023,45,Военная спецоперация России на Украине,"Военная спецоперация России на Украине, обстановка на СВО, развитие спецоперации, боевые действия на Украине, на Донбассе война, российские солдаты гибнут, провалилось контрнаступление Украины, на СВО начали сбивать самолеты ВСУ, награждение на прифронтовой полосе - война на Украине.",28.0
2023-45,2023,45,"Обострение палестино-израильского конфликта, война в зоне конфликта","Обострение палестино-израильского конфликта, война в зоне конфликта, ситуация на Ближнем Востоке, война на Ближнем Востоке, нападение на Израиль, убийство детей, нападение на сектор Газа, война с Палестиной Израиля, война в Газе.",23.0
2023-45,2023,45,Другие события в России,"Другие события в России, форум в Казани, менять будут 5000 и 1000 рублей – деньги, Пугачёва была в России, интервью Собчак с Моргенштерном, лёд встал.",2.0
2023-45,2023,45,Работа властных структур,"Работа властных структур, повышение ипотечной ставки, поднятие МРОТ с 1 января, повышение зарплаты.",1.0
2023-45,2023,45,"Встречи, поездки, выступления В. Путина","Встречи, поездки, выступления В. Путина, визит Путина в Казахстан, Путин в Казахстане был и в Ростове, форум, где выступал Путин, выступление Путина по будущим задачам, Путин сказал, что мобилизованные будут служить до конца.",1.0
2023-45,2023,45,Международная выставка-форум «Россия» на ВДНХ,"Международная выставка-форум «Россия» на ВДНХ, открытие выставки в Москве, открытие выставки на ВДНХ, выставка “Россия” в Москве.",1.0
2023-45,2023,45,"Инфляция, рост цен, снижение курса рубля","Инфляция, рост цен, снижение курса рубля, поднятие цен в магазинах, рост цен на всё, цены подняты, падение рубля.",1.0
2023-45,2023,45,События в Махачкале,"События в Махачкале, погром в Дагестане, захват аэропорта в Дагестане, евреев искали в Махачкале, о евреях, которых искали в турбине самолета.",1.0
2023-45,2023,45,"Аварии, пожары, несчастные случаи","Аварии, пожары, несчастные случаи, взрыв в Тамбове, магазин сгорел, сбила одноклассника насмерть машина в городе Кирове.",1.0
2023-45,2023,45,Другие события в мире,"Другие события в мире, саммит в Китае, саммит в Кыргызстане, Япония: запрет на ввоз авто.",1.0
2023-46,2023,46,"Затрудняюсь ответить, нет ответа","Затрудняюсь ответить, нет ответа",49.0
2023-46,2023,46,Военная спецоперация России на Украине,"Военная спецоперация России на Украине, связанная с положением на фронте, военными действиями, продвижением на СВО, окружением Авдеевки, пересечением границы, ситуацией на Донбассе.",29.0
2023-46,2023,46,"Обострение палестино-израильского конфликта, война в зоне конфликта","Обострение палестино-израильского конфликта, положение на Ближнем Востоке, война между евреями и арабами, война в Израиле и Палестине, война в Газе, события в секторе Газа.",18.0
2023-46,2023,46,Работа властных структур,"Работа властных структур, повышение процентной ставки по ипотеке, отмена абортов в частных клиниках, введение новых законов о мигрантах, будущая поправка про ЛГБТ, индексация пенсий в 2024 году, прибавка к пенсии к Новому году.",2.0
2023-46,2023,46,"Аварии, пожары, несчастные случаи","Аварии, пожары, несчастные случаи, аварии на дорогах, ДТП в Шексне, обрушение дома в Архангельске, пожар в Дружинино, медведь съел двух мужчин в Якутии, человека сбили насмерть на переходе.",2.0
2023-46,2023,46,Другие события в России,"Другие события в России, событие в Петербурге по культуре – это очень важно, создание нового оружия в России, убийство Татарского, сейчас идёт суд, мужчина зарезал жену, мать и ребёнка.",2.0
2023-46,2023,46,"Визит Си Цзиньпина в США, его переговоры с Джо Байденом","Визит Си Цзиньпина в США, поездка китайца в Америку, встреча лидеров США и Китая, встреча китайского лидера с Байденом, встреча Байдена и Си Цзиньпина.",1.0
2023-46,2023,46,"Инфляция, рост цен, снижение курса рубля","Инфляция, рост цен, снижение курса рубля, возросли цены на всё, повышение цен, слишком быстро растут цены, доллар растёт, а рубль падает, увеличиваются цены на товары, повышение коммунальных услуг, подорожание ЖКХ.",1.0
2023-46,2023,46,Международная выставка-форум «Россия» на ВДНХ,"Международная выставка-форум «Россия» на ВДНХ, выставка “Россия” в Москве, международная выставка “Россия” на ВДНХ, миллионный посетитель на ВДНХ.",1.0
2023-46,2023,46,Природные катаклизмы в России,"Природные катаклизмы в России, природные катаклизмы на Камчатке, Приморский край, Сахалин, шквальный ветер, штормовое предупреждение.",1.0
2023-46,2023,46,"Встречи, поездки, выступления В. Путина","Встречи, поездки, выступления В. Путина, поездки Путина, визит Путина в Казахстан, на форуме культуры очень понравилось выступление Путина, высказывания Путина.",1.0
2023-46,2023,46,Другие события в мире,"Другие события в мире, Армения заходит в Евросоюз, в Турции землетрясение, извержение вулкана в Мексике.",1.0
2023-47,2023,47,"Затрудняюсь ответить, нет ответа",Респонденты затрудняются ответить или не имеют ответа.,56.0
2023-47,2023,47,Военная спецоперация России на Украине,"Военная спецоперация России на Украине, включая военные действия в районе ДНР, продвижение в спецоперации, продвижение войск.",28.0
2023-47,2023,47,"Обострение палестино-израильского конфликта, война в зоне конфликта","Военный конфликт в Израиле, война между Израилем и Палестиной, ситуация в секторе Газа, освобождение заложников.",12.0
2023-47,2023,47,Другие события в России,"Смерть Тулеева, экономическая выставка на ВДНХ, митинг в Москве, посадка Шарлоты, заболеваемость в Карелии, расизм.",2.0
2023-47,2023,47,Другие события в мире,"Выборы в Голландии, выборы президента Аргентины, закрытие границ России с Финляндией, саммит БРИКС, чемпионат Европы по футболу.",2.0
2023-47,2023,47,Гибель Б. Максудова,Гибель российского журналиста Б. Максудова на Донбассе при обстреле ВСУ.,1.0
2023-47,2023,47,"Инфляция, рост цен","Рост инфляции, повышение цен, подорожание утилизационного сбора, подорожание яиц.",1.0
2023-47,2023,47,Работа властных структур,"Выступление Путина насчёт ОДКБ, высказывания Путина о меньшинствах, повышение ставки Центробанка, цифровой рубль, про аборты.",1.0
2023-47,2023,47,Повышение пенсий и пособий,"Повышение пенсий и пособий, прибавка к прожиточному минимуму, повышение пособий на новорожденных, повышение пенсии неработающим пенсионерам.",1.0
2023-47,2023,47,Природные катаклизмы в России,"Природные катаклизмы, погодные изменения, ураганы в Сибири.",1.0
2023-47,2023,47,"Аварии, пожары, несчастные случаи","Обрушение дома в Астрахани, столкновение поездов в Ульяновской области, аварии, падение мальчика с 14 этажа.",1.0
2023-47,2023,47,Криминальные события,"Убийство батюшкой матушки в Татарстане, убийство мальчика, избиение русских мальчиков.",1.0
2023-48,2023,48,"Затрудняюсь ответить, нет ответа","Респонденты, которым сложно ответить на вопрос.",55.0
2023-48,2023,48,Военная спецоперация России на Украине,"Военная спецоперация России на Украине, включая ситуацию на фронтах и взятие штурмом промзоны города Авдеевки.",26.0
2023-48,2023,48,"Обострение палестино-израильского конфликта, война в секторе Газа","Обострение палестино-израильского конфликта, включая новости, связанные с Палестиной и Израилем, войну в Палестине и обмен заложниками.",7.0
2023-48,2023,48,Природные катаклизмы в России,"Природные катаклизмы в России, включая мегашторм в Крыму, наводнение в Сочи, Краснодарский край и снегопад в Красноярске.",6.0
2023-48,2023,48,Другие события в России,"Другие события в России, включая выставку на ВДНХ “Форум Россия” и выступление патриарха нашего Кирилла.",2.0
2023-48,2023,48,Работа властных структур,"Работа властных структур, включая поднятие ставки финансирования и отставку спикера городской Думы.",1.0
2023-48,2023,48,"Встречи, выступления В. Путина, ожидание прямой линии","Встречи, выступления В. Путина, включая предстоящий выпуск с Путиным – ответы на вопросы и прямой эфир с президентом России.",1.0
2023-48,2023,48,"Инфляция, рост цен, тарифов","Инфляция, рост цен, включая подорожание продуктов и повышение тарифов ЖКХ.",1.0
2023-48,2023,48,Признание движения ЛГБТ экстремистским,"Признание движения ЛГБТ экстремистским, включая запрет ЛГБТ-сообщества.",1.0
2023-48,2023,48,"Аварии, пожары","Аварии и пожары, включая аварии на дорогах в Кирово-Чепецке и пожар в Ростове.",1.0
2023-48,2023,48,"Повышение зарплат, пенсий и пособий","Повышение зарплат, пенсий и пособий, включая индексацию зарплат госслужащим и добавку к пенсии.",1.0
2023-48,2023,48,Поездка С. Лаврова на заседание глав МИД стран ОБСЕ,"Поездка С. Лаврова на заседание глав МИД стран ОБСЕ, включая визит Лаврова в ОБСЕ и его речь.",1.0
2023-48,2023,48,Криминальные события,"Криминальные события, включая про похищение детей и убийство жены бизнесмена в Новороссийске.",1.0
2023-48,2023,48,Другие события в мире,"Другие события в мире, включая смерть Киссинджера и выборы в Аргентине.",1.0
2023-48,2023,48,Всё про СВО,"Военная спецоперация России на Украине, включая ситуацию на фронтах и взятие штурмом промзоны города Авдеевки.",
2023-48,2023,48,война украинская,"Военная спецоперация России на Украине, включая ситуацию на фронтах и взятие штурмом промзоны города Авдеевки.",
2023-48,2023,48,дела на СВО как обстоят,"Военная спецоперация России на Украине, включая ситуацию на фронтах и взятие штурмом промзоны города Авдеевки.",
2023-48,2023,48,сводки на фронтах,"Военная спецоперация России на Украине, включая ситуацию на фронтах и взятие штурмом промзоны города Авдеевки.",
2023-48,2023,48,что наши побеждают на СВО,"Военная спецоперация России на Украине, включая ситуацию на фронтах и взятие штурмом промзоны города Авдеевки.",
2023-48,2023,48,наш прорыв на Донбассе,"Военная спецоперация России на Украине, включая ситуацию на фронтах и взятие штурмом промзоны города Авдеевки.",
2023-48,2023,48,взятие штурмом промзоны города Авдеевки,"Военная спецоперация России на Украине, включая ситуацию на фронтах и взятие штурмом промзоны города Авдеевки.",
2023-48,2023,48,Палестино-израильский конфликт,"Обострение палестино-израильского конфликта, включая новости, связанные с Палестиной и Израилем, войну в Палестине и обмен заложниками.",
2023-48,2023,48,"новости, связанные с Палестиной и Израилем","Обострение палестино-израильского конфликта, включая новости, связанные с Палестиной и Израилем, войну в Палестине и обмен заложниками.",
2023-48,2023,48,война в Палестине,"Обострение палестино-израильского конфликта, включая новости, связанные с Палестиной и Израилем, войну в Палестине и обмен заложниками.",
2023-48,2023,48,перемирие было на востоке между Израилем и ХАМАС,"Обострение палестино-израильского конфликта, включая новости, связанные с Палестиной и Израилем, войну в Палестине и обмен заложниками.",
2023-48,2023,48,обмен заложниками,"Обострение палестино-израильского конфликта, включая новости, связанные с Палестиной и Израилем, войну в Палестине и обмен заложниками.",
2023-48,2023,48,"сектор Газа - опять начали войну, перемирие закончилось","Обострение палестино-израильского конфликта, включая новости, связанные с Палестиной и Израилем, войну в Палестине и обмен заложниками.",
2023-48,2023,48,Мегашторм в Крыму,"Природные катаклизмы в России, включая мегашторм в Крыму, наводнение в Сочи, Краснодарский край и снегопад в Красноярске.",
2023-48,2023,48,"наводнение в Сочи, Краснодарский край","Природные катаклизмы в России, включая мегашторм в Крыму, наводнение в Сочи, Краснодарский край и снегопад в Красноярске.",
2023-48,2023,48,"погодные ураганы в Крыму, Сочи, Якутии","Природные катаклизмы в России, включая мегашторм в Крыму, наводнение в Сочи, Краснодарский край и снегопад в Красноярске.",
2023-48,2023,48,снегопад в Красноярске,"Природные катаклизмы в России, включая мегашторм в Крыму, наводнение в Сочи, Краснодарский край и снегопад в Красноярске.",
2023-48,2023,48,"погода аномальная, климат меняется","Природные катаклизмы в России, включая мегашторм в Крыму, наводнение в Сочи, Краснодарский край и снегопад в Красноярске.",
2023-48,2023,48,Поднятие ставки финансирования,"Работа властных структур, включая поднятие ставки финансирования и отставку спикера городской Думы.",
2023-48,2023,48,Филимонов заступил на пост губернатора,"Работа властных структур, включая поднятие ставки финансирования и отставку спикера городской Думы.",
2023-48,2023,48,отставка спикера городской Думы,"Работа властных структур, включая поднятие ставки финансирования и отставку спикера городской Думы.",
2023-48,2023,48,Форум молодежный с Путиным,"Встречи, выступления В. Путина, включая предстоящий выпуск с Путиным – ответы на вопросы и прямой эфир с президентом России.",
2023-48,2023,48,предстоящий выпуск с Путиным – ответы на вопросы,"Встречи, выступления В. Путина, включая предстоящий выпуск с Путиным – ответы на вопросы и прямой эфир с президентом России.",
2023-48,2023,48,прямой эфир с президентом России,"Встречи, выступления В. Путина, включая предстоящий выпуск с Путиным – ответы на вопросы и прямой эфир с президентом России.",
2023-48,2023,48,Рост цен,"Инфляция, рост цен, включая подорожание продуктов и повышение тарифов ЖКХ.",
2023-48,2023,48,"цены, которые поднимаются","Инфляция, рост цен, включая подорожание продуктов и повышение тарифов ЖКХ.",
2023-48,2023,48,"подорожание продуктов, в том числе куриные яйца","Инфляция, рост цен, включая подорожание продуктов и повышение тарифов ЖКХ.",
2023-48,2023,48,повышение тарифов ЖКХ,"Инфляция, рост цен, включая подорожание продуктов и повышение тарифов ЖКХ.",
2023-48,2023,48,Верховный суд запретил ЛГБТ,"Признание движения ЛГБТ экстремистским, включая запрет ЛГБТ-сообщества.",
2023-48,2023,48,запрет ЛГБТ-сообщества,"Признание движения ЛГБТ экстремистским, включая запрет ЛГБТ-сообщества.",
2023-48,2023,48,признание ЛГБТ экстремистской организацией,"Признание движения ЛГБТ экстремистским, включая запрет ЛГБТ-сообщества.",
2023-48,2023,48,Аварии на дорогах в Кирово-Чепецке,"Аварии и пожары, включая аварии на дорогах в Кирово-Чепецке и пожар в Ростове.",
2023-48,2023,48,взрыв тоннеля в Северобайкальске,"Аварии и пожары, включая аварии на дорогах в Кирово-Чепецке и пожар в Ростове.",
2023-48,2023,48,пожар в Ростове,"Аварии и пожары, включая аварии на дорогах в Кирово-Чепецке и пожар в Ростове.",
2023-48,2023,48,сухогруз застрял на Неве,"Аварии и пожары, включая аварии на дорогах в Кирово-Чепецке и пожар в Ростове.",
2023-48,2023,48,"Повышение пенсий, зарплат","Повышение зарплат, пенсий и пособий, включая индексацию зарплат госслужащим и добавку к пенсии.",
2023-48,2023,48,индексация зарплат госслужащим,"Повышение зарплат, пенсий и пособий, включая индексацию зарплат госслужащим и добавку к пенсии.",
2023-48,2023,48,добавка к пенсии,"Повышение зарплат, пенсий и пособий, включая индексацию зарплат госслужащим и добавку к пенсии.",
2023-48,2023,48,тринадцатая пенсия,"Повышение зарплат, пенсий и пособий, включая индексацию зарплат госслужащим и добавку к пенсии.",
2023-48,2023,48,минималку поднимут с 1 января,"Повышение зарплат, пенсий и пособий, включая индексацию зарплат госслужащим и добавку к пенсии.",
2023-48,2023,48,Визит Лаврова в ОБСЕ и его речь,"Поездка С. Лаврова на заседание глав МИД стран ОБСЕ, включая визит Лаврова в ОБСЕ и его речь.",
2023-48,2023,48,выступление Лаврова в Северной Македонии,"Поездка С. Лаврова на заседание глав МИД стран ОБСЕ, включая визит Лаврова в ОБСЕ и его речь.",
2023-48,2023,48,"заседание ОБСЕ, где выступал Лавров","Поездка С. Лаврова на заседание глав МИД стран ОБСЕ, включая визит Лаврова в ОБСЕ и его речь.",
2023-48,2023,48,молодец Лавров на ОБСЕ,"Поездка С. Лаврова на заседание глав МИД стран ОБСЕ, включая визит Лаврова в ОБСЕ и его речь.",
2023-48,2023,48,Криминальная хроника,"Криминальные события, включая про похищение детей и убийство жены бизнесмена в Новороссийске.",
2023-48,2023,48,про похищение детей,"Криминальные события, включая про похищение детей и убийство жены бизнесмена в Новороссийске.",
2023-48,2023,48,убийство жены бизнесмена в Новороссийске,"Криминальные события, включая про похищение детей и убийство жены бизнесмена в Новороссийске.",
2023-48,2023,48,вышел на свободу ореховский киллер,"Криминальные события, включая про похищение детей и убийство жены бизнесмена в Новороссийске.",
2023-48,2023,48,Выставка на ВДНХ “Форум Россия”,"Другие события в России, включая выставку на ВДНХ “Форум Россия” и выступление патриарха нашего Кирилла.",
2023-48,2023,48,Русский собор,"Другие события в России, включая выставку на ВДНХ “Форум Россия” и выступление патриарха нашего Кирилла.",
2023-48,2023,48,выступление патриарха нашего Кирилла,"Другие события в России, включая выставку на ВДНХ “Форум Россия” и выступление патриарха нашего Кирилла.",
2023-48,2023,48,Гергиева назначили гендиректором Большого театра,"Другие события в России, включая выставку на ВДНХ “Форум Россия” и выступление патриарха нашего Кирилла.",
2023-48,2023,48,Красный мост,"Другие события в России, включая выставку на ВДНХ “Форум Россия” и выступление патриарха нашего Кирилла.",
2023-48,2023,48,Смерть Киссинджера,"Другие события в мире, включая смерть Киссинджера и выборы в Аргентине.",
2023-48,2023,48,выборы в Аргентине,"Другие события в мире, включая смерть Киссинджера и выборы в Аргентине.",
2023-48,2023,48,инфекция в Китае,"Другие события в мире, включая смерть Киссинджера и выборы в Аргентине.",
2023-48,2023,48,передача скифского золота Украине,"Другие события в мире, включая смерть Киссинджера и выборы в Аргентине.",
2023-49,2023,49,,,
2023-49,2023,49,,,
2023-49,2023,49,,,
2023-49,2023,49,,,
2023-49,2023,49,,,
2023-49,2023,49,,,
2023-49,2023,49,,,
2023-49,2023,49,,,
2023-49,2023,49,,,
2023-49,2023,49,,,
2023-49,2023,49,,,
2023-49,2023,49,,,
2023-49,2023,49,,,
2023-49,2023,49,,,
2023-49,2023,49,,,
2023-49,2023,49,,,
2023-49,2023,49,,,
2023-49,2023,49,,,
2023-50,2023,50,"Затрудняюсь ответить, нет ответа","Респонденты, которые затрудняются ответить или не имеют ответа.",50.0
2023-50,2023,50,Прямая линия с В. Путиным,"Прямая линия с В. Путиным, включая телемост и пресс-конференцию.",22.0
2023-50,2023,50,Военная спецоперация России на Украине,"Военная спецоперация России на Украине, включая сводки с фронта и военные действия.",17.0
2023-50,2023,50,"Инфляция, рост цен, тарифов","Инфляция, рост цен и тарифов, включая подорожание продуктов и курицы.",3.0
2023-50,2023,50,Выдвижение В. Путиным своей кандидатуры на новый президентский срок,"Выдвижение В. Путиным своей кандидатуры на новый президентский срок, включая объявление об участии в выборах 2024 года.",2.0
2023-50,2023,50,"Обострение палестино-израильского конфликта, война в секторе Газа","Обострение палестино-израильского конфликта, война в секторе Газа, включая обстрелы сектора Газа.",2.0
2023-50,2023,50,Работа властных структур,"Работа властных структур, включая повышение ставки ЦБ и запрет ЛГБТ.",1.0
2023-50,2023,50,Стрельба в брянской гимназии,"Стрельба в брянской гимназии, где 13-летняя девочка пришла в школу с дробовиком.",1.0
2023-50,2023,50,Природные катаклизмы и аномалии в России,"Природные катаклизмы и аномалии в России, включая ураганы, тайфуны и сильный снегопад.",1.0
2023-50,2023,50,"Повышение зарплат, пенсий","Повышение зарплат и пенсий, включая повышение МРОТ и пенсии на 7%.",1.0
2023-50,2023,50,"Аварии, пожары, криминальные события","Аварии, пожары и криминальные события, включая пожар в Лосином острове и падение глыбы на машину.",1.0
2023-50,2023,50,Другие события в России,"Другие события в России, включая протесты жён мобилизованных и проблемы с электричеством.",1.0
2023-50,2023,50,Другие события в мире,"Другие события в мире, включая закрытие финской границы и речь Лукашенко.",1.0
2023-51,2023,51,"Затрудняюсь ответить, нет ответа","Респонденты, которые затрудняются ответить или не имеют ответа.",57.0
2023-51,2023,51,Военная спецоперация России на Украине,"Военная спецоперация России на Украине, характеризующаяся как операция, война, гибель солдат, бомбежки Донецка, перелом в войне, наступление и победа на Украине.",19.0
2023-51,2023,51,Прямая линия с В. Путиным,"Прямая линия с В. Путиным, пресс-конференция Путина, выступление Владимира Путина на прямой линии, диалог с президентом.",8.0
2023-51,2023,51,Подготовка к выборам президента России,"Подготовка к выборам президента России, включая выборы президента и выдвижение Надеждина Бориса, выдвижение Дунцовой Екатерины, выборы президента, Путина, выборы Путина в марте.",3.0
2023-51,2023,51,"Инфляция, рост цен, тарифов","Инфляция, рост цен, тарифов, включая рост цен перед Новым годом, рост цен на ЖКХ и продукты питания, повышение коммунальных платежей, повышение цен на яйца, рост цен на яйца.",3.0
2023-51,2023,51,"Обострение палестино-израильского конфликта, война в секторе Газа","Обострение палестино-израильского конфликта, война в секторе Газа, включая израильский конфликт, положение на фронте – Израиль, проблемы с палестинцами, убийства людей в Газе.",3.0
2023-51,2023,51,"""Голая вечеринка"" у А. Ивлеевой","""Голая вечеринка"" у А. Ивлеевой, тусовка Ивлеевой со звездами полуобнажёнными, вечеринка элиты: поп-звезды почти голые были.",2.0
2023-51,2023,51,Работа властных структур,"Работа властных структур, включая визит Мишустина в Китай, ипотечную ставку, законы по ГИБДД, намерение запрета абортов.",2.0
2023-51,2023,51,Другие события в России,"Другие события в России, включая возвращение релокантов-звёзд, новости про Бориса Акунина, смерть Пухляша, резонанс вокруг ""Слово пацана"", выключение электроэнергии в Ростовской области.",2.0
2023-51,2023,51,"Повышение пенсий, других выплат","Повышение пенсий, других выплат, включая увеличение пенсии, индексацию пенсий, повышение пенсии, помощь многодетным семьям, повышение прожиточного минимума.",1.0
2023-51,2023,51,"Аварии, несчастные случаи","Аварии, несчастные случаи, включая обвал дома в Питере, падение сосулек, гибель Деда Мороза в Челябинске, гибель девочки под машиной, смерть девочки в поезде.",1.0
2023-51,2023,51,"Развитие дорог, транспортного сообщения в России","Развитие дорог, транспортного сообщения в России, включая открытие дороги Москва – Казань, открытие дороги М-12, запуск ветки РЖД, открытие аэропорта в Краснодаре.",1.0
2023-51,2023,51,Криминальные события,"Криминальные события, включая криминальные новости, убийства, насилие в школах.",1.0
2023-51,2023,51,Проблема мигрантов,"Проблема мигрантов, включая недовольство мигрантами, агрессивные действия мигрантов, преступность мигрантов, стычки с мигрантами.",1.0
2023-51,2023,51,Природные катаклизмы и аномалии в России,"Природные катаклизмы и аномалии в России, включая гололёд, оттепель, шторм в Сочи, тайфун в Сочи.",1.0
2023-51,2023,51,Другие события в мире,"Другие события в мире, включая расстрел в Чехословакии, теракт в Париже, подписание договора с Финляндией, закрытие финской границы, землетрясение в Китае.",1.0
2024-02,2024,2,"Затрудняюсь ответить, нет ответа","Респонденты, которые затруднились ответить или не дали ответа.",49.0
2024-02,2024,2,СВО в целом,"Военная спецоперация России на Украине, включающая боевые действия и общую обстановку, вызывающая тревогу и беспокойство о судьбе воюющих.",29.0
2024-02,2024,2,Военная спецоперация России на Украине,"Военная спецоперация России на Украине, вызывающая тревогу и беспокойство о судьбе воюющих.",23.0
2024-02,2024,2,"Обострение конфликта на Ближнем Востоке, авиаудары по Йемену","Обострение конфликта на Ближнем Востоке, включая авиаудары по Йемену, с участием различных стран.",8.0
2024-02,2024,2,"Обстрел Белгорода, других российских территорий","Обстрелы Белгорода и других российских территорий, вызывающие обеспокоенность и огорчение.",7.0
2024-02,2024,2,Конфликт на Ближнем Востоке,"Конфликт на Ближнем Востоке, вызывающий обеспокоенность и нестабильность в регионе.",6.0
2024-02,2024,2,Война в секторе Газа,Военные действия в секторе Газа между Израилем и Палестиной.,3.0
2024-02,2024,2,Отключение отопления в разных регионах России,"Отключение отопления в различных регионах России, вызывающее дискомфорт и проблемы для населения.",2.0
2024-02,2024,2,"Поездка В. Путина на Дальний Восток, другие поездки и выступления","Поездки и выступления В. Путина, включая визит на Дальний Восток, вызывающие интерес у населения.",2.0
2024-02,2024,2,Пожар на складе Wildberries в Санкт-Петербурге,"Пожар на складе Wildberries в Санкт-Петербурге, вызвавший обеспокоенность и интерес у общественности.",2.0
2024-02,2024,2,Новогодние праздники,"Новогодние праздники, включая Новый год, Рождество и Старый Новый год.",2.0
2024-02,2024,2,Другие события в России,"Различные другие события в России, такие как выставки, убийства и проблемы с уборкой дорог.",2.0
2024-02,2024,2,Другие события в мире,"Различные события в мире, такие как войны, восстания и землетрясения.",2.0
2024-02,2024,2,"""Голая вечеринка"" у А. Ивлеевой","""Голая вечеринка"" у А. Ивлеевой, вызвавшая широкий общественный резонанс и обсуждение.",1.0
2024-02,2024,2,"Инфляция, рост цен, тарифов","Инфляция, рост цен и тарифов, вызывающие обеспокоенность населения из-за подорожания продукции и услуг.",1.0
2024-02,2024,2,"Аварии, ДТП","Аварии и ДТП, вызывающие обеспокоенность и интерес у населения.",1.0
2024-02,2024,2,Природные катаклизмы и аномалии в России,"Природные катаклизмы и аномалии в России, такие как наводнения и аномальная погода, вызывающие обеспокоенность.",1.0
2024-02,2024,2,Подготовка к выборам президента России,"Подготовка к выборам президента России в 2024 году, вызывающая интерес и обсуждение в обществе.",1.0
2024-02,2024,2,"Повышение зарплаты, пенсий, других выплат","Повышение зарплаты, пенсий и других социальных выплат, вызывающее интерес и обсуждение в обществе.",1.0
2024-02,2024,2,Работа властных структур,"Деятельность властных структур, вызывающая интерес и обсуждение в обществе.",1.0
2024-03,2024,3,"Затрудняюсь ответить, нет ответа","Респонденты, которые не смогли ответить на вопрос.",56.0
2024-03,2024,3,СВО в целом,"Военные действия и новости с фронтов спецоперации на Украине, включая действия в Донецкой и Луганской областях. Отмечены переживания о гибели российских солдат и продвижении российских войск.",27.0
2024-03,2024,3,Военная спецоперация России на Украине,"Военные действия и новости с фронтов спецоперации на Украине, включая действия в Донецкой и Луганской областях. Отмечены переживания о гибели российских солдат и продвижении российских войск.",22.0
2024-03,2024,3,Обстрел российских территорий,"Обстрелы и атаки на российские территории, включая Крым, Воронеж, Белгород, Кубань, Новороссийск, Туапсе, а также атаки беспилотников и обстрелы дронами.",6.0
2024-03,2024,3,"Обострение конфликта на Ближнем Востоке, авиаудары по Йемену","Обострение конфликта на Ближнем Востоке, включая боевые действия и авиаудары, особенно в Йемене, а также действия США и Ирана.",4.0
2024-03,2024,3,Конфликт на Ближнем Востоке,"Обострение конфликта на Ближнем Востоке, включая боевые действия и авиаудары, особенно в Йемене, а также действия США и Ирана.",3.0
2024-03,2024,3,Природные катаклизмы и аномалии в России,"Природные явления, такие как похолодание, снег, морозы и снегопады в различных регионах России.",2.0
2024-03,2024,3,"Пожар на складе Wildberries в Санкт-Петербурге, другие аварии","Пожары и аварии, включая пожар на складе Wildberries в Санкт-Петербурге и другие происшествия на дорогах.",2.0
2024-03,2024,3,Другие события в России,"Различные события в России, включая отлучение от сана протоиерея и награждение Героя России.",2.0
2024-03,2024,3,Война в секторе Газа,"События и новости, связанные с войной в секторе Газа, включая бомбардировки и ситуацию в Палестине.",1.0
2024-03,2024,3,События в Башкирии,"События и инциденты в Башкирии, включая протесты и судебные процессы в Баймаке.",1.0
2024-03,2024,3,"Инфляция, рост цен, тарифов","Рост цен на различные товары и услуги, включая яйца, бензин и жилищно-коммунальные услуги.",1.0
2024-03,2024,3,"Поездка В. Путина на Дальний Восток, другие поездки и выступления","Поездка Владимира Путина на Дальний Восток и его выступления, включая вопросы поддержки семей военнослужащих.",1.0
2024-03,2024,3,Работа властных структур,"Деятельность властных структур, включая открытие школы, индексацию зарплат и отмену субсидирования льготных программ.",1.0
2024-03,2024,3,Подготовка к выборам президента России,"Подготовка и события, связанные с выборами президента России, включая выдвижение кандидатов и предвыборные программы.",1.0
2024-03,2024,3,Отключение отопления в разных регионах России,Проблемы с отоплением и аварии тепловых сетей в различных регионах России.,1.0
2024-03,2024,3,Криминальные события,"Различные криминальные происшествия, включая мошенничество, нападения и обнаружение трупов.",1.0
2024-03,2024,3,Гибель кота Твикса,"История с гибелью кота Твикса, которого выбросили из поезда.",1.0
2024-03,2024,3,Праздники,Празднование Крещения и новогодних праздников.,1.0
2024-03,2024,3,Другие события в мире,"Различные события в мире, включая забастовки на Западе и вопросы финансирования Украины.",1.0
2024-04,2024,4,"Затрудняюсь ответить, нет ответа",Респонденты не смогли вспомнить или назвать какое-либо событие.,47.0
2024-04,2024,4,Катастрофа российского самолёта с украинскими пленными под Белгородом,"Самолёт разбился с пленными ВСУ, погибли пленные и пилоты, самолёт разбился, в Белгороде сбили самолёт с украинскими военными, ИЛ-76: взорвали своих же военнопленных по обмену, которых 65, и наших 8.",41.0
2024-04,2024,4,Военная спецоперация России на Украине,"Катастрофа российского самолёта с украинскими пленными под Белгородом, военные действия, стабилизация на фронте, обстрелы территорий.",20.0
2024-04,2024,4,СВО в целом,"Новости с фронта, военные действия на Украине, стабилизация на фронте, потери у противника, война: на некоторых участках улучшаются наши позиции и прорывы, продвижение российских войск в спецоперации на Украине в районе Авдеевки, погибают дети на войне, скорей бы закончилась война на Украине.",19.0
2024-04,2024,4,Обстрел российских территорий,"Бомбёжка городов России, Белгород, обстрелы России, обстрелы Брянска, дрон взорвался в Орле, дроны в Ленобласти, Феодосия – взрывы, взрыв на Донецком рынке.",4.0
2024-04,2024,4,Другие события в России,"Насчёт мигрантов – ожесточение, миграционная политика проваливается в России, помещение Блиновской в СИЗО, закрывают на карантин сады и школы, ВДНХ: много интересного, российские спорткары, выбирали имя панде в Московском зоопарке.",2.0
2024-04,2024,4,Другие события в мире,"Учения НАТО, фермеры в Европе бастуют, в Казахстане протесты, землетрясение в Алматы, землетрясение в Китае, авария самолёта в Афганистане.",2.0
2024-04,2024,4,Конфликт на Ближнем Востоке,"Война в секторе Газа, обострение конфликта на Ближнем Востоке.",1.0
2024-04,2024,4,Война в секторе Газа,"Война Израиля с Палестиной, про сектор Газа, война в Газе.",1.0
2024-04,2024,4,Обострение конфликта на Ближнем Востоке,"Арабы дерутся, США напали на арабов, американский корабль атаковали.",1.0
2024-04,2024,4,"Аварии, ДТП","Аварии на дорогах, взрыв в Шахтах на заводе, дом в Ростове обрушился, авария на Сахалине, Wildberries сгорел.",1.0
2024-04,2024,4,Работа властных структур,"Правительство правильно приняло решение наказывать тех, которые дают дезинформацию о России, лишать недвижимости тех, кто предал Родину, пенсионные индексации, законопроект о едином цвете мусорных контейнеров по всей стране.",1.0
2024-04,2024,4,Подготовка к выборам президента России,"Новости о предстоящих выборах президента России, выдвижение в президенты Надеждина, Борис Борисович, новый кандидат в президенты.",1.0
2024-04,2024,4,"События в Башкирии, Якутии","Среди башкир идёт неразбериха, в Башкортостане митинги, волнение в Баймаке, в Якутске митинг, митинг в Якутске.",1.0
2024-04,2024,4,"События в Техасе, обострение проблемы мигрантов в США","Битва в Техасе, восстание в Техасе, больше половины штатов собираются в защиту, чтобы не пропускать мексиканцев, революция намечается.",1.0
2024-04,2024,4,"Праздники, годовщины","80 лет победы в Ленинграде, годовщина празднования освобождения Ленинграда, Татьянин день, 80 лет со дня освобождения Ленинграда, Татьянин день.",1.0
2024-04,2024,4,Поездки и выступления В. Путина,"Визит Путина на Чукотку, Путин в Петербурге, встреча Путина в Калининграде со студентами, Путин рассказывал про СВО.",1.0
2024-04,2024,4,Гибель кота Твикса,"История с котом, про кота Твикса, которого выкинули из поезда, как выбросила проводница на мороз кота Твикса.",1.0
2024-04,2024,4,Природные катаклизмы и аномалии в России,"Метель, Дальний Восток заметает, на Сахалине снегопад, люди из дома не выходят, потепление будет.",1.0
2024-04,2024,4,"Инфляция, рост цен, тарифов","Цены в России, подорожание продуктов, удорожание бензина, яйца дорогие.",1.0
2024-05,2024,5,"Затрудняюсь ответить, нет ответа","Респонденты, которым сложно ответить на вопрос.",55.0
2024-05,2024,5,СВО в целом,"Спецоперация на Украине: последние новости; сводки с фронта с Украиной; новости о спецоперации на Украине; меня волнуют только военные действия, что погибают наши ребята; “двухсотые” пришли в Навлю; взятие Авдеевки; Украина, война чтобы быстрее закончилась; подходит к завершению война.",36.0
2024-05,2024,5,Военная спецоперация России на Украине,"Военная спецоперация России на Украине, последние новости, сводки с фронта, взятие Авдеевки, война чтобы быстрее закончилась.",24.0
2024-05,2024,5,Катастрофа российского самолёта с украинскими пленными под Белгородом,"Катастрофа российского самолёта с украинскими пленными под Белгородом, падение военного самолёта с военнопленными украинцами, ИЛ сбили с пленными, самолёт, который перевозил пленных, подбили, погибли наши пилоты, самолёт разбомбили, 65 человек погибли.",8.0
2024-05,2024,5,Обстрел российских территорий,"Обстрел российских территорий, беспилотники, которые летают над нами, дроны летают уже в Псков, беспилотник в Санкт-Петербурге, дрон в Ярославле на нефтебазе, гибель людей в Белгороде, бомбардировка Крыма, в Лисичанске был теракт, взрыв в Донецке.",5.0
2024-05,2024,5,Другие события в России,"Другие события в России, бастуют в регионах, местные новости, детям блогеры помогают, старикам, Блиновскую наконец-то посадили.",2.0
2024-05,2024,5,Другие события в мире,"Другие события в мире, вживил чип в человека, в мозг Илон Маск, бастуют фермеры во Франции, в Америке заварушка в Техасе, учения НАТО начинаются у наших границ, дисквалификация Валиевой.",2.0
2024-05,2024,5,Поездки и выступления В. Путина,"Поездки и выступления В. Путина, приезд Путина на Тульский завод, выступление Путина в Туле, выступление Путина о семье и Родине, запомнилась встреча Путина с журналистами фонда “Всё для победы!”, Путин четыре раза посетил ВДНХ.",1.0
2024-05,2024,5,Подготовка к выборам президента России,"Подготовка к выборам президента России, регистрация Путина на пост президента, сбор подписей за Надеждина, Надеждин сдал подписи, подписей сбор, предвыборная агитация, предвыборные поездки.",1.0
2024-05,2024,5,Работа властных структур,"Работа властных структур, Мишустин сказал о соцвыплатах, их увеличении, о повышении социальных благ с этого года, законопроект о фейках, об изымании имущества тех, кто распространяет фейки о России, отмена ЕГЭ обсуждается, увеличение штрафов по ПДД.",1.0
2024-05,2024,5,Конфликт на Ближнем Востоке,"Конфликт на Ближнем Востоке, война на Ближнем Востоке, война в Палестине, бомбежка в Сирии, Йемен, хуситы врезали пиндосам.",1.0
2024-05,2024,5,"Аварии, ДТП, пожары","Аварии, ДТП, пожары, аварии на дорогах, девочек сбили на Ленинском проспекте, пожар в Санкт-Петербурге.",1.0
2024-05,2024,5,"Инфляция, рост цен, тарифов","Инфляция, рост цен, тарифов, повышение цен опять, растут цены на всё, тарифы, ситуация с яйцами, цена, яйца подорожали.",1.0
2024-05,2024,5,Природные катаклизмы и аномалии в России,"Природные катаклизмы и аномалии в России, выплеск магнитных бурь, метель на Сахалине, в Краснодаре немножко было землетрясение.",1.0
2024-06,2024,6,"Затрудняюсь ответить, нет ответа","Респонденты, которые затрудняются ответить или не имеют ответа.",49.0
2024-06,2024,6,Интервью Владимира Путина Такеру Карлсону,"Интервью Владимира Путина Такеру Карлсону, которое вызвало большой интерес у респондентов. Респонденты отмечали беседу Путина с корреспондентом из США Карлсоном, встречу Путина и Карлсона, а также интервью Карлсона.",27.0
2024-06,2024,6,СВО в целом,"Военная спецоперация России на Украине, включая боевые действия и военные новости. Респонденты отмечали потери, успехи в Авдеевке и занятие половины Купянска.",18.0
2024-06,2024,6,Военная спецоперация России на Украине,"Военная спецоперация России на Украине, включая боевые действия и военные новости. Респонденты отмечали потери, успехи в Авдеевке и занятие половины Купянска.",14.0
2024-06,2024,6,Обстрел российских территорий,"Обстрелы российских территорий, включая беспилотные атаки и обстрелы со стороны Украины. Респонденты отмечали уничтожение населения мирного в Луганской области, дроны в Ленинградской и Нижегородской областях, а также бомбардировки Белгорода.",3.0
2024-06,2024,6,Катастрофа российского самолёта с украинскими пленными под Белгородом,"Катастрофа российского самолёта с украинскими пленными под Белгородом. Респонденты отмечали падение самолёта ИЛ-76, разбирательство со сбитым самолётом и панихиду по погибшим лётчикам.",2.0
2024-06,2024,6,Подготовка к выборам президента России,"Подготовка к выборам президента России, включая предвыборную кампанию и определение кандидатов. Респонденты отмечали липовые подписи Бориса Надеждина и недопуск Надеждина к выборам.",2.0
2024-06,2024,6,Природные катаклизмы и аномалии в России,"Природные катаклизмы и аномалии в России, включая изменения погоды, гипербурю на Солнце, снегопады и непогоду в Сочи.",1.0
2024-06,2024,6,Конфликт на Ближнем Востоке,"Конфликт на Ближнем Востоке, включая ситуацию в Израиле и Палестине, геноцид в Палестине, налёты американской армии и бомбёжку Ирака.",1.0
2024-06,2024,6,"Аварии, ДТП, пожары","Аварии, ДТП и пожары, включая чрезвычайные ситуации на электростанции в Астрахани, аварии на дорогах, пожары и другие происшествия.",1.0
2024-06,2024,6,Работа властных структур,"Работа властных структур, включая указ о мерах обеспечения многодетных семей, математику как обязательный предмет при поступлении в вузы и закон о запрете высадки животных из транспорта.",1.0
2024-06,2024,6,"Инфляция, рост цен","Инфляция и рост цен, включая повышение цен на продукты и бензин.",1.0
2024-06,2024,6,Другие события в России,"Другие события в России, включая Баймакские события, выставку на ВДНХ, заболеваемость и волки в Коми.",1.0
2024-06,2024,6,Другие события в мире,"Другие события в мире, включая продавливание денег для Украины, выборы президента в Азербайджане и разборки с Валиевой.",1.0
2024-07,2024,7,"Затрудняюсь ответить, нет ответа","Респонденты, которые затрудняются ответить или не имеют ответа.",50.0
2024-07,2024,7,СВО в целом,"Военная спецоперация России на Украине, в частности, события на фронте, военные действия, война с украинцами, переживания о войне и погибших, продвижение российских войск.",30.0
2024-07,2024,7,Военная спецоперация России на Украине,"Военная спецоперация России на Украине, в частности, события на фронте, военные действия, война с украинцами, переживания о войне и погибших, продвижение российских войск.",19.0
2024-07,2024,7,Интервью В. Путина Такеру Карлсону,"Интервью В. Путина Такеру Карлсону, включая встречи и беседы Путина с Карлсоном.",12.0
2024-07,2024,7,"Обстрел Белгорода, других российских территорий","Обстрел Белгорода и других российских территорий, включая прилеты дронов в Калужскую и Воронежскую области, беспилотники в Санкт-Петербурге, обстрелы Белгорода с жертвами и погибшими детьми.",9.0
2024-07,2024,7,Смерть А. Навального,"Смерть А. Навального в колонии, включая сообщения о неоказании помощи, обстоятельствах смерти, убийстве Навального.",5.0
2024-07,2024,7,Взятие Авдеевки российскими вооружёнными силами,"Взятие Авдеевки российскими вооружёнными силами, включая взятие, захват и освобождение Авдеевки, а также победу на Украине в Авдеевке.",3.0
2024-07,2024,7,Работа властных структур,"Работа властных структур, включая приезд Путина в Челябинск, работу главы Республики Алтай Хорохордина и принятие дебильных законов.",1.0
2024-07,2024,7,Подготовка к выборам президента России,"Подготовка к выборам президента России, включая предстоящие выборы, предвыборную суету и обсуждения о выборах.",1.0
2024-07,2024,7,"Инфляция, рост цен","Инфляция и рост цен, включая дорожание цен, повышение тарифов и первое место города по росту цен на бананы.",1.0
2024-07,2024,7,"Аварии, ДТП, пожары","Аварии, ДТП и пожары, включая дорожные происшествия в Дагестане, пожар в Анапе, сгоревший ресторан и кафе.",1.0
2024-07,2024,7,Природные катаклизмы и аномалии в России,"Природные катаклизмы и аномалии в России, включая снегопады и аномальный снегопад в Москве.",1.0
2024-07,2024,7,Другие события в России,"Другие события в России, включая открытие Спартакиады, сбой Мосбиржи, протесты жён мобилизованных и перестрелку мигрантов в Москве.",1.0
2024-07,2024,7,Другие события в мире,"Другие события в мире, включая насыщение Украины военной техникой и конфликт в секторе Газа.",1.0
2024-08,2024,8,"Затрудняюсь ответить, нет ответа","Затрудняюсь ответить, нет ответа",50.0
2024-08,2024,8,СВО в целом,События на СВО; боевые действия; военные действия на Украине; как наши воюют; война на Украине тревожит; наступают на Украине; наши продвигаются вперёд; быстрее бы освободили Донбасс.,36.0
2024-08,2024,8,Военная спецоперация России на Украине,"Военная спецоперация России на Украине, боевые действия, как наши воюют, война на Украине тревожит, наступают на Украине, наши продвигаются вперёд, быстрее бы освободили Донбасс.",24.0
2024-08,2024,8,Военная спецоперация России на Украине,"Взятие Авдеевки российскими вооруженными силами, Авдеевку отстояли, город Авдеевку взяли, наши взяли Авдеевку, победа наших на СВО, флаг вывесили в Авдеевке.",11.0
2024-08,2024,8,Смерть А. Навального,"Смерть А. Навального, и не передано тело матери, гибель Навального, убийство Навального, умер Навальный, собираются хоронить в закрытом гробу.",5.0
2024-08,2024,8,Интервью В. Путина Такеру Карлсону,"Приезжал Карлсон, интервью с Путиным, интервью Владимира Путина американскому журналисту Карлсону.",3.0
2024-08,2024,8,Военная спецоперация России на Украине,"Обстрел Белгорода, других российских территорий, бомбардировки Белгорода и Новошахтинска, взрыв в Белгороде, дроны над Санкт-Петербургом, в Липецке взорвалось, в Ростове взрыв был.",2.0
2024-08,2024,8,"Поездки, выступления В. Путина","Поездка Путина по России, разговоры с народом, посещение Путиным оборонных заводов, полёт Путина на самолёте, приезд Путина в Казань, приезд Путина в Чувашию, приезд Путина в Цивильск.",2.0
2024-08,2024,8,Подготовка к выборам президента России,"Выборы президента, про выборы говорили в России, подготовка к выборам.",1.0
2024-08,2024,8,Открытие «Игр Будущего» в Казани,"Игры Будущего в Казани, олимпиада в Казани, открытие игр в Казани, соревнования по киберспорту.",1.0
2024-08,2024,8,Работа властных структур,"Закрытие Банка Киви Центробанком, говорилось о повышении детского пособия, сказали, что медикам зарплаты добавят, что хотят школы модернизировать.",1.0
2024-08,2024,8,"Аварии, ДТП, пожары","Аварии, пожар, ДТП, пожар в многоэтажке в Москве, скорая помощь, столкновение с поездом.",1.0
2024-08,2024,8,Праздники,"23 февраля, праздник 23 февраля, концерт к 23 февраля.",1.0
2024-08,2024,8,Другие события в России,"Сбой доменной системы в RU-сегменте, падение Московской биржи, Якутия: митинги, без воды сидели сутки весь город Железногорск, гололёд в Оренбурге, много пострадавших.",1.0
2024-08,2024,8,Другие события в мире,"Президент США оскорбил Путина, Палестина и Израиль, 13-й пакет санкций, Уругвай начал снова поставлять нам бананы.",1.0
2024-09,2024,9,"Затрудняюсь ответить, нет ответа","Затрудняюсь ответить, нет ответа",50.0
2024-09,2024,9,СВО в целом,"События на Украине, война на Донбассе, сводки с фронта.",23.0
2024-09,2024,9,Послание президента Федеральному собранию,"Ежегодное Послание президента Путина, выступление Владимира Путина перед Федеральным собранием, речь Путина.",17.0
2024-09,2024,9,Военная спецоперация России на Украине,"Военная спецоперация России на Украине, включающая в себя события на Украине, войну, военную обстановку и сводки с фронта.",16.0
2024-09,2024,9,"Взятие Авдеевки, успехи российских вооруженных сил","Взятие Авдеевки, освобождение Авдеевки, взятие сёл нашими войсками на Украине, продвижение русских на СВО, наступление и обрушение фронта.",4.0
2024-09,2024,9,Обстрел российских территорий,"Обстрелы территорий, обстрел Белгорода, беспилотники в Санкт-Петербурге и на Пискарёвке, взрыв на НЛМК.",3.0
2024-09,2024,9,"Смерть А. Навального, связанные с этим события, похороны","Смерть Навального, убийство Навального, новости и события вокруг смерти Навального, тело Навального не выдавали родственникам девять дней, видео с женой Навального, похороны Алексея Навального.",3.0
2024-09,2024,9,Другие события в России,"Боевики в Ингушетии, подорожали продукты и коммунальные платежи, в центре Краснодара застрелили мужчину из охотничьего ружья.",2.0
2024-09,2024,9,Высказывания Э. Макрона об отправке войск НАТО на Украину,"Макрон агитирует всю Европу против России, собирается французскую армию запустить в Украину, высказывание Макрона о введении войск на Украину.",1.0
2024-09,2024,9,Подготовка к выборам президента России,"Выборы предстоящие, подготовка к выборам президента России, самовыдвижение Путина, Даванков выдвигается в президенты, сняли с выборов Надеждина.",1.0
2024-09,2024,9,Работа властных структур,"Поездка Путина в Татарстан, приезд Мишустина, выступление Лаврова, продление семейной ипотеки, в апреле хотят сделать индексацию пенсий.",1.0
2024-09,2024,9,Обнародована запись переговоров военных ФРГ о возможности атаки на Крымский мост,"Телефонный разговор немецких военных, немцы хотят взорвать мост в Крыму, переговоры с Германией подслушали о подрыве моста.",1.0
2024-09,2024,9,Игры Будущего в Казани,"Международные игры, игры в Казани, в Казани “Игры будущего”.",1.0
2024-09,2024,9,Всемирный фестиваль молодёжи в Сочи,"Молодёжный форум в Сочи, молодёжный фестиваль в Сочи, открытие молодёжного съезда.",1.0
2024-09,2024,9,Интервью В. Путина Такеру Карлсону,"Визит Карлсона Такера в Россию, впечатлило меня интервью Владимира Путина Карлсону, комментарии Такера с Путиным.",1.0
2024-09,2024,9,"Аварии, пожары","Падение вертолёта, взрыв бытового газа в доме напротив, вчерашний пожар в городе, дом сгорел.",1.0
2024-09,2024,9,Другие события в мире,"Война Палестины и Израиля, поставка ракет большой дальности из Германии.",1.0
2024-10,2024,10,"Затрудняюсь ответить, нет ответа","Респонденты, которые затрудняются ответить или не имеют ответа.",57.0
2024-10,2024,10,Военная спецоперация России на Украине,"Военная спецоперация России на Украине, включающая в себя войну с Украиной, ситуацию на фронте, новости и положение на СВО, разговоры о войне и гибель солдат.",27.0
2024-10,2024,10,СВО в целом,"Война с Украиной, ситуация на фронте, новости и положение на СВО, разговоры о войне и гибель солдат.",22.0
2024-10,2024,10,Обстрел российских территорий,"Обстрел российских территорий, включая нападения на Белгородскую и Курскую области, обстрелы в Курске, беспилотники в Санкт-Петербурге, дроны ВСУ в Крыму, стрельбу в Брянской области и воздушную тревогу.",5.0
2024-10,2024,10,Подготовка к выборам президента России,"Подготовка к выборам президента России, включая выдвижение кандидатов и обещания кандидатов.",3.0
2024-10,2024,10,Послание президента Федеральному собранию,"Послание президента Федеральному собранию, включая выступление Владимира Путина.",3.0
2024-10,2024,10,Всемирный фестиваль молодёжи в Сочи,"Всемирный фестиваль молодёжи в Сочи, включая выступление Путина.",2.0
2024-10,2024,10,Работа властных структур,"Работа властных структур, включая законодательные новости, повышение детских пособий, запрет абортов в частных клиниках и изменения в Уголовном кодексе.",2.0
2024-10,2024,10,Другие события в мире,"Другие события в мире, включая войну в Палестине, землетрясение в Алматы, сотрудничество “Роскосмоса” и КНДР и учения НАТО на границе с Финляндией.",2.0
2024-10,2024,10,"Взятие Авдеевки, успехи российских вооружённых сил",Взятие Авдеевки и успехи российских вооружённых сил.,1.0
2024-10,2024,10,"Смерть А. Навального, связанные с этим события, похороны","Смерть А. Навального, включая гибель, помехи при захоронении и похороны.",1.0
2024-10,2024,10,"Праздники, годовщины","Праздники и годовщины, включая 8 Марта, 90 лет со дня рождения Гагарина и Масленицу.",1.0
2024-10,2024,10,Высказывания Э. Макрона об отправке войск НАТО на Украину,"Высказывания Э. Макрона об отправке войск НАТО на Украину, включая его заявления о вводе войск в Одессу или Киев.",1.0
2024-10,2024,10,Обнародована запись переговоров военных ФРГ о возможности атаки на Крымский мост,Обнародование телефонного разговора о Крымском мосте и слив разговоров немецких военных об атаке.,1.0
2024-10,2024,10,Игры Будущего в Казани,Игры Будущего в Казани.,1.0
2024-10,2024,10,"Аварии, несчастные случаи","Аварии и несчастные случаи, включая аварию в Перми и пьяные аварии на автомобилях.",1.0
2024-10,2024,10,Другие события в России,"Другие события в России, включая 30 лет ""Магниту"", повышение цен, разрешение отстреливать енотов, проигрыш ""Торпедо"" и уничтожение скота в Иркутской области.",1.0
2024-12,2024,12,"Затрудняюсь ответить, нет ответа",Респонденты затрудняются ответить или не дают ответа.,35.0
2024-12,2024,12,Теракт в «Крокус Сити Холле»,"Теракт в «Крокус Сити Холле»: респонденты отмечают, что произошел теракт в Подмосковье, называют это страшной трагедией, отмечают расстрел и большое количество погибших и пострадавших.",34.0
2024-12,2024,12,Военная спецоперация России на Украине,"Военная спецоперация России на Украине: респонденты отмечают интерес к СВО, называют это спецоперацией, военной операцией, войной на Украине, упоминают бомбардировки Киева.",21.0
2024-12,2024,12,СВО в целом,"Военная спецоперация России на Украине: респонденты отмечают интерес к СВО, называют это спецоперацией, военной операцией, войной на Украине, упоминают бомбардировки Киева.",13.0
2024-12,2024,12,Выборы президента России,"Выборы президента России: респонденты отмечают голосование, упоминают инциденты с зелёнкой и поджогами урн, отмечают победу Путина и его место на выборах.",13.0
2024-12,2024,12,"Нападения на Белгородскую область, обстрел российских территорий","Нападения на Белгородскую область, обстрел российских территорий: респонденты отмечают прорывы границ, обстрелы Белгорода и других городов, работу ПВО, атаки дронов на различные регионы, взрывы на НПЗ.",9.0
2024-12,2024,12,"Аварии, несчастные случаи","Аварии, несчастные случаи: респонденты упоминают обвал шахты на Сахалине, падение самолёта в Иваново, аварию на трассе Оренбург – Соль-Илецк и гибель девушки от льдины.",1.0
2024-12,2024,12,Выступления В. Путина,"Выступления В. Путина: респонденты отмечают видеоконференции, обращения и выступления Путина, в которых он говорил о выборах.",1.0
2024-12,2024,12,Работа властных структур,"Работа властных структур: респонденты упоминают выступление Матвиенко, судьбу ключевой ставки ЦБ РФ и изменения в УК РФ.",1.0
2024-12,2024,12,Другие события в России,"Другие события в России: респонденты упоминают смерть Уткина, уход из жизни артиста Ширвиндта, чемпионат по лыжным гонкам, Масленицу и убийство женщины.",1.0
2024-12,2024,12,Другие события в мире,"Другие события в мире: респонденты упоминают войну в Палестине, поставки вооружения Украине и победу российской сборной в футбольном матче.",1.0
2024-13,2024,13,Теракт в «Крокус Сити Холле»,"Теракт в «Крокус Сити Холле» 22 марта в Подмосковье, в Красногорске. Главное событие, которое все обсуждали. Ужасный теракт, расследование теракта, показывали террористов.",71.0
2024-13,2024,13,"Затрудняюсь ответить, нет ответа","Затрудняюсь ответить, нет ответа",21.0
2024-13,2024,13,СВО в целом,"Военные новости, война как идёт, положение дел на СВО, действия на Украине, довольны, когда наши наступают, взяли посёлок, наши победы на фронте.",11.0
2024-13,2024,13,Военная спецоперация России на Украине,Военная спецоперация России на Украине,8.0
2024-13,2024,13,Обстрел российских территорий,"Беспилотники покоя не дают, бомбёжка Белгорода и Курска, в Славянск прилетели беспилотники, обстрел области, атака дронов в нашей области, обстрелы Белгородской области, скрывают о прилётах в Брянской области.",4.0
2024-13,2024,13,Выборы президента России,"Выборы президента, проголосовали много за Путина, понравилось, выборы Путина.",1.0
2024-13,2024,13,Другие события в России,"Приезд Путина в Торжок, плохие высказывания о Путине, арест девушки, которая принесла букет к могиле Навального, налог новый на машину вводят, Семёновка уходит под воду, там плотину промыло, село Митрофановка осталось без связи.",1.0
2024-13,2024,13,Другие события в мире,"Милли высказался о русских, падение моста в США.",1.0
2024-14,2024,14,Теракт в «Крокус Сити Холле»,"Теракт в Москве, произошедший в «Крокус Сити» 22 марта. Респонденты следили за расследованием теракта и выражают сочувствие.",39.0
2024-14,2024,14,"Затрудняюсь ответить, нет ответа",Респонденты затрудняются ответить или не имеют ответа.,36.0
2024-14,2024,14,СВО в целом,"Военная спецоперация России на Украине, тема войны, боевые действия и положение солдат.",20.0
2024-14,2024,14,Военная спецоперация России на Украине,"Военная спецоперация России на Украине, тема войны, боевые действия и положение солдат.",15.0
2024-14,2024,14,Обстрел российских территорий,"Обстрелы российских территорий, включая Москву, Питер, Белгород, Елабугу и Казань дронами.",5.0
2024-14,2024,14,Природные катаклизмы и аномалии в России,"Природные катаклизмы и аномалии в России, включая ледяной дождь, климатические изменения и наводнения.",5.0
2024-14,2024,14,Другие события в России,"Другие события в России, включая работу миграционной службы, обсуждение смертной казни и нападения на губернатора Мурманской области.",2.0
2024-14,2024,14,Другие события в мире,"Другие события в мире, включая 75 лет НАТО, войну в Газе, атаку на посольство в Дамаске, выборы в США, землетрясение в Тайване и суд в Казахстане.",2.0
2024-14,2024,14,Прорыв дамбы на реке Урал в Орске,"Прорыв дамбы в Оренбургской области, в частности в Орске, вызвавший наводнение.",1.0
2024-14,2024,14,Работа властных структур,"Работа властных структур, включая выступления Путина, доклады Мишустина и приезд губернатора.",1.0
2024-14,2024,14,Выборы президента России,Выборы президента России.,1.0
2024-15,2024,15,"Затрудняюсь ответить, нет ответа","Респонденты, которые затрудняются ответить или не имеют ответа.",43.0
2024-15,2024,15,Паводки в России в целом,"Затопление на больших территориях России, наводнение, потоп.",24.0
2024-15,2024,15,СВО в целом,"Военные действия на Украине, ход проведения СВО, борьба с нацистами.",22.0
2024-15,2024,15,Военная спецоперация России на Украине,"Военная спецоперация России на Украине, включая военные действия, ход проведения СВО и борьбу с нацистами.",18.0
2024-15,2024,15,Масштабный паводок в России,"Масштабный паводок в России, включающий затопления на больших территориях и наводнения.",16.0
2024-15,2024,15,Теракт в «Крокус Сити Холле»,"Теракт в «Крокус Сити Холле», включая стрельбу и сообщения о теракте.",13.0
2024-15,2024,15,"Прорыв дамбы на реке Урал в Орске, наводнение в Оренбургской области","Прорыв дамбы на реке Урал в Орске, наводнение в Оренбургской области, включая прорыв дамбы и плотины, а также упущения местных властей.",8.0
2024-15,2024,15,Обстрел российских территорий,"Обстрел российских территорий, включая атаки беспилотников и взрывы в различных городах.",5.0
2024-15,2024,15,"Напряженная обстановка на Ближнем Востоке, ирано-израильский конфликт, военные действия в секторе Газа","Напряженная обстановка на Ближнем Востоке, ирано-израильский конфликт, военные действия в секторе Газа, включая возможную войну и атаки между Ираном и Израилем.",2.0
2024-15,2024,15,Другие события в России,"Другие события в России, включая День космонавтики, запуск «Ангары», гибель Кунгурова, ввоз мигрантов и подорожание продуктов.",2.0
2024-15,2024,15,Работа властных структур,"Работа властных структур, включая высказывания руководства страны, отчёты правительства и награды.",1.0
2024-15,2024,15,Другие события в мире,"Другие события в мире, включая наводнения и убийство жены экс-министра в Казахстане.",1.0
2024-16,2024,16,"Затрудняюсь ответить, нет ответа","Респонденты, которые затрудняются ответить или не имеют ответа.",44.0
2024-16,2024,16,Масштабный паводок в России,"Масштабный паводок в России, включая наводнения в Орске, Оренбурге, Кургане, Самарской и Томской областях, а также на Урале. Респонденты отмечают, что затопило всю Россию и выражают опасения, что это может затронуть их. Также упоминается строительство дамб для предотвращения затоплений.",24.0
2024-16,2024,16,СВО в целом,"Военная спецоперация России на Украине, включая военные действия, события на фронте, общую военную обстановку в Запорожье, Харькове, Мариуполе и Авдеевке, а также бои за Часов Яр. Респонденты выражают надежду на победу.",24.0
2024-16,2024,16,Военная спецоперация России на Украине,"Военная спецоперация России на Украине, включая военные действия, события на фронте, общую военную обстановку в Запорожье, Харькове, Мариуполе и Авдеевке, а также бои за Часов Яр. Респонденты выражают надежду на победу.",20.0
2024-16,2024,16,Теракт в «Крокус Сити Холле»,"Теракт в «Крокус Сити Холле», включая взрыв и убийство людей в Подмосковье и Красногорске.",5.0
2024-16,2024,16,Обстрел российских территорий,"Обстрел российских территорий, включая атаки беспилотников в Тамбовской и Белгородской областях, дроны в Елабуге, обстрелы городов Белгород, Курск, а также атаки в Мордовии и Татарстане.",4.0
2024-16,2024,16,"Напряженная обстановка на Ближнем Востоке, ирано-израильский конфликт, военные действия в секторе Газа","Напряженная обстановка на Ближнем Востоке, ирано-израильский конфликт, военные действия в секторе Газа, включая атаку Ирана на Израиль, бомбардировки Израиля, новости, связанные с Палестиной и Израилем, и эскалацию событий в регионе.",3.0
2024-16,2024,16,"Конфликты с мигрантами, преступления мигрантов","Конфликты с мигрантами, преступления мигрантов, включая вражду между русскими и мусульманами, убийства, нападения и нагнетание межнациональных конфликтов.",2.0
2024-16,2024,16,Другие события в России,"Другие события в России, включая запуск ракеты, задержание министра МЧС в Чечне, смерть артиста Кунгурова и подготовку к 1 Мая.",2.0
2024-16,2024,16,Другие события в мире,"Другие события в мире, включая предоставление денег Украине Америкой, затопление Дубая, суд над экс-министром экономики Казахстана и подготовку к Олимпиаде во Франции.",2.0
2024-16,2024,16,Работа властных структур,"Работа властных структур, включая доклад Мишустина, повышение зарплаты с 1 апреля, увеличение детских пособий и введение новых налогов.",1.0
2024-17,2024,17,"Затрудняюсь ответить, нет ответа","Респонденты, которые затруднились ответить или не дали ответа",53.0
2024-17,2024,17,В основном положение на фронте,"Военная спецоперация России на Украине, ситуация на фронте, интерес к событиям СВО, наступление российских войск",23.0
2024-17,2024,17,Военная спецоперация России на Украине,"Военная спецоперация России на Украине, успехи российской армии",21.0
2024-17,2024,17,Масштабные паводки в России,"Масштабные паводки в различных регионах России, затопления и эвакуация населения",13.0
2024-17,2024,17,Арест генерала Т. Иванова,Арест замминистра обороны Иванова по обвинению во взяточничестве,4.0
2024-17,2024,17,Теракт в «Крокус Сити Холле»,Теракт в «Крокус Сити Холле» в Москве,4.0
2024-17,2024,17,"Поставки оружия на Украину, выделение помощи США, странами Запада Украине",Поставки вооружения и финансовой помощи Украине со стороны США и других западных стран,3.0
2024-17,2024,17,Обстрел российских территорий,"Обстрелы территорий России, атаки беспилотников в различных регионах",2.0
2024-17,2024,17,Работа властных структур,"Изменения в работе властных структур, включая визит Лаврова в Китай, изменения в законах и мерах поддержки населения",1.0
2024-17,2024,17,"Напряженная обстановка на Ближнем Востоке, ирано-израильский конфликт, военные действия в секторе Газа","Напряженная обстановка на Ближнем Востоке, конфликт между Ираном и Израилем, военные действия в секторе Газа",1.0
2024-17,2024,17,"Аварии, несчастные случаи","Различные аварии и несчастные случаи, включая ДТП и случаи гибели людей",1.0
2024-17,2024,17,Суд в Казахстане над К. Бишинбаевым,Судебный процесс над Куандыком Бишимбаевым в Казахстане по делу об убийстве жены,1.0
2024-17,2024,17,Другие события в России,"Различные события в России, включая День пожарного и подготовку к празднованию 9 Мая",1.0
2024-17,2024,17,Другие события в мире,"Различные события в мире, включая судебный процесс над Трампом и визит Блинкена в Китай",
2024-18,2024,18,"Затрудняюсь ответить, нет ответа","Затрудняюсь ответить, нет ответа",56.0
2024-18,2024,18,"СВО в целом, успехи российской армии","Военная спецоперация России на Украине, боевые действия, обстановка на фронте, победы российской армии, наступление под Авдеевкой, освобождение посёлков.",26.0
2024-18,2024,18,Военная спецоперация России на Украине,"Военная спецоперация России на Украине, боевые действия, обстановка на фронте, победы российской армии, наступление под Авдеевкой, освобождение посёлков.",25.0
2024-18,2024,18,"Масштабные паводки в России, пожары","Масштабные паводки в России, пожары, наводнения, затопления в Алтае, Самаре, Оренбурге, Сибири, Тюменской, Курганской, Омской областях, пожары в Иркутске.",9.0
2024-18,2024,18,Обстрел российских территорий,"Обстрел российских территорий, беспилотники, сирены, бомбят приграничные районы, налёт на Крым ракетами, обстрел беспилотниками – Кардымово, Рославль, авиационный завод, 16 беспилотников, сбитых над Краснодарским краем.",2.0
2024-18,2024,18,Арест генерала Т. Иванова,"Арест генерала Т. Иванова, арест заместителя министра обороны Иванова, арест заместителя Шойгу, сообщение об аресте Иванова.",2.0
2024-18,2024,18,Теракт в «Крокус Сити Холле»,"Теракт в «Крокус Сити Холле», теракт, прошедший в Крокусе, теракт в Москве, 40 дней – Крокус.",2.0
2024-18,2024,18,"Праздники, подготовка к 9 Мая, выставка трофеев в Москве","Праздники, подготовка к 9 Мая, выставка трофеев в Москве, подготовка к Дню Победы, 9 Мая – самый главный, самый мой праздник, Первомай, праздники пасхальные, Благодатный огонь, выставка в Москве трофейного оружия, выставка на Поклонной горе подбитой техники с СВО.",2.0
2024-18,2024,18,"Поставки оружия на Украину, выделение помощи США, стран Запада Украине","Поставки оружия на Украину, выделение помощи США, стран Запада Украине, Украине Америка помогает, это плохо, одобрение пакета помощи Украине, французы собрались на войну, немцы ракеты дают, вся Европа подключилась, что натовцы обеспечивают бандеровцев.",1.0
2024-18,2024,18,Работа властных структур,"Работа властных структур, ответ Лаврова МИДу Таджикистана, 8% ипотеки льготной до 1 июля, изменения в законопроекте о криптовалюте, отмена штрафов за тонировку на передних стёклах.",1.0
2024-18,2024,18,Предстоящая инаугурация В. Путина,"Предстоящая инаугурация В. Путина, 7 мая будет инаугурация в 12 часов, будущая инаугурация, инаугурация Путина будет скоро.",1.0
2024-18,2024,18,"Аварии, несчастные случаи","Аварии, несчастные случаи, много аварий, про аварию с десятилетним ребенком на мосту, 30 апреля сухим тополем убило девочку 7 лет в Астрахани, в Барнауле на ул. Шумакова второй раз из окна выбрасываются женщины.",1.0
2024-18,2024,18,"Напряженная обстановка на Ближнем Востоке, ирано-израильский конфликт, военные действия в секторе Газа","Напряженная обстановка на Ближнем Востоке, ирано-израильский конфликт, военные действия в секторе Газа, война на Ближнем Востоке, Иран с Израилем – война, ракеты запускают, про Палестину.",1.0
2024-18,2024,18,Проблема мигрантов,"Проблема мигрантов, события, связанные с мигрантами, массовая депортация мигрантов.",1.0
2024-18,2024,18,Другие события в России,"Другие события в России, пенсию повысили, пуск ракеты, Вагнер – годовщина.",1.0
2024-18,2024,18,Другие события в мире,"Другие события в мире, митинг в Тбилиси, суд над Бишимбаевым, который убил жену свою.",1.0
2024-20,2024,20,"Затрудняюсь ответить, нет ответа","Затрудняюсь ответить, нет ответа",50.0
2024-20,2024,20,"СВО в целом, успехи российской армии","СВО в целом, успехи российской армии, военные действия на Украине, война, продвижение на фронтах и атака на Украине на Харьков.",27.0
2024-20,2024,20,Военная спецоперация России на Украине,"Военная спецоперация России на Украине, включая успехи российской армии, военные действия, продвижение на фронтах и обстрел российских территорий.",20.0
2024-20,2024,20,Изменения в составе правительства,"Изменения в составе правительства, включая смену министра обороны и назначение нового губернатора.",10.0
2024-20,2024,20,Обстрел российских территорий,"Обстрел российских территорий, включая бомбёжки Белгорода, атаки беспилотников, дроны в Краснодарском крае и обстрелы Крыма.",8.0
2024-20,2024,20,Визит В. Путина в Китай,"Визит В. Путина в Китай, включая встречи с Си Цзиньпином и речь Путина.",6.0
2024-20,2024,20,Инаугурация В. Путина,"Инаугурация В. Путина, вступление в должность президента.",2.0
2024-20,2024,20,"Масштабные паводки, пожары в России","Масштабные паводки, пожары в России, наводнения в разных регионах.",1.0
2024-20,2024,20,Автобусная авария в Санкт-Петербурге,"Автобусная авария в Санкт-Петербурге, падение автобуса в реку Мойку.",1.0
2024-20,2024,20,"Коррупционные скандалы в Министерстве обороны, арест генерала Т. Иванова","Коррупционные скандалы в Министерстве обороны, арест заместителя Шойгу и генерала Т. Иванова.",1.0
2024-20,2024,20,Покушение на премьер-министра Словакии Р. Фицо,"Покушение на премьер-министра Словакии Р. Фицо, попытка убийства.",1.0
2024-20,2024,20,Работа властных структур,"Работа властных структур, новый законопроект об ограничении алкоголя.",1.0
2024-20,2024,20,Теракт в «Крокус Сити Холле»,"Теракт в «Крокус Сити Холле», гибели в «Крокусе».",1.0
2024-20,2024,20,Празднование 9 Мая,"Празднование 9 Мая, парад Победы.",1.0
2024-20,2024,20,Другие события в России,"Другие события в России, повышение цен, убийство на Уралмаше.",1.0
2024-20,2024,20,Другие события в мире,"Другие события в мире, ситуация с президентом Украины, события в Грузии, суд в Казахстане, убийство посла в Африке, тайфун в Америке.",1.0
2024-21,2024,21,"Затрудняюсь ответить, нет ответа",Респонденты затрудняются ответить или не дают ответа.,54.0
2024-21,2024,21,"СВО в целом, успехи российской армии","Военная спецоперация России на Украине, новости с фронта, продвижение в Харьковской области, взятие Константиновки, победы, желание окончания войны, действия на СВО, взятие Харькова.",25.0
2024-21,2024,21,Военная спецоперация России на Украине,"Военная спецоперация России на Украине, новости с фронта, продвижение в Харьковской области, взятие Константиновки, победы, желание окончания войны, действия на СВО, взятие Харькова.",21.0
2024-21,2024,21,Гибель президента Ирана И. Раиси,"Гибель президента Ирана И. Раиси в авиакатастрофе, гибель иранского лидера, крушение вертолёта президента Ирана.",8.0
2024-21,2024,21,Изменения в составе правительства,"Изменения в составе правительства, смена правительства, новый министр обороны, убрали Шойгу, отставка Шойгу и назначение нового министра обороны Белоусова, уход Цивилёва в Москву.",5.0
2024-21,2024,21,Обстрел российских территорий,"Обстрел российских территорий беспилотниками, атаки на Белгород, Крым, Салават, полеты дронов над Татарстаном, нападение дронов на Новороссийск, атаки в Севастополе.",4.0
2024-21,2024,21,Визит В. Путина в Китай,"Визит В. Путина в Китай, визит в Пекин, визит российской делегации во главе с Путиным.",3.0
2024-21,2024,21,Коррупционные скандалы в Министерстве обороны,"Коррупционные скандалы в Министерстве обороны, арест генералов из Минобороны, чистка руководящих должностей, арест заместителей Шойгу.",2.0
2024-21,2024,21,Работа властных структур,"Работа властных структур, визит Путина в Белоруссию, выступление Мишустина, бесплатные детсады, закон о криптовалютах, изменения в ПДД, налог на импорт автомобиля, налогообложение для физических лиц.",1.0
2024-21,2024,21,"Масштабные паводки, пожары, природные катаклизмы в России","Масштабные паводки, пожары, природные катаклизмы в России, деревья снесло ветром в Краснодаре, град в Башкирии, катаклизмы, наводнения, пожары, потопы, снегопад.",1.0
2024-21,2024,21,"Аварии, несчастные случаи","Аварии, несчастные случаи, горела электричка Москва – Тверь, автобус съехал в речку в Питере, задавил автобус ребёнка на Комендантском, мотоциклист сбил человека в Черепаново.",1.0
2024-21,2024,21,Покушение на премьер-министра Словакии Р. Фицо,"Покушение на премьер-министра Словакии Р. Фицо, ранили словацкого лидера, подстрелили министра Словакии.",1.0
2024-21,2024,21,Теракт в «Крокус Сити Холле»,"Теракт в «Крокус Сити Холле», взорвали Крокус Сити, теракт в Крокусе.",1.0
2024-21,2024,21,Инаугурация В. Путина,"Инаугурация В. Путина, вступление Путина в должность президента, Путин стал президентом.",1.0
2024-21,2024,21,Последний звонок в школах,"Последний звонок в школах, прошёл последний звонок во всех школах страны, последний звонок для старшеклассников.",1.0
2024-21,2024,21,Другие события в России,"Другие события в России, повышение ЖКХ, стычки мигрантов, освободили Никиту Семьянова после участия в СВО, Зенит стал чемпионом с Ростовом.",1.0
2024-21,2024,21,Другие события в мире,"Другие события в мире, землетрясение в Турции, учения совместные России и Беларуси.",1.0
2024-22,2024,22,"Затрудняюсь ответить, нет ответа",Респонденты затрудняются ответить или не имеют ответа.,54.0
2024-22,2024,22,"СВО в целом, успехи российской армии","Военное положение, СВО, бои на Украине, положение на фронте, солдаты на фронте, наступление на Украине, Россия движется вперёд, продвижение в военных действиях, наступление на Харьков.",27.0
2024-22,2024,22,Военная спецоперация России на Украине,"Военная спецоперация России на Украине, бои, наступление, продвижение России, ситуация на фронте.",23.0
2024-22,2024,22,Обстрелы российских территорий,"Обстрелы российских территорий, атаки на Белгород, Татарстан, Тамбов, Железнодорожный, Крым, Москву, Белгород, Курск, Брянск.",5.0
2024-22,2024,22,Работа властных структур,"Изменения в налоговом законодательстве, изменение ставки НДФЛ, изменения по лекарственным средствам, связанные с ПДД, ограничение прав водителей, новые законы и корректировки старых по межрелигиозным отношениям.",3.0
2024-22,2024,22,"Встречи, поездки В. Путина","Визиты Путина в Китай, дружественные страны, Ташкент, Узбекистан, Беларусь, награждение участников СВО, встречи с многодетными семьями, награждение многодетных семей Путиным.",3.0
2024-22,2024,22,Коррупционные скандалы в Министерстве обороны,"Коррупция в Министерстве обороны, арест верхушки военных, арест генерала Попова, воровство в Министерстве обороны.",3.0
2024-22,2024,22,"Поставки оружия на Украину, выделение помощи Украине от США, стран Запада","Поставки американского оружия на Украину, ракеты Украине, передача оружия Украине от Запада и США для ударов по России, разрешение НАТО бить оружием по России, одобрение ударов внутри России.",2.0
2024-22,2024,22,"Масштабные паводки, пожары, природные катаклизмы в России","Пожары и наводнения, ливни, грозы, пожары на юге России, в Бурятии, паводок в Омской области, разливы в Омской области, пожары в Иркутске, потоп в Усть-Ишиме.",2.0
2024-22,2024,22,Смерть. А. Заворотнюк,"Смерть Анастасии Заворотнюк, смерть актрисы Заворотнюк.",2.0
2024-22,2024,22,Другие события в России,"Чемпионат России по футболу, побег от семейного насилия чеченской девушки, отключение воды.",2.0
2024-22,2024,22,Другие события в мире,"Судебный процесс над Трампом, закон об иноагентах в Грузии, новости, связанные с Палестиной, визит Макрона в Германию, протесты в Ереване.",2.0
2024-22,2024,22,Изменения в составе правительства,"Перестановка кадров в правительстве, выборы правительства, утверждение министров, замена Шойгу на Белоусова.",1.0
2024-22,2024,22,Гибель президента Ирана И. Раиси,"Гибель президента Ирана, смерть Раиси в Иране.",1.0
2024-22,2024,22,Праздники,"День защиты детей, День пограничника, праздник детей 1 июня, День города, последний звонок у племянников.",1.0
2024-23,2024,23,"Затрудняюсь ответить, нет ответа","Респонденты, которые затрудняются ответить или не имеют ответа.",55.0
2024-23,2024,23,"СВО в целом, успехи российской армии","СВО в целом, успехи российской армии, переживания за ребят на СВО, военные действия на харьковском направлении, победы на СВО.",23.0
2024-23,2024,23,Военная спецоперация России на Украине,"Военная спецоперация России на Украине, включая сводки с фронта и события в зоне СВО.",21.0
2024-23,2024,23,Экономический форум в Санкт-Петербурге,"Экономический форум в Санкт-Петербурге, включая международную экономическую конференцию и съезд в Питере.",7.0
2024-23,2024,23,Обстрелы российских территорий,"Обстрелы российских территорий, включая атаки беспилотников по различным областям России.",3.0
2024-23,2024,23,"Аварии, пожары, несчастные случаи","Аварии, пожары, несчастные случаи, включая смерти по неосторожности, падение автобуса в Питере и столкновение трамваев в Кемерово.",2.0
2024-23,2024,23,"Выступление В. Путина на ПМЭФ, другие выступления, поездки президента","Выступление В. Путина на ПМЭФ, включая высказывания на форуме, встречи с журналистами и поездки в другие страны.",2.0
2024-23,2024,23,Поставки Западом оружия на Украину,"Поставки Западом оружия на Украину, включая передачу дальнобойного оружия и возможные поставки самолётов.",2.0
2024-23,2024,23,Коррупционные скандалы в Министерстве обороны,"Коррупционные скандалы в Министерстве обороны, включая аресты генералов и чистку рядов.",2.0
2024-23,2024,23,Работа властных структур,"Работа властных структур, включая визит Белоусова в Казахстан и отставку Азарова.",1.0
2024-23,2024,23,Природные катаклизмы в России,"Природные катаклизмы в России, включая наводнения, град и пожары.",1.0
2024-23,2024,23,"Возможность использования ядерного оружия, угроза ядерной войны","Возможность использования ядерного оружия, угроза ядерной войны, включая ядерные угрозы и подготовку к применению.",1.0
2024-23,2024,23,"Инфляция, рост цен","Инфляция, рост цен, включая повышение цен на квартплату и ЖКХ.",1.0
2024-23,2024,23,Изменения в составе правительства,"Изменения в составе правительства, включая смену министров и отстранение Шойгу.",1.0
2024-23,2024,23,Криминальные события,"Криминальные события, включая заказные убийства и стрельбу.",1.0
2024-23,2024,23,"Праздники, фестивали","Праздники, фестивали, включая День города в Красноярске и День защиты детей.",1.0
2024-23,2024,23,Смерть. А. Заворотнюк,"Смерть Анастасии Заворотнюк, включая уход и похороны актрисы.",1.0
2024-23,2024,23,"Повышение пенсий, увеличение других выплат","Повышение пенсий, увеличение других выплат, включая индексацию работающим пенсионерам.",1.0
2024-23,2024,23,Другие события в России,"Другие события в России, включая выселение мигрантов-нелегалов и завершение учебного года.",1.0
2024-23,2024,23,Другие события в мире,"Другие события в мире, включая покушение на Фицо и смерть иранского президента.",1.0
2024-24,2024,24,"Затрудняюсь ответить, нет ответа","Респонденты, которые затруднились ответить или не дали ответа.",57.0
2024-24,2024,24,"СВО в целом, успехи российской армии","Военные действия на Украине, наступление на Харьков и другие территории.",22.0
2024-24,2024,24,Военная спецоперация России на Украине,"Военная спецоперация России на Украине, включая успехи российской армии и общее восприятие военных действий.",19.0
2024-24,2024,24,"Выступления В. Путина на ПМЭФ, В МИД, его зарубежные поездки","Выступления Владимира Путина на экономическом форуме, в Министерстве иностранных дел об условиях мирных переговоров, а также его визиты в Китай и Северную Корею.",4.0
2024-24,2024,24,Обстрелы российских территорий,"Атаки на Новокуйбышевский НПЗ, атаки дронов на различные города, включая Керчь, Севастополь, Тамбов и Орел.",3.0
2024-24,2024,24,Экономический форум в Санкт-Петербурге,"Международный форум в Санкт-Петербурге и мероприятия, проводимые в рамках форума.",3.0
2024-24,2024,24,Природные катаклизмы в России,"Наводнения в Оренбурге, потопы в Москве и Мытищах, ураганы и пожары.",3.0
2024-24,2024,24,"Аварии, несчастные случаи","Аварии, включая трагедию в Могоче, ДТП в Благовещенске и другие несчастные случаи.",2.0
2024-24,2024,24,"Санкции США против Мосбиржи, их последствия","Ввод санкций против Мосбиржи, прекращение торгов долларом и евро.",2.0
2024-24,2024,24,"Праздники, фестивали","Празднование Дня России, концерты на Красной площади и Дня города Кирова.",2.0
2024-24,2024,24,"Поставки Западом оружия Украине, усиление конфронтации между Россией и Западом","Поставки ракет дальнего действия Украине, одобрение США ударов по России и высказывания западных политиков с угрозами.",1.0
2024-24,2024,24,Работа властных структур,"Обсуждение закона о семейном насилии, запрета курения вейпов, ключевой ставки, подорожания акцизов и совещания министра обороны.",1.0
2024-24,2024,24,Коррупционные скандалы в Министерстве обороны,"Аресты в Минобороны, включая арест Иванова, и разбирательства с коррупцией.",1.0
2024-24,2024,24,"Саммит G7 в Италии, конференция по Украине в Швейцарии","Саммит G7, конференция по Украине в Швейцарии и другие международные встречи.",1.0
2024-24,2024,24,Визит российских военных кораблей на Кубу,Направление российских военных кораблей и подлодок на Кубу.,1.0
2024-24,2024,24,Изменения в составе правительства,"Новое правительство и отставка Шойгу, назначение министра обороны.",1.0
2024-24,2024,24,Криминальные события,"Различные криминальные события, включая захват заложников в ростовском СИЗО и стрельбу в Подмосковье.",1.0
2024-24,2024,24,Индексация пенсии работающим пенсионерам,Индексация пенсии работающим пенсионерам с января 2025 года.,1.0
2024-24,2024,24,Игры БРИКС – 2024 в Казани,"Спортивные новости об играх БРИКС, проходящих в Казани.",1.0
2024-24,2024,24,Другие события в России,"Выставка подбитой техники НАТО в Верхней Пышме, случаи с нарушениями при ЕГЭ и цены на все продукты.",1.0
2024-24,2024,24,Другие события в мире,"Выборы в Европарламент, пожары в Турции и Чемпионат Европы по футболу.",1.0
2024-25,2024,25,"Затрудняюсь ответить, нет ответа","Респонденты, которые затрудняются ответить или не имеют ответа.",54.0
2024-25,2024,25,"СВО в целом, успехи российской армии",Общее впечатление и успехи российской армии в рамках специальной военной операции.,19.0
2024-25,2024,25,Военная спецоперация России на Украине,"Военная спецоперация России на Украине, интересующая респондентов. Отмечается ход операции, гибель детей, желание скорейшего завершения, работа российских военных и их победы.",16.0
2024-25,2024,25,"Визиты В. Путина в КНДР, Вьетнам, другие поездки","Визиты В. Путина в КНДР, Вьетнам и другие страны, включая поездки по восточным странам и встречи на высшем уровне.",13.0
2024-25,2024,25,Природные катаклизмы в России,"Природные катаклизмы в России, такие как вымерзло, ливни, засуха, климатические аномалии в Московской области, ураганы и потопы в различных городах.",5.0
2024-25,2024,25,Обстрелы российских территорий,"Обстрелы российских территорий, вызывающие беспокойство из-за атак беспилотников на мирные цели и инфраструктуру, включая обстрелы Белгорода, Ростова, Краснодара и других мест.",4.0
2024-25,2024,25,Работа властных структур,"Работа властных структур, включая повышение ключевой ставки, отмену бакалавриата, продление семейной ипотеки, надбавки к пенсии и перестановки в правительстве.",2.0
2024-25,2024,25,"Поставки Западом оружия Украине, усиление конфронтации между Россией и Западом","Поставки Западом оружия Украине, усиление конфронтации между Россией и Западом, включая угрозы с Запада и США, а также поставки дальнобойного оружия.",2.0
2024-25,2024,25,"Теракты, криминальные события","Теракты и криминальные события, включая теракты в Дагестане, захват заложников в Ростове и общую преступность.",2.0
2024-25,2024,25,"Аварии, несчастные случаи","Аварии и несчастные случаи, включая ДТП и столкновения трамваев.",1.0
2024-25,2024,25,Изменения в составе правительства,"Изменения в составе правительства, включая чистку в правительстве и замену министра обороны.",1.0
2024-25,2024,25,Коррупционные скандалы,"Коррупционные скандалы, включая задержания генералов Минобороны и коррупцию в органах государственного управления.",1.0
2024-25,2024,25,"Праздники, дни памяти","Праздники и дни памяти, включая День памяти Великой Отечественной войны, День России, День города Белогорска и другие праздники.",1.0
2024-25,2024,25,Чемпионат Европы по футболу,Чемпионат Европы по футболу.,1.0
2024-25,2024,25,Экономический форум в Санкт-Петербурге,Экономический форум в Санкт-Петербурге и заключение соглашений.,1.0
2024-25,2024,25,Визит российских военных кораблей на Кубу,"Визит российских военных кораблей на Кубу, включая морской поход и прибытие кораблей и подводной лодки.",1.0
2024-25,2024,25,Другие события в России,"Другие события в России, включая экзамены у детей, изменение названия банка Тинькофф и мигрант затушил свечи в православном храме.",1.0
2024-25,2024,25,Другие события в мире,"Другие события в мире, включая саммит в Швейцарии, конфликт в Израиле и стихийные бедствия в США.",1.0
2024-26,2024,26,"Затрудняюсь ответить, нет ответа","Респонденты, которые затруднились ответить или не дали ответа.",46.0
2024-26,2024,26,"СВО в целом, успехи российской армии","Военная спецоперация России на Украине, включая успехи российской армии, сводки СВО, боевые действия в зоне СВО и общую обстановку на фронте.",34.0
2024-26,2024,26,Военная спецоперация России на Украине,"Военная спецоперация России на Украине, включая успехи российской армии, сводки СВО, боевые действия в зоне СВО и общую обстановку на фронте.",17.0
2024-26,2024,26,Обстрел пляжа в Севастополе,"Обстрел пляжа в Севастополе, включая ракетные атаки и теракт, приведшие к гибели и ранениям людей.",15.0
2024-26,2024,26,Теракты в Дагестане,"Теракты в Дагестане, в частности в Махачкале и Дербенте, включая нападения террористов и убийства священников.",11.0
2024-26,2024,26,"Визиты В. Путина в КНДР, Вьетнам, другие поездки","Визиты В. Путина в КНДР, Вьетнам и другие страны, включая встречи с лидерами Кореи и другие зарубежные поездки.",5.0
2024-26,2024,26,Обстрелы других российских территорий,"Обстрелы различных российских территорий, включая бомбардировки мирных городов и атаки дронов в разных областях.",4.0
2024-26,2024,26,"Железнодорожная авария в Республике Коми, другие аварии, несчастные случаи","Железнодорожная авария в Республике Коми, включая сходы поездов с рельсов и другие аварии, а также несчастные случаи.",4.0
2024-26,2024,26,Природные катаклизмы в России,"Природные катаклизмы в России, включая аномальную жару, наводнения, пожары и ураганы в различных регионах.",2.0
2024-26,2024,26,Работа властных структур,"Работа властных структур, включая выступления Бастрыкина, налоговую реформу и изменения в ОСАГО и ставках ЦБ.",1.0
2024-26,2024,26,Предвыборные дебаты в США,"Предвыборные дебаты в США, включая дебаты Трампа и Байдена.",1.0
2024-26,2024,26,Поставки Западом оружия Украине,"Поставки Западом оружия Украине, включая поддержку военного конфликта и снабжение Украины оружием.",1.0
2024-26,2024,26,"Праздники, дни поминовения","Праздники и дни поминовения, включая Алые паруса и Родительскую субботу.",1.0
2024-26,2024,26,"Инфляция, рост цен","Инфляция и рост цен, включая повышение цен на различные товары и услуги, а также обвал рубля.",1.0
2024-26,2024,26,Коррупционные скандалы в Министерстве обороны,"Коррупционные скандалы в Министерстве обороны, включая расследования и снятие погон с верхушки армии.",1.0
2024-26,2024,26,Чемпионат Европы по футболу,Чемпионат Европы по футболу.,1.0
2024-26,2024,26,Другие события в России,"Другие события в России, включая побег Шевцова за границу.",1.0
2024-26,2024,26,Другие события в мире,"Другие события в мире, включая доставку грунта с Луны из Китая и звонок Остина Белоусову.",1.0
2024-27,2024,27,,,54.0
2024-27,2024,27,,,29.0
2024-27,2024,27,,,19.0
2024-27,2024,27,,,6.0
2024-27,2024,27,,,4.0
2024-27,2024,27,,,4.0
2024-27,2024,27,,,3.0
2024-27,2024,27,,,2.0
2024-27,2024,27,,,2.0
2024-27,2024,27,,,1.0
2024-27,2024,27,,,1.0
2024-27,2024,27,,,1.0
2024-27,2024,27,,,1.0
2024-27,2024,27,,,1.0
2024-27,2024,27,,,1.0
2024-27,2024,27,,,1.0
2024-27,2024,27,,,1.0
2024-27,2024,27,,,1.0
2024-27,2024,27,,,1.0
2024-27,2024,27,,,
2024-27,2024,27,,,
2024-27,2024,27,,,
2024-27,2024,27,,,
2024-27,2024,27,,,
2024-27,2024,27,,,
2024-27,2024,27,,,
2024-27,2024,27,,,
2024-27,2024,27,,,
2024-27,2024,27,,,
2024-27,2024,27,,,
2024-27,2024,27,,,
2024-27,2024,27,,,
2024-27,2024,27,,,
2024-27,2024,27,,,
2024-27,2024,27,,,
2024-28,2024,28,,,
2024-28,2024,28,,,
2024-28,2024,28,,,
2024-28,2024,28,,,
2024-28,2024,28,,,
2024-28,2024,28,,,
2024-28,2024,28,,,
2024-28,2024,28,,,
2024-28,2024,28,,,
2024-28,2024,28,,,
2024-28,2024,28,,,
2024-28,2024,28,,,
2024-28,2024,28,,,
2024-28,2024,28,,,
2024-28,2024,28,,,
2024-28,2024,28,,,
2024-28,2024,28,,,
2024-28,2024,28,,,
2024-28,2024,28,,,
2024-28,2024,28,,,
2024-28,2024,28,,,
2024-29,2024,29,"Затрудняюсь ответить, нет ответа","Респонденты, которые затрудняются ответить или не имеют ответа.",55.0
2024-29,2024,29,"СВО в целом, успехи российской армии","Военная спецоперация России в целом, успехи российской армии.",22.0
2024-29,2024,29,Военная спецоперация России на Украине,"Военная спецоперация России на Украине, включая военный конфликт, войну и события, связанные с СВО. Военная обстановка на Украине и успехи российских войск.",19.0
2024-29,2024,29,Покушение на Д. Трампа,"Покушение на кандидата в президенты Трампа, попытки покушения и стрельбы в Трампу.",8.0
2024-29,2024,29,Обстрелы российских территорий,"Обстрелы российских территорий, включая атаки беспилотников, обстрелы Белгорода, дроны в Волгоградской области, атаки на Новороссийск, Анапу, Крымский мост, обстрелы Севастополя.",4.0
2024-29,2024,29,Природные катаклизмы в России,"Природные катаклизмы в России, включая жару, пожары и затопления в различных регионах, таких как Сибирь и Дальний Восток.",4.0
2024-29,2024,29,Работа властных структур,"Работа властных структур, включая выступления Лаврова и Белоусова, повышение налогов и ключевой ставки, индексацию пенсий и закон о матпомощи детям.",3.0
2024-29,2024,29,"Избирательная кампания в США, отказ Дж. Байдена от участия в выборах","Избирательная кампания в США, включая выборы, президентскую гонку и отказ Байдена от участия.",2.0
2024-29,2024,29,Отключения электричества,"Отключения электричества, включая отключение света, веерные отключения и отключение энергоблока в Ростове.",1.0
2024-29,2024,29,Проблема мигрантов,"Проблема мигрантов, включая миграционную политику, плохое поведение мигрантов, нападения на детей и другие инциденты.",1.0
2024-29,2024,29,Коррупционные скандалы в Министерстве обороны,"Коррупционные скандалы в Министерстве обороны, включая чистки, аресты и расследования коррупционных дел.",1.0
2024-29,2024,29,"Аварии, катастрофы, несчастные случаи","Аварии, катастрофы и несчастные случаи, включая авиакатастрофы, пожары и отравления.",1.0
2024-29,2024,29,Спортивные события,"Спортивные события, включая подготовку к Олимпиаде в Париже и другие спортивные мероприятия.",1.0
2024-29,2024,29,Рост цен и тарифов,"Рост цен и тарифов, включая повышение цен на продукты, коммунальные услуги и электроэнергию.",1.0
2024-29,2024,29,Визит Н. Моди в Москву,Визит премьер-министра Индии Нарендры Моди в Москву.,1.0
2024-29,2024,29,Другие события в России,"Другие события в России, включая День города и другие местные события.",1.0
2024-29,2024,29,Другие события в мире,"Другие события в мире, включая проблемы с Windows, убийство Фарион, развод Лопес и смерч в Белоруссии.",1.0
2024-30,2024,30,"Затрудняюсь ответить, нет ответа","Затрудняюсь ответить, нет ответа",60.0
2024-30,2024,30,Военное положение на Украине,"Военное положение на Украине, про СВО, положение на фронте в СВО, победа на фронте, продвижение на СВО, успехи России в СВО, наши освободили часть Украины от нацистов",18.0
2024-30,2024,30,Военная спецоперация России на Украине,"Военная спецоперация России на Украине, СВО в целом, успехи российской армии",17.0
2024-30,2024,30,"Избирательная кампания в США, отказ Дж. Байдена от участия в выборах","Избирательная кампания в США, отказ Дж. Байдена от участия в выборах, американские выборы, предвыборная кампания в Америке, Байден отказался от борьбы за выборы, Байден снялся с предвыборной гонки, Байден вышел из президентской гонки, а Харрис лидирует",5.0
2024-30,2024,30,Покушение на Д. Трампа,"Покушение на Д. Трампа, нападение на Трампа, стрельба в Трампа, Трампа чуть не убили",3.0
2024-30,2024,30,Работа властных структур,"Работа властных структур, встречи Путина, ключевая ставка поднялась, министр образования: “Оставить общежития только для малоимущих”",3.0
2024-30,2024,30,Обстрелы российских территорий,"Обстрелы российских территорий, дроны везде летят в России, Белгород обстреливают, бомбят в Ростовской области, в Красноармейском районе дрон прилетел, взрывы в Краснодаре, обстрел Курска",2.0
2024-30,2024,30,Природные катаклизмы в России,"Природные катаклизмы в России, пожары в России, жара, наводнение в Сочи, пожары, Иркутская область: наводнения, затопление Челябинской области, тайфун на Приморье",2.0
2024-30,2024,30,Открытие Олимпийских игр во Франции,"Открытие Олимпийских игр во Франции, игры Олимпийские в Париже, Олимпиада началась, открытие Олимпиады во Франции",2.0
2024-30,2024,30,"Аварии, катастрофы, несчастные случаи","Аварии, катастрофы, несчастные случаи, много аварий, падение вертолёта, самолёта, сгорел автобус в городе, газ взорвался в квартире, ДТП в Астрахани, дети в Астрахани утонули",2.0
2024-30,2024,30,Другие события в мире,"Другие события в мире, вертолёт сбили в Мали, вирус в Индии, смерть инженеров компании “Боинг”, убийство Фарион",2.0
2024-30,2024,30,Коррупционные скандалы в Министерстве обороны,"Коррупционные скандалы в Министерстве обороны, арест Булгакова, задержание очередного замминистра, министр обороны всех гоняет",1.0
2024-30,2024,30,Праздники,"Праздники, всероссийский парад семьи, День Военно-морского флота, парад сегодняшний ВМФ в Санкт-Петербурге",1.0
2024-30,2024,30,Проблема мигрантов,"Проблема мигрантов, мигранты плохо себя ведут, мигранты бушуют, рейды против мигрантов",1.0
2024-30,2024,30,Взрыв в Москве автомобиля с участником СВО,"Взрыв в Москве автомобиля с участником СВО, в Москве взорвали автомобиль с участником СВО, ранение офицера в Москве",1.0
2024-30,2024,30,Криминальные события,"Криминальные события, в Самаре напали на губернатора, задержание в Дагестане девушки: более 4 кг запрещённых веществ, пытались украсть ребёнка",1.0
2024-30,2024,30,Другие события в России,"Другие события в России, 95 лет Шукшину, замедление работы Ютуб, Кавказский инвестиционный форум, подорожали хлеб, сахар и масло",1.0
2024-31,2024,31,"Затрудняюсь ответить, нет ответа","Респонденты, которые затрудняются ответить или не имеют ответа на вопрос.",54.0
2024-31,2024,31,"СВО в целом, успехи российской армии","Военная спецоперация России на Украине, вызывающая беспокойство и обсуждение в обществе. Респонденты отмечают продолжение войны, гибель молодежи, обеспокоенность и надежду на скорое завершение. Также упоминаются успехи российской армии и борьба с фашистами.",22.0
2024-31,2024,31,Военная спецоперация России на Украине,"Военная спецоперация России на Украине, вызывающая беспокойство и обсуждение в обществе. Респонденты отмечают продолжение войны, гибель молодежи, обеспокоенность и надежду на скорое завершение. Также упоминаются успехи российской армии и борьба с фашистами.",19.0
2024-31,2024,31,Обмен заключёнными между Россией и Западом,"Обмен заключёнными между Россией и Западом, вызывающий интерес и обсуждение в обществе. Респонденты отмечают возвращение россиян из Германии и освобождение разведчиков из США.",5.0
2024-31,2024,31,Крушение пассажирского поезда под Волгоградом,"Крушение пассажирского поезда под Волгоградом, вызывающее обеспокоенность и сочувствие. Респонденты упоминают сход поезда с рельс и его переворачивание.",4.0
2024-31,2024,31,Природные катаклизмы в России,"Природные катаклизмы в России, вызывающие тревогу и обеспокоенность. Респонденты упоминают паводки, наводнения, пожары, град и смерчи в различных регионах страны.",4.0
2024-31,2024,31,Взрыв в жилом доме в Нижнем Тагиле,"Взрыв в жилом доме в Нижнем Тагиле, вызванный бытовым газом. Респонденты отмечают разрушение квартиры и обеспокоенность произошедшим.",4.0
2024-31,2024,31,Обстрелы российских территорий,"Обстрелы российских территорий, вызывающие страх и беспокойство у населения. Респонденты упоминают атаки беспилотников, обстрелы Шебекино и Белгородской области, а также взрывы в Севастополе.",3.0
2024-31,2024,31,Олимпийские игры в Париже,"Олимпийские игры в Париже 2024, вызывающие неоднозначную реакцию. Респонденты отмечают шокирующие новости и возможные провалы в организации.",3.0
2024-31,2024,31,Работа властных структур,"Работа властных структур, вызывающая интерес и обсуждение в обществе. Респонденты упоминают действия Белоусова и Бастрыкина, реформы Мишустина и повышение ставки финансовой ЦБ.",3.0
2024-31,2024,31,Коррупционные скандалы,"Коррупционные скандалы, вызывающие возмущение и недовольство в обществе. Респонденты упоминают чистку правительства, аресты коррупционеров и хищения в Министерстве обороны.",1.0
2024-31,2024,31,"Избирательная кампания в США, отказ Дж. Байдена от участия в выборах","Избирательная кампания в США и отказ Дж. Байдена от участия в выборах, вызывающие интерес и обсуждение в обществе. Респонденты упоминают возможный приход Трампа и назначение женщины на замену Байдену.",1.0
2024-31,2024,31,Напряжённая обстановка на Ближнем Востоке,"Напряжённая обстановка на Ближнем Востоке, вызывающая обеспокоенность и тревогу. Респонденты упоминают войну в Израиле, убийства в Иране и напряжённые отношения между странами.",1.0
2024-31,2024,31,Снижение скорости загрузки Ютуба и решение о запрете доступа к нему в России,"Снижение скорости загрузки Ютуба и решение о запрете доступа к нему в России, вызывающие недовольство и обсуждение в обществе. Респонденты отмечают замедление скорости и возможную блокировку сервиса.",1.0
2024-31,2024,31,"Рост цен, тарифов","Рост цен и тарифов, вызывающий недовольство и обеспокоенность в обществе. Респонденты отмечают повышение тарифов ЖКХ и рекордные цены на продукты и топливо.",1.0
2024-31,2024,31,Проблема мигрантов,"Проблема мигрантов, вызывающая недовольство и обеспокоенность в обществе. Респонденты отмечают плохую работу с мигрантами и их негативное поведение.",1.0
2024-31,2024,31,Другие события в России,"Другие события в России, включающие парад Военно-морского флота, подготовку к Первому сентября, открытие фестиваля в Москве и благоустройство городов.",1.0
2024-31,2024,31,Другие события в мире,"Другие события в мире, включающие гибель вагнеровцев в Африке, митинги в Англии из-за мигрантов и просьбы к Зеленскому о переговорах с Путиным.",1.0
2024-32,2024,32,Нападение на Курскую область,"Нападение на Курскую область: вторжение ВСУ, внедрение украинских подразделений на территорию Российской Федерации, прорыв и удары по Курску.",57.0
2024-32,2024,32,Военная спецоперация России на Украине,Военная спецоперация России на Украине,39.0
2024-32,2024,32,"Затрудняюсь ответить, нет ответа","Затрудняюсь ответить, нет ответа",36.0
2024-32,2024,32,"СВО в целом, успехи российской армии","СВО в целом, успехи российской армии: военная операция, война на Украине, СВО в напряжении, продвижение войск.",19.0
2024-32,2024,32,Обстрелы российских территорий,"Обстрелы российских территорий: бомбят приграничные территории, бомбят Россию, дроны, атака на Белгород, боевики украинские напали на Воронеж, нападение на Воронеж, Липецк.",3.0
2024-32,2024,32,Природные катаклизмы в России,"Природные катаклизмы в России: топит Башкирию и пожары в Якутии, паводки в Приморье, жара и наводнение в Приморском крае, затопления и тайфуны.",2.0
2024-32,2024,32,"Олимпийские игры во Франции, их окончание","Олимпийские игры во Франции, их окончание: Олимпиада в Париже, Олимпиада и её безобразие, закрытие Олимпиады.",2.0
2024-32,2024,32,"Аварии, катастрофы, несчастные случаи","Аварии, катастрофы, несчастные случаи: сошедший поезд Казань – Адлер, дом взорвался в Нижнем Тагиле, аварии в Оренбурге на дорогах, много ДТП и утоплений, девочку убило в нашем городе деревом.",1.0
2024-32,2024,32,Работа властных структур,"Работа властных структур: закон о материнстве и детстве, перестановка кадров, выборы губернатора.",1.0
2024-32,2024,32,Снижение скорости загрузки Ютуба и его возможная блокировка в России,"Снижение скорости загрузки Ютуба и его возможная блокировка в России: блокировка Ютуба, не работает Ютуб, будет отключение в Ютубе, закрывают Ютуб.",1.0
2024-32,2024,32,Обмен заключёнными между Россией и Западом,"Обмен заключёнными между Россией и Западом: возвращение наших разведчиков, обмен заключёнными.",1.0
2024-32,2024,32,Другие события в России,"Другие события в России: выставка на Манеже, День физкультурника, повышение утильсбора на авто, смена рубля на электронные деньги.",1.0
2024-32,2024,32,Другие события в мире,"Другие события в мире: война в секторе Газа, о претендентах в президенты в США, самолёт упал в Бразилии.",1.0
2024-33,2024,33,Нападение ВСУ на Курскую область,"Нападение ВСУ на Курскую область: «Атака на Курскую область»; «бандеровцы напали на Курскую область»; «напали на Курскую область фашисты»; «заход Украины на территорию Курской области, введение КТО на территории нашей области»; «Курская область: где разведка наша была?! Там не десять, не пятьдесят, там тысячи зашли»; «Украина захватила Суджу»; «сдаём свои территории врагу».",59.0
2024-33,2024,33,Военная спецоперация России на Украине,Военная спецоперация России на Украине,44.0
2024-33,2024,33,"Затрудняюсь ответить, нет ответа","Затрудняюсь ответить, нет ответа",36.0
2024-33,2024,33,СВО в целом,СВО в целом: «Вести с фронта»; «военные действия на Украине»; «война на Украине»; «специальная военная операция».,17.0
2024-33,2024,33,Обстрелы российских территорий,"Обстрелы российских территорий: «37 беспилотников на Воронеж»; «беспилотные атаки в Курске, Воронеже, Волгограде и Ростове»; «бомбили Пензенскую область»; «дроны в Ярославле».",2.0
2024-33,2024,33,Работа властных структур,Работа властных структур: «Выборы в гордуму и губернатора»; «повышение ключевой ставки».,1.0
2024-33,2024,33,Снижение скорости загрузки YouTube и его возможная блокировка в России,Снижение скорости загрузки YouTube и его возможная блокировка в России: «Блокировка Ютуб»; «про Ютуб»; «Ютуб блокируют».,1.0
2024-33,2024,33,"Рост цен, тарифов","Рост цен, тарифов: «Всё дорожает»; «повышение цены на бензин»; «подорожание всего»; «цены растут».",1.0
2024-33,2024,33,Природные катаклизмы в России,"Природные катаклизмы в России: «В Сибири потопы, дамба прорвалась»; «наводнение».",1.0
2024-33,2024,33,Другие события в России,Другие события в России: «Падение самолёта в Черемхово»; «поезд сошёл с рельсов в Казани»; «девочки из Чапаевска погибли»; «собрать детей в школу».,1.0
2024-33,2024,33,Другие события в мире,Другие события в мире: «Смерть Алена Делона»; «в Африке открылась обезьянья оспа»; «иранские угрозы в сторону Израиля»; «Олимпиада в Париже»; «авария самолёта в Бразилии».,1.0
2024-34,2024,34,Нападение ВСУ на Курскую область,"Нападение ВСУ на Курскую область: Курск, естественно; ситуация в Курской области; оккупация Курской области украинскими войсками; вторжение в Курскую область; захват Курска и помощь людям из Курска; нападение на Курскую область, люди выезжают, волонтёры помогают.",53.0
2024-34,2024,34,"Затрудняюсь ответить, нет ответа","Затрудняюсь ответить, нет ответа",40.0
2024-34,2024,34,Военная спецоперация России на Украине,Военная спецоперация России на Украине,34.0
2024-34,2024,34,"СВО в целом, успехи российской армии","СВО в целом, успехи российской армии: Внимание приковано к СВО; всё вокруг войны; каждый день события об СВО; про СВО, и наши двигаются вперёд; победы на СВО.",18.0
2024-34,2024,34,Обстрелы российских территорий,"Обстрелы российских территорий: Дроны на территории России; прилёты; то, что на столицу дроны летят; беспилотник в районе Краснодара; беспилотники в Воронеже; часто ракетная опасность в городе.",3.0
2024-34,2024,34,Захват заложников в исправительной колонии в Волгоградской области,"Захват заложников в исправительной колонии в Волгоградской области: В Волгограде в тюрьме взяли в заложники сотрудников тюрьмы, убили их; заложников захватили террористы в Волгоградской области; захват заложников во ФСИНе Волгоградской области; случай в Волгоградской колонии.",3.0
2024-34,2024,34,"Поездки, выступления В. Путина","Поездки, выступления В. Путина: Визит Путина в Азербайджан; поездка на Кавказ Путина; приезд Путина в Чечню; приехал Путин в гости; выступление Путина.",1.0
2024-34,2024,34,Задержание во Франции П. Дурова,"Задержание во Франции П. Дурова: Дурова арестовали во Франции; арест Дурова Павла; Павла Дурова задержали, он создатель Телеграм.",1.0
2024-34,2024,34,"Аварии, пожары, несчастные случаи","Аварии, пожары, несчастные случаи: Авария мотоциклиста у “Макси""; пожар в Перми; туристы в Горном недавно потерялись.",1.0
2024-34,2024,34,Природные катаклизмы в России,"Природные катаклизмы в России: Наводнение в Приморском крае; наводнение, шторм.",1.0
2024-34,2024,34,Работа властных структур,Работа властных структур: Выборы в Мосгордуму; приезжал Филимонов к нам.,1.0
2024-34,2024,34,"Снижение скорости загрузки YouTube, его возможная блокировка в России","Снижение скорости загрузки YouTube, его возможная блокировка в России: Ютуб; замедление Ютуба; блокировка Ютуба.",1.0
2024-34,2024,34,Другие события в России,"Другие события в России: День шахтёра; посевная, и убирают урожай; цены растут сильно.",1.0
2024-34,2024,34,Другие события в мире,Другие события в мире: Умер Ален Делон; затонул танкер; выборы президента в Америке.,1.0
2024-35,2024,35,Нападение ВСУ на Курскую область,"Военные действия под Курском, военные операции в Курской области, Курск: война на нашей территории, про Курск, что происходит там, основные события, которые интересуют, это в Курске. Хотелось бы, чтобы поскорее освободили территорию. СВО в целом, успехи российской армии",52.0
2024-35,2024,35,"Затрудняюсь ответить, нет ответа","Респонденты, которые не смогли ответить на вопрос.",40.0
2024-35,2024,35,Военная спецоперация России на Украине,"Военные действия, связанные с операцией на Украине, включая нападение ВСУ на Курскую область, обстрелы российских территорий и атаки на Москву.",28.0
2024-35,2024,35,Военные действия на Украине,"Военные действия на Украине, насчёт СВО, Украина, интенсивное продвижение наших войск, наши войска продвигаются к Покровску, продвижение наших войск в ДНР, ждём окончания войны.",22.0
2024-35,2024,35,Обстрелы российских территорий,"Атаки на Москву, атаки БПЛА, беспилотники в Саратове, Белгород обстреляли, беспилотники пролетали мимо Марийской республики, мимо Волжска и ударили в Кировской, близко к нам летают дроны.",9.0
2024-35,2024,35,Задержание во Франции П. Дурова,Задержание Павла Дурова во Франции.,3.0
2024-35,2024,35,Заключение Дурова под стражу,"Пашу Дурова задержали во Франции, арест Дурова.",3.0
2024-35,2024,35,Другие события в России,"Разные события в России, включая захват исправительной колонии, открытие Аллеи бокса, концерт и подготовку к школе.",2.0
2024-35,2024,35,Захват исправительной колонии,"в Краснодаре открылась Аллея бокса, концерт был, Ореховый Спас, подготовка к школе и тренды в образовании, рост цен.",2.0
2024-35,2024,35,Работа властных структур,Изменения в правительстве и экономике.,1.0
2024-35,2024,35,Белоусов меняет кадры,"выборы губернатора, губернатор посетил наш город, повышение ключевой ставки.",1.0
2024-35,2024,35,"Аварии, ДТП","Различные аварии и происшествия, включая падение самолетов и вертолетов.",1.0
2024-35,2024,35,"Аварии, и самолёты падают без конца","вертолёт упал на Камчатке, разбился вертолёт на Камчатке, аварии и ДТП.",1.0
2024-35,2024,35,"Поездки, выступления В. Путина",Поездки и выступления Владимира Путина.,1.0
2024-35,2024,35,"Поездки Путина: Чечня, Азербайджан","приезд Путина в РСО-Аланию, приезд Путина.",1.0
2024-35,2024,35,Природные катаклизмы в России,"Природные катаклизмы, такие как жара, паводки и пожары.",1.0
2024-35,2024,35,Природные катаклизмы,"аномальная жара, паводки в Оренбурге, пожары в стране.",1.0
2024-35,2024,35,Другие события в мире,Выборы президента Америки и победа параолимпийцев.,1.0
2024-35,2024,35,Выборы президента Америки,победа параолимпийцев.,1.0
2024-36,2024,36,"Затрудняюсь ответить, нет ответа","Затрудняюсь ответить, нет ответа",49.0
2024-36,2024,36,Военная спецоперация России на Украине,"Военная спецоперация России на Украине, включающая войну, военные сводки, гибель людей и успехи России на фронтах СВО. Войска берут новые рубежи, наносят удары по учебным центрам.",41.0
2024-36,2024,36,"СВО в целом, успехи российской армии","Военная спецоперация России на Украине, включающая войну, военные сводки, гибель людей и успехи России на фронтах СВО. Войска берут новые рубежи, наносят удары по учебным центрам.",25.0
2024-36,2024,36,Нападение ВСУ на Курскую область,"Нападение ВСУ на Курскую область, появление военных действий на территории, вторжение украинской армии, обстановка в Курской области и в районе Суджи.",15.0
2024-36,2024,36,Обстрелы российских территорий,"Обстрелы российских территорий, включая прилёты вражеских дронов, налёты беспилотников на города Саратов, Курск, Брянск, атаки на Москву и Московскую область дронов.",4.0
2024-36,2024,36,Задержание во Франции П. Дурова,"Задержание во Франции П. Дурова, о нём сейчас говорят, Дурова во Франции скрутили, арест Павла Дурова.",3.0
2024-36,2024,36,"Поездки, выступления В. Путина","Поездки, выступления В. Путина, включая визит в Монголию, в Приморье, поездка на дальневосточный форум, выступление Путина.",2.0
2024-36,2024,36,Восточный экономический форум,"Восточный экономический форум, саммит во Владивостоке, форум дальневосточный, во Владивостоке экономический форум.",1.0
2024-36,2024,36,Работа властных структур,"Работа властных структур, ужесточение требований к мигрантам, ограничение на въезд в Россию семей мигрантов, закон об оружии, выделение бюджетных средств на улучшение жизни в России, отмена ипотеки “Молодая семья”.",1.0
2024-36,2024,36,Единый день голосования,"Единый день голосования, выборы муниципальные, выборы в республике, выборы в Курской области, выборы курганские, выборы губернатора Самары.",1.0
2024-36,2024,36,Праздники,"Праздники, первое сентября, линейка, школа началась, внучка поднимала флаг России, День городов Москвы и Электростали.",1.0
2024-36,2024,36,"Аварии, пожары","Аварии, пожары, часто самолёты падают, вертолёт на Камчатке – авария, аварии в Ногинске и в Электростали, пожар на парковке в Одинцово.",1.0
2024-36,2024,36,Коррупционные скандалы,"Коррупционные скандалы, арест воров из Министерства обороны, коррупция в Министерстве обороны, 12 человек засадили, арест чиновников, аресты вышестоящих должностей.",1.0
2024-36,2024,36,Природные катаклизмы в России,"Природные катаклизмы в России, погода нехорошая, погода не даёт собрать урожай, затопляет, горит, наводнения.",1.0
2024-36,2024,36,Другие события в России,"Другие события в России, открыли станцию метро, выросли цены на молочку, убийство девочки в Нижнем Тагиле, выступление Шамана.",1.0
2024-36,2024,36,Другие события в мире,"Другие события в мире, выборы президента США, желание Турции вступить в БРИКС, два космонавта американских зависли в космосе, наводнение в Индии, остановка производства завода “Фольксваген”.",1.0
2024-37,2024,37,"Затрудняюсь ответить, нет ответа","Затрудняюсь ответить, нет ответа",48.0
2024-37,2024,37,"СВО в целом, успехи российской армии","Военные действия на Украине, события на фронте, связанные с СВО, наступление и успехи войск.",41.0
2024-37,2024,37,Военная спецоперация России на Украине,"Военная спецоперация России на Украине, включающая успехи российской армии и события на фронте.",24.0
2024-37,2024,37,Военные действия в Курской области,"Военные действия в Курской области, включая атаки на Курскую область и контрнаступление.",12.0
2024-37,2024,37,Обстрелы российских территорий,"Обстрелы российских территорий, включая атаки БПЛА и дронов.",8.0
2024-37,2024,37,Дискуссия на Западе о разрешении Украине применять западное дальнобойное оружие,"Дискуссия на Западе о разрешении Украине применять западное дальнобойное оружие, включая обсуждение стрельбы по территории России.",3.0
2024-37,2024,37,Единый день голосования,"Единый день голосования, включая выборы глав республик и губернаторов.",2.0
2024-37,2024,37,Другие события в России,"Другие события в России, включая чемпионат по гимнастике и аварии.",2.0
2024-37,2024,37,Работа властных структур,"Работа властных структур, включая заседания правительства и повышение ключевой ставки ЦБ.",1.0
2024-37,2024,37,"Поездки, выступления В. Путина","Поездки, выступления В. Путина, включая встречу с Лукашенко и поездки в Монголию.",1.0
2024-37,2024,37,Восточный экономический форум,"Восточный экономический форум, включая форум на Дальнем Востоке.",1.0
2024-37,2024,37,Президентская избирательная кампания в США,"Президентская избирательная кампания в США, включая дебаты Трампа и Харрис.",1.0
2024-37,2024,37,Смерть А. Маслякова,Смерть А. Маслякова.,1.0
2024-37,2024,37,Другие события в мире,"Другие события в мире, включая тайфун в Китае и события в Палестине.",1.0
2024-37,2024,37,Атаки на Курскую область,"ВСУ припёрлись в Курскую область, для меня был шок; о Курской области, что там происходит; контрнаступление в Курской области; Курск освобождаем потихоньку.",
2024-37,2024,37,Атаки БПЛА на Российскую Федерацию,"беспилотники в России из Украины; дроны летят на нашу территорию; атака дронов, в Люберцах сбили, на Москву в целом; Московская область – дроны, Тульская; обстрелы Белгородской области; в Мурманск прилетели беспилотники.",
2024-37,2024,37,"Обсуждают, стрелять ли по нам дальнобойными ракетами",американцы хотят разрешить стрелять по нашей территории; разрешение на использование ракет дальнего действия.,
2024-37,2024,37,Выборы в России,выборы главы республики; выборы губернатора; выборы местные; выборы в Городскую думу.,
2024-37,2024,37,Идут заседания правительства,"повышение ключевой ставки ЦБ; рассмотрение новых законов, которые мне не нравятся.",
2024-37,2024,37,Встреча Путина с Лукашенко о будущем страны,поездка в Монголию Путина; выступление Путина.,
2024-37,2024,37,ВЭФ-24,Дальневосточный форум; форум на Дальнем Востоке.,
2024-37,2024,37,Дебаты в Америке,дебаты Трампа; общение Трампа с Харрис.,
2024-37,2024,37,Масляков умер,не стало Маслякова; смерть Маслякова.,
2024-37,2024,37,Чемпионат России по художественной гимнастике,авария в Благовещенске; землетрясение на Камчатке; девочка пропала в посёлке,
2024-37,2024,37,В Китае тайфун,события в Палестине.,
2024-38,2024,38,"Затрудняюсь ответить, нет ответа","Респонденты, которые затруднились ответить или не дали ответа.",50.0
2024-38,2024,38,Военная спецоперация России на Украине,"Военная спецоперация России на Украине, включая общую ситуацию, успехи российской армии, положение на фронте и продвижение российских войск.",39.0
2024-38,2024,38,"СВО в целом, успехи российской армии","Военная спецоперация России на Украине, включая общую ситуацию, успехи российской армии, положение на фронте и продвижение российских войск.",24.0
2024-38,2024,38,Военные действия в Курской области,"Военные действия в Курской области, включая освобождение Курской области от ВСУ и текущую ситуацию на Курском фронте.",10.0
2024-38,2024,38,Обстрелы российских территорий,"Обстрелы российских территорий, включая атаки БПЛА, ситуацию в Белгородской области и инциденты в Тихорецке, Жуковском, Подольске, Мурманске, Раменском, Москве и Тверской области.",7.0
2024-38,2024,38,Массовые взрывы пейджеров в Ливане,"Массовые взрывы пейджеров в Ливане, включая теракты в Бейруте и предположения об израильском участии.",4.0
2024-38,2024,38,Работа властных структур,"Работа властных структур, включая выступления Путина и Зюганова, заявления Лаврова и изменения в госпошлинах и ставке ЦБ.",2.0
2024-38,2024,38,Ситуация на Ближнем Востоке,"Ситуация на Ближнем Востоке, включая конфликт между Израилем и Палестиной и операции Израиля на Хезболлу.",2.0
2024-38,2024,38,Другие события в России,"Другие события в России, включая повышение цен, проблемы с уборкой урожая, выставку в Кизилюрте и конфликт между чеченцами и ингушами.",2.0
2024-38,2024,38,Стрельба у центрального офиса Wildberries,"Стрельба у центрального офиса Wildberries, включая перестрелки в офисе и попытки проникновения в офис около Кремля.",1.0
2024-38,2024,38,"Президентская избирательная кампания в США, покушение на Д. Трампа","Президентская избирательная кампания в США, включая подготовку к выборам и покушение на Трампа.",1.0
2024-38,2024,38,Дискуссия на Западе о разрешении Украине применять западное дальнобойное оружие,"Дискуссия на Западе о разрешении Украине применять западное дальнобойное оружие, включая поставки дальнобойных ракет и разрешение бить по России.",1.0
2024-38,2024,38,Природные катаклизмы в России,"Природные катаклизмы в России, включая землетрясение в Шерегеше и наводнение в России.",1.0
2024-38,2024,38,Другие события в мире,"Другие события в мире, включая наводнение в Будапеште и информацию про Дурова и Телеграм.",1.0
2024-39,2024,39,"Затрудняюсь ответить, нет ответа","Затрудняюсь ответить, нет ответа",53.0
2024-39,2024,39,"СВО в целом, успехи российской армии","Военная спецоперация России на Украине, успехи российской армии, сводки с фронтов, победы на фронтах, окружение Угледара.",33.0
2024-39,2024,39,Военная спецоперация России на Украине,"Военная спецоперация России на Украине, успехи российской армии, сводки с фронтов, победы на фронтах, окружение Угледара.",22.0
2024-39,2024,39,Военные действия в Курской области,"Военные действия в Курской области, бои, положительные тенденции, обстрелы российских территорий.",6.0
2024-39,2024,39,Обстрелы российских территорий,"Обстрелы российских территорий, нападение дронов на города России, обстрелы Москвы и других областей, беспилотные летательные аппараты в Тверской области, взрывы в Воронеже, обстрел Брянской области, обстрелы Белгорода.",5.0
2024-39,2024,39,Изменения в ядерной доктрине России,"Изменения в ядерной доктрине России, заседание по ядерной безопасности, новая ядерная политика, ядерную доктрину поменяли.",5.0
2024-39,2024,39,"Выступление В. Путина о ядерной доктрине, другие его выступления, встречи","Выступление В. Путина о ядерной доктрине, изменения о применении ядерного оружия, выступление Путина о ядерном отпоре, отмена поездки Путина в Турцию.",3.0
2024-39,2024,39,Военные действия на Ближнем Востоке,"Военные действия на Ближнем Востоке, война в Израиле, война в Газе, про Палестину, убийство лидера Хезболлы.",2.0
2024-39,2024,39,Дискуссия на Западе о разрешении Украине применять западное дальнобойное оружие,"Дискуссия на Западе о разрешении Украине применять западное дальнобойное оружие, вопрос об ударе внутрь России, обсуждение темы о дальнобойном оружии США и Англии, что американцы могут разрешить поставку и удары дальнобойными ракетами по России.",1.0
2024-39,2024,39,Работа властных структур,"Работа властных структур, переизбрание Матвиенко, перестановка в Госдуме, повышение ключевой ставки, приезд Патрушева в Калининград.",1.0
2024-39,2024,39,Массовые взрывы пейджеров в Ливане,"Массовые взрывы пейджеров в Ливане, взорвались пейджеры, теракты со взрывами пейджеров, взрывы в Ливане.",1.0
2024-39,2024,39,"Аварии, ДТП, отравления детей","Аварии, ДТП, отравления детей, аварии на дорогах, ДТП в Архангельске, аварии на юго-западе столицы автомобильные, четверо детей отравились, дети погибли от средств для тараканов.",1.0
2024-39,2024,39,Криминальные события,"Криминальные события, мошенничества, криминальная обстановка в Волгограде, нападение мигрантов на женщин и детей, перестрелка на Вайлдберриз.",1.0
2024-39,2024,39,Поездка В. Зеленского в США,"Поездка В. Зеленского в США, визит Зеленского в Вашингтон, встреча Зеленского с Трампом.",1.0
2024-39,2024,39,Генеральная Ассамблея ООН,"Генеральная Ассамблея ООН, саммит ООН, выступление Лаврова в ООН.",1.0
2024-39,2024,39,Взрыв на АЗС в Махачкале,"Взрыв на АЗС в Махачкале, взрыв на бензоколонке в Дагестане, вчерашнее событие – взрыв на заправке.",1.0
2024-39,2024,39,Другие события в России,"Другие события в России, повышение цен, отопление дадут, увеличились доходы РЖД, Ютуб, его замедление.",1.0
2024-39,2024,39,Другие события в мире,"Другие события в мире, выборы в Америке, снег в Англии, Трамп – покушение.",1.0
2024-40,2024,40,"Затрудняюсь ответить, нет ответа","Респонденты, которые затрудняются ответить или не имеют ответа.",51.0
2024-40,2024,40,"СВО в целом, успехи российской армии","Военная спецоперация России на Украине, включающая военные действия и общую ситуацию, связанную с СВО. Респонденты внимательно следят за развитием событий и наступлением.",34.0
2024-40,2024,40,Военная спецоперация России на Украине,"Военная спецоперация России на Украине, включающая военные действия и общую ситуацию, связанную с СВО. Респонденты внимательно следят за развитием событий и наступлением.",24.0
2024-40,2024,40,Военные действия на Ближнем Востоке,"Военные действия на Ближнем Востоке, включая удары по ""Хезболле"", бомбежки Ливана Израилем, войну в Палестине и войну Израиля с Тегераном.",10.0
2024-40,2024,40,Военные действия в Курской области,"Военные действия в Курской области, включая взрывы в Курске и Курчатове, а также атаки на Курскую область.",5.0
2024-40,2024,40,Обстрелы российских территорий,"Обстрелы российских территорий, включая атаки дронов на Подмосковье, Брянскую и Волгоградскую области, а также бомбежки Белгорода и Орловской области.",4.0
2024-40,2024,40,Взятие Угледара,Взятие Угледара российскими войсками.,3.0
2024-40,2024,40,"Аварии, ДТП, пожары, отравления детей","Аварии, ДТП, пожары и отравления детей, включая аварию в Махачкале, пожар в Хабаровске, аварию нефтепровода в Перми, ДТП в Ногинске и отравление детей в Красноярске.",2.0
2024-40,2024,40,Работа властных структур,"Работа властных структур, включая закон об усыплении бездомных животных, законы о легализации мигрантов и ключевую ставку по кредитам.",2.0
2024-40,2024,40,Другие события в России,"Другие события в России, включая День учителя, взятки в генеральском составе, повышение коммунальных платежей и соревнования по ходьбе.",2.0
2024-40,2024,40,Природные катаклизмы в России,"Природные катаклизмы в России, включая пожары в Тамбовской области и чрезвычайные ситуации по противопожарной безопасности.",1.0
2024-40,2024,40,Дискуссия на Западе о разрешении Украине применять западное дальнобойное оружие,"Дискуссия на Западе о разрешении Украине применять западное дальнобойное оружие, включая вопрос о разрешении бить ракетами дальнего действия по России.",1.0
2024-40,2024,40,Смерть В. Добрынина,Смерть Вячеслава Добрынина.,1.0
2024-40,2024,40,Изменения в ядерной доктрине России,Изменения в ядерной доктрине России.,1.0
2024-40,2024,40,Другие события в мире,"Другие события в мире, включая выборы в США, ураган в США и помощь Ирану.",1.0
2024-41,2024,41,"Затрудняюсь ответить, нет ответа","Респонденты, которые затрудняются ответить или не имеют ответа.",56.0
2024-41,2024,41,"Военное положение, которое сейчас существует","Военное положение, которое сейчас существует, и подробности военных действий, сдвиги на фронте, наступление наших войск, победы и успехи на СВО, а также результаты наших действий на военной операции.",32.0
2024-41,2024,41,Военная спецоперация России на Украине,"Военная спецоперация России на Украине, характеризующаяся успехами российской армии.",27.0
2024-41,2024,41,Военные действия в Курской области,"Военные действия в Курской области, включая события и обстановку в Курске, вывод людей в безопасную зону и нормализацию ситуации.",4.0
2024-41,2024,41,Военные действия на Ближнем Востоке,"Военные действия на Ближнем Востоке, включая войну, конфликт между Израилем и Палестиной, бомбежки Бейрута, бомбежки Израиля Ираном, и отношения между Израилем и Ираном.",3.0
2024-41,2024,41,Ураган в США,"Ураган в США, включая второй ураган во Флориде, тайфун в Америке, ураган “Милтон” в США и над Флоридой.",3.0
2024-41,2024,41,Обстрелы российских территорий,"Обстрелы российских территорий, включая дроны над страной, в Приморском, Ахтарске, обстрелы Шебекино и Белгородской области.",2.0
2024-41,2024,41,Работа властных структур,"Работа властных структур, включая визит Лаврова в Армению, изменение ядерной доктрины Российской Федерации, обсуждение квадроберов и введение налога на бездетность.",2.0
2024-41,2024,41,Другие события в России,"Другие события в России, включая смерть Добрынина, критическое состояние Василия Ливанова, обещания увеличения пенсий и убийство девочек в Тольятти сестрой.",2.0
2024-41,2024,41,Взятие Угледара,Взятие Угледара.,1.0
2024-41,2024,41,"Аварии, ДТП, отравления детей","Аварии, ДТП, отравления детей, включая аварию в Серпухове, взрыв баллона в Чечне, утонувший грузовик на мосту, сбитого ребенка в Иркутской области и отравленных детей.",1.0
2024-41,2024,41,"Блокировка Discord, YouTube","Блокировка Discord, YouTube и других иностранных ресурсов.",1.0
2024-41,2024,41,"Рост цен, тарифов","Рост цен и тарифов, включая повышение цен на все товары и услуги, повышение ЖКХ и повышение цен на ГСМ.",1.0
2024-41,2024,41,Предстоящий саммит БРИКС в Казани,Предстоящий саммит БРИКС в Казани.,1.0
2024-41,2024,41,День рождения В. Путина,День рождения В. Путина.,1.0
2024-41,2024,41,Другие события в мире,"Другие события в мире, включая отказ Байдена от поездки в Германию, обсуждение мирного соглашения на Украине и смерть самой старой черепахи на Галапагосах.",1.0
2024-42,2024,42,"Затрудняюсь ответить, нет ответа","Затрудняюсь ответить, нет ответа",55.0
2024-42,2024,42,Военная спецоперация России на Украине,"Военная спецоперация России на Украине, успехи российской армии, продвижение наших войск, взятие Нью-Йорка.",30.0
2024-42,2024,42,Военные действия на Ближнем Востоке,"Военные действия на Ближнем Востоке, арабо-израильский конфликт, события на Ближнем Востоке, бомбят Израиль, война между Израилем и Ливаном, война в секторе Газа.",4.0
2024-42,2024,42,Военные действия в Курской области,"Военные действия в Курской области, плохая ситуация в Курской области, прорыв в Курской области на СВО.",3.0
2024-42,2024,42,Работа властных структур,"Работа властных структур, закон о налогах на бездетных, закон о мигрантах, ужесточение, МРОТ – повышение, хотят ввести поправки про автомобилистов.",3.0
2024-42,2024,42,Обстрелы российских территорий,"Обстрелы российских территорий, атаки БПЛА, атаки дронов, атаковали аэродром беспилотники, в Адыгее украинские дроны разбомбили аэродром, дрон в Майкопе, до Перми прилетали беспилотники.",2.0
2024-42,2024,42,"Аварии, ДТП, несчастные случаи","Аварии, ДТП, несчастные случаи, аварии на дорогах, Москва-Сити: происшествие на стройке, на разрезе завалило шахтёров, женщина в зоопарке погибла, насчёт собак, что девочку покусали.",2.0
2024-42,2024,42,Другие события в России,"Другие события в России, раздел имущества Вайлдберриз, похолодание резкое, боксёрский поединок между российскими боксёрами.",2.0
2024-42,2024,42,"Заявления, высказывания В. Зеленского","Заявления, высказывания В. Зеленского, “План победы"" Зеленского, выступление Зеленского о ядерном вооружении, заявление Зеленского, что он будет создавать атомную бомбу.",1.0
2024-42,2024,42,Саммит БРИКС в Казани,"Саммит БРИКС в Казани, саммит БРИКС.",1.0
2024-42,2024,42,"Выступления, поездки В. Путина","Выступления, поездки В. Путина, Путин выступил на саммите, Путин приезжал, поездка Путина в Уфу.",1.0
2024-42,2024,42,"Рост цен, тарифов","Рост цен, тарифов, цены растут, повышение цен, повысились цены на продукты, ЖКХ, цена на хлеб, автомобили подорожали.",1.0
2024-42,2024,42,Спасение человека в Охотском море,"Спасение человека в Охотском море, в Охотском море случай, спасённый человек в Охотском море, который плыл два месяца на надувной лодке, и с ним два трупа.",1.0
2024-42,2024,42,Стихийные бедствия,"Стихийные бедствия, неприятность мировая – страшный ураган в Америке, торнадо в Америке, ураган во Флориде, землетрясение в Турции.",1.0
2024-42,2024,42,"Блокировка Discord, YouTube","Блокировка Discord, YouTube, блокировка сервисов различных, Ютуба, блокировка Дискорда, блокировка мессенджера Дискорд.",1.0
2024-42,2024,42,Выборы в США,"Выборы в США, выборы в Америке, предвыборная кампания в США, грызня в Америке.",1.0
2024-42,2024,42,Другие события в мире,"Другие события в мире, приезд Байдена в Германию, конфликт КНДР и Южной Кореи.",1.0
2024-43,2024,43,"Затрудняюсь ответить, нет ответа",Респондент затрудняется ответить или не имеет ответа.,54.0
2024-43,2024,43,"СВО в целом, успехи российской армии","Военная спецоперация России на Украине, успехи российской армии, обстановка на СВО, сводки с фронта, действия нашей армии, победа в населённых пунктах на Украине.",21.0
2024-43,2024,43,Военная спецоперация России на Украине,"Военная спецоперация России на Украине, успехи российской армии, обстановка на СВО, сводки с фронта, действия нашей армии, победа в населённых пунктах на Украине.",19.0
2024-43,2024,43,Саммит БРИКС в Казани,"Саммит БРИКС в Казани, собрание глав государств, страны БРИКС собирались на саммит.",18.0
2024-43,2024,43,Военные действия в Курской области,"Военные действия в Курской области, Курск не освобождён, освобождение Курской области, победа в Курске.",1.0
2024-43,2024,43,Обстрелы российских территорий,"Обстрелы российских территорий, атаки беспилотников, воздушная тревога, дроны прилетают, дрон упал в нашей области, обстрелы приграничья, дроны над Краснодарским краем.",1.0
2024-43,2024,43,Убийство женщины в Коркино,"Убийство женщины в Коркино, двое цыган зарезали девушку-таксиста в Челябинской области, на Урале в посёлке цыгане убили женщину-таксиста.",1.0
2024-43,2024,43,Военные действия на Ближнем Востоке,"Военные действия на Ближнем Востоке, авиаудары Израиля по Ирану, бомбёжки Израилем Ирана, война в Газе.",1.0
2024-43,2024,43,Повышение ключевой ставки,"Повышение ключевой ставки, повышение ключевой ставки Центробанка.",1.0
2024-43,2024,43,Работа властных структур,"Работа властных структур, налог на бездетность, плохая работа чиновников, работа местного правительства.",1.0
2024-43,2024,43,"Рост цен, тарифов","Рост цен, тарифов, цены повышаются, всё дорожает, удорожание продуктов, ЖКХ, подорожание сливочного масла.",1.0
2024-43,2024,43,"Поездки, выступления В. Путина","Поездки, выступления В. Путина, Путин в Казани, выступление Путина, пресс-конференция Путина.",1.0
2024-43,2024,43,Криминальные события,"Криминальные события, нападение на покупателя с ножом в Санкт-Петербурге, убийство в Тольятти, нападение на полицейского в нашем городе, побег заключённых.",1.0
2024-43,2024,43,"Аварии, ДТП, пожары","Аварии, ДТП, пожары, автоаварии, мальчиков сбили на велосипедах, пожар в Пермском крае, пожар в Реутове.",1.0
2024-43,2024,43,Другие события в России,"Другие события в России, арест замглавы внутренних войск МВД, блокировка Дискорда, заразились бешенством хомяки в Люблино.",1.0
2024-43,2024,43,Другие события в мире,"Другие события в мире, выборы в Грузии и Молдавии, выборы в США, теракт в Турции.",1.0
2024-44,2024,44,"Затрудняюсь ответить, нет ответа",Респонденты затрудняются ответить или не имеют ответа.,56.0
2024-44,2024,44,Война на Украине,"Война на Украине, позиция в СВО, бойцы, выигрыши, освобождение сёл и городов, продвижение на фронте.",28.0
2024-44,2024,44,Военная спецоперация России на Украине,"Военная спецоперация России на Украине, успехи российской армии.",24.0
2024-44,2024,44,Саммит БРИКС в Казани,"Саммит БРИКС в Казани, приезд разных стран.",5.0
2024-44,2024,44,Обстрелы российских территорий,"Обстрелы российских территорий, атаки беспилотников и дронов, взрывы, оборона, ракетная опасность.",3.0
2024-44,2024,44,Выборы в США,"Выборы в США, внимание приковано к событиям в Америке, предвыборная кампания.",3.0
2024-44,2024,44,Военные действия в Курской области,"Военные действия в Курской области, война, вторжение.",2.0
2024-44,2024,44,Работа властных структур,"Работа властных структур, законы об ужесточении миграции, акцизы, запреты, снятие с должности, хиджаб.",2.0
2024-44,2024,44,Другие события в России,"Денежные выплаты для детей, отлов собак, побег из колонии, розыск педофила.",2.0
2024-44,2024,44,Другие события в мире,"Выборы в Грузии, выборы в Молдавии, показ Victoria's Secret, упал козырёк в Сербии.",2.0
2024-44,2024,44,Рост цен,"Рост цен, повышение цен, подорожание, повышение цен на бензин.",1.0
2024-44,2024,44,Повышение ключевой ставки,"Повышение процентной ставки Центробанка, поднятие ключевой ставки, рост ключевой ставки.",1.0
2024-44,2024,44,Военные действия на Ближнем Востоке,"Военные действия на Ближнем Востоке, ситуация в Ливане, связанные с Газой и Палестиной, война в Израиле, Сирия.",1.0
2024-44,2024,44,Наводнение в Испании,"Наводнение в Испании, стихийное бедствие.",1.0
2024-44,2024,44,Убийство женщины в Коркино,"Убийство женщины-таксистки, разбирательство с цыганами, цыганский погром.",1.0
2024-44,2024,44,"Аварии, пожары, несчастные случаи","Взрыв газа в Новочеркасске, пожары в жилых домах, гибель девочки от бездомных собак.",1.0
2024-45,2024,45,"Затрудняюсь ответить, нет ответа","Затрудняюсь ответить, нет ответа",51.0
2024-45,2024,45,Избрание Д. Трампа президентом США,"Избрание Д. Трампа президентом США. Респонденты отмечают, что в Америке выбрали нового президента, Трамп стал президентом, и они рады, что не подозрительная женщина.",25.0
2024-45,2024,45,Военная спецоперация России на Украине,"Военная спецоперация России на Украине. Респонденты отмечают успехи российской армии, сводки с фронта СВО, положение на СВО, победы на фронте, победы в СВО, наступление наших на Украине.",17.0
2024-45,2024,45,Военные действия в Курской области,"Военные действия в Курской области. Респонденты следят за Курским направлением, Курской битвой, Суджей.",2.0
2024-45,2024,45,Валдайский форум в Сочи,"Валдайский форум в Сочи. Респонденты отмечают, что это дискуссионный клуб ""Валдай"".",2.0
2024-45,2024,45,Обстрелы российских территорий,"Обстрелы российских территорий. Респонденты отмечают атаки дронов на Москву, Подмосковье, Саратов и Белгородскую область.",1.0
2024-45,2024,45,Саммит БРИКС в Казани,Саммит БРИКС в Казани. Респонденты отмечают саммит в Казани и купюру на БРИКС.,1.0
2024-45,2024,45,"Поездки, встречи, выступления В. Путина","Поездки, встречи, выступления В. Путина. Респонденты отмечают выступление президента на форуме в Сочи и поездку Путина на “Валдай”.",1.0
2024-45,2024,45,Работа властных структур,"Работа властных структур. Респонденты отмечают повышение ключевой ставки, слова министра сельского хозяйства о подорожании масла, поездку главы республики по районам и смену губернатора.",1.0
2024-45,2024,45,"Рост цен, тарифов","Рост цен, тарифов. Респонденты отмечают повышение налогов на продукты питания, подорожание цен на продукты, рост цен и ввод новой нормы на электричество.",1.0
2024-45,2024,45,Криминальные события,"Криминальные события. Респонденты отмечают аресты коррупционеров, события в Коркино и изнасилование девочки на кладбище.",1.0
2024-45,2024,45,Другие события в России,"Другие события в России. Респонденты отмечают День единства и Казанская, события в Каспийске, ДТП и прибавку к пенсии.",1.0
2024-45,2024,45,Другие события в мире,"Другие события в мире. Респонденты отмечают выборы в Молдавии, волнения в Грузии, ураган в Испании и град в Австралии.",1.0
2024-46,2024,46,"Затрудняюсь ответить, нет ответа","Респонденты, которые затрудняются ответить или не имеют ответа.",51.0
2024-46,2024,46,"СВО в целом, успехи российской армии","СВО в целом, успехи российской армии, отмеченные в новостях и зоне СВО, с упоминанием погибших и продвижения войск.",24.0
2024-46,2024,46,Военная спецоперация России на Украине,"Военная спецоперация России на Украине, отмеченная успехами российской армии и боями на Украине.",21.0
2024-46,2024,46,Избрание Д. Трампа президентом США,"Избрание Д. Трампа президентом США, победа Трампа на выборах президента США.",17.0
2024-46,2024,46,Работа властных структур,"Работа властных структур, включая указ о выплатах за ранение и закон о запрете чайлдфри.",2.0
2024-46,2024,46,Другие события в России,"Другие события в России, включая смерть Светланы Светличной и юбилей драмтеатра.",2.0
2024-46,2024,46,Другие события в мире,"Другие события в мире, включая бой Майка Тайсона и события в Абхазии.",2.0
2024-46,2024,46,Обстрелы российских территорий,"Обстрелы российских территорий, атаки дронами и беспилотниками в различных районах.",1.0
2024-46,2024,46,Военные действия в Курской области,"Военные действия в Курской области, связанные с событиями СВО и освобождением Курской области.",1.0
2024-46,2024,46,"Рост цен, инфляция","Рост цен, инфляция, повышение цен на продукты и общая инфляция в стране.",1.0
2024-46,2024,46,"Поездки, выступления, переговоры В. Путина","Поездки, выступления, переговоры В. Путина на Валдайском форуме и награждение героев.",1.0
2024-46,2024,46,"Аварии, несчастные случаи","Аварии, несчастные случаи, включая аварии в Оренбургской области и другие происшествия.",1.0
2024-46,2024,46,Валдайский форум в Сочи,"Валдайский форум в Сочи, форум на Валдае.",1.0
2024-46,2024,46,Саммит БРИКС в Казани,Саммит БРИКС в Казани.,1.0
2024-46,2024,46,Криминальные события,"Криминальные события, включая поджоги и задержания с кокаином.",1.0
2024-47,2024,47,"Затрудняюсь ответить, нет ответа","Респонденты, которые затрудняются ответить или не имеют ответа.",47.0
2024-47,2024,47,Военная спецоперация России на Украине,"Военная спецоперация России на Украине, включая успехи российской армии, бои на Запорожском направлении, освобождение городов, нанесение удара по «Южмашу» в Днепропетровске российской баллистической ракетой «Орешник» и обстрелы российских территорий, в том числе дальнобойным оружием.",40.0
2024-47,2024,47,"СВО в целом, успехи российской армии","Военные события, связанные с СВО, новости об СВО, бои на Запорожском направлении, успехи в наступлении и освобождение городов.",20.0
2024-47,2024,47,Нанесение удара по «Южмашу» в Днепропетровске российской баллистической ракетой «Орешник»,"Удар по «Южмашу» ракетой «Орешник», испытание нового оружия, бомбардировка Украины, запуск ракет по заводу в Днепре.",16.0
2024-47,2024,47,Разрешение Украине дальнобойных ударов по территории России западным оружием,"Разрешение Украине наносить дальнобойные удары по территории России западным оружием, одобрение Байденом запуска ракет.",6.0
2024-47,2024,47,"Обстрелы российских территорий, в том числе дальнобойным оружием","Обстрелы дальнобойными ракетами, ракетами США, обстрелы территорий, атаки дронов на Москву, прилёты по Курску и Брянску, атака на Белгород.",4.0
2024-47,2024,47,Избрание Д. Трампа президентом США,Избрание Д. Трампа президентом США.,3.0
2024-47,2024,47,Выступления В. Путина,"Выступления В. Путина, включая обращения к народу, видеообращения об авиаударах, выступления о стратегическом положении и речи по поводу эскалации.",2.0
2024-47,2024,47,Военные действия в Курской области,"Боевые действия, события в Курской области.",1.0
2024-47,2024,47,"Напряжённая международная обстановка, угроза ядерной войны","Напряжённая международная обстановка, ухудшение международной обстановки, переживания о грядущей войне, угроза миру и ядерной войны.",1.0
2024-47,2024,47,Работа властных структур,"Изменение ставки ЦБ, изменение в пособиях для детей с 2025 года, закон об обучении детей мигрантов русскому языку, законотворчество по сельскому хозяйству.",1.0
2024-47,2024,47,"Рост цен, тарифов","Рост цен на всё, повышение цен на молочку и яйца, рост коммуналки.",1.0
2024-47,2024,47,Изменения в ядерной доктрине России,"Изменения документа о ядерном оружии, изменения в ядерной доктрине РФ, вопрос с ядерным оружием.",1.0
2024-47,2024,47,Другие события в России,"События в России, включая смерть Лёвкина, увеличение МРОТ, посадки чиновников в связи с коррупцией, убийство в Вышнем Волочке, утопление девочки в Кирово-Чепецке.",1.0
2024-47,2024,47,Другие события в мире,"События в мире, включая рост биткоина, саммит в Бразилии, конфликт между Израилем и Палестиной.",1.0
2024-48,2024,48,"Затрудняюсь ответить, нет ответа","Респонденты, которые затрудняются ответить или не имеют ответа.",50.0
2024-48,2024,48,"СВО в целом, успехи российской армии","Успехи российской армии в рамках СВО, улучшение военного положения, продвижение войск.",39.0
2024-48,2024,48,Военная спецоперация России на Украине,"Военная спецоперация России на Украине, включающая военные действия, наступление войск, взятие населённых пунктов.",20.0
2024-48,2024,48,Нанесение удара по «Южмашу» в Днепропетровске российской баллистической ракетой «Орешник»,"Нанесение удара по «Южмашу» ракетой «Орешник», испытание новой ракеты, бомбардировка.",16.0
2024-48,2024,48,"Обстрелы российских территорий, в том числе дальнобойным оружием","Обстрелы российских территорий, атаки украинских дронов, обстрелы ракетами дальнего действия.",3.0
2024-48,2024,48,"Рост цен, тарифов, инфляция","Рост цен, тарифов, инфляция, повышение цен, рост доллара.",3.0
2024-48,2024,48,"Поездки, встречи, выступления В. Путина","Поездки, встречи, выступления В. Путина, поездка в Казахстан, комментарии на пресс-конференции.",2.0
2024-48,2024,48,Другие события в России,"Другие события в России, уход из жизни Светланы Светличной, ДТП под Ухтой.",2.0
2024-48,2024,48,Военные действия в Курской области,"Военные действия в Курской области, ситуация в Курске.",1.0
2024-48,2024,48,Избрание Д. Трампа президентом США,"Избрание Д. Трампа президентом США, выборы в Америке, итоги американских выборов.",1.0
2024-48,2024,48,Работа властных структур,"Работа властных структур, повышение ключевой ставки Набиуллиной, прямая линия с губернатором Анохиным.",1.0
2024-48,2024,48,"Напряжённая международная обстановка, угроза ядерной войны","Напряжённая международная обстановка, угроза ядерной войны, возможность ядерной войны.",1.0
2024-48,2024,48,Разрешение Украине дальнобойных ударов по территории России западным оружием,"Разрешение Украине дальнобойных ударов по территории России западным оружием, применение дальнобойного оружия.",1.0
2024-48,2024,48,Саммит ОДКБ в Астане,"Саммит ОДКБ в Астане, форум в Казахстане.",1.0
2024-48,2024,48,События в Сирии,"События в Сирии, сирийский конфликт, вооруженное столкновение, атака на блокпост российских войск.",1.0
2024-48,2024,48,Другие события в мире,"Другие события в мире, Ближний Восток, война в Израиле, события в Грузии.",1.0
2024-49,2024,49,"Затрудняюсь ответить, нет ответа",Респондент затрудняется ответить или не имеет ответа.,57.0
2024-49,2024,49,Военная спецоперация России на Украине,"Военная спецоперация России на Украине, успехи российской армии, положение на фронте, бои за Курахово, военные наступают, армия продвигается.",22.0
2024-49,2024,49,Нанесение удара по «Южмашу» в Днепропетровске российской баллистической ракетой «Орешник»,"Нанесение удара по «Южмашу» в Днепропетровске российской баллистической ракетой «Орешник», испытание «Орешника», удар «Орешником» по заводу в Украине, бомбёжка «Южмаша».",5.0
2024-49,2024,49,События в Сирии,"События в Сирии, разборки, сдача города Алеппо, переворот в Сирии, падение Сирии.",4.0
2024-49,2024,49,"Поездки, встречи, выступления В. Путина","Поездки, встречи, выступления В. Путина, встреча Лукашенко и Путина на территории Республики Беларусь, визит Путина в Казахстан, беседа Путина с молодёжью, Путин встречался с инвалидами войны.",2.0
2024-49,2024,49,Интервью С. Лаврова Т. Карлсону,"Интервью С. Лаврова Т. Карлсону, встреча Лаврова с Такером Карлсоном, визит Такера Карлсона в Россию, интервью с Лавровым, Карлсон приехал, с Лавровым разговаривал.",2.0
2024-49,2024,49,"Рост цен, тарифов, инфляция","Рост цен, тарифов, инфляция, повышение цен на ЖКХ на 17%, бензин дорожает, доллар взлетел, инфляция.",2.0
2024-49,2024,49,Другие события в России,"Другие события в России, выступление патриарха Кирилла на Всемирном русском соборе, извержение вулкана на Камчатке, повсеместно блокировки интернета, в Красноярском крае отравление детей.",2.0
2024-49,2024,49,"Обстрелы российских территорий, в том числе дальнобойным оружием","Обстрелы российских территорий, в том числе дальнобойным оружием, атаки дронов, дроны на Брянск, обстрелы Белгородской области, удары по России дальнобойным оружием.",1.0
2024-49,2024,49,Военные действия в Курской области,"Военные действия в Курской области, события в Курской области, Курскую область освобождают.",1.0
2024-49,2024,49,Работа властных структур,"Работа властных структур, назначение нового губернатора Курской области, новые законопроекты, разбор бюджета в стране, увеличение штрафов за нарушение скорости.",1.0
2024-49,2024,49,События в Грузии,"События в Грузии, Майдан в Грузии, беспорядки в Грузии, митинги в Грузии, безобразие в Грузии: заставляют детей идти на баррикады.",1.0
2024-49,2024,49,Избрание Д. Трампа президентом США,"Избрание Д. Трампа президентом США, выборы президента США, приход Трампа, Трамп выиграл.",1.0
2024-49,2024,49,"Напряжённая международная обстановка, угроза ядерной войны","Напряжённая международная обстановка, угроза ядерной войны, когда Путин сказал, что ядерное оружие пойдёт в ход, третья мировая надвигается, угроза ядерной войны.",1.0
2024-49,2024,49,События в Южной Корее,"События в Южной Корее, ситуация в Южной Корее, в Южной Корее военное положение, в Корее свергают президента.",1.0
2024-49,2024,49,Возможность мирных переговоров по Украине,"Возможность мирных переговоров по Украине, Трамп хочет помирить Россию и Украину, заявление Трампа об урегулировании СВО, мирный план США по Украине, ожидаются мирные переговоры.",1.0
2024-49,2024,49,Повышение пенсий,"Повышение пенсий, индексация пенсии, пенсионная прибавка, про увеличение пенсии.",1.0
2024-49,2024,49,Другие события в мире,"Другие события в мире, с Беларусью мы подписали союзные документы, и они вступили в силу, встреча во Франции Трампа и Зеленского, Китай приостановил поставки редкоземельных металлов, землетрясение в Калифорнии.",1.0
2024-50,2024,50,"Затрудняюсь ответить, нет ответа","Затрудняюсь ответить, нет ответа.",57.0
2024-50,2024,50,"«Военная операция, ход событий»; «сводка СВО»; «действия на СВО»; «на фронте положение»; «достижения на СВО»; «наши взяли города на Украине»; «наши солдаты наступают на всех фронтах»; «продвижение наших войск»","Военная спецоперация России на Украине, ход событий, сводка СВО, действия на СВО, положение на фронте, достижения на СВО, взятие городов на Украине, наступление солдат на всех фронтах, продвижение войск.",27.0
2024-50,2024,50,Военная спецоперация России на Украине,"Военная спецоперация России на Украине в целом, успехи российской армии. Наши взяли города на Украине, наши солдаты наступают на всех фронтах, продвижение наших войск.",20.0
2024-50,2024,50,Падение режима Б. Асада в Сирии,Падение режима Б. Асада в Сирии.,7.0
2024-50,2024,50,"«В Сирии война, повстанцы, Асад сбежал»; «в Сирии свергли власть, и президент приехал в Москву»; «падение сирийского режима»; «переворот в Сирии»; «война в Сирии»","В Сирии война, повстанцы, Асад сбежал, в Сирии свергли власть, и президент приехал в Москву, падение сирийского режима, переворот в Сирии, война в Сирии.",7.0
2024-50,2024,50,Нанесение удара по «Южмашу» в Днепропетровске российской баллистической ракетой «Орешник»,Нанесение удара по «Южмашу» в Днепропетровске российской баллистической ракетой «Орешник».,3.0
2024-50,2024,50,"«Испытание ""Орешника”»; «“Орешник” – про него услышала»; «применение “Орешника”»; «“Орешек” очень понравился»","Испытание «Орешника», про него услышала, применение «Орешника», «Орешек» очень понравился.",3.0
2024-50,2024,50,Работа властных структур,Работа властных структур.,3.0
2024-50,2024,50,«Медведев красиво сказал»; «съезд партии “Единая Россия”»; «новый губернатор в Курской области»; «приезд Хинштейна»; «губернатор наш отчитывался»; «новый законопроект о штрафах»,"Медведев красиво сказал, съезд партии «Единая Россия», новый губернатор в Курской области, приезд Хинштейна, губернатор наш отчитывался, новый законопроект о штрафах.",3.0
2024-50,2024,50,"Обстрелы российских территорий, в том числе дальнобойным оружием","Обстрелы российских территорий, в том числе дальнобойным оружием.",2.0
2024-50,2024,50,«Атака на российскую территорию»; «ракетные удары по России»; «атаки дронов»; «беспилотник в Ижевск прилетел»; «дроны в Краснодаре»; «беспилотники на юге Белгородской области»; «обстрелы дальнобойными орудиями»,"Атаки на российскую территорию, ракетные удары по России, атаки дронов, беспилотник в Ижевск прилетел, дроны в Краснодаре, беспилотники на юге Белгородской области, обстрелы дальнобойными орудиями.",2.0
2024-50,2024,50,"Встречи, выступления В. Путина, предстоящая прямая линия с президентом","Встречи, выступления В. Путина, предстоящая прямая линия с президентом.",2.0
2024-50,2024,50,"«Встреча Путина с молодежью, артистами»; «Путин военных поздравляет»; «обращение президента»; «очень много говорят про прямую линию с Путиным»; «прямая линия с Путиным предстоящая»","Встреча Путина с молодежью, артистами, Путин военных поздравляет, обращение президента, очень много говорят про прямую линию с Путиным, прямая линия с Путиным предстоящая.",2.0
2024-50,2024,50,"Рост цен, тарифов, инфляция","Рост цен, тарифов, инфляция.",2.0
2024-50,2024,50,"«Повышение цен, понижение уровня жизни»; «подорожание продуктов»; «повышение тарифов на ЖКХ»; «поднятие цен на бензин»; «курс рубля»; «доллар поднялся»; «инфляция»","Повышение цен, понижение уровня жизни, подорожание продуктов, повышение тарифов на ЖКХ, поднятие цен на бензин, курс рубля, доллар поднялся, инфляция.",2.0
2024-50,2024,50,Атака ВСУ на Таганрог,Атака ВСУ на Таганрог.,1.0
2024-50,2024,50,«Атака на Таганрог»; «аэродром в Таганроге»; «бомбили Таганрог»; «удар по Таганрогу»,"Атака на Таганрог, аэродром в Таганроге, бомбили Таганрог, удар по Таганрогу.",1.0
2024-50,2024,50,Военные действия в Курской области,Военные действия в Курской области.,1.0
2024-50,2024,50,«Бои в Курской области»; «освобождение Курской области»; «освобождение территории в Курске»,"Бои в Курской области, освобождение Курской области, освобождение территории в Курске.",1.0
2024-50,2024,50,"Напряжённая международная обстановка, угроза ядерной войны","Напряжённая международная обстановка, угроза ядерной войны.",1.0
2024-50,2024,50,«Нарастает эскалация»; «ядерная угроза»; «о предстоящей ядерной войне»; «третья ядерная война»,"Нарастает эскалация, ядерная угроза, о предстоящей ядерной войне, третья ядерная война.",1.0
2024-50,2024,50,Избрание Д. Трампа президентом США,Избрание Д. Трампа президентом США.,1.0
2024-50,2024,50,"«Выборы президента США»; «как будет себя проявлять Трамп»; «беспокоит то, что будет делать Трамп»","Выборы президента США, как будет себя проявлять Трамп, беспокоит то, что будет делать Трамп.",1.0
2024-50,2024,50,Возможность мирных переговоров по Украине,Возможность мирных переговоров по Украине.,1.0
2024-50,2024,50,"«Слухи о грядущих переговорах Украины и России»; «Трамп пообещал, что прекратится война»; «переговоры по Украине»","Слухи о грядущих переговорах Украины и России, Трамп пообещал, что прекратится война, переговоры по Украине.",1.0
2024-50,2024,50,Праздники,Праздники.,1.0
2024-50,2024,50,«День Конституции сегодня»; «День Героя»; «подготовка к Новому году»,"День Конституции сегодня, День Героя, подготовка к Новому году.",1.0
2024-50,2024,50,Другие события в России,Другие события в России.,1.0
2024-50,2024,50,«Блокировка Вайбера и вообще действия Роспотребнадзора за последние полгода»; «повышение МРОТ после Нового года»,"Блокировка Вайбера и вообще действия Роспотребнадзора за последние полгода, повышение МРОТ после Нового года.",1.0
2024-50,2024,50,Другие события в мире,Другие события в мире.,1.0
2024-50,2024,50,"«Грузия, переживаю за мирных людей»; «Молдова»; «события в Южной Корее»; «теннис»","Грузия, переживаю за мирных людей, Молдова, события в Южной Корее, теннис.",1.0
2024-51,2024,51,"Затрудняюсь ответить, нет ответа","Респонденты, которые затрудняются ответить или не имеют ответа.",48.0
2024-51,2024,51,"СВО в целом, успехи российской армии","Обсуждение СВО в целом, успехи российской армии, новости с фронта, действия военных, наступления, взятие Селидово, ситуация на СВО.",24.0
2024-51,2024,51,Прямая линия с В. Путиным,"Прямая линия с В. Путиным, включая выступление Путина, итоги года с Путиным, диалог с людьми, пресс-конференция Путина.",17.0
2024-51,2024,51,Военная спецоперация России на Украине,"Военная спецоперация России на Украине, освещаемая в новостях и вызывающая интерес у респондентов.",14.0
2024-51,2024,51,Атака ВСУ на Казань,"Атака ВСУ на Казань, включая атаку беспилотника, дроны над Казанью, взрывы беспилотников.",5.0
2024-51,2024,51,Убийство генерал-лейтенанта И. Кириллова,"Убийство генерал-лейтенанта И. Кириллова, убийство генерала в Москве.",5.0
2024-51,2024,51,Катастрофа с танкерами в Азовском море,"Катастрофа с танкерами в Азовском море, ситуация с танкером в Керчи, разлив мазута, экологическая катастрофа.",4.0
2024-51,2024,51,Обстрелы российских территорий,"Обстрелы российских территорий, бомбежки в Курской области, в Ростове, атака БПЛА на дома в Раменском, в Курской и Белгородской областях.",3.0
2024-51,2024,51,Падение режима Б. Асада в Сирии,"Падение режима Б. Асада в Сирии, беспорядки в Сирии.",2.0
2024-51,2024,51,Нанесение удара по «Южмашу» в Днепропетровске российской баллистической ракетой «Орешник»,"Нанесение удара по «Южмашу» в Днепропетровске российской баллистической ракетой «Орешник», запуск «Орешника», удар «Орешником».",1.0
2024-51,2024,51,Военные действия в Курской области,"Военные действия в Курской области, Курское направление, вчера Курск опять.",1.0
2024-51,2024,51,Работа властных структур,"Работа властных структур, заседание Центробанка, самокаты в метро.",1.0
2024-51,2024,51,"Рост цен, тарифов, инфляция","Рост цен, тарифов, инфляция, рост цен постоянно, подъем цен на электроресурсы, рост коммуналки.",1.0
2024-51,2024,51,"Взрывы, теракты в России","Взрывы, теракты в России, взрывы пенсионеров у банкоматов, теракты в Санкт-Петербурге и Новосибирске.",1.0
2024-51,2024,51,"Аварии, несчастные случаи","Аварии, несчастные случаи, аварии на дорогах, крушение поезда под Мурманском.",1.0
2024-51,2024,51,Другие события в России,"Другие события в России, наводнение в Сочи, фигурное катание в Омске, чемпионат по водному спорту.",1.0
2024-51,2024,51,Другие события в мире,"Другие события в мире, теракт в Германии, протесты в Грузии, Тайсон проиграл бой.",1.0
2025-02,2025,2,"Затрудняюсь ответить, нет ответа","Респонденты, которые затрудняются ответить или не имеют ответа.",51.0
2025-02,2025,2,"СВО в целом, успехи российской армии","Успехи российской армии в рамках СВО, включая взятие Курахово.",29.0
2025-02,2025,2,Военная спецоперация России на Украине,"Военная спецоперация России на Украине, включающая военные действия и наступление российских войск.",24.0
2025-02,2025,2,"Крушение танкеров в Керченском проливе, его последствия","Крушение танкеров в Керченском проливе, вызвавшее загрязнение Чёрного моря мазутом.",5.0
2025-02,2025,2,Пожары в Калифорнии,"Пожары в Калифорнии, в том числе в Лос-Анжелесе, приведшие к сгоранию домов.",5.0
2025-02,2025,2,Обстрелы российских территорий,"Обстрелы российских территорий, включая атаки ракетами и беспилотниками.",4.0
2025-02,2025,2,Праздники,"Праздники, включая Новый год и Рождество.",3.0
2025-02,2025,2,Военные действия в Курской области,"Военные действия в Курской области, включая попытки наступления ВСУ.",2.0
2025-02,2025,2,Другие события в мире,"Другие события в мире, включая ситуацию в Приднестровье и новые вирусы.",2.0
2025-02,2025,2,"Предстоящая инаугурация Д. Трампа, его высказывания",Предстоящая инаугурация Д. Трампа и его высказывания о Канаде и Панаме.,1.0
2025-02,2025,2,"Рост цен, тарифов","Рост цен и тарифов, включая цены на продукты, алкоголь и топливо.",1.0
2025-02,2025,2,Авиакатастрофа в Казахстане,"Авиакатастрофа в Казахстане, падение самолёта.",1.0
2025-02,2025,2,"Аварии, пожары","Аварии и пожары, включая автомобильные аварии и пожары в разных городах.",1.0
2025-02,2025,2,Работа властных структур,"Работа властных структур, включая изменения в налогообложении.",1.0
2025-02,2025,2,Новогоднее поздравление В. Путина,Новогоднее поздравление В. Путина.,1.0
2025-02,2025,2,Повышение пенсий,"Повышение пенсий, индексация.",1.0
2025-02,2025,2,Другие события в России,"Другие события в России, включая взрывы и смерти известных людей.",1.0
2025-03,2025,3,"Затрудняюсь ответить, нет ответа",Респондент затрудняется ответить или не имеет ответа.,54.0
2025-03,2025,3,"СВО в целом, успехи российской армии","Военная спецоперация России на Украине, включая военные сводки, военные действия на Донбассе, войну на Украине, наступление наших войск, взятие Курахово, успехи российской армии, продвижение войск в Украине, освобождение Песчаного и Украинки.",28.0
2025-03,2025,3,Военная спецоперация России на Украине,"Военная спецоперация России на Украине, включая военные сводки, военные действия на Донбассе, войну на Украине, наступление наших войск, взятие Курахово, успехи российской армии, продвижение войск в Украине, освобождение Песчаного и Украинки.",22.0
2025-03,2025,3,"Последствия крушения танкеров в Керченском проливе, разлив мазута","Последствия крушения танкеров в Керченском проливе, разлив мазута, включая выброс мазута в Чёрном море, загрязнение моря из-за танкеров, ликвидацию последствий разлития мазута в Чёрном море, мазут в акватории Чёрного моря, экологическую проблему на Чёрном море.",8.0
2025-03,2025,3,Обстрелы российских территорий,"Обстрелы российских территорий, включая удары ракетами по нашей территории, налёты на заводы и склады, воздушную тревогу, обстрелы в Белгородской области, взрывы в Лисках на нефтебазе, взрывы в Саратове и Энгельсе, дроны в Казани, бомбёжку Тулы, Брянска, Татарстана.",6.0
2025-03,2025,3,"Инаугурация Д. Трампа, его высказывания","Инаугурация Д. Трампа, его высказывания, включая вступление в должность Трампа, инаугурацию Трампа, формирование команды Трампом, предложение Трампа о мире.",2.0
2025-03,2025,3,Пожары в Калифорнии,"Пожары в Калифорнии, включая большие пожары в Калифорнии, горел Голливуд, сгорел Лос-Анджелес.",2.0
2025-03,2025,3,Работа властных структур,"Работа властных структур, включая визит Мишустина во Вьетнам, отмену ЕГЭ и магистратуры, сборы военные 2025 года, повышение ставки ЦБ.",2.0
2025-03,2025,3,Перемирие в секторе Газа,"Перемирие в секторе Газа, включая переговоры Палестины и Израиля, перемирие в Израиле, окончание войны в Газе и Палестине.",2.0
2025-03,2025,3,Другие события в России,"Другие события в России, включая вирус, лыжные гонки, отключение интернета по России, праздник Крещения Господне, тигра съела мужика.",2.0
2025-03,2025,3,Другие события в мире,"Другие события в мире, включая подписание столетнего договора с Зеленским, подписание стратегического соглашения с США, полет ракеты Маска, отказ в приеме танкеров с нефтью около Индии и Китая, смерть режиссера Дэвида Линча.",2.0
2025-03,2025,3,Военные действия в Курской области,"Военные действия в Курской области, включая события в Курской области, освобождение Курска.",1.0
2025-03,2025,3,"Рост цен, тарифов","Рост цен, тарифов, включая повышение цен, очередные повышения ЖКХ, тарифы.",1.0
2025-03,2025,3,Визит президента Ирана в Россию,"Визит президента Ирана в Россию, включая визит президента Ирана в Москву, встречу Путина с президентом Ирана, договор с Ираном о взаимопомощи, соглашение с Ираном.",1.0
2025-03,2025,3,Повышение пенсий,"Повышение пенсий, включая индексацию пенсии, добавление пенсии, прибавку к пенсии.",1.0
2025-04,2025,4,"Затрудняюсь ответить, нет ответа","Затрудняюсь ответить, нет ответа",48.0
2025-04,2025,4,"СВО в целом, успехи российской армии","СВО в целом, успехи российской армии",26.0
2025-04,2025,4,Военная спецоперация России на Украине,"Военная спецоперация России на Украине, успехи российской армии, ситуация в Донбассе, гибель людей, действия войск, освобождение территорий, победы в спецоперации.",21.0
2025-04,2025,4,"Инаугурация Д. Трампа, его высказывания и действия","Инаугурация Д. Трампа, его высказывания и действия, смена власти в Америке, вступление в должность президента США, заявления о двух полах, высказывания о помощи США во Второй мировой войне, действия на посту президента, желание присоединить Гренландию.",17.0
2025-04,2025,4,Обстрелы российских территорий,"Обстрелы российских территорий, атаки беспилотников в Рязани, Тульской области, Татарстане, Балашихе, взрывы в Воронежской и Саратовской областях, взрыв НПЗ в Пензе.",5.0
2025-04,2025,4,"Последствия крушения танкеров в Керченском проливе, разлив мазута","Последствия крушения танкеров в Чёрном море, загрязнение моря, гибель животных.",4.0
2025-04,2025,4,Другие события в России,"Другие события в России, крещение, Кубок России по лыжным гонкам, мост в Рассказово.",2.0
2025-04,2025,4,Военные действия в Курской области,"Военные действия в Курской области, обстановка и продвижение российских войск.",1.0
2025-04,2025,4,"Повышение пенсий, социальных выплат","Повышение пенсий, социальных выплат, индексация пенсий и пособий, увеличение мер соцподдержки.",1.0
2025-04,2025,4,Подготовка встречи В. Путина и Д. Трампа,"Подготовка встречи В. Путина и Д. Трампа, переговоры между президентами.",1.0
2025-04,2025,4,"Рост цен, тарифов","Рост цен, тарифов, повышение цен на продукты, коммунальные услуги, бензин, инфляция в Свердловской области.",1.0
2025-04,2025,4,Работа властных структур,"Работа властных структур, реорганизация учебных заведений, разговоры об электронных деньгах, указ Путина о призыве из запаса на военные сборы.",1.0
2025-04,2025,4,Пожары в Калифорнии,Пожары в Калифорнии и США.,1.0
2025-04,2025,4,Другие события в мире,"Другие события в мире, выборы в Беларуси, бунт в Словакии, пожар в Турции, война в Палестине.",1.0
2025-05,2025,5,"Затрудняюсь ответить, нет ответа",Респонденты затрудняются ответить на вопрос.,52.0
2025-05,2025,5,Военная спецоперация России на Украине,"Военная спецоперация России на Украине, включающая успехи российской армии, ситуацию на фронте и обстрелы российских территорий.",26.0
2025-05,2025,5,"СВО в целом, успехи российской армии","Война на Украине; дела на фронте; СВО новости с фронта; наступление наших войск на Украине; освобождение наших территорий, СВО; продвижение войск на СВО.",21.0
2025-05,2025,5,"Инаугурация Д. Трампа, его высказывания и действия","Инаугурация Д. Трампа и его высказывания, включая его вступление в должность президента США и планы по Гренландии и Украине.",8.0
2025-05,2025,5,"Инаугурация Д. Трампа, его высказывания и действия","Трамп: прошла его инаугурация; вступление президента США в должность; Трамп выпускает всё новые и новые указы; Трамп Гренландию захотел у Дании купить, переименовать Панамский канал в Американский; Трамп сказал, что не будет поставок оружия и снабжения Украины.",8.0
2025-05,2025,5,Авиакатастрофа в Вашингтоне,"Авиакатастрофа в Вашингтоне, столкновение вертолёта и самолёта, гибель спортсменов.",7.0
2025-05,2025,5,Авиакатастрофа в Вашингтоне,"Авиакатастрофа в Америке; разбился авиалайнер в США; в Америке столкновение вертолёта и самолёта; в США разбился самолёт, были на борту российские фигуристы; погибли ребята-спортсмены на самолёте.",7.0
2025-05,2025,5,Обстрелы российских территорий,"Атаки дронов постоянные; беспилотники в Казани; беспилотники в Татарстане, по России; бомбёжки в Климово; бомбят Таганрог; налёт беспилотников в Смоленске.",3.0
2025-05,2025,5,Военные действия в Курской области,"Военные действия в Курской области, включая военное положение и атаки на интернат в Судже.",3.0
2025-05,2025,5,Военные действия в Курской области,Военное положение в Курской области; улучшение на Курском направлении; атака на интернат в Судже; убийство мирных жителей в Курской области.,3.0
2025-05,2025,5,"Последствия крушения танкеров в Керченском проливе, разлив мазута","Последствия крушения танкеров в Керченском проливе, разлив мазута, загрязнение Чёрного моря.",2.0
2025-05,2025,5,"Последствия крушения танкеров в Керченском проливе, разлив мазута","В Анапе танкер потонул, мазут разлился; разлив мазута в Чёрном море; мазут убирают в море; Краснодарский край в мазуте, волонтёров там не поддерживают; спасение животных на Чёрном море.",2.0
2025-05,2025,5,Высказывания и действия В. Путина,"Интервью с Путиным в Кремле, ответы на вопросы об окончании СВО, посещение Тольятти.",2.0
2025-05,2025,5,Высказывания и действия В. Путина,Интервью с Путиным в Кремле; ответ на вопрос Путину об окончании СВО; Путин посетил Тольятти.,2.0
2025-05,2025,5,Другие события в России,"Аномальное тепло в России, нехватка лекарств, рождение четверни в Грозном.",2.0
2025-05,2025,5,Другие события в России,Аномальное тепло в России; нехватка лекарств для льготников; четверня родилась в Грозном.,2.0
2025-05,2025,5,Другие события в мире,"Вспышка новой болезни в Китае, китайский Новый год, пожар в Турции, релиз новой версии нейронных сетей.",2.0
2025-05,2025,5,Другие события в мире,Вспышка новой болезни в Китае; китайский Новый год; пожар на курорте в Турции; релиз новой версии нейронных сетей.,2.0
2025-05,2025,5,Работа властных структур,"Выступление Набиуллиной, изменения в правилах получения субсидий на жильё в Московской области.",1.0
2025-05,2025,5,Работа властных структур,Выступление Набиуллиной; высказывания министра просвещения; в Московской области изменяют правила получения субсидий на жильё.,1.0
2025-05,2025,5,"Рост цен, тарифов",Рост цен и тарифов на коммунальные услуги и проезд.,1.0
2025-05,2025,5,"Рост цен, тарифов",Цены выросли; повышение цен на коммунальные услуги и на всё; повышение тарифов; проезд подорожал.,1.0
2025-05,2025,5,"Повышение пенсий, социальных выплат","Повышение зарплат госслужащим, индексация пенсий и зарплат, перерасчёт пенсий, рост материнского капитала.",1.0
2025-05,2025,5,"Повышение пенсий, социальных выплат",Повышение зарплаты госслужащим; индексация пенсий и зарплат; перерасчёт пенсий; рост материнского капитала.,1.0
2025-05,2025,5,Выборы президента в Беларуси,Выборы в Белоруссии и победа Лукашенко.,1.0
2025-05,2025,5,Выборы президента в Беларуси,Выборы в Белоруссии и победа Лукашенко; выборы президента Белоруссии; выборы президента Лукашенко в Белоруссии.,1.0
2025-05,2025,5,Перемирие в секторе Газа,"Освобождение заложников в Газе, перемирие в Израиле, прекращение войны.",1.0
2025-05,2025,5,Перемирие в секторе Газа,Освобождение заложников в Газе; перемирие в Израиле; в Палестине временно прекратилась война.,1.0
2025-06,2025,6,"Затрудняюсь ответить, нет ответа","Затрудняюсь ответить, нет ответа",57.0
2025-06,2025,6,"СВО в целом, успехи российской армии","Военная спецоперация России на Украине, включающая военные действия, новости о войне, успехи российской армии, войну в ДНР, убийства людей, продвижение к победе и успехи в СВО.",27.0
2025-06,2025,6,Военная спецоперация России на Украине,"Военная спецоперация России на Украине, включающая военные действия, новости о войне, успехи российской армии, войну в ДНР, убийства людей, продвижение к победе и успехи в СВО.",22.0
2025-06,2025,6,"Инаугурация Д. Трампа, его высказывания и действия","Инаугурация Д. Трампа, его высказывания и действия, включая высказывания о Трампе, его желании отобрать Газу и забрать Гренландию.",4.0
2025-06,2025,6,Военные действия в Курской области,"Военные действия в Курской области, включая серьезную обстановку, обстрелы Суджи, контратаки и попытки атак ВСУ.",3.0
2025-06,2025,6,Обстрелы российских территорий,"Обстрелы российских территорий, включая украинские беспилотники, обстрелы в России, обстрелы Рязани и Ростова, а также падение обломков беспилотников.",3.0
2025-06,2025,6,Подготовка к переговорам В. Путина и Д. Трампа,"Подготовка к переговорам В. Путина и Д. Трампа, включая будущую встречу и переговоры между ними.",3.0
2025-06,2025,6,Работа властных структур,"Работа властных структур, включая введение новых налогов, миграционное законодательство, новые законы о доходах, цифровой рубль и обсуждение реформы образования.",2.0
2025-06,2025,6,"Последствия крушения танкеров в Керченском проливе, разлив мазута","Последствия крушения танкеров в Керченском проливе, разлив мазута, включая ликвидацию мазута в Анапе, мазут в Чёрном море, информацию о танкере и ситуацию в Анапе.",1.0
2025-06,2025,6,"Аварии, пожары","Аварии и пожары, включая дорожные и транспортные аварии, ДТП, аварии в городе и пожары в городе.",1.0
2025-06,2025,6,"Рост цен, тарифов","Рост цен и тарифов, включая подорожание цен, рост цен на продукты, цены на ЖКХ и продукты, повышение тарифов ЖКХ.",1.0
2025-06,2025,6,Высказывания и действия В. Путина,"Высказывания и действия В. Путина, включая интервью Путина, высказывания о тревожном положении, выступления насчёт Украины и пенсионеров, и приезд в Тольятти.",1.0
2025-06,2025,6,Теракт в ЖК «Алые паруса»,"Теракт в ЖК «Алые паруса», включая теракт на командира батальона “Арбат”.",1.0
2025-06,2025,6,Выборы президента в Беларуси,"Выборы президента в Беларуси, включая выборы Лукашенко.",1.0
2025-06,2025,6,Повышение пенсий,"Повышение пенсий, включая индексацию пенсии и индексацию пенсий военнослужащим второй раз, добавление пенсии.",1.0
2025-06,2025,6,Авиакатастрофа в Вашингтоне,"Авиакатастрофа в Вашингтоне, включая аварию самолёта в США и гибель спортсменов.",1.0
2025-06,2025,6,Другие события в России,"Другие события в России, включая ломку льда на реках, много снега и убийство парня в Тамбове.",1.0
2025-06,2025,6,Другие события в мире,"Другие события в мире, включая Китайский Новый год, конференцию в Казахстане по ИИ и ситуацию с Азербайджаном.",1.0
2025-07,2025,7,"Затрудняюсь ответить, нет ответа",Респонденты затрудняются ответить или не дают ответа.,53.0
2025-07,2025,7,"СВО в целом, успехи российской армии","Военная спецоперация России на Украине, успехи российской армии, бои, наступления и отвоевания территорий.",20.0
2025-07,2025,7,"Телефонный разговор В. Путина и Д. Трампа, подготовка к встрече двух президентов","Телефонный разговор В. Путина и Д. Трампа, попытки урегулировать конфликт, подготовка к встрече.",20.0
2025-07,2025,7,Военная спецоперация России на Украине,"Военная спецоперация России на Украине, успехи российской армии, бои, наступления и отвоевания территорий.",18.0
2025-07,2025,7,Высказывания и действия Д. Трампа,"Высказывания и действия Д. Трампа, приход к власти, изменение отношения к Украине.",3.0
2025-07,2025,7,Обстрелы российских территорий,"Обстрелы российских территорий, атаки беспилотников, налеты дронов, предотвращение нападений.",2.0
2025-07,2025,7,Военные действия в Курской области,"Военные действия в Курской области, военная операция, события и освобождение под Курском.",1.0
2025-07,2025,7,Работа властных структур,"Работа властных структур, заседание Центробанка, ставка, смена губернатора.",1.0
2025-07,2025,7,"Аварии, катастрофы","Аварии, катастрофы, ДТП, утонувшие автомобили, столкновения танкеров.",1.0
2025-07,2025,7,"Рост цен, тарифов","Рост цен, тарифов, повышение цен на жилье, продукты, бензин, тарифы ЖКХ, инфляция.",1.0
2025-07,2025,7,Криминальные события,"Криминальные события, аресты, мошенничество, убийства.",1.0
2025-07,2025,7,Другие события в России,"Другие события в России, уход Винер, землетрясение, ""Поезд Победы"".",1.0
2025-07,2025,7,Другие события в мире,"Другие события в мире, Мюнхенская конференция, освобождение Винника, наезд в Германии.",1.0
2025-08,2025,8,"Затрудняюсь ответить, нет ответа","Затрудняюсь ответить, нет ответа.",48.0
2025-08,2025,8,"Телефонный разговор В. Путина и Д. Трампа, встреча делегаций России и США в Эр-Рияде","Обсуждение телефонного разговора В. Путина и Д. Трампа, встречи делегаций России и США в Эр-Рияде, визит Лаврова для подготовки встречи Путина и Трампа, встреча в Арабских Эмиратах двух делегаций, дипломатические переговоры с американской группой, встреча Лаврова.",32.0
2025-08,2025,8,"СВО в целом, успехи российской армии","Военные новости, ход СВО, СВО: я прямо слежу, как наша армия показывает себя на поле боя, стратегию и тактику. С каждым месяцем всё новые территории освобождает, мы побеждаем на Украине, взятие Курахово, Великой Новосёлки.",15.0
2025-08,2025,8,Военная спецоперация России на Украине,"Военная спецоперация России на Украине, успехи российской армии.",13.0
2025-08,2025,8,Обстрелы российских территорий,Обстрелы российских территорий.,2.0
2025-08,2025,8,Беспилотники в крае,"Дроны влетают в дома, атака беспилотников в Астраханской области, атака беспилотных аппаратов на НПЗ Сызрани.",2.0
2025-08,2025,8,Высказывания и действия Д. Трампа,Высказывания и действия Д. Трампа.,2.0
2025-08,2025,8,Дональд Трамп вступил на пост президента,"Трамп, его высказывания, высказывания Трампа о завладении США землями и богатствами Украины, высказывание Трампа о Зеленском.",2.0
2025-08,2025,8,Военные действия в Курской области,Военные действия в Курской области.,1.0
2025-08,2025,8,Наступление русских в Курской области,Освободили часть Курской области.,1.0
2025-08,2025,8,Работа властных структур,Работа властных структур.,1.0
2025-08,2025,8,Изменения в налоговой системе,"Льготы по СВО для детей погибших, экономические решения России: внесение законопроекта о создании нескольких экономических форумов.",1.0
2025-08,2025,8,Криминальные события,Криминальные события.,1.0
2025-08,2025,8,Вымогательство денег у участников СВО,"В Черняховске убили мальчика родители, мигранты нападают на людей, насилуют детей.",1.0
2025-08,2025,8,"Рост цен, тарифов","Рост цен, тарифов.",1.0
2025-08,2025,8,Цены растут,"Поднятие цен, цены подняли на всё, повышение платы за ЖКХ.",1.0
2025-08,2025,8,Другие события в России,Другие события в России.,1.0
2025-08,2025,8,23 февраля,"В Сочи снегопад, доллар снизился, заболевание – грипп.",1.0
2025-08,2025,8,Другие события в мире,Другие события в мире.,1.0
2025-08,2025,8,О возможных выборах на Украине,Снегопад в Казахстане.,1.0
2025-09,2025,9,"Затрудняюсь ответить, нет ответа",Респонденты затрудняются ответить или не дают ответа.,50.0
2025-09,2025,9,Налаживание контактов между Россией и США,"Респонденты отмечают налаживание контактов между Россией и США, включая американо-российские переговоры, беседу между Путиным и Трампом, встречу дипмиссий России и США, встречу Лаврова в Саудовской Аравии, и планируемую встречу Путина и Трампа.",18.0
2025-09,2025,9,"СВО в целом, успехи российской армии","Респонденты отмечают военную спецоперацию России на Украине, включая СВО в целом, успехи российской армии, боевые действия и положение на Украине, войну в Донбассе, успехи на фронте, освобождение села в Харьковской области, обстрелы российских территорий, действия беспилотников и военные действия в Курской области.",14.0
2025-09,2025,9,Военная спецоперация России на Украине,"Респонденты отмечают военную спецоперацию России на Украине, включая СВО в целом, успехи российской армии, боевые действия и положение на Украине, войну в Донбассе, успехи на фронте, освобождение села в Харьковской области, обстрелы российских территорий, действия беспилотников и военные действия в Курской области.",13.0
2025-09,2025,9,Встреча Д. Трампа и В. Зеленского в Вашингтоне,"Респонденты отмечают встречу Трампа и Зеленского в Вашингтоне, где Зеленский отказался прерывать военные действия, Трамп отказал в любой помощи Украине, и они поругались.",13.0
2025-09,2025,9,Высказывания и действия Д. Трампа,"Респонденты отмечают изменение политики Трампом, переговоры Трампа с Макроном и с премьер-министром Великобритании.",2.0
2025-09,2025,9,Другие события в России,"Респонденты отмечают Масленицу, снегопад в Сочи, падение доллара и случай, когда в Ставрополье загрызли ребёнка собаки.",2.0
2025-09,2025,9,Обстрелы российских территорий,"Респонденты отмечают военную спецоперацию России на Украине, включая СВО в целом, успехи российской армии, боевые действия и положение на Украине, войну в Донбассе, успехи на фронте, освобождение села в Харьковской области, обстрелы российских территорий, действия беспилотников и военные действия в Курской области.",1.0
2025-09,2025,9,Военные действия в Курской области,"Респонденты отмечают военную спецоперацию России на Украине, включая СВО в целом, успехи российской армии, боевые действия и положение на Украине, войну в Донбассе, успехи на фронте, освобождение села в Харьковской области, обстрелы российских территорий, действия беспилотников и военные действия в Курской области.",1.0
2025-09,2025,9,Работа властных структур,"Респонденты отмечают интервью Путина Зарубину, новые законы с первого марта, законопроект о бездомных животных и отмену сельской ипотеки.",1.0
2025-09,2025,9,Криминальные события,"Респонденты отмечают покушение на митрополита Севастополя и событие на Урале, когда девушек раздели и облили водой.",1.0
2025-09,2025,9,"Рост цен, тарифов","Респонденты отмечают рост цен на продукты, медикаменты, образование, торговлю, питание и ЖКХ.",1.0
2025-09,2025,9,Другие события в мире,"Респонденты отмечают встречу премьер-министра Англии с Зеленским, обсуждение ситуации в Европе Макроном и Дудой, высказывание Сакса в Европарламенте и выборы в Абхазии.",1.0
2025-10,2025,10,"Затрудняюсь ответить, нет ответа","Респонденты, которым сложно ответить на вопрос.",50.0
2025-10,2025,10,"СВО в целом, успехи российской армии","Успехи российской армии в рамках СВО, включая боевые действия, ситуацию с СВО, освобождение населённых пунктов в ДНР и положительные результаты в освобождении территории.",18.0
2025-10,2025,10,Военная спецоперация России на Украине,"Военная спецоперация России на Украине, включая боевые действия, ситуацию с СВО, освобождение населённых пунктов в ДНР и положительные результаты в освобождении территории.",16.0
2025-10,2025,10,Налаживание контактов между Россией и США,"Налаживание контактов между Россией и США, включая возможность переговоров, встречи представителей и подготовку к встрече президентов.",12.0
2025-10,2025,10,"Встреча Д. Трампа и В. Зеленского в Вашингтоне, её результаты","Встреча Д. Трампа и В. Зеленского в Вашингтоне, включая разговор в Овальном кабинете и прекращение поставок оружия Украине.",12.0
2025-10,2025,10,Высказывания и действия Д. Трампа,"Высказывания и действия Д. Трампа, включая выступления в Конгрессе, пресс-конференции и закон о запрете гендеров.",3.0
2025-10,2025,10,Военные действия в Курской области,"Военные действия в Курской области, включая события под Курском, небольшие продвижения и освобождение территорий.",2.0
2025-10,2025,10,Другие события в России,"Другие события в России, включая Масленицу, Международный женский день и перебои с инсулином.",2.0
2025-10,2025,10,Другие события в мире,"Другие события в мире, включая действия европейского правительства и ситуацию с Макроном и Зеленским.",2.0
2025-10,2025,10,Обстрелы российских территорий,"Обстрелы российских территорий, включая атаки дронов, беспилотники и систематические атаки.",1.0
2025-10,2025,10,Работа властных структур,"Работа властных структур, включая поздравление Путина с 8 Марта, награждение матерей, новые правила дорожного движения и дополнительные штрафы и налоги.",1.0
2025-10,2025,10,"Рост цен, тарифов","Рост цен и тарифов, включая подорожание бензина, подъём цен на ГСМ и продукты.",1.0
2025-10,2025,10,Криминальные события,"Криминальные события, включая избиения, драки, убийства и рост преступности.",1.0
2025-11,2025,11,"Затрудняюсь ответить, нет ответа",Респонденты затрудняются ответить или не имеют ответа.,43.0
2025-11,2025,11,"СВО в целом, успехи российской армии","Военная спецоперация России на Украине, характеризующаяся беспокойством, военными действиями, войной и ситуацией на фронте. Отмечается, что российские войска успешно продвигаются.",37.0
2025-11,2025,11,Военная спецоперация России на Украине,"Военная спецоперация России на Украине, характеризующаяся беспокойством, военными действиями, войной и ситуацией на фронте. Отмечается, что российские войска успешно продвигаются.",19.0
2025-11,2025,11,"Налаживание контактов между Россией и США, обсуждение темы перемирия на Украине","Налаживание контактов между Россией и США, обсуждение темы перемирия на Украине, включая переговоры о мире и визит спецпосланника Трампа в Москву.",14.0
2025-11,2025,11,Военные действия в Курской области,"Военные действия в Курской области, включая освобождение территорий и операции спецназа. Сообщается об окружении украинцев и взятии Суджи.",11.0
2025-11,2025,11,"Обстрелы российских территорий, атака беспилотников на Москву","Обстрелы российских территорий и атаки беспилотников на Москву, вызывающие тревогу. Отмечается большое количество дронов, отправленных ВСУ.",8.0
2025-11,2025,11,"Встреча Д. Трампа и В. Зеленского в Вашингтоне, её результаты","Встреча Д. Трампа и В. Зеленского в Вашингтоне, её результаты, включая переговоры и ситуацию с Трампом и Зеленским.",3.0
2025-11,2025,11,Работа властных структур,"Работа властных структур, включая высокий процент по ипотеке, индексацию пенсий, поднятие налогов и закон об эвтаназии животных.",1.0
2025-11,2025,11,Высказывания и действия Д. Трампа,"Высказывания и действия Д. Трампа, включая новости и действия Трампа.",1.0
2025-11,2025,11,Высказывания и действия В. Путина,"Высказывания и действия В. Путина, включая приезд в Курскую область и контроль ситуации.",1.0
2025-11,2025,11,"Рост цен, тарифов","Рост цен и тарифов, включая повышение цен и поднятие квартплаты.",1.0
2025-11,2025,11,Встреча В. Путина и А. Лукашенко,"Встреча В. Путина и А. Лукашенко, включая приезд президента Белоруссии в Россию.",1.0
2025-11,2025,11,Другие события в России,"Другие события в России, включая масленицу, пост, лыжные гонки, погоду и ситуацию с мигрантами.",1.0
2025-11,2025,11,Другие события в мире,"Другие события в мире, включая вручение Оскара, Палестину и Сербию.",1.0
